# Transfer functions T_i(k) for adiabatic (AD) mode (normalized to initial curvature=1)
# d_i   stands for (delta rho_i/rho_i)(k,z) with above normalization
# d_tot stands for (delta rho_tot/rho_tot)(k,z) with rho_Lambda NOT included in rho_tot
# (note that this differs from the transfer function output from CAMB/CMBFAST, which gives the same
#  quantities divided by -k^2 with k in Mpc^-1; use format=camb to match CAMB)
# t_i   stands for theta_i(k,z) with above normalization
# t_tot stands for (sum_i [rho_i+p_i] theta_i)/(sum_i [rho_i+p_i]))(k,z)
# If some neutrino species are massless, or degenerate, the d_ncdm and t_ncdm columns may be missing below.
# 1:k (h/Mpc)              2:d_g                    3:d_b                    4:d_cdm                  5:d_ur        6:d_ncdm[0]              7:d_ncdm[1]              8:d_ncdm[2]              9:d_tot                 10:phi     11:psi                   12:h                     13:h_prime               14:eta                   15:eta_prime     16:t_g                   17:t_b                   18:t_ur        19:t_ncdm[0]             20:t_ncdm[1]             21:t_ncdm[2]             22:t_tot
7.011815904022379909e-06 -4.344532380539154904e-06 -3.258405256130918275e-06 -3.258405306667764338e-06 -4.344531473515813210e-06 -3.289142232784155866e-06 6.120861124654385366e-01 5.968631535895154716e-01 6.516810613335528676e-06 8.793705221448824245e-09 1.000000463557697117e+00 7.530964767353014975e-10 -1.812941221158682613e-14 -1.612233351995669632e-17 -1.926447095937635601e-14 -6.975220342706221364e-16
7.342272606779160129e-06 -5.015180339707212165e-06 -3.761392811826754522e-06 -3.761392875799619206e-06 -5.015179186859825214e-06 -3.796874516260421876e-06 6.120875152675121500e-01 5.968639302184324258e-01 7.522785751599238413e-06 1.015115758411378125e-08 1.000000445620284673e+00 7.409019154266452284e-10 -2.294637241166506856e-14 -2.040943121353684826e-17 -2.438856361418787852e-14 -8.829379802560166959e-16
7.688303254130557306e-06 -5.750530930018730872e-06 -4.312907698283545555e-06 -4.312907778703320975e-06 -5.750529475148153393e-06 -4.353591886649935708e-06 6.120887833090877805e-01 5.968646362144288675e-01 8.625815557406641949e-06 1.163957438130272574e-08 1.000000425949341576e+00 7.275319858946721618e-10 -2.884854502233396003e-14 -2.565551151164761767e-17 -3.066798738819989640e-14 -1.110139377635292055e-15
8.050641823472736962e-06 -6.556826302724565075e-06 -4.917631604684612704e-06 -4.917631705227010191e-06 -6.556824477584834123e-06 -4.964020193924252827e-06 6.120899262182628586e-01 5.968652689533903155e-01 9.835263410454020381e-06 1.327159135849428720e-08 1.000000404380093411e+00 7.128723399908403412e-10 -3.606608553135046746e-14 -3.207336800841604050e-17 -3.834791625497848542e-14 -1.387991873354114845e-15
8.430056883490853428e-06 -7.440911677803897892e-06 -5.580698537511335874e-06 -5.580698662614645442e-06 -7.440909399663666500e-06 -5.633341871563458891e-06 6.120910059054076591e-01 5.968658849108277042e-01 1.116139732522929088e-05 1.506106086805919776e-08 1.000000380730115435e+00 6.967995670586039135e-10 -4.487677941158427685e-14 -3.990773976254717719e-17 -4.772421285240371713e-14 -1.727193288150649485e-15
8.827353224396269234e-06 -8.410291922007762100e-06 -6.307737257181447716e-06 -6.307737412220718525e-06 -8.410289090667832744e-06 -6.367238773675001125e-06 6.120920197215736769e-01 5.968664774247475213e-01 1.261547482444143705e-05 1.702317386140980806e-08 1.000000354797747182e+00 6.791733272423373013e-10 -5.561574182145356183e-14 -4.945823997261512793e-17 -5.915377282131448668e-14 -2.140649495392281475e-15
9.243373564994492611e-06 -9.473195657899005208e-06 -7.104919363676040271e-06 -7.104919555159424561e-06 -9.473192152032369051e-06 -7.171940713785543950e-06 6.120929436568950388e-01 5.968670180801852743e-01 1.420983911031884912e-05 1.917458773443844114e-08 1.000000326363687186e+00 6.598462365522788973e-10 -6.868707518234185188e-14 -6.108541815100501842e-17 -7.306703906483125982e-14 -2.643924246149539748e-15
9.679000340204750691e-06 -1.063864599407803785e-05 -7.979012348900010277e-06 -7.979012584693482901e-06 -1.063864166692724637e-05 -8.054279017633812437e-06 6.120938014756246437e-01 5.968675277721335881e-01 1.595802516938696580e-05 2.153356513119716788e-08 1.000000295186394883e+00 6.386559895972791249e-10 -8.457800349526679740e-14 -7.522485261648297353e-17 -8.998296071758444064e-14 -3.255782283821847485e-15
1.013515757282276440e-05 -1.191653548163877595e-05 -8.937435819580232595e-06 -8.937436109174419103e-06 -1.191653015579180934e-05 -9.021743276218861690e-06 6.120945453902624234e-01 5.968679561551581969e-01 1.787487221834883821e-05 2.412013374291045901e-08 1.000000261000806079e+00 6.154209621736411909e-10 -1.038758012069401522e-13 -9.238821618448384128e-17 -1.105270242662831062e-13 -3.998839250124821707e-15
1.061281283349698019e-05 -1.331771235929609480e-05 -9.988326187814050290e-06 -9.988326542669487723e-06 -1.331770582035304580e-05 -1.008254664638967120e-05 6.120952223060709407e-01 5.968683422466497523e-01 1.997665308533897545e-05 2.695624969789187247e-08 1.000000223517803821e+00 5.899428367598347621e-10 -1.272881821688413687e-13 -1.132073267848902506e-16 -1.354530620680198382e-13 -4.900352168879593129e-15
1.111297929307564714e-05 -1.485407153663650194e-05 -1.114060491647761154e-05 -1.114060535044959729e-05 -1.485406352557566936e-05 -1.124569473973763720e-05 6.120958489131711477e-01 5.968687132163228437e-01 2.228121070089919458e-05 3.006598715642980500e-08 1.000000182417638994e+00 5.620095420561160494e-10 -1.556676084198537191e-13 -1.384496058938005654e-16 -1.656691938768444704e-13 -5.993155499355501198e-15
1.163671787167801603e-05 -1.653865400070401201e-05 -1.240405308411411569e-05 -1.240405361391686799e-05 -1.653864420485878911e-05 -1.252106089068193741e-05 6.120964065329547177e-01 5.968690355969885619e-01 2.480810722783373599e-05 3.347574717682400754e-08 1.000000137352611063e+00 5.313809438692805510e-10 -1.900412377563749964e-13 -1.690238305043694205e-16 -2.022694304656653947e-13 -7.316806909034151475e-15
1.218513948904815468e-05 -1.838575992723334086e-05 -1.378939622983637922e-05 -1.378939687562835556e-05 -1.838574796924348877e-05 -1.391947180107733408e-05 6.120969021923171605e-01 5.968693187661802124e-01 2.757879375125671113e-05 3.721447485683353912e-08 1.000000087939935112e+00 4.977965667857316496e-10 -2.316459342196944703e-13 -2.060285783727478580e-16 -2.465713158304331936e-13 -8.918943586214373932e-15
1.275940742096467438e-05 -2.041106923417497086e-05 -1.530839478259284997e-05 -1.530839556868689275e-05 -2.041105465878013150e-05 -1.545279882229173493e-05 6.120973515566958678e-01 5.968695767020000265e-01 3.061679113737378550e-05 4.131390740031538295e-08 1.000000033759892881e+00 4.609728811330062622e-10 -2.819711533051386403e-13 -2.507907642555870572e-16 -3.001614271788380813e-13 -1.085693120861099982e-14
1.336073976670461397e-05 -2.263177381048503940e-05 -1.697394324964189162e-05 -1.697394420534803098e-05 -2.263175606859602678e-05 -1.713405807870735950e-05 6.120977466842274506e-01 5.968697995215616059e-01 3.394788841069606197e-05 4.580884605602400386e-08 9.999999743529094376e-01 4.205956963382698478e-10 -3.428101994669476221e-13 -3.049032802950749357e-16 -3.649500503452462788e-13 -1.319983807137330338e-14
1.399041203279531687e-05 -2.506672492591139026e-05 -1.880018079422483262e-05 -1.880018195487386651e-05 -2.506670335550052072e-05 -1.897752208781727516e-05 6.120981022934859350e-01 5.968700007797479445e-01 3.760036390974773302e-05 5.073744720958003850e-08 9.999999092143658785e-01 3.763223018719076151e-10 -4.163219385328608034e-13 -3.702884645178463197e-16 -4.432368615771190676e-13 -1.603081233587504419e-14
1.464975983853479555e-05 -2.773659177645109114e-05 -2.080261016908219315e-05 -2.080261157725054775e-05 -2.773656557950057136e-05 -2.099883981498210445e-05 6.120984147656749474e-01 5.968701755021819100e-01 4.160522315450109550e-05 5.614155050743360552e-08 9.999998377913849046e-01 3.277804379896797703e-10 -5.051050150181236823e-13 -4.492560573889370099e-16 -5.377900438205749030e-13 -1.944994016792938669e-14
1.534018174901932322e-05 -3.066403797621538983e-05 -2.299823011475535440e-05 -2.299823182173614322e-05 -3.066400619098394697e-05 -2.321517031951845161e-05 6.120986903994722894e-01 5.968703285605571063e-01 4.599646364347228643e-05 6.206703097952865872e-08 9.999997594780138943e-01 2.745527827617681145e-10 -6.122870899866423918e-13 -5.445882199890110347e-16 -6.519413743697316235e-13 -2.357768399380304580e-14
1.606314224168751273e-05 -3.387391336774816652e-05 -2.540567925267002533e-05 -2.540568132025421038e-05 -3.387387483551952309e-05 -2.564532800416372921e-05 6.120989306440279831e-01 5.968704611157481521e-01 5.081136264050842077e-05 6.856419001628033595e-08 9.999996736087962690e-01 2.161899345074714084e-10 -7.416321877981948667e-13 -6.596341187392145753e-16 -7.897004509947855748e-13 -2.855901490746156797e-14
1.682017481267331752e-05 -3.739346502715196430e-05 -2.804539438148151607e-05 -2.804539688408722338e-05 -3.739341835209819548e-05 -2.830994240321681711e-05 6.120991369165521556e-01 5.968705732754241433e-01 5.609079376817444675e-05 7.568818209099855705e-08 9.999995794550385897e-01 1.521966326888847474e-10 -8.976697660609995266e-13 -7.984222920596515776e-16 -9.558923383055727562e-13 -3.456838580135073024e-14
1.761288522955692422e-05 -4.125256856216589867e-05 -3.093978400173219020e-05 -3.093978702897205306e-05 -4.125251206311555350e-05 -3.123163334241739003e-05 6.120993103048968376e-01 5.968706651239036320e-01 6.187957405794410613e-05 8.349948280943185795e-08 9.999994762175505869e-01 8.203007652081547240e-11 -1.085849918786173416e-12 -9.657983364079687445e-16 -1.156322843635582999e-12 -4.181570813242236462e-14
1.844295493741307740e-05 -4.548398175158926282e-05 -3.411341860690876994e-05 -3.411342226667312891e-05 -4.548391340397695047e-05 -3.443520302302837294e-05 6.120994537122511625e-01 5.968707386962307515e-01 6.822684453334625782e-05 9.206440201757887063e-08 9.999993630205159523e-01 5.094305677755195092e-12 -1.312730012438889012e-12 -1.167595419846288990e-15 -1.397977437328622961e-12 -5.055354250011435900e-14
1.931214462538152622e-05 -5.012362608372735703e-05 -3.759324191117895900e-05 -3.759324633337909357e-05 -5.012354344999960898e-05 -3.794784923971380384e-05 6.120996137453628139e-01 5.968708413661212298e-01 7.518649266675818713e-05 1.014556364001544266e-07 9.999992388998985016e-01 -7.926933130157470611e-11 -1.586199144736708085e-12 -1.410893503031301859e-15 -1.689259997241186467e-12 -6.108574700039321602e-14
2.022229796132474230e-05 -5.521087753264107735e-05 -4.140878902043535994e-05 -4.140879436141650308e-05 -5.521077767820137841e-05 -4.179938560687966283e-05 6.120997034072102050e-01 5.968708839307582670e-01 8.281758872283300616e-05 1.117529275153895926e-07 9.999991028063516252e-01 -1.717658342097629003e-10 -1.915748047145996944e-12 -1.704036194847861934e-15 -2.040280993002363864e-12 -7.377784967261292783e-14
2.117534550249464568e-05 -6.078891677493269686e-05 -4.559244920172351350e-05 -4.559245564964046159e-05 -6.078879616718655559e-05 -4.602250680305151870e-05 6.120997217611408026e-01 5.968708638988751147e-01 9.118491129928092318e-05 1.230436919826382541e-07 9.999989535861608658e-01 -2.731832803101902615e-10 -2.312793524468901477e-12 -2.057123885795808282e-15 -2.463202669511926615e-12 -8.906956811928736339e-14
2.217330879050336275e-05 -6.690509917917548965e-05 -5.017974350398572269e-05 -5.017975128529874473e-05 -6.690495356649511544e-05 -5.065306880661127163e-05 6.120997561001333409e-01 5.968708716899778777e-01 1.003595025705974895e-04 1.354237530825736285e-07 9.999987899663995705e-01 -3.843879572652443364e-10 -2.791068615587394836e-12 -2.482524498413350587e-15 -2.972654371417306245e-12 -1.074898562805310347e-13
2.321830463928403439e-05 -7.361134056498488802e-05 -5.520961423156886603e-05 -5.520962361881964227e-05 -7.361116483040637396e-05 -5.573038109484299631e-05 6.120998064767010360e-01 5.968709069119156885e-01 1.104192472376392845e-04 1.489982010192329780e-07 9.999986105581243345e-01 -5.063258446617160585e-10 -3.367091788594348809e-12 -2.994986385104826243e-15 -3.586233252536728290e-12 -1.296749441098652871e-13
2.431254962513695810e-05 -8.096455405282978524e-05 -6.072475276763518952e-05 -6.072476408868392260e-05 -8.096434203873475728e-05 -6.129753755338848643e-05 6.120997896285195194e-01 5.968708837844263204e-01 1.214495281773678452e-04 1.638822957243183040e-07 9.999984138441346815e-01 -6.400235584105802761e-10 -4.060731404075317541e-12 -3.611970037808981623e-15 -4.325105083149125224e-12 -1.563900452219355157e-13
2.545836478838510588e-05 -8.902715718939336459e-05 -6.677198014120332202e-05 -6.677199379061866025e-05 -8.902690148627741620e-05 -6.740180062647321379e-05 6.120997461706332299e-01 5.968708432105690465e-01 1.335439875812373205e-04 1.802023746217218074e-07 9.999981981524194152e-01 -7.866196511337291060e-10 -4.895883529172135786e-12 -4.354834848605174524e-15 -5.214726253542990048e-12 -1.885555487779903768e-13
2.665818055661184512e-05 -9.786758463207203228e-05 -7.340263180848138685e-05 -7.340264826139557253e-05 -9.786727632436279510e-05 -7.409498971921555808e-05 6.120996822112136915e-01 5.968707937234433158e-01 1.468052965227911451e-04 1.980969742968478467e-07 9.999979616490672907e-01 -9.473599961538894533e-10 -5.901286782579961577e-12 -5.249333867186379017e-15 -6.285712567216661145e-12 -2.272783810982438024e-13
2.791454189992368412e-05 -1.075608675149076002e-04 -8.067299250622339611e-05 -8.067301233273320123e-05 -1.075604958794908780e-04 -8.143392014065844141e-05 6.120995776508486585e-01 5.968707105036851202e-01 1.613460246654664025e-04 2.177180100199898462e-07 9.999977023315914648e-01 -1.123605002758717724e-09 -7.111508525650132673e-12 -6.325628846221119222e-15 -7.574885535226881117e-12 -2.738897961155293420e-13
2.923011372917308867e-05 -1.181892809892950535e-04 -8.864478228114715502e-05 -8.864480616897874141e-05 -1.181888331211305152e-04 -8.948089370956313193e-05 6.120994496791825057e-01 5.968706163999349945e-01 1.772896123379574828e-04 2.392320332914480709e-07 9.999974179942627828e-01 -1.316854931221409202e-09 -8.568110864248014008e-12 -7.621351491563537705e-15 -9.126525769156641332e-12 -3.299907567789025581e-13
3.060768654859167957e-05 -1.298430316211334021e-04 -9.738567252236024659e-05 -9.738570129756113727e-05 -1.298424919989623174e-04 -9.830421963437755188e-05 6.120992943585626955e-01 5.968705047989526502e-01 1.947714025951222745e-04 2.628216761928921249e-07 9.999971062254164877e-01 -1.528747723094397985e-09 -1.032108440314297331e-11 -9.180646046290782845e-15 -1.099388573503104044e-11 -3.975066027458193243e-13
3.205018237482386067e-05 -1.426210271032999938e-04 -1.069698637953702455e-04 -1.069698984516053212e-04 -1.426203770563641451e-04 -1.079787977830524445e-04 6.120991089239006255e-01 5.968703736768286028e-01 2.139397969032106423e-04 2.886871884710596288e-07 9.999967643789535732e-01 -1.761082120504229672e-09 -1.243054186809488803e-11 -1.105696465746024778e-14 -1.324100403533349375e-11 -4.787526264000804880e-13
3.356066093491584371e-05 -1.566317147125691417e-04 -1.174787153615991427e-04 -1.174787570944668468e-04 -1.566309317815386146e-04 -1.185867541183523513e-04 6.120988915649356876e-01 5.968702217629987539e-01 2.349575141889336937e-04 3.170481386221684295e-07 9.999963895530836755e-01 -2.015830591408643500e-09 -1.496876976223486085e-11 -1.331473286918211255e-14 -1.594488875610963518e-11 -5.765130354242980637e-13
3.514232615640697330e-05 -1.719940009600815899e-04 -1.290014357311357774e-04 -1.290014859785086360e-04 -1.719930581331480940e-04 -1.302181377374595731e-04 6.120986401980259561e-01 5.968700481184160411e-01 2.580029719570172721e-04 3.481452779130735359e-07 9.999959785637743126e-01 -2.295155004126667406e-09 -1.802269430601361343e-11 -1.603125911573440767e-14 -1.919814117749342559e-11 -6.941358385091681517e-13
3.679853296328958569e-05 -1.888382599213758826e-04 -1.416358398824094783e-04 -1.416359003735430107e-04 -1.888371247092816331e-04 -1.429716852032991399e-04 6.120983528802181883e-01 5.968698508042643569e-01 2.832718007470860213e-04 3.822425840215997803e-07 9.999955279242834782e-01 -2.601426083223280579e-09 -2.169684181473341724e-11 -1.929947786214856658e-14 -2.311211427900424059e-11 -8.356469563878127516e-13
3.853279439225259091e-05 -2.073074387163572414e-04 -1.554891795468796442e-04 -1.554892523615285672e-04 -2.073060720448420264e-04 -1.569556586232348256e-04 6.120980273173689534e-01 5.968696285774731658e-01 3.109785047230571343e-04 4.196295017419297599e-07 9.999950338091789792e-01 -2.937243197089188512e-09 -2.611690077184128599e-11 -2.323123746097962055e-14 -2.782070446722102969e-11 -1.005887390406022589e-12
4.034878904430330503e-05 -2.275582695467317964e-04 -1.706790536464610224e-04 -1.706791412855830289e-04 -2.275566244222891447e-04 -1.722887646285422463e-04 6.120976609596273654e-01 5.968693793400108305e-01 3.413582825711660579e-04 4.606233996202256344e-07 9.999944920253325265e-01 -3.305456012961132149e-09 -3.143400413495939544e-11 -2.796091782450417210e-14 -3.348491443150045647e-11 -1.210678144365718014e-12
4.225036888757337087e-05 -2.497625972629287827e-04 -1.873344056714272153e-04 -1.873345111415370746e-04 -2.497606171793885087e-04 -1.891011611046884320e-04 6.120972498771437564e-01 5.968690985873582600e-01 3.746690222830741492e-04 5.055722670075885266e-07 9.999938979715179421e-01 -3.709190076976718175e-09 -3.782988651888092989e-11 -3.364965207292545126e-14 -4.029833465322841390e-11 -1.457018613025831397e-12
4.424156742785960775e-05 -2.741088418680088026e-04 -2.055966225628836253e-04 -2.055967494836774870e-04 -2.741064588480953508e-04 -2.075355663789392566e-04 6.120967939057770923e-01 5.968687936018460816e-01 4.111934989673549741e-04 5.548576507171294123e-07 9.999932466058554237e-01 -4.151872265479858344e-09 -4.552302581477620208e-11 -4.049365937852596635e-14 -4.849374147891470431e-11 -1.753324403402323672e-12
4.632660826423060633e-05 -3.008035819948254200e-04 -2.256207248394842492e-04 -2.256208775588263858e-04 -3.008007143178153403e-04 -2.277484604814283809e-04 6.120962838471736278e-01 5.968684491604905329e-01 4.512417551176527717e-04 6.088979322343202519e-07 9.999925324013931860e-01 -4.637255393702300062e-09 -5.477618370094308391e-11 -4.872444513207666612e-14 -5.835102142630865942e-11 -2.109715138725864342e-12
4.850991404784660028e-05 -3.300733241433344159e-04 -2.475766964005952334e-04 -2.475768801498712821e-04 -3.300698735260398052e-04 -2.499114274104951932e-04 6.120957256979752126e-01 5.968680752404371681e-01 4.951537602997425642e-04 6.681518245092166830e-07 9.999917492952613562e-01 -5.169468116121419422e-09 -6.590524933311374851e-11 -5.862474602214249045e-14 -7.020670446447328083e-11 -2.538357990630778199e-12
5.079611586299554821e-05 -3.621663920337086389e-04 -2.716509051210383029e-04 -2.716511261896618337e-04 -3.621622402912659088e-04 -2.742125890032571069e-04 6.120950845499627535e-01 5.968676405843287291e-01 5.433022523793236674e-04 7.331223514822764143e-07 9.999908906419304744e-01 -5.753011809316977702e-09 -7.929003608793003560e-11 -7.053049048721490004e-14 -8.446541123560827143e-11 -3.053881557320510046e-12
5.319006305024380195e-05 -3.973550842918480304e-04 -2.980477253763459721e-04 -2.980479913270571326e-04 -3.973500893191717238e-04 -3.008582426304205683e-04 6.120943966091906274e-01 5.968671807375827143e-01 5.960959826541142653e-04 8.043609596443819248e-07 9.999899491457455714e-01 -6.392851835362544898e-09 -9.538724466812686547e-11 -8.485010813746852216e-14 -1.016136449113802014e-10 -3.673876028839581986e-12
5.569683349253759237e-05 -4.359379130534840672e-04 -3.269912220908382876e-04 -3.269915420213494617e-04 -4.359319039675601734e-04 -3.300745609675195314e-04 6.120936342009352105e-01 5.968666699401711240e-01 6.539830840426989235e-04 8.824723946097370267e-07 9.999889168221246516e-01 -7.094409898641721125e-09 -1.147459553793713717e-10 -1.020724963268519253e-13 -1.222363438389885106e-10 -4.419489766577861527e-12
5.832174438607360718e-05 -4.782421769388032692e-04 -3.587270866679268867e-04 -3.587274715065504743e-04 -4.782349482787224344e-04 -3.621095459694856030e-04 6.120927890734391141e-01 5.968661036210943793e-01 7.174549430131009486e-04 9.681197011177757922e-07 9.999877849104105154e-01 -7.863642160019035965e-09 -1.380263467572581415e-10 -1.227808333001474412e-13 -1.470367882836749195e-10 -5.316149322229891819e-12
6.107036351878496216e-05 -5.246267223199420739e-04 -3.935247152528390207e-04 -3.935251781594656254e-04 -5.246180270012314618e-04 -3.972351265343828123e-04 6.120918624958595622e-01 5.968654840643055071e-01 7.870503563189312508e-04 1.062029877251676165e-06 9.999865438002498719e-01 -8.707073411231575868e-09 -1.660221461782100630e-10 -1.476883455590519038e-13 -1.768605412704338212e-10 -6.394426850442354670e-12
6.394852108036592716e-05 -5.754849656744754098e-04 -4.316794845685045963e-04 -4.316800413381341830e-04 -5.754745066665976471e-04 -4.357494554528559632e-04 6.120908363583180689e-01 5.968647962918739447e-01 8.633600826762683660e-04 1.165000085575262698e-06 9.999851829635958422e-01 -9.631849834092700510e-09 -1.996877099756823314e-10 -1.776338254962804312e-13 -2.127242245517794084e-10 -7.691077777947133762e-12
6.696232202888592524e-05 -6.312482501786906416e-04 -4.735152798166082882e-04 -4.735159494702059443e-04 -6.312356702897446714e-04 -4.779794608917007389e-04 6.120897159375420227e-01 5.968640478230764490e-01 9.470318989404118886e-04 1.277904336390011801e-06 9.999836908435485450e-01 -1.064582958347497296e-08 -2.401703869754548693e-10 -2.136488577284220944e-13 -2.558501056989845778e-10 -9.250294690443602623e-12
7.011815904022408708e-05 -6.923894508792183614e-04 -5.193872116459124447e-04 -5.193880170362741603e-04 -6.923743206796886904e-04 -5.242835884901896927e-04 6.120884749437570660e-01 5.968632164210749824e-01 1.038776034072548321e-03 1.401701028239567793e-06 9.999820547771114398e-01 -1.175760896066967572e-08 -2.888496569697794139e-10 -2.569540634663568336e-13 -3.077076819455694050e-10 -1.112520737649690258e-11
7.342272606779189775e-05 -7.594270298800663219e-04 -5.696846728743859729e-04 -5.696856414854168738e-04 -7.594088330540840932e-04 -5.750548864661066562e-04 6.120871217730980973e-01 5.968623121641117857e-01 1.139371282970833748e-03 1.537440913758139551e-06 9.999802608820946848e-01 -1.297662270820952753e-08 -3.473840647860257019e-10 -3.090287991311788013e-13 -3.700637162197834518e-10 -1.337969523801807407e-11
7.688303254130587460e-05 -8.329293557553982784e-04 -6.248345965583355010e-04 -6.248357614405833458e-04 -8.329074714030416287e-04 -6.307242937976974750e-04 6.120856270203856031e-01 5.968613143247054609e-01 1.249671522881166692e-03 1.686276196307937241e-06 9.999782939376148372e-01 -1.431319877414877716e-08 -4.177673790955891608e-10 -3.716471272114326255e-13 -4.450422820861036156e-10 -1.609055156313476502e-11
8.050641823472768472e-05 -9.135195458684885464e-04 -6.853051104278529366e-04 -6.853065113033731228e-04 -9.134932276607509588e-04 -6.917643283771571575e-04 6.120839860781734920e-01 5.968602163681810957e-01 1.370613022606746246e-03 1.849470185056573317e-06 9.999761372521527303e-01 -1.577868124280278124e-08 -5.023970891312507751e-10 -4.469378014740833642e-13 -5.351970623015927343e-10 -1.935011133091069842e-11
8.430056883490886631e-05 -1.001880719960944509e-03 -7.516095034437083591e-04 -7.516111880950611304e-04 -1.001849070463026441e-03 -7.586930901676296104e-04 6.120821836427589036e-01 5.968590110674115712e-01 1.503222376190122261e-03 2.028408036702485781e-06 9.999737725215620543e-01 -1.738549751786940536e-08 -6.041551155627344492e-10 -5.374702683630160758e-13 -6.435981761333934329e-10 -2.326937488752282888e-11
8.827353224396304132e-05 -1.098761766942074700e-03 -8.243105836085105583e-04 -8.243126094673030192e-04 -1.098723707287372351e-03 -8.320786589994293376e-04 6.120802105075350275e-01 5.968576947255612719e-01 1.648625218934606038e-03 2.224608498866075059e-06 9.999711796621062465e-01 -1.914726098475199063e-08 -7.265064125051672945e-10 -6.463300095313474744e-13 -7.739365659797545090e-10 -2.798179384153348317e-11
9.243373564994529880e-05 -1.204983631896477383e-03 -9.040254318327401719e-04 -9.040278679549510312e-04 -1.204937864979502412e-03 -9.125438920616826951e-04 6.120780436357535770e-01 5.968562478404633165e-01 1.808055735909902062e-03 2.439736880500497017e-06 9.999683366931045869e-01 -2.107892015784420326e-08 -8.736166805916065273e-10 -7.772186358282026671e-13 -9.306496376495695318e-10 -3.364780786458266525e-11
9.679000340204790332e-05 -1.321446271688781491e-03 -9.914306653314331353e-04 -9.914335947474644996e-04 -1.321391238049875920e-03 -1.000771735414175646e-03 6.120756657876087470e-01 5.968546599425615939e-01 1.982867189494928999e-03 2.675619071688179639e-06 9.999652194908098535e-01 -2.319684696322425809e-08 -1.050493878665803451e-09 -9.345974158896401383e-13 -1.119072009812133224e-09 -4.046029768382914475e-11
1.013515757282280573e-04 -1.449136220454044083e-03 -1.087268168306198147e-03 -1.087271690780473735e-03 -1.449070045724074919e-03 -1.097511006830029830e-03 6.120730621008650951e-01 5.968529186646897022e-01 2.174543381560947470e-03 2.934257072595009025e-06 9.999618016024863776e-01 -2.551899640841218587e-08 -1.263159275259657977e-09 -1.123792383375742055e-12 -1.345616923638351528e-09 -4.865115387699773424e-11
1.061281283349702526e-04 -1.589134886336022881e-03 -1.192351379895403678e-03 -1.192355615575726654e-03 -1.589055315675119750e-03 -1.203582741174937529e-03 6.120701955443844655e-01 5.968510070638725074e-01 2.384711231151453309e-03 3.217845998220176176e-06 9.999580540402666085e-01 -2.806503204274050211e-08 -1.518848950054736256e-09 -1.351335275777507240e-12 -1.617994242921108697e-09 -5.849911286909472930e-11
1.111297929307569288e-04 -1.742627658308103407e-03 -1.307572209453133774e-03 -1.307577302582398245e-03 -1.742531982556987449e-03 -1.319887167657907579e-03 6.120670571443596053e-01 5.968489120524661518e-01 2.615154605164796489e-03 3.528792643487512447e-06 9.999539449857670625e-01 -3.085653264407135208e-08 -1.826266139331028548e-09 -1.624889033059055109e-12 -1.945472479506670091e-09 -7.033932798089710324e-11
1.163671787167806380e-04 -1.910913840516170097e-03 -1.433908580911297812e-03 -1.433914704906972528e-03 -1.910798802369577474e-03 -1.447411322722699919e-03 6.120636122869883566e-01 5.968466109773413741e-01 2.867829409813945057e-03 3.869735978163397999e-06 9.999494396059542822e-01 -3.391713499222092080e-08 -2.195870937884307985e-09 -1.953762240680696890e-12 -2.339193927398690678e-09 -8.457466512356592969e-11
1.218513948904820720e-04 -2.095417612971721150e-03 -1.572432771746722210e-03 -1.572440135293415829e-03 -2.095279296403305350e-03 -1.587237463842636849e-03 6.120598418337755975e-01 5.968440942950887784e-01 3.144880270586831658e-03 4.243569356356473525e-06 9.999444996604216485e-01 -3.727279788558396154e-08 -2.640238454225574711e-09 -2.349212905427191676e-12 -2.812553039350894074e-09 -1.016894468113215342e-10
1.275940742096472961e-04 -2.297699874209073023e-03 -1.724320435880477651e-03 -1.724329289779245444e-03 -2.297533570844061731e-03 -1.740552172575401697e-03 6.120556994366355141e-01 5.968413300164882029e-01 3.448658579558490887e-03 4.653465331809807672e-06 9.999390832853423117e-01 -4.095189810583031039e-08 -3.174484709490625150e-09 -2.824677278815093177e-12 -3.381651780199438488e-09 -1.222658588289916549e-10
1.336073976670466954e-04 -2.519471399563894248e-03 -1.890860642734541438e-03 -1.890871288570615235e-03 -2.519271450426337298e-03 -1.908656483095810428e-03 6.120511575915512648e-01 5.968382980493032175e-01 3.781742577141230469e-03 5.102902290345856611e-06 9.999331444988326378e-01 -4.498560472506118499e-08 -3.816783648409793303e-09 -3.396347778023354520e-12 -4.065846040070292687e-09 -1.470038141359579655e-10
1.399041203279537582e-04 -2.762607122904789034e-03 -2.073466790955092592e-03 -2.073479591073460609e-03 -2.762366725305854913e-03 -2.092976891902776759e-03 6.120461800429358723e-01 5.968349751314575569e-01 4.146959182146921219e-03 5.595694011233561751e-06 9.999266329817049215e-01 -4.940804031729543941e-08 -4.588981004785368384e-09 -4.083611173792128167e-12 -4.888403838659172836e-09 -1.767446453348904700e-10
1.464975983853485585e-04 -3.029161755339195104e-03 -2.273688565715965230e-03 -2.273703956187446678e-03 -3.028872731137577292e-03 -2.295077420745398125e-03 6.120407198782238378e-01 5.968313306260946138e-01 4.547407912374893356e-03 6.136022097028953492e-06 9.999194934565313053e-01 -5.425663533089311000e-08 -5.517336141201909628e-09 -4.909984502198280763e-12 -5.877294123595981006e-09 -2.124996953594450551e-10
1.534018174901938421e-04 -3.321386957385519343e-03 -2.493225115924588026e-03 -2.493243620594517637e-03 -3.321039477423455826e-03 -2.516672907263758658e-03 6.120347338279312766e-01 5.968273346889076958e-01 4.986487241189035274e-03 6.728471273248061556e-06 9.999116653899572382e-01 -5.957239465802312907e-08 -6.633417508601651489e-09 -5.903462427671273721e-12 -7.066137327134440038e-09 -2.554846885042446465e-10
1.606314224168757846e-04 -3.641750046153136456e-03 -2.733939432401526377e-03 -2.733961681393185829e-03 -3.641332293105072494e-03 -2.759643508620397961e-03 6.120281676450827213e-01 5.968229515598166834e-01 5.467923362786371658e-03 7.378068338043888010e-06 9.999030824857487731e-01 -6.540026441447034184e-08 -7.975168104885811037e-09 -7.097962452833894101e-12 -8.495346386114872332e-09 -3.071609324878232496e-10
1.682017481267338596e-04 -3.992954509316987838e-03 -2.997874163082288757e-03 -2.997900913864562106e-03 -3.992452279066897695e-03 -3.026050651065554948e-03 6.120209669971631294e-01 5.968181452912816320e-01 5.995801827729124213e-03 8.090324661786906161e-06 9.998936719625320935e-01 -7.178949771390006542e-08 -9.588198974401673505e-09 -8.534110139554445175e-12 -1.021349677456140666e-08 -3.692849630110278611e-10
1.761288522955699537e-04 -4.377962390768360378e-03 -3.287268912748326014e-03 -3.287301075814984784e-03 -4.377358612946026864e-03 -3.318154476444978331e-03 6.120130740483685772e-01 5.968128761662538917e-01 6.574602151629969568e-03 8.871282921376292131e-06 9.998833540005832576e-01 -7.879409618546666650e-08 -1.152733780476392314e-08 -1.026068870622280910e-11 -1.227897438799315287e-08 -4.439681715506925236e-10
1.844295493741315059e-04 -4.800018788381702449e-03 -3.604579223534240279e-03 -3.604617894086050486e-03 -4.799292941469498856e-03 -3.638432982548948490e-03 6.120044191958896596e-01 5.968070992034127942e-01 7.209235788172100971e-03 9.727568268453498399e-06 9.998720412032806593e-01 -8.647319512638040155e-08 -1.385847891729832146e-08 -1.233664408314930278e-11 -1.476195640253362718e-08 -5.337482659512811421e-10
1.931214462538160279e-04 -5.262678598150881057e-03 -3.952497377084702133e-03 -3.952543872169755890e-03 -5.261806016084388110e-03 -3.989602996642639156e-03 6.119949294961977149e-01 5.968007647106949864e-01 7.905087744339511779e-03 1.066644443844876537e-05 9.998596377574794358e-01 -9.489159653074861191e-08 -1.666082817518718982e-08 -1.483274575951592025e-11 -1.774678915333764547e-08 -6.416754763918871035e-10
2.022229796132482430e-04 -5.769835759785784703e-03 -4.333975219995567230e-03 -4.334031121102840771e-03 -5.768786803753232079e-03 -4.374643185505317812e-03 6.119845248765211077e-01 5.967938185794066097e-01 8.668062242205681542e-03 1.169587516839841109e-05 9.998460385066710865e-01 -1.041203310128993637e-07 -2.002958954891886704e-08 -1.783325533650536744e-11 -2.133484385435343782e-08 -7.714158271686825077e-10
2.117534550249473174e-04 -6.325755177787701841e-03 -4.752249153428582396e-03 -4.752316363191166730e-03 -6.324494224936893713e-03 -4.796819250665412815e-03 6.119731167313839926e-01 5.967862026362229511e-01 9.504632726382333460e-03 1.282459161463500394e-05 9.998311280845444404e-01 -1.142371934236357376e-07 -2.407917823362182536e-08 -2.144072047428915036e-11 -2.564794932847290117e-08 -9.273753283061338045e-10
2.217330879050345694e-04 -6.935107516370600175e-03 -5.210867519912720618e-03 -5.210948327038228932e-03 -6.933591743712675011e-03 -5.259711529221252138e-03 6.119606099131638111e-01 5.967778525946455526e-01 1.042189665407645786e-02 1.406216632668631421e-05 9.998147808493620392e-01 -1.253274202755500179e-07 -2.894710334415263056e-08 -2.577814369789210628e-11 -3.083253353563185448e-08 -1.114849410025490801e-09
2.321830463928413468e-04 -7.603007273125374915e-03 -5.713720701157473485e-03 -5.713817855339818445e-03 -7.601185232914875640e-03 -5.767245323135552007e-03 6.119468964186900450e-01 5.967686966828930073e-01 1.142763571067963689e-02 1.541909391477886633e-05 9.997968576686951936e-01 -1.374843759756204888e-07 -3.479863124505461654e-08 -3.099272709838357447e-11 -3.706453578482767019e-08 -1.340201623444410639e-09
2.431254962513706313e-04 -8.335054158557616416e-03 -6.265073992060592005e-03 -6.265190799540636298e-03 -8.332864015821162679e-03 -6.323724026982623786e-03 6.119318628224653667e-01 5.967586590933907642e-01 1.253038159908127260e-02 1.690688004476168749e-05 9.997772074241597640e-01 -1.508103332608472392e-07 -4.183236505002761960e-08 -3.726183986606574399e-11 -4.455540976867964573e-08 -1.611079591010953279e-09
2.545836478838521565e-04 -9.137378261665602200e-03 -6.869603697081094404e-03 -6.869744133028605169e-03 -9.134745718205189435e-03 -6.933865491140837195e-03 6.119153790399811665e-01 5.967476524138903837e-01 1.373948826605721034e-02 1.853813856396355740e-05 9.997556635009708925e-01 -1.654172665287938713e-07 -5.028696974080914496e-08 -4.479880063700130953e-11 -5.355922156231798028e-08 -1.936672985363482655e-09
2.665818055661196167e-04 -1.001668928339906339e-02 -7.532436725993081617e-03 -7.532605569519628883e-03 -1.001352506310796038e-02 -7.602841903774621053e-03 6.118973074039076865e-01 5.967355849571608362e-01 1.506521113903925777e-02 2.032669793322765847e-05 9.997320437255874381e-01 -1.814278159539400913e-07 -6.044923665215358558e-08 -5.386007261257903112e-11 -6.438125909630931280e-08 -2.328024420396084097e-09
2.791454189992380406e-04 -1.098033001720649833e-02 -8.259193904364751232e-03 -8.259396901940892211e-03 -1.097652685055799070e-02 -8.336323406625947841e-03 6.118774950018772696e-01 5.967223538739946376e-01 1.651879380388178442e-02 2.228771810946407285e-05 9.997061484080704830e-01 -1.989762851311185787e-07 -7.266377095569515868e-08 -6.475404622629196056e-11 -7.738832427511010923e-08 -2.798402165891294349e-09
2.923011372917322013e-04 -1.203633459891356033e-02 -9.056037516627014894e-03 -9.056281576624258117e-03 -1.203176360599131182e-02 -9.140525959648234181e-03 6.118557749450002081e-01 5.967078479859067031e-01 1.811256315324851623e-02 2.443781834059696010e-05 9.996777587318891323e-01 -2.182096789456743707e-07 -8.734462243482953589e-08 -7.785130331091828726e-11 -9.302110331316678086e-08 -3.363747794393673603e-09
3.060768654859181916e-04 -1.319349173400139082e-02 -9.929723345318020380e-03 -9.930016774125742518e-03 -1.318799808506718012e-02 -1.002226372261113933e-02 6.118319631769034705e-01 5.966919437275765015e-01 1.986003354825148504e-02 2.679521739028076802e-05 9.996466347095631644e-01 -2.392889127466809748e-07 -1.049892540840946184e-07 -9.359756903983711284e-11 -1.118090034584785954e-07 -4.043213591668835031e-09
3.205018237482400298e-04 -1.446141339486415635e-02 -1.088765775571428132e-02 -1.088801053875653770e-02 -1.445481110191156049e-02 -1.098900649513262842e-02 6.118058587290610140e-01 5.966745070487878833e-01 2.177602107751307539e-02 2.937988697120268988e-05 9.996125134114897115e-01 -2.623900947243017701e-07 -1.261953027763619012e-07 -1.125283464255208483e-10 -1.343879774539575884e-07 -4.859807589046246081e-09
3.356066093491599550e-04 -1.585060926059737169e-02 -1.193796019781966089e-02 -1.193838433636413426e-02 -1.584267491961809451e-02 -1.204894259012009861e-02 6.117772422329852411e-01 5.966553897792413741e-01 2.387676867272826853e-02 3.221372001739534720e-05 9.995751070627015844e-01 -2.877059389422693703e-07 -1.516807145598179334e-07 -1.352859985194734141e-10 -1.615219146855771528e-07 -5.841168054940800052e-09
3.514232615640713051e-04 -1.737256741079357125e-02 -1.308953170225107474e-02 -1.309004163232749436e-02 -1.736303268571802449e-02 -1.321104772766643932e-02 6.117458721208463013e-01 5.966344306084970794e-01 2.618008326465498872e-02 3.532071481903346726e-05 9.995340999290424078e-01 -3.154472732462782076e-07 -1.823078520137050852e-07 -1.626469510982457208e-10 -1.941282641280399962e-07 -7.020491951935625610e-09
3.679853296328975103e-04 -1.903984154864862485e-02 -1.435212996669634269e-02 -1.435274303832193010e-02 -1.902838418054265957e-02 -1.448516049733068398e-02 6.117114835961757757e-01 5.966114525560803905e-01 2.870548607664386020e-02 3.872717676082538147e-05 9.994891463589363756e-01 -3.458446604967289674e-07 -2.191124933480283401e-07 -1.955400852746388476e-10 -2.333088255418837846e-07 -8.437649192002592709e-09
3.853279439225276845e-04 -2.086614520071181436e-02 -1.573645152936232680e-02 -1.573718860109086723e-02 -2.085237824300703591e-02 -1.588206494602264693e-02 6.116737877976615723e-01 5.965862607132796924e-01 3.147437720218173446e-02 4.246193932588292365e-05 9.994398672135266226e-01 -3.791502744349085820e-07 -2.633386172326917430e-07 -2.350837247941948035e-10 -2.803866089720692134e-07 -1.014052026531229572e-08
4.034878904430347986e-04 -2.286645340141397684e-02 -1.725422187792962497e-02 -1.725510802844036976e-02 -2.284991222538836769e-02 -1.741358108474093391e-02 6.116324689938194004e-01 5.965586434203383748e-01 3.451021605688073951e-02 4.655660599593177242e-05 9.993858480922854781e-01 -4.156397587849713234e-07 -3.164800135894826599e-07 -2.826228960104315426e-10 -3.369501483825600654e-07 -1.218659869734692870e-08
4.225036888757354977e-04 -2.505711201726286766e-02 -1.891829407446143918e-02 -1.891935945506839981e-02 -2.503723881991145109e-02 -1.909266390295613972e-02 6.115871786871019955e-01 5.965283669772138975e-01 3.783871891013679961e-02 5.104581506924816159e-05 9.993266342632841637e-01 -4.556143436277466715e-07 -3.803302738066529835e-07 -3.397742121315307986e-10 -4.049064210889857127e-07 -1.464491135896614697e-08
4.424156742785978935e-04 -2.745595518242211278e-02 -2.074275681361137727e-02 -2.074403767136922747e-02 -2.743208040079785429e-02 -2.093351179633299100e-02 6.115375369259312688e-01 5.964951756189771359e-01 4.148807534273845493e-02 5.596752966737208383e-05 9.992617279700193311e-01 -4.994031619316337149e-07 -4.570427354638343849e-07 -4.084801593297051085e-10 -4.865444367586044668e-07 -1.759832324307951695e-08
4.632660826423079200e-04 -3.008243116283689303e-02 -2.274305275406197924e-02 -2.274459266516196121e-02 -3.005375120042564491e-02 -2.295168524117522507e-02 6.114831279027730382e-01 5.964587897272137784e-01 4.548918533032392242e-02 6.136335501462726247e-05 9.991905841874613170e-01 -5.473656450428676380e-07 -5.492022372041393172e-07 -4.910760737564594880e-10 -5.846113287177495590e-07 -2.114629621738266590e-08
4.850991404784680086e-04 -3.295773674910179585e-02 -2.493610807272509874e-02 -2.493795940996129321e-02 -3.292328735690818603e-02 -2.516423662726178373e-02 6.114234960255996443e-01 5.964189021900253573e-01 4.987591881992258641e-02 6.727888574151167267e-05 9.991126059596233677e-01 -5.998942029225201031e-07 -6.599111677459624176e-07 -5.903641368054693708e-10 -7.024034474415991977e-07 -2.540819401577623737e-08
5.079611586299575014e-04 -3.610496059362245519e-02 -2.734047427884135975e-02 -2.734270003596088808e-02 -3.606358483687246291e-02 -2.758985234526503336e-02 6.113581437166338839e-01 5.963751783474331436e-01 5.468540007192177616e-02 7.376408584314534354e-05 9.990271401517480943e-01 -6.574170573546196457e-07 -7.928923349567671220e-07 -7.097273524082338572e-10 -8.438754907618464285e-07 -3.052724055351084146e-08
5.319006305024401608e-04 -3.954923495671908845e-02 -2.997648354269792648e-02 -2.997915941516164293e-02 -3.949954519290097693e-02 -3.024900815494874565e-02 6.112865244813578958e-01 5.963272489092852346e-01 5.995831883032328585e-02 8.087370422070561744e-05 9.989334710486121871e-01 -7.204012248163537433e-07 -9.526124509198050931e-07 -8.532115979516707300e-10 -1.013770842465787271e-06 -3.667525327514134211e-08
5.569683349253781463e-04 -4.331789666952676199e-02 -3.286641855895962999e-02 -3.286963560301245368e-02 -4.325822858347677657e-02 -3.316413917939620148e-02 6.112080421011558684e-01 5.962747120278921731e-01 6.573927120602490737e-02 8.866772932418017395e-05 9.988308163673891293e-01 -7.893558640314041707e-07 -1.144429339139309625e-06 -1.025708261136335924e-09 -1.217777815755213204e-06 -4.405831159053621660e-08
5.832174438607383351e-04 -4.744065554165510096e-02 -3.603469857661069364e-02 -3.603856624283751503e-02 -4.736901382810353167e-02 -3.635982564657341820e-02 6.111220431550495880e-01 5.962171257606736496e-01 7.207713248567503006e-02 9.721188593517640435e-05 9.987183188961799019e-01 -8.648356737899987059e-07 -1.374768771652339734e-06 -1.233074071015911069e-09 -1.462715876253890271e-06 -5.292352902379456174e-08
6.107036351878520610e-04 -5.194977096298170754e-02 -3.950808294483128258e-02 -3.951273271635193096e-02 -5.186376424147594311e-02 -3.986299604412465308e-02 6.110278145161840424e-01 5.961540066978097130e-01 7.902546543270386192e-02 1.065781785249682681e-04 9.985950418038411769e-01 -9.474446030117843861e-07 -1.651335417477232564e-06 -1.482320453589315601e-09 -1.756758633234087964e-06 -6.356715146669713583e-08
6.394852108036618195e-04 -5.688023597041415302e-02 -4.331589335616518877e-02 -4.332148342058896734e-02 -5.677699837495715079e-02 -4.370314897658830744e-02 6.109245744129631062e-01 5.960848262423934507e-01 8.664296684117793468e-02 1.168454847141554880e-04 9.984599598246354235e-01 -1.037839731275627126e-06 -1.983364028209355092e-06 -1.781947528113615225e-09 -2.109699572112098915e-06 -7.634421933128439163e-08
6.696232202888618545e-04 -6.226996485616662774e-02 -4.749025760864902801e-02 -4.749697804609517848e-02 -6.214606372096105613e-02 -4.791259560028569842e-02 6.108114705108105280e-01 5.960090046364590055e-01 9.499395609219035697e-02 1.281002036311755846e-04 9.983119518179158769e-01 -1.136735482437783707e-06 -2.381921610638385704e-06 -2.142100848140965483e-09 -2.533269252338023968e-06 -9.168011678878930245e-08
7.011815904022436355e-04 -6.815998654690416658e-02 -5.206637536290031898e-02 -5.207445478598586586e-02 -6.801131122357968739e-02 -5.252672430574577278e-02 6.106875704676423267e-01 5.959259087746721084e-01 1.041489095719717317e-01 1.404369639365224485e-04 9.981497921026855069e-01 -1.244907820590160599e-06 -2.860265217611320926e-06 -2.575040739724351387e-09 -3.041513370186905044e-06 -1.100843266701228367e-07
7.342272606779220133e-04 -7.459463718492725937e-02 -5.708280935980210996e-02 -5.709252244822646261e-02 -7.441626767729613012e-02 -5.758428964387508897e-02 6.105518559322322680e-01 5.958348444658548848e-01 1.141850448964529252e-01 1.539593966364626683e-04 9.979721412684651183e-01 -1.363198790674010145e-06 -3.434271019770533058e-06 -3.095411676676551877e-09 -3.651242906870917030e-06 -1.321668326710972633e-07
7.688303254130619173e-04 -8.162175260531864818e-02 -6.258180284520706294e-02 -6.259347983285545869e-02 -8.140780229326943784e-02 -6.312772751764650359e-02 6.104032148889697584e-01 5.957350527925676653e-01 1.251869596657109174e-01 1.687809781764808617e-04 9.977775355626498088e-01 -1.492521119993571298e-06 -4.122943326031412839e-06 -3.720874076464350239e-09 -4.382569638875539370e-06 -1.586576466314394544e-07
8.050641823472801540e-04 -8.929285409822655672e-02 -6.860962648715603074e-02 -6.862366471041225768e-02 -8.903628266936607083e-02 -6.920349888567567387e-02 6.102404335454941764e-01 5.956257038231647094e-01 1.372473294208245154e-01 1.850259498478813768e-04 9.975643754412010233e-01 -1.633863093142430698e-06 -4.949021187833351095e-06 -4.472765836195612450e-09 -5.259542473444430157e-06 -1.904300375861420552e-07
8.430056883490922139e-04 -9.766332022183477068e-02 -7.521695874591924347e-02 -7.523383519850528056e-02 -9.735571392913508482e-02 -7.586246467625908096e-02 6.100621880228366267e-01 5.955058892516787994e-01 1.504676703970105611e-01 2.028303204133998134e-04 9.973309167531261288e-01 -1.788293143657042081e-06 -5.939701834978432902e-06 -5.376363396383073032e-09 -6.310903521788547405e-06 -2.285281131727252708e-07
8.827353224396340724e-04 -1.067925470169568819e-01 -8.245929762415003805e-02 -8.247958598613031045e-02 -1.064238548288343467e-01 -8.316029358321209985e-02 6.098670342433253344e-01 5.953746160996974401e-01 1.649591719722606209e-01 2.223429570892295046e-04 9.970752531179964961e-01 -1.956964908290582949e-06 -7.127494673674416523e-06 -6.462385221916303952e-09 -7.570982586925951172e-06 -2.741995856354609356e-07
9.243373564994568099e-04 -1.167440769847260529e-01 -9.039741329147688020e-02 -9.042180319943071698e-02 -1.163022998841082706e-01 -9.115790682727140104e-02 6.096534000466871106e-01 5.952308006088607994e-01 1.808436063988614340e-01 2.437267749755158525e-04 9.967953074108252265e-01 -2.141121847273920159e-06 -8.551238813226089659e-06 -7.767632180222863322e-09 -9.080758556737574647e-06 -3.289345742303828934e-07
9.679000340204829906e-04 -1.275856958627134830e-01 -9.909783928162126110e-02 -9.912716003540474052e-02 -1.270565192036139934e-01 -9.992196117457230464e-02 6.094195701714523183e-01 5.950732559741597205e-01 1.982543200708094810e-01 2.671600289886230900e-04 9.964888119091244167e-01 -2.342101575473691196e-06 -1.025730542683239200e-05 -9.336416164424748909e-09 -1.088911046093244256e-05 -3.945115072329969172e-07
1.013515757282284612e-03 -1.393894774315241891e-01 -1.086334107666928478e-01 -1.086686582374407489e-01 -1.387558397607856486e-01 -1.095253751366635914e-01 6.091636801222555242e-01 5.949006874065283501e-01 2.173373164748814979e-01 2.928377206943719667e-04 9.961532986510527321e-01 -2.561340132722199601e-06 -1.230102341917941511e-05 -1.122151548673681457e-08 -1.305429704486207834e-05 -4.730513803499598618e-07
1.061281283349706618e-03 -1.522317766073184309e-01 -1.190838451866338965e-01 -1.191262175777147297e-01 -1.514733555088059735e-01 -1.200478992841088055e-01 6.088837005256860779e-01 5.947116808186938552e-01 2.382524351554294595e-01 3.209731238728465012e-04 9.957860766464571300e-01 -2.800375679601944687e-06 -1.474835318193100907e-05 -1.348709952376509973e-08 -1.564569445787223015e-05 -5.670817331564920431e-07
1.111297929307573625e-03 -1.661931279954031448e-01 -1.305363820868820079e-01 -1.305873187270454316e-01 -1.652857443967158668e-01 -1.315767366477074984e-01 6.085774266640806562e-01 5.945046925446630937e-01 2.611746374540908633e-01 3.517994423847861630e-04 9.953842193988603482e-01 -3.060851117375027455e-06 -1.767787188676132979e-05 -1.620947274142705786e-08 -1.874584079023471463e-05 -6.796118751329909565e-07
1.163671787167810771e-03 -1.813580595145103114e-01 -1.430864713429804425e-01 -1.431477028999683931e-01 -1.802729724112842324e-01 -1.442072143045565746e-01 6.082424642587447305e-01 5.942780387008431697e-01 2.862954057999367863e-01 3.855716058313590636e-04 9.949445426968408501e-01 -3.344516136304186472e-06 -2.118309319887501954e-05 -1.948086362769345806e-08 -2.245282846628334281e-05 -8.142212674899991745e-07
1.218513948904825219e-03 -1.978147692829877180e-01 -1.568385269839809582e-01 -1.569121334481170249e-01 -1.965178564692439955e-01 -1.580435117836797576e-01 6.078762164157476278e-01 5.940298833043029525e-01 3.138242668962340498e-01 4.225682154422065657e-04 9.944635872459148818e-01 -3.653227566718588304e-06 -2.537519761115197345e-05 -2.341171639401053447e-08 -2.688310081947054613e-05 -9.751629317084969993e-07
1.275940742096477731e-03 -2.156546540316710558e-01 -1.719067428469665537e-01 -1.719952237238539516e-01 -2.141054570032452364e-01 -1.731994487471438249e-01 6.074758688773373994e-01 5.937582249354215191e-01 3.439904474477079033e-01 4.630936481202500474e-04 9.939375968308367115e-01 -3.988948199487127880e-06 -3.038622017834356149e-05 -2.813454400198272251e-08 -3.217470663067948066e-05 -1.167484192755162148e-06
1.336073976670472266e-03 -2.349716441098702868e-01 -1.884159802618395885e-01 -1.885223370517348784e-01 -2.331222630533238693e-01 -1.897993370895634246e-01 6.070383769645231187e-01 5.934608848319176122e-01 3.770446741034697569e-01 5.074803308934853954e-04 9.933624994946169684e-01 -4.353743276028045466e-06 -3.637276921110284370e-05 -3.380765207863922931e-08 -3.849107763019467293e-05 -1.397167124168356169e-06
1.399041203279543111e-03 -2.558608784078651444e-01 -2.065023629580214071e-01 -2.066302687287603634e-01 -2.536554639258872257e-01 -2.079786000013778002e-01 6.065593931769229785e-01 5.931345960574939680e-01 4.132605374575207269e-01 5.560903149806766020e-04 9.927323959647803564e-01 -4.749726091850412096e-06 -4.352024213104651917e-05 -4.063136591021922504e-08 -4.602431745686409872e-05 -1.671274365196691917e-06
1.464975983853491386e-03 -2.784183184063090954e-01 -2.263149637505508238e-01 -2.264688261561614291e-01 -2.757910316838838582e-01 -2.278852946697506876e-01 6.060354795770170888e-01 5.927768313473605888e-01 4.529376523123228582e-01 6.093195075259482275e-04 9.920426180292208906e-01 -5.179147601542740045e-06 -5.204799146523999095e-05 -4.883428112234027661e-08 -5.500212267275657562e-05 -1.998166977068584414e-06
1.534018174901944764e-03 -3.027393971944607465e-01 -2.480169935823448857e-01 -2.482020484028273355e-01 -2.996119049151986791e-01 -2.496812491361385944e-01 6.054637959317501483e-01 5.923856183837139522e-01 4.964040968056546710e-01 6.676006675808612151e-04 9.912893778376991039e-01 -5.644374877367399628e-06 -6.221506984795368753e-05 -5.868635545760558347e-08 -6.569376327348048063e-05 -2.387724695457947867e-06
1.606314224168764460e-03 -3.289162749735931590e-01 -2.717863534831125305e-01 -2.720088939253801907e-01 -3.251965158112370968e-01 -2.735426472755921878e-01 6.048402049687939819e-01 5.919579036972295594e-01 5.440177878507603815e-01 7.314048182939436246e-04 9.904670807195967708e-01 -6.147783912999958724e-06 -7.432666072318568334e-05 -7.051891776828379225e-08 -7.841458154838594301e-05 -2.851559714447647298e-06
1.682017481267345481e-03 -3.570358979237140407e-01 -2.978172455240309935e-01 -2.980848312701482872e-01 -3.526159528096701190e-01 -2.996615122005827359e-01 6.041602646241696073e-01 5.914903710811654225e-01 5.961696625402965743e-01 8.012452685895171808e-04 9.895696962414609610e-01 -6.691780566354141987e-06 -8.874164698156968738e-05 -8.472797067578758140e-08 -9.353423997020587270e-05 -3.403310403843525204e-06
1.761288522955706693e-03 -3.871771625299685327e-01 -3.263215760669269105e-01 -3.266432898795403328e-01 -3.819308627022848235e-01 -3.282470256073138359e-01 6.034192243628960783e-01 5.909794319829583253e-01 6.532865797590806656e-01 8.776811112071419667e-04 9.885907461452126954e-01 -7.278769439756488809e-06 -1.058810664049502758e-04 -1.017891098451296485e-07 -1.114849283250477521e-04 -4.058955703162727259e-06
1.844295493741322702e-03 -4.194074804401110024e-01 -3.575304541122556468e-01 -3.579172159441824097e-01 -4.131877665360856877e-01 -3.595269309010252212e-01 6.026120059019559605e-01 5.904211981678937349e-01 7.158344318883648194e-01 9.613209347188743413e-04 9.875232695796126725e-01 -7.911113958678982850e-06 -1.262375815787611605e-04 -1.222756162200665837e-07 -1.327704091338441177e-04 -4.837165186071048869e-06
1.931214462538168464e-03 -4.537786089655345134e-01 -3.916958362914229608e-01 -3.921607534782781679e-01 -4.464146994367633736e-01 -3.937490411051904338e-01 6.017332050119691411e-01 5.898114718320128791e-01 7.843215069565563358e-01 1.052826794701492092e-03 9.863598208335392359e-01 -8.591085870221675712e-06 -1.503860186673229159e-04 -1.468675382422911345e-07 -1.579759146434242631e-04 -5.759684387562761386e-06
2.022229796132490615e-03 -4.903218206662687817e-01 -4.290922242035317136e-01 -4.296510457015208506e-01 -4.816161338590246865e-01 -4.311828341702025336e-01 6.007770831199245043e-01 5.891457233247835434e-01 8.593020914030417012e-01 1.152918410176883516e-03 9.850924428214263839e-01 -9.320805649679497700e-06 -1.789948298527734949e-04 -1.763851687890432732e-07 -1.877787461089198897e-04 -6.851754845959560195e-06
2.117534550249481739e-03 -5.290421426797665694e-01 -4.700185268829865648e-01 -4.706901656794074684e-01 -5.187671233666905080e-01 -4.721211546827293604e-01 5.997375688338142385e-01 5.884190736414905976e-01 9.413803313588149368e-01 1.262377610497169818e-03 9.837126586378898141e-01 -1.010216807874193485e-05 -2.128385159309342843e-04 -2.118086622896845060e-07 -2.229594231898700870e-04 -8.142561662584965853e-06
2.217330879050354638e-03 -5.699117840391048073e-01 -5.147999913526044580e-01 -5.156071870843607075e-01 -5.578066318828166503e-01 -5.168820179675598370e-01 5.986082674817828631e-01 5.876262811190622326e-01 1.031214374168721415e+00 1.382053033089504935e-03 9.822114676646407361e-01 -1.093675618276950457e-05 -2.528106883505980523e-04 -2.543227122046402032e-07 -2.644130924706450912e-04 -9.665702802527647582e-06
2.321830463928423009e-03 -6.128624093621181101e-01 -5.637903400747833471e-01 -5.647603727350112290e-01 -5.986300748830841734e-01 -5.658105135756071880e-01 5.973824596572979706e-01 5.867617121303385641e-01 1.129520745470022458e+00 1.512865026557565998e-03 9.805793300284550984e-01 -1.182573313551195068e-05 -2.999376162131132625e-04 -3.053251013663909422e-07 -3.131607052540861321e-04 -1.145966016032200556e-05
2.431254962513716179e-03 -6.577767352105615695e-01 -6.173739010804786265e-01 -6.185395503452416621e-01 -6.410810319785563705e-01 -6.192808407025313100e-01 5.960531502760187950e-01 5.858193553591838354e-01 1.237079100690483324e+00 1.655810880826588498e-03 9.788062098832157609e-01 -1.276972683911376876e-05 -3.553915213155722395e-04 -3.665079563728148429e-07 -3.703595015141211482e-04 -1.356826514667191117e-05
2.545836478838532299e-03 -7.044788240087680453e-01 -6.759679653562556956e-01 -6.773685638945030618e-01 -6.849423715793638845e-01 -6.776984112246463576e-01 5.946130609408697421e-01 5.847927744876573186e-01 1.354737127789006124e+00 1.811970141200457997e-03 9.768815406156188264e-01 -1.376868477414883727e-05 -4.205032177389506445e-04 -4.398778135718928760e-07 -4.373116704058843587e-04 -1.604111277235652442e-05
2.665818055661206901e-03 -7.527238957731766655e-01 -7.400250960282135360e-01 -7.417079395299773781e-01 -7.299267964851475776e-01 -7.415021071844321021e-01 5.930546959545727193e-01 5.836751255208075806e-01 1.483415879059954756e+00 1.982510285677725661e-03 9.747942847288234569e-01 -1.482172186413960079e-05 -4.967728223292112695e-04 -5.278741482979893540e-07 -5.154704090096141238e-04 -1.893390784698433188e-05
2.791454189992391682e-03 -8.021867737316846769e-01 -8.100359333178209775e-01 -8.120576682385369782e-01 -7.756672089148564098e-01 -8.111666835589722568e-01 5.913704093798262118e-01 5.824591693104405055e-01 1.624115336477073956e+00 2.168692606836437279e-03 9.725330096346084252e-01 -1.592693250689526544e-05 -5.858777006459978728e-04 -6.333319181508134651e-07 -6.064417376104557769e-04 -2.230866204952682087e-05
2.923011372917332529e-03 -8.524508673801041159e-01 -8.865313681602550178e-01 -8.889600868465533656e-01 -8.217073646454359226e-01 -8.872051698421047350e-01 5.895524184303773119e-01 5.811372205618353659e-01 1.777920173693106731e+00 2.371878081931763898e-03 9.700858419754967432e-01 -1.708120681136304962e-05 -6.896751658983085991e-04 -7.597312184222467303e-07 -7.119800691078156853e-04 -2.623372210041200804e-05
3.060768654859189614e-03 -9.029961438381171046e-01 -9.700856317286769004e-01 -9.730029992273102613e-01 -8.674931905418261646e-01 -9.701715969531324868e-01 5.875929513521767067e-01 5.797012245510221318e-01 1.946005998454620523e+00 2.593533804566746856e-03 9.674406569711325732e-01 -1.828000991156185766e-05 -8.101988017096348063e-04 -9.111666354321824099e-07 -8.339758958149525283e-04 -3.078349503810438084e-05
3.205018237482395310e-03 -9.531883980945922152e-01 -1.061318789980778998e+00 -1.064822811523512325e+00 -9.123658672061650821e-01 -1.060663688917733882e+00 5.854842960184226675e-01 5.781427258673328407e-01 2.129645623047024650e+00 2.835239222767447533e-03 9.645850817439607372e-01 -1.951716368571460990e-05 -9.496448080636140992e-04 -1.092552308076469850e-06 -9.744322183591719007e-04 -3.603781600642990795e-05
3.356066093491541762e-03 -1.002269711297850696e+00 -1.160899654958339022e+00 -1.165107908184066066e+00 -9.555574112904757778e-01 -1.159325863764367526e+00 5.832189587960729948e-01 5.764529403971777599e-01 2.330215816368132131e+00 3.098692903814122615e-03 9.615066753918857234e-01 -2.078462006375389199e-05 -1.110345764479576209e-03 -1.309746004886806592e-06 -1.135427429396615754e-03 -4.208081921554573176e-05
3.514232615640440482e-03 -1.049351480278878590e+00 -1.269548582488674748e+00 -1.274602050320113200e+00 -9.961903186766493112e-01 -1.266852325868268903e+00 5.807897807914104149e-01 5.746227794285000412e-01 2.549204100640226400e+00 3.385719261727340463e-03 9.581930308334347668e-01 -2.207223834921455627e-05 -1.294727758212100817e-03 -1.569712273617131614e-06 -1.319060864075513768e-03 -4.899918263389041549e-05
3.679853296327875289e-03 -1.093411724647070482e+00 -1.388040060161791045e+00 -1.394107879792912730e+00 -1.033282738342386375e+00 -1.383990349466601266e+00 5.781900766578682571e-01 5.726428926118194429e-01 2.788215759585825460e+00 3.698275488794815821e-03 9.546319029343061091e-01 -2.336758850268357137e-05 -1.505246729647353185e-03 -1.880795546119013631e-06 -1.527377965209092024e-03 -5.687961889396463654e-05
3.853279439221133241e-03 -1.133297785223716492e+00 -1.517205861084518714e+00 -1.524490642207894320e+00 -1.065760921121725602e+00 -1.511544001157048456e+00 5.754138656187051115e-01 5.705038044690156074e-01 3.048981284415788640e+00 4.038459174911501401e-03 9.508114865774813795e-01 -2.465578294803802065e-05 -1.744299770150215456e-03 -2.252833911223571524e-06 -1.762272423545534423e-03 -6.580543830503768842e-05
4.034878904415479563e-03 -1.167737896072770898e+00 -1.657937263113997028e+00 -1.666681925422078381e+00 -1.092481289383056220e+00 -1.650377995059890468e+00 5.724560448491355924e-01 5.681959975958774667e-01 3.333363850844156762e+00 4.408515996096027713e-03 9.467205908931298763e-01 -2.591938818504458802e-05 -2.014106867899941901e-03 -2.697628971891846465e-06 -2.025362629122873757e-03 -7.585212058548155992e-05
4.225036888706235928e-03 -1.195362260034385393e+00 -1.811187413760328324e+00 -1.821683060510536967e+00 -1.112264560094612387e+00 -1.801421590528752059e+00 5.693124741145979550e-01 5.657099207928704132e-01 3.643366121021073933e+00 4.810846946693436883e-03 9.423486749841886168e-01 -2.713840495940829863e-05 -2.316559129718665649e-03 -3.229195689177389309e-06 -2.317841799953021097e-03 -8.708171308661630066e-05
4.424156742617258754e-03 -1.214738310019036538e+00 -1.977974425204897413e+00 -1.990569511999439989e+00 -1.123943052931858144e+00 -1.965673801874127102e+00 5.659803873239508398e-01 5.630363448141973981e-01 3.981139023998879978e+00 5.248018572521610976e-03 9.376864245073949222e-01 -2.829039278451448642e-05 -2.653032605610998029e-03 -3.864063506596619891e-06 -2.640306217423910723e-03 -9.953614477615722585e-05
4.632660825887774218e-03 -1.224422375112670602e+00 -2.159382237970698615e+00 -2.174494252784768378e+00 -1.126424731215484920e+00 -2.144207907021127291e+00 5.624584037622553101e-01 5.601663492867954286e-01 4.348988505569536756e+00 5.722771119706671419e-03 9.327256826812878598e-01 -2.935076370194843697e-05 -3.024167026349256025e-03 -4.622053105880500708e-06 -2.992564768559136546e-03 -1.132295532342772471e-04
4.850991403150352321e-03 -1.223029707897383966e+00 -2.356563231062405617e+00 -2.374691801576796379e+00 -1.118773674655625605e+00 -2.338177258445930828e+00 5.587467879749916655e-01 5.570916045067606515e-01 4.749383603153592759e+00 6.238029539544918262e-03 9.274598187444846875e-01 -3.029326797319311409e-05 -3.429615598789957729e-03 -5.526530574136189868e-06 -3.373445334062548113e-03 -1.281398505952344798e-04
5.079611581493313072e-03 -1.209326801708084931e+00 -2.570739389058186219e+00 -2.592482235004122781e+00 -1.100307503277182075e+00 -2.548821425120769479e+00 5.548476053552344744e-01 5.538046083336639613e-01 5.184964470008245563e+00 6.796915411663319480e-03 9.218839568490289071e-01 -3.109075613205456779e-05 -3.867777980583295312e-03 -6.605184525321411277e-06 -3.780616638361977092e-03 -1.442002360054240879e-04
5.319006291396808847e-03 -1.182346044348115299e+00 -2.803202927184297977e+00 -2.829275067077345884e+00 -1.070709585909416894e+00 -2.777472687318492728e+00 5.507647845813722354e-01 5.502989067494091779e-01 5.658550134154691769e+00 7.402759959805777466e-03 9.159951022040128121e-01 -3.171623477434529535e-05 -4.335537403373056729e-03 -7.890899692480871045e-06 -4.210455594127900623e-03 -1.612915133680326387e-04
5.569683311964954489e-03 -1.141520852406307407e+00 -3.055316546012474266e+00 -3.086572517045664377e+00 -1.030151016898132044e+00 -3.025562426673916949e+00 5.465040112242008918e-01 5.465692380007358686e-01 6.173145034091328753e+00 8.059117134450942757e-03 9.097920506896569615e-01 -3.214422228704285364e-05 -4.828031687589190435e-03 -9.422359630722375190e-06 -4.658000552564958881e-03 -1.792364333236954373e-04
5.832174340050981162e-03 -1.086842614833754217e+00 -3.328513965259420448e+00 -3.365974807779092970e+00 -9.794125616833579961e-01 -3.294629589329103769e+00 5.420728925987168267e-01 5.426120586920734068e-01 6.731949615558185940e+00 8.769784006236311033e-03 9.032758355754065827e-01 -3.235251707216078881e-05 -5.338519172156582296e-03 -1.124552812697151366e-05 -5.117045330215681809e-03 -1.977984134897104677e-04
6.107036100035086700e-03 -1.019022191246623743e+00 -3.624297999907511336e+00 -3.669183289213286070e+00 -9.199944485589977017e-01 -3.586326926389663328e+00 5.374805307955278222e-01 5.384255979420298210e-01 7.338366578426572140e+00 9.538816634898158661e-03 8.964492847120152375e-01 -3.232419867319813645e-05 -5.858382089620398428e-03 -1.341472094172216771e-05 -5.580429684724758262e-03 -2.166862311969586642e-04
6.394851485300676389e-03 -9.396510018647148410e-01 -3.944241181760200554e+00 -3.998005534246903192e+00 -8.541935602779122672e-01 -3.902428850505849756e+00 5.327373311967880110e-01 5.340102706402949373e-01 7.996011068493806384e+00 1.037055341727412261e-02 8.893170823479508158e-01 -3.204991512099648193e-05 -6.377366271630243236e-03 -1.599357360073205459e-05 -6.040596647822108964e-03 -2.355679860832821701e-04
6.696230711512226805e-03 -8.513370653695656598e-01 -4.289977275991784467e+00 -4.354355702212439283e+00 -7.851250552775279612e-01 -4.244832976707805017e+00 5.278539217942712636e-01 5.293683203453299901e-01 8.708711404424878566e+00 1.126962653265431782e-02 8.818844741346733018e-01 -3.153028788861178522e-05 -6.884137812346575666e-03 -1.905753661630935498e-05 -6.490468950255787357e-03 -2.540971416204494747e-04
7.011812441777937228e-03 -7.577904370642953857e-01 -4.663204195699665711e+00 -4.740265060790697760e+00 -7.166571879306394832e-01 -4.615569869915181478e+00 5.228413248927537005e-01 5.245048133654519606e-01 9.480530121581395520e+00 1.224100007875856405e-02 8.741581788489797278e-01 -3.077825802383235093e-05 -7.367272695648033332e-03 -2.269564339954355164e-05 -6.924686172768678045e-03 -2.719534953462444536e-04
7.342264808714584270e-03 -6.638184660571874174e-01 -5.065673125704154067e+00 -5.157878796621358397e+00 -6.532332017224109499e-01 -5.016796646518901781e+00 5.177092046332333330e-01 5.194267512949438670e-01 1.031575759324271679e+01 1.328997221017765885e-02 8.661441936936863373e-01 -2.982095220146973075e-05 -7.816723245077329338e-03 -2.701220732866610143e-05 -7.341174977998740810e-03 -2.888997035333479117e-04
7.688286199587547783e-03 -5.751950617315325642e-01 -5.499181839874661470e+00 -5.609463550649361530e+00 -5.995508555311593879e-01 -5.450796274871719582e+00 5.124653624348955994e-01 5.141434185282663938e-01 1.121892710129872306e+01 1.442220054894929014e-02 8.578477678122525818e-01 -2.870087347600371833e-05 -8.225845377046956883e-03 -3.213067024533853118e-05 -7.742965359430170613e-03 -3.048541989745445421e-04
8.050605576100544614e-03 -4.983582119297100821e-01 -5.965569383790021440e+00 -6.097408780270181516e+00 -5.600876962861303099e-01 -5.919967362790576892e+00 5.071146328149742644e-01 5.086659989374285873e-01 1.219481756054036303e+01 1.564370869114267357e-02 8.492723786438965972e-01 -2.747575176829769223e-05 -8.593905392123438527e-03 -3.819459581292512074e-05 -8.140032428717703869e-03 -3.199745875398390428e-04
8.429981954862442173e-03 -4.398996254723078758e-01 -6.466686500021016748e+00 -6.624221885420298328e+00 -5.384799865588177914e-01 -6.426800041813975461e+00 5.016573324720735583e-01 5.030065022773727579e-01 1.324844377084059666e+01 1.696086485304940106e-02 8.404179351449567736e-01 -2.621674080283276092e-05 -8.928904256806683218e-03 -4.537482522602417548e-05 -8.550796937564629496e-03 -3.347436859645317353e-04
8.827202460702125025e-03 -4.058334881446937215e-01 -7.004390868256954228e+00 -7.192529889378157293e+00 -5.368020534192944337e-01 -6.973856133267243962e+00 4.960890613165994667e-01 4.971776239325388369e-01 1.438505977875631459e+01 1.838037172944426145e-02 8.312810371508302376e-01 -2.500433775159391819e-05 -9.250349503747649221e-03 -5.386987903366016766e-05 -9.002773432287307018e-03 -3.500403505396299051e-04
9.243078066174380270e-03 -4.006581560251412100e-01 -7.580515754008994911e+00 -7.805067737049809828e+00 -5.548390363551423121e-01 -7.563730824917927364e+00 4.903999885804674608e-01 4.911915303556217971e-01 1.561013547409961966e+01 1.990920697988224006e-02 8.218541106458016055e-01 -2.392187830429292231e-05 -9.591356952131192132e-03 -6.391094860890417218e-05 -9.531705170398118918e-03 -3.671731239971913019e-04
9.678435736652309454e-03 -4.262827374093702826e-01 -8.196802455435372892e+00 -8.464642131221248533e+00 -5.895007692883097450e-01 -8.198988218859948773e+00 4.845738151341086319e-01 4.850576171208381138e-01 1.692928426244249707e+01 2.155448544644157638e-02 8.121235930036689865e-01 -2.304657492651509642e-05 -9.999192784394395420e-03 -7.577052655460056864e-05 -1.017850172950417187e-02 -3.878466117323176466e-04
1.013410521806799858e-02 -4.809763531205119014e-01 -8.854897485711697769e+00 -9.174133720178163642e+00 -6.345919805659127055e-01 -8.882142599007854855e+00 4.785910070197764710e-01 4.787837364586624012e-01 1.834826744035632728e+01 2.332341487976419617e-02 8.020746684262584081e-01 -2.243873389941883093e-05 -1.053328084453312649e-02 -8.976189499635607604e-05 -1.098355814076921837e-02 -4.140309260045037807e-04
1.061089817424230169e-02 -5.585577973502259264e-01 -9.556217532695544747e+00 -9.936405276824350707e+00 -6.811426844612483711e-01 -9.615553106655747584e+00 4.724279126711086740e-01 4.723725697705437598e-01 1.987281055364870141e+01 2.522299526450958590e-02 7.916885521837502271e-01 -2.213026558422979601e-05 -1.125942250041818415e-02 -1.062508742311380779e-04 -1.197836085276115722e-02 -4.477084783481531378e-04
1.110957690287213417e-02 -6.481551940217781249e-01 -1.030189961629449513e+01 -1.075423521093321888e+01 -7.185161580804400039e-01 -1.040137043430280528e+01 4.660606737769802388e-01 4.658222295609658614e-01 2.150847042186643776e+01 2.725980172303436519e-02 7.809470953655790471e-01 -2.211466456070360187e-05 -1.223967645475210024e-02 -1.256488029317438121e-04 -1.317543367900757614e-02 -4.904975656265972124e-04
1.163080962708197205e-02 -7.348718015750658195e-01 -1.109262419495120788e+01 -1.163020450508036419e+01 -7.363479285830840659e-01 -1.124145084929896221e+01 4.594683926863046275e-01 4.591259899339427131e-01 2.326040901016072837e+01 2.943964076594511939e-02 7.698357573936942533e-01 -2.234129433830617814e-05 -1.351792314437302509e-02 -1.484301831102901551e-04 -1.455879927671675268e-02 -5.431929074103685915e-04
1.217510969490752208e-02 -8.016559774357178147e-01 -1.192848050239934743e+01 -1.256652632842204653e+01 -7.271341052341337985e-01 -1.213725686758744615e+01 4.526368105296446065e-01 4.522730472364351884e-01 2.513305265684409306e+01 3.176711827747918243e-02 7.583471274735852363e-01 -2.271681489547711021e-05 -1.510298753496156637e-02 -1.751199632446191876e-04 -1.607855996788110781e-02 -6.053109461690385886e-04
1.274275738458648284e-02 -8.324423401618725737e-01 -1.280875702738787858e+01 -1.356484701720075492e+01 -6.889348559575905195e-01 -1.308974558740172967e+01 4.455622309317561203e-01 4.452508715213369661e-01 2.712969403440150984e+01 3.424516564722851486e-02 7.464851981850302298e-01 -2.311650247630729399e-05 -1.695331127030359417e-02 -2.062953601889255090e-04 -1.765408178519138616e-02 -6.748021635160209898e-04
1.333370594892830004e-02 -8.162232976147536512e-01 -1.373173321115917034e+01 -1.462599913513244587e+01 -6.272807464484729811e-01 -1.409922404411439878e+01 4.382544274931938766e-01 4.380487152186102739e-01 2.925199827026489174e+01 3.687450805402289061e-02 7.342687526687579069e-01 -2.340598566608517966e-05 -1.896951241407846683e-02 -2.425731535238070534e-04 -1.918941517568233113e-02 -7.481200209721695438e-04
1.394747843477846076e-02 -7.511419786544097921e-01 -1.469447391683120152e+01 -1.574971267910155071e+01 -5.551851978506724405e-01 -1.516514913016019328e+01 4.307374495777444023e-01 4.306617080390174324e-01 3.149942535820310141e+01 3.965308439266448243e-02 7.217326511972862457e-01 -2.347070867895138566e-05 -2.100215527890400904e-02 -2.845865795958590211e-04 -2.060115340194662928e-02 -8.208103099239527634e-04
1.458306849137505287e-02 -6.471477071100395495e-01 -1.569264342121345734e+01 -1.693435754994641584e+01 -4.904283473225028445e-01 -1.628590095738828936e+01 4.230487479971336007e-01 4.230958054382423783e-01 3.386871509989283169e+01 4.257555918970883091e-02 7.089280652685842066e-01 -2.324643073981277948e-05 -2.288010999060156522e-02 -3.329651454038131840e-04 -2.185266873988070402e-02 -8.886485242747870156e-04
1.523886543826660257e-02 -5.256005379950183798e-01 -1.672043202485626878e+01 -1.817670540078844610e+01 -4.501952199334812721e-01 -1.745850807623819634e+01 4.152351918885934801e-01 4.153710113122239811e-01 3.635341080157689220e+01 4.563288701442968359e-02 6.959190597987153781e-01 -2.274037831010270559e-05 -2.445812452832867717e-02 -3.882922700596126275e-04 -2.298119574116072941e-02 -9.490862078816048606e-04
1.591262829791656799e-02 -4.148122211205766963e-01 -1.777063302167850978e+01 -1.947183412223112597e+01 -4.445736532645409023e-01 -1.867843206044328852e+01 4.073481676193057566e-01 4.075230239090283924e-01 3.894366824446225195e+01 4.881216605061665381e-02 6.827784449430834846e-01 -2.203312385486701650e-05 -2.567179577477867944e-02 -4.510630054240285505e-04 -2.410076027179872474e-02 -1.002493883552587998e-03
1.660153125794483833e-02 -3.420387153525685786e-01 -1.883484685079904253e+01 -2.081317418005434661e+01 -4.716777390161464578e-01 -1.993944756990020650e+01 3.994376556437538306e-01 3.996008519541591197e-01 4.162634836010869321e+01 5.209674059649414130e-02 6.695814529106283164e-01 -2.125627086733074982e-05 -2.657784702807695562e-02 -5.216358835709831998e-04 -2.536941771668623294e-02 -1.052542327797746473e-03
1.730229114780277785e-02 -3.243940426725788750e-01 -1.990388660203579718e+01 -2.219279171688781815e+01 -5.172279124969152431e-01 -2.123378027119062139e+01 3.915484384465043877e-01 3.916620003979279785e-01 4.438558343377563631e+01 5.546680322742558733e-02 6.564012641056801156e-01 -2.055138426201341039e-05 -2.735595821557165741e-02 -6.002397675994047442e-04 -2.692612222648120904e-02 -1.105292679096381682e-03
1.801136722437640669e-02 -3.623805730437443806e-01 -2.096841815474192217e+01 -2.360184654816182714e+01 -5.596689087629328485e-01 -2.255253018235305618e+01 3.837185927063918034e-01 3.837656007798592728e-01 4.720369309632365429e+01 5.890040840252694365e-02 6.433058954856276657e-01 -2.002453407264211897e-05 -2.826033837618538089e-02 -6.868731862827428744e-04 -2.882295304431800598e-02 -1.167101532559361877e-03
1.872520184969160562e-02 -4.392091574252957042e-01 -2.201945782256680673e+01 -2.503116618728462939e+01 -5.789716159630738934e-01 -2.388630692343146578e+01 3.759796597490549508e-01 3.759649965930164095e-01 5.006233237456925877e+01 6.237475510773842630e-02 6.303560199056102986e-01 -1.971565998706025939e-05 -2.953293467267508257e-02 -7.813924675083754393e-04 -3.098842190228961319e-02 -1.242183012195412000e-03
1.944045754254001418e-02 -5.265842633725501543e-01 -2.304901307561359403e+01 -2.647184955429766617e+01 -5.649844589623257418e-01 -2.522601261139844553e+01 3.683587442957970692e-01 3.683030830341756379e-01 5.294369910859533235e+01 6.586766326220359902e-02 6.176051031152235415e-01 -1.959377021406219686e-05 -3.131229548866071993e-02 -8.834480700366716685e-04 -3.324606102446540229e-02 -1.330884184237850730e-03
2.015420813062258204e-02 -5.946309490618596483e-01 -2.405014332635509078e+01 -2.791572864076673000e+01 -5.212505935545803659e-01 -2.656343819024743880e+01 3.608788346466893504e-01 3.608090880417007540e-01 5.583145728153345999e+01 6.935868989564027143e-02 6.050973648071759081e-01 -1.957835939487059519e-05 -3.357804029815198571e-02 -9.926787024869437089e-04 -3.538324010290214844e-02 -1.429530295434348029e-03
2.086405785933127463e-02 -6.218086653746812686e-01 -2.501769274553181077e+01 -2.935581405205124739e+01 -4.626810169511583193e-01 -2.789187706532378286e+01 3.535616825048703560e-01 3.535017993427267968e-01 5.871162810410249477e+01 7.283044381265590950e-02 5.928711612623435157e-01 -1.957367036158139394e-05 -3.615487233761952718e-02 -1.108503494166748803e-03 -3.723781289680090645e-02 -1.531777884316975775e-03
2.156818385056305173e-02 -6.010355809691426687e-01 -2.594813390150382659e+01 -3.078643580138643898e+01 -4.086497462895822275e-01 -2.920624068795481776e+01 3.464262583885834856e-01 3.463912258156735535e-01 6.157287160277287796e+01 7.626899937881205516e-02 5.809568309475358072e-01 -1.950196677860000107e-05 -3.877311886143945674e-02 -1.230286163898404754e-03 -3.876074299800646300e-02 -1.630897103764117383e-03
2.226531484282581741e-02 -5.402619242903111685e-01 -2.683890581548531529e+01 -3.220317566867188930e+01 -3.750597682643598829e-01 -3.050282381613166649e+01 3.394859168223799406e-01 3.394799736590641825e-01 6.440635133734377860e+01 7.966363982747447225e-02 5.693733894773754800e-01 -1.932330998869776409e-05 -4.115816204466465206e-02 -1.357519712560751896e-03 -4.002807390634367801e-02 -1.721930186075390327e-03
2.295466773947212394e-02 -4.582061627141717497e-01 -2.768903806486348174e+01 -3.360287577706532858e+01 -3.688106919060692990e-01 -3.177927211923484307e+01 3.327500883195934622e-01 3.327684777904096891e-01 6.720575155413065715e+01 8.300707239407460747e-02 5.581326746193950861e-01 -1.903828242623398004e-05 -4.311524846115518533e-02 -1.489565912183570418e-03 -4.120222487874140166e-02 -1.802927341319151937e-03
2.363586363924629827e-02 -3.774471481573208886e-01 -2.849860411491478729e+01 -3.498348173496609093e+01 -3.864315771187757931e-01 -3.303424201712298469e+01 3.262232182582128215e-01 3.262559198708171460e-01 6.996696346993218185e+01 8.629489924381097965e-02 5.472389246483543301e-01 -1.867822653584737553e-05 -4.458060277698082385e-02 -1.625825123616950457e-03 -4.246351817482401508e-02 -1.875068638929051510e-03
2.430884018748875885e-02 -3.175103032569568384e-01 -2.926767066113116655e+01 -3.634360941979247883e+01 -4.166487681022270628e-01 -3.426680216442701266e+01 3.199020270059617643e-01 3.199378186437405458e-01 7.268721883958495766e+01 8.952427336416264592e-02 5.366849181654889112e-01 -1.828906890891137042e-05 -4.562754573564882510e-02 -1.765909098681098200e-03 -4.394196428041670377e-02 -1.941810342759841537e-03
2.497377084145009293e-02 -2.899400912731139868e-01 -2.999828661993351275e+01 -3.768284191224801560e+01 -4.452688405568366314e-01 -3.547694864751138510e+01 3.137836014699197373e-01 3.138132629590411060e-01 7.536568382449603121e+01 9.269508695939047971e-02 5.264652014395930779e-01 -1.791489033777908331e-05 -4.643342899322690231e-02 -1.909087689968602284e-03 -4.567568295851578281e-02 -2.007467950015989679e-03
2.563099622301031472e-02 -2.963770398275293316e-01 -3.069154096096152173e+01 -3.900103027313060267e+01 -4.602534222405629261e-01 -3.666461519730381013e+01 3.078584398697814528e-01 3.078765175584231018e-01 7.800206054626120533e+01 9.580750204611850063e-02 5.165646149853807545e-01 -1.758747302939853838e-05 -4.722042735232270111e-02 -2.055044752350267817e-03 -4.760418799802525192e-02 -2.075940315453756076e-03
2.628096895868913679e-02 -3.295052028771491837e-01 -3.134963335795641726e+01 -4.029852174647864871e+01 -4.553329538184970326e-01 -3.783022651145122950e+01 3.021177007985410556e-01 3.021228452598662684e-01 8.059704349295729742e+01 9.886303751011113472e-02 5.069695144301570311e-01 -1.732070862398659060e-05 -4.819238117512950753e-02 -2.203237514757210632e-03 -4.959697421142127832e-02 -2.149665313452935305e-03
2.692421121969503645e-02 -3.761401667329473120e-01 -3.197451363616620412e+01 -4.157586999331567057e+01 -4.312521266568359324e-01 -3.897432114564072236e+01 2.965512556968300517e-01 2.965454772020529317e-01 8.315173998663134114e+01 1.018635316753087744e-01 4.976642754865720497e-01 -1.711182559109083198e-05 -4.948319542661243353e-02 -2.353293027898711344e-03 -5.150102370084281428e-02 -2.229258443902757021e-03
2.756128316235222087e-02 -4.212796313145031890e-01 -3.256848407362311093e+01 -4.283387290816893511e+01 -3.946925548685364937e-01 -4.009772716455080399e+01 2.911501227177720197e-01 2.911374687999530586e-01 8.566774581633787022e+01 1.048114128754716740e-01 4.886348945791874065e-01 -1.694579733786948398e-05 -5.112903293972832081e-02 -2.504776068905621017e-03 -5.319135643683334941e-02 -2.313619435273578731e-03
2.819276019006849293e-02 -4.520059737497316155e-01 -3.313387096571306500e+01 -4.407343863484696556e+01 -3.555624921225242763e-01 -4.120143668754273136e+01 2.859060396399563109e-01 2.858911657068494150e-01 8.814687726969393111e+01 1.077093342821063560e-01 4.798681463817209836e-01 -1.680172985078431870e-05 -5.306755986352945653e-02 -2.657295816825816677e-03 -5.460799056167470883e-02 -2.400473930433548540e-03
2.881921707019735601e-02 -4.603384947505729241e-01 -3.367300343250889227e+01 -4.529545129868694175e+01 -3.236943664328558179e-01 -4.228650237092106323e+01 2.808111514581290158e-01 2.807981371319959174e-01 9.059090259737388351e+01 1.105598860862171962e-01 4.713510091209458519e-01 -1.665879395642302536e-05 -5.516126671365703671e-02 -2.810431093404234387e-03 -5.577008465544140009e-02 -2.487073165338514816e-03
2.944121722033312197e-02 -4.445564550625501488e-01 -3.418816465510476377e+01 -4.650099677553849631e+01 -3.059743166201610576e-01 -4.335420556814587201e+01 2.758593885363366249e-01 2.758509884170051718e-01 9.300199355107699262e+01 1.133661136840778683e-01 4.630731223530692442e-01 -1.650093986656007877e-05 -5.723707839689444465e-02 -2.963864896564003242e-03 -5.676587036614934301e-02 -2.570921334736605505e-03
3.005930580210029041e-02 -4.089180951396242381e-01 -3.468206550378322817e+01 -4.769107210047972245e+01 -3.046448250164610627e-01 -4.440586496611573608e+01 2.710452122179112799e-01 2.710425786989301700e-01 9.538214420095944490e+01 1.161310094427434186e-01 4.550246978184059321e-01 -1.631893482906778188e-05 -5.913064411213285465e-02 -3.117079961100192951e-03 -5.772269348006667938e-02 -2.650246685696449906e-03
3.067400556355730917e-02 -3.620436152769745952e-01 -3.515669817029245792e+01 -4.886670060364934187e+01 -3.170977096771396275e-01 -4.544273117466740786e+01 2.663630800615136018e-01 2.663658892027161995e-01 9.773340120729868374e+01 1.188574495621142757e-01 4.471959932160906592e-01 -1.611115474982134421e-05 -6.072512647946890635e-02 -3.269839434916803605e-03 -5.876808728157575934e-02 -2.724339811751565373e-03
3.128581462882724235e-02 -3.144918749310122164e-01 -3.561446825022890295e+01 -5.002887567653140621e+01 -3.370452959869514320e-01 -4.646608339026092693e+01 2.618081057252394372e-01 2.618149517304038110e-01 1.000577513530628124e+02 1.215483841668252574e-01 4.395783430629628952e-01 -1.588197425071850006e-05 -6.197670247377419506e-02 -3.421740803243682010e-03 -5.999331457039934479e-02 -2.793505829335076254e-03
3.189520564034947075e-02 -2.761586784005816142e-01 -3.605787347420967848e+01 -5.117857889606683841e+01 -3.565925809308814198e-01 -4.747717681396876088e+01 2.573757258084188870e-01 2.573846354005986936e-01 1.023571577921336768e+02 1.242067772549024646e-01 4.321637444189929123e-01 -1.563969139157527868e-05 -6.292113613065022926e-02 -3.572325119443303665e-03 -6.142935700814188688e-02 -2.858873903355670272e-03
3.250262581934042910e-02 -2.540588130327849914e-01 -3.648981573320743621e+01 -5.231697611983706508e+01 -3.685652365346114845e-01 -4.847744014535850710e+01 2.530627153292703269e-01 2.530716518233641077e-01 1.046339522396741302e+02 1.268361448693020588e-01 4.249466054714424179e-01 -1.539417632083820475e-05 -6.366218853361843566e-02 -3.721113788757556516e-03 -6.304137387267645665e-02 -2.922077264819517798e-03
3.310849763116675143e-02 -2.509644148539680875e-01 -3.691192636904515467e+01 -5.344488131964769906e+01 -3.684324604927593505e-01 -4.946778323792253929e+01 2.488634910220662577e-01 2.488707652990233554e-01 1.068897626392953981e+02 1.294388366953248548e-01 4.179176594215516238e-01 -1.515471995590880664e-05 -6.434382962548219898e-02 -3.867918122418838658e-03 -6.474089637036183065e-02 -2.984882996586806902e-03
3.371321983233941527e-02 -2.650879085399603374e-01 -3.732708189591032522e+01 -5.456331940231065403e+01 -3.553806870763299708e-01 -5.044944262163815552e+01 2.447746403693017436e-01 2.447791659553183174e-01 1.091266388046213081e+02 1.320180326708361440e-01 4.110712786427410670e-01 -1.492811279997955867e-05 -6.511655834496671291e-02 -4.012194161381345964e-03 -6.641356075762479272e-02 -3.048783277446299664e-03
3.431716874187477201e-02 -2.908226557286121561e-01 -3.773745818702102639e+01 -5.567320022240642174e+01 -3.322849883597752130e-01 -5.142343384545146989e+01 2.407920060794240258e-01 2.407933799450081847e-01 1.113464004448128435e+02 1.345764395233302047e-01 4.044007435623293567e-01 -1.471811792184071901e-05 -6.610193972644069771e-02 -4.153613794895497958e-03 -6.795230768441025415e-02 -3.114803526977356473e-03
3.492069962774427272e-02 -3.202599562819096191e-01 -3.814566965272818067e+01 -5.677552772444803963e+01 -3.046734350496062560e-01 -5.239090673502958140e+01 2.369124293022413508e-01 2.369108978941781851e-01 1.135510554488960793e+02 1.371170940952104456e-01 3.979010011823441717e-01 -1.452516437017514058e-05 -6.736594174890646325e-02 -4.291740997241721978e-03 -6.928851908932918968e-02 -3.183335976596273712e-03
3.552414813370206176e-02 -3.451458081657443056e-01 -3.855401954242735485e+01 -5.787113237418145673e+01 -2.790322966069607169e-01 -5.335282605510217735e+01 2.331322053668813121e-01 2.331285214905617353e-01 1.157422647483629135e+02 1.396425405882856241e-01 3.915660818968184631e-01 -1.434672223403996490e-05 -6.890524234557861283e-02 -4.426175883470950118e-03 -7.040937019461761259e-02 -3.254113274507633522e-03
3.612783169650268800e-02 -3.587645602869464767e-01 -3.896537716195394552e+01 -5.896110461934461000e+01 -2.609781520836507718e-01 -5.431046943981284159e+01 2.294492878837404437e-01 2.294444976313284035e-01 1.179222092386892200e+02 1.421560671086934124e-01 3.853927200940080455e-01 -1.417818036575856361e-05 -7.065065703440878697e-02 -4.556457207070816959e-03 -7.136140330231592610e-02 -3.326312648256748300e-03
3.673205092107258152e-02 -3.574029794072993704e-01 -3.938175208646675429e+01 -6.004615736530457326e+01 -2.537366962771830936e-01 -5.526469695878930111e+01 2.258600534808331006e-01 2.258552733723559192e-01 1.200923147306091465e+02 1.446598560082008877e-01 3.793749844246397385e-01 -1.401382668445920727e-05 -7.248413728454268512e-02 -4.682238519732307563e-03 -7.223577288440524713e-02 -3.398719926724120752e-03
3.733709089355886218e-02 -3.410022318346818682e-01 -3.980587822684705657e+01 -6.112722517683371848e+01 -2.573967440732930489e-01 -5.621668343597627882e+01 2.223624516780580151e-01 2.223586681391584996e-01 1.222544503536674370e+02 1.471567996630557817e-01 3.735094593858624967e-01 -1.384787612034566630e-05 -7.426853648359203752e-02 -4.803039663080998362e-03 -7.314266032411595453e-02 -3.469948155581009490e-03
3.794322242079910257e-02 -3.130401285017210822e-01 -4.023986462328876712e+01 -6.220515481539700176e+01 -2.690112064953074644e-01 -5.716746168346089263e+01 2.189540311076675905e-01 2.189519433969039364e-01 1.244103096307940035e+02 1.496494167041103052e-01 3.677920448664434572e-01 -1.367551663064475910e-05 -7.587958228067483157e-02 -4.918559676436232847e-03 -7.417971948421792083e-02 -3.538702262204945163e-03
3.855070319069515972e-02 -2.795023107887454894e-01 -4.068720089644028803e+01 -6.328109069318261248e+01 -2.836073805127447001e-01 -5.811853459366317765e+01 2.156342656880192166e-01 2.156341937182987833e-01 1.265621813863652250e+02 1.521413239761415792e-01 3.622217385678306867e-01 -1.349345028138133510e-05 -7.723620708040322691e-02 -5.028192258081699145e-03 -7.540517457611314867e-02 -3.603960172199520938e-03
3.915977885199894981e-02 -2.474794334873007262e-01 -4.114930265821892874e+01 -6.435552997560235156e+01 -2.956101336984005012e-01 -5.907057477019831992e+01 2.123996127190055094e-01 2.124014710084316249e-01 1.287110599512047031e+02 1.546340351748677899e-01 3.567925266733443235e-01 -1.330051237319162072e-05 -7.831675014519574873e-02 -5.131702716496137733e-03 -7.682141978625255108e-02 -3.665191311477389389e-03
3.977068401468444869e-02 -2.233608262499187924e-01 -4.162947574605277623e+01 -6.542970127273432013e+01 -3.005382754566330306e-01 -6.002514122501842309e+01 2.092499179360729211e-01 2.092532608739488542e-01 1.308594025454686403e+02 1.571313302803646339e-01 3.515040351783794148e-01 -1.309776588567574171e-05 -7.916776485696368215e-02 -5.228597794546373766e-03 -7.837621009568003505e-02 -3.722470642423295409e-03
4.038364317378580204e-02 -2.114167089597606686e-01 -4.212982532591120588e+01 -6.650424216980313474e+01 -2.961827891605527951e-01 -6.098311980119328979e+01 2.061826595924248495e-01 2.061867846523728620e-01 1.330084843396062695e+02 1.596352855473452403e-01 3.463519615513769856e-01 -1.288819350549615819e-05 -7.988883876337514456e-02 -5.318495439460850863e-03 -7.997830910572570340e-02 -3.776462079811762629e-03
4.099887156061474136e-02 -2.129938645009365472e-01 -4.265317636230720666e+01 -6.758019368618049327e+01 -2.830879997335604692e-01 -6.194581983153923943e+01 2.031969021311250956e-01 2.032009895899106189e-01 1.351603873723609865e+02 1.621490890526306183e-01 3.413346589741638737e-01 -1.267623515303287992e-05 -8.060914069139600568e-02 -5.400991630194157227e-03 -8.152623906628024553e-02 -3.828342251504765568e-03
4.161657592583663245e-02 -2.259404566634836131e-01 -4.320151087369948328e+01 -6.865823336661154030e+01 -2.645167288956266072e-01 -6.291410057966258762e+01 2.002901962767015820e-01 2.002934781841190226e-01 1.373164667332230806e+02 1.646749447431092861e-01 3.364481350281113836e-01 -1.246699718205949090e-05 -8.146042846806675342e-02 -5.475775279507245907e-03 -8.293651832976373095e-02 -3.879641618675400486e-03
4.223695525913008508e-02 -2.457587383775980128e-01 -4.377754542323768305e+01 -6.973934865922133497e+01 -2.450310482103349174e-01 -6.388916165054492780e+01 1.974613503243989876e-01 1.974632524361551733e-01 1.394786973184426699e+02 1.672158846838675550e-01 3.316904271025915563e-01 -1.226511710439507977e-05 -8.253696005963866156e-02 -5.542459053434455225e-03 -8.417259210960614801e-02 -3.931844642145123844e-03
4.286020145018560462e-02 -2.665214393154927142e-01 -4.438364989101806657e+01 -7.082436336067372906e+01 -2.292952732505857683e-01 -6.487199310877650760e+01 1.947085171683150817e-01 1.947087687565251246e-01 1.416487267213474581e+02 1.697745042560702966e-01 3.270585803305345318e-01 -1.207394119187472812e-05 -8.388004469835401433e-02 -5.600697498735368943e-03 -8.525186120347501284e-02 -3.986142613741995404e-03
4.348649989568763308e-02 -2.820582444626680285e-01 -4.502187352717317737e+01 -7.191400788499367991e+01 -2.208866046653174264e-01 -6.586344293305717201e+01 1.920294129512649384e-01 1.920281044982525276e-01 1.438280157699873598e+02 1.723531754577060648e-01 3.225490700642476560e-01 -1.189496354451525981e-05 -8.547236217898226962e-02 -5.650207206301096838e-03 -8.624116989557673030e-02 -4.043217454654518886e-03
4.411603005672479899e-02 -2.887228562001057930e-01 -4.569497587417561846e+01 -7.300950290366810691e+01 -2.203375978052904971e-01 -6.686487126757752719e+01 1.894235430156502309e-01 1.894210726676449075e-01 1.460190058073362138e+02 1.749552827828928236e-01 3.181610038952010222e-01 -1.172677286007869732e-05 -8.722055597876551825e-02 -5.690724535906984023e-03 -8.723863745472257292e-02 -4.102674490261067584e-03
4.474896597082059224e-02 -2.845644143878379162e-01 -4.640462164112691568e+01 -7.411113358285794561e+01 -2.264636884514200643e-01 -6.787671249634524884e+01 1.868875369496976191e-01 1.868845326280743069e-01 1.482222671657158912e+02 1.775820659492526599e-01 3.138890108907059773e-01 -1.156627520693643533e-05 -8.902009359056767268e-02 -5.721820041418912428e-03 -8.833368998026404351e-02 -4.163600707308550211e-03
4.538547672249748643e-02 -2.705551850566335070e-01 -4.715313830545867546e+01 -7.522022765494875784e+01 -2.359863449912097122e-01 -6.890037978454417100e+01 1.844209428423396468e-01 1.844181174426424707e-01 1.504404553098975157e+02 1.802372465771092669e-01 3.097325149805704170e-01 -1.140902923263220814e-05 -9.075348921841477901e-02 -5.743603872487897805e-03 -8.959101111704856346e-02 -4.224483397684479329e-03
4.602572687599868623e-02 -2.541709886582339539e-01 -4.794314524189061189e+01 -7.633732936509409228e+01 -2.414243289389182423e-01 -6.993674017479483496e+01 1.820229482575464741e-01 1.820208209412400580e-01 1.526746587301881846e+02 1.829213139327004745e-01 3.056884349771718523e-01 -1.124570550882225960e-05 -9.222688823217889409e-02 -5.755273639907506310e-03 -9.101974822515675190e-02 -4.281419357245415391e-03
4.666987687350385161e-02 -2.334983612183735013e-01 -4.877380522963525067e+01 -7.746295133794484400e+01 -2.467867174135268682e-01 -7.098610320193709811e+01 1.796879222567139001e-01 1.796869100542884956e-01 1.549259026758896880e+02 1.856383617366339223e-01 3.017510615493332882e-01 -1.108165631814141837e-05 -9.365993552451500059e-02 -5.757737576709716192e-03 -9.255327739047276847e-02 -4.337442655952021379e-03
4.731808340189738726e-02 -2.140970758787233696e-01 -4.965043116760263331e+01 -7.859859054806905476e+01 -2.468620910388595047e-01 -7.205052801528439943e+01 1.774183186027023240e-01 1.774186082908107143e-01 1.571971810961381095e+02 1.883915958357213483e-01 2.979224593328967385e-01 -1.090973677772891147e-05 -9.490885718063973853e-02 -5.749747422200496283e-03 -9.417762168572003934e-02 -4.389205295702385511e-03
4.797049973088356872e-02 -1.997940512966382143e-01 -5.057204062573051573e+01 -7.974427714597619854e+01 -2.410436748831956411e-01 -7.312995101813395138e+01 1.752100637856185417e-01 1.752115341950897243e-01 1.594885542919523971e+02 1.911808970267651620e-01 2.941959289500473695e-01 -1.072969868730557725e-05 -9.601245845098248244e-02 -5.731906213137384631e-03 -9.581534119450905995e-02 -4.436319847751081340e-03
4.862727602499446883e-02 -1.832891931307546463e-01 -5.154115398173954077e+01 -8.090132592061385708e+01 -2.441950149492923550e-01 -7.422588473745578597e+01 1.730583704438491410e-01 1.730606987716058476e-01 1.618026518412277142e+02 1.940162958531484183e-01 2.905701493955797354e-01 -1.056499082669192939e-05 -9.757319306615762355e-02 -5.704032735433539961e-03 -9.739919259430471210e-02 -4.490089343351429813e-03
4.928855963180707456e-02 -1.749964394956873281e-01 -5.255819819335903276e+01 -8.207006124799309532e+01 -2.292095733726812190e-01 -7.533853806828217614e+01 1.709696691616892916e-01 1.709729221005191757e-01 1.641401224959861906e+02 1.968852460724044018e-01 2.870419869524865608e-01 -1.037370986338906529e-05 -9.843813167800218034e-02 -5.666197584581092288e-03 -9.906210987387961686e-02 -4.528829872817544643e-03
4.995449534847309914e-02 -1.789755749039286803e-01 -5.362425825519933653e+01 -8.325102244845326993e+01 -2.113060327603497324e-01 -7.646874931315251445e+01 1.689375012912537888e-01 1.689408310155953996e-01 1.665020448969065399e+02 1.997967044288855853e-01 2.836079466829350415e-01 -1.017627046801865538e-05 -9.933315106138855544e-02 -5.618431950453368906e-03 -1.005413774319270509e-01 -4.563901141732121247e-03
5.062522566847084404e-02 -1.932050104362819376e-01 -5.473932545498228563e+01 -8.444478881959578587e+01 -1.956038387293614067e-01 -7.761701938666615774e+01 1.669596266133034634e-01 1.669621745041366401e-01 1.688895776391915717e+02 2.027517687983829420e-01 2.802642098769096424e-01 -9.983110702264320273e-06 -1.004096275014539352e-01 -5.561089657951025222e-03 -1.018250920895164141e-01 -4.598579837084714253e-03
5.130089101031058002e-02 -2.122766756581561942e-01 -5.590539247062974937e+01 -8.565256983154712600e+01 -2.119241831190149250e-01 -7.878489990327777548e+01 1.650270113805317185e-01 1.650270113805317185e-01 1.713051396630942520e+02 2.057670515129450262e-01 2.770086057169603433e-01 -9.846541722131135971e-06 -1.028840955575927030e-01 -5.494245760190137433e-03 -1.028835257564725131e-01 -4.659815870355454685e-03
5.198162992976312902e-02 -2.099767356164105592e-01 -5.712123752475330463e+01 -8.687414636684583513e+01 -2.096277768780858974e-01 -7.997098396278920518e+01 1.631521291141935781e-01 1.631521291141935781e-01 1.737482927336916703e+02 2.088133659790099572e-01 2.738356507502105464e-01 -9.689920428228038376e-06 -1.044072477806207988e-01 -5.418180634924544235e-03 -1.044066829895049786e-01 -4.705476884655139178e-03
5.266757931703490436e-02 -2.077361428837835589e-01 -5.838667654945474794e+01 -8.811010790658255587e+01 -2.073906096607630312e-01 -8.117631444471135183e+01 1.613247389419735500e-01 1.613247389419735500e-01 1.762202158131651117e+02 2.119079944997290244e-01 2.707427495123595484e-01 -9.531271371015354304e-06 -1.059545572165096622e-01 -5.333414530041224316e-03 -1.059539972498645122e-01 -4.750751631463955016e-03
5.335887458017908591e-02 -2.055531976424626872e-01 -5.970119403972534400e+01 -8.936077152070042473e+01 -2.052109906053569133e-01 -8.240107478393173324e+01 1.595424391720145496e-01 1.595424391720145496e-01 1.787215430414008495e+02 2.150507156470747305e-01 2.677255267979766762e-01 -9.375110780428935753e-06 -1.075259131309552196e-01 -5.240355681272424251e-03 -1.075253578235373653e-01 -4.795696273525205423e-03
5.405564981591289009e-02 -2.034248585602815573e-01 -6.106427603624163680e+01 -9.062657773968565778e+01 -2.030858851376147189e-01 -8.364555017728956443e+01 1.578031608143014575e-01 1.578031608143014575e-01 1.812531554793713156e+02 2.182423909427497755e-01 2.647806081168435632e-01 -9.220533176337136186e-06 -1.091217462703731739e-01 -5.139493178912119681e-03 -1.091211954713748877e-01 -4.840399411653319509e-03
5.475803796890158642e-02 -2.013471398044235083e-01 -6.247435269779033007e+01 -9.190766310354148061e+01 -2.010113159058142529e-01 -8.490961793840062910e+01 1.561042006882545630e-01 1.561042006882545630e-01 1.838153262070829612e+02 2.214829017472925987e-01 2.619035860208011601e-01 -9.067742412959145938e-06 -1.107419972972613353e-01 -5.031510561673855318e-03 -1.107414508736462994e-01 -4.884960126513283180e-03
5.546617098047162964e-02 -1.993165449070019302e-01 -6.392981339285382347e+01 -9.320427215343048033e+01 -1.989837941193411675e-01 -8.619323808250304353e+01 1.544431874866987464e-01 1.544431874866987464e-01 1.864085443068609607e+02 2.247723380123388126e-01 2.590905944133692351e-01 -8.918856374190116328e-06 -1.123867111711078087e-01 -4.917142806805612984e-03 -1.123861690061694063e-01 -4.929489012926977637e-03
5.618017992762708301e-02 -1.973292832148204889e-01 -6.542868405195203252e+01 -9.451647239132009304e+01 -1.969995370714400229e-01 -8.749617070467280655e+01 1.528175563666513692e-01 1.528175563666513692e-01 1.890329447826401861e+02 2.281103155679910788e-01 2.563374535087205031e-01 -8.769353212432902820e-06 -1.140556957904168139e-01 -4.797169373111181273e-03 -1.140551577839955394e-01 -4.974094420957792147e-03
5.690019515316244170e-02 -1.953816213102818888e-01 -6.696883327566935407e+01 -9.584417944748363993e+01 -1.950548192509745093e-01 -8.881802751118470951e+01 1.512246696125426337e-01 1.512246696125426337e-01 1.916883588949672799e+02 2.314960064705753329e-01 2.536398234634472115e-01 -8.625884889888249993e-06 -1.157485371671596319e-01 -4.672344859890453263e-03 -1.157480032352876664e-01 -5.018872685018308313e-03
5.762634638759329964e-02 -1.934700164262717903e-01 -6.854717057367392385e+01 -9.718755999975918769e+01 -1.931461058998538705e-01 -9.015848313748600162e+01 1.496621867682803309e-01 1.496621867682803309e-01 1.943751199995183754e+02 2.349288774248671496e-01 2.509939105453099506e-01 -8.483991580097245263e-06 -1.174649686362636142e-01 -4.543829393002203794e-03 -1.174644387124335748e-01 -5.063985761778268084e-03
5.835876286356071058e-02 -1.915895242636921070e-01 -7.016018650536732082e+01 -9.854583880554683617e+01 -1.912684623884562674e-01 -9.151637514341356905e+01 1.481265809884899920e-01 1.481265809884899920e-01 1.970916776110936723e+02 2.384061684629710520e-01 2.483938988635781553e-01 -8.347386367444575514e-06 -1.192036101949453530e-01 -4.412501920671454102e-03 -1.192030842314855260e-01 -5.109512325021000646e-03
5.909757342330595326e-02 -1.897370967036063338e-01 -7.180452488007516365e+01 -9.991910535232140944e+01 -1.894188476457008830e-01 -9.289127497411183754e+01 1.466157756288681002e-01 1.466157756288681002e-01 1.998382107046428189e+02 2.419270453368050633e-01 2.458363987133778406e-01 -8.212442201867695059e-06 -1.209640447038512062e-01 -4.279553881244125592e-03 -1.209635226684025316e-01 -5.155613318297221775e-03
5.984290661975923131e-02 -1.879088742517092403e-01 -7.347613837643058332e+01 -1.013070468918736537e+02 -1.875934101204162763e-01 -9.428231998454324980e+01 1.451271825808366223e-01 1.451271825808366223e-01 2.026140937837473075e+02 2.454896615558866679e-01 2.433172001014019259e-01 -8.082719567003563536e-06 -1.227453489012787224e-01 -4.146240156578486977e-03 -1.227448307779433340e-01 -5.202440209050812267e-03
6.059489081173765473e-02 -1.861005778242127984e-01 -7.516995953381000106e+01 -1.027089849207652321e+02 -1.857878798711163071e-01 -9.568819422694447496e+01 1.436577451207780853e-01 1.436577451207780853e-01 2.054179698415304642e+02 2.490909080463503678e-01 2.408312603850340516e-01 -7.955274288170563420e-06 -1.245459682315964156e-01 -4.013923731814132700e-03 -1.245454540231751839e-01 -5.250136854191996515e-03
6.135365425370391951e-02 -1.843085001720081717e-01 -7.688194770242603227e+01 -1.041242408375578918e+02 -1.839985566609863565e-01 -9.710773528531052534e+01 1.422048954814882638e-01 1.422048954814882638e-01 2.082484816751157837e+02 2.527281424768273999e-01 2.383743725268103464e-01 -7.832040460235544993e-06 -1.263645815154924579e-01 -3.883700738045830526e-03 -1.263640712384136999e-01 -5.298816313033493687e-03
6.211932518049826518e-02 -1.825286170970946142e-01 -7.860609618119057984e+01 -1.055520760486479190e+02 -1.822214249759039895e-01 -9.853943732117213017e+01 1.407657996971362901e-01 1.407657996971362901e-01 2.111041520972958381e+02 2.563978416650848913e-01 2.359418754006494812e-01 -7.711989305294861995e-06 -1.281994271438667288e-01 -3.757176848103188898e-03 -1.281989208325424456e-01 -5.348650663209372769e-03
6.289203188741983308e-02 -1.807572080807976489e-01 -8.033674001236693130e+01 -1.069917399049873410e+02 -1.804527716880711397e-01 -9.998183571357904498e+01 1.393379378971166538e-01 1.393379378971166538e-01 2.139834798099746820e+02 2.600966919487719409e-01 2.335296604591304281e-01 -7.595825439190807547e-06 -1.300488482705855209e-01 -3.635884301947212710e-03 -1.300483459743859704e-01 -5.399805057302862685e-03
6.367190280600179553e-02 -1.789907735492075325e-01 -8.206786268489506142e+01 -1.084423518092594492e+02 -1.786891044918547389e-01 -1.014333064280694714e+02 1.379188070279173950e-01 1.379188070279173950e-01 2.168847036185188983e+02 2.638208658668843576e-01 2.311335975600652681e-01 -7.484156839178504661e-06 -1.319109311505129722e-01 -3.521367023096723826e-03 -1.319104329334421788e-01 -5.452436729346787567e-03
6.445906657579504595e-02 -1.772255816035009923e-01 -8.379363583292429496e+01 -1.099025911713279697e+02 -1.769266984077818849e-01 -1.028918918427568343e+02 1.365057000502466755e-01 1.365057000502466755e-01 2.198051823426559395e+02 2.675656726222699899e-01 2.287492069657272309e-01 -7.374548006117027074e-06 -1.337833303721815692e-01 -3.414921535468425258e-03 -1.337828363111349950e-01 -5.506650153790731105e-03
6.525365211244850416e-02 -1.754579887167913854e-01 -8.550591802551403475e+01 -1.113715706892597552e+02 -1.751619177521431259e-01 -1.043556445497926433e+02 1.350961888037398584e-01 1.350961888037398584e-01 2.227431413785195105e+02 2.713266776833030969e-01 2.263725435195595437e-01 -7.269173995058133150e-06 -1.356638286531166582e-01 -3.318721517813575175e-03 -1.356633388416515484e-01 -5.562684560930093204e-03
6.605578867235036011e-02 -1.736849381174646323e-01 -8.719880897059678659e+01 -1.128478880565873368e+02 -1.733917112192800425e-01 -1.058225290070811724e+02 1.336879792947362200e-01 1.336879792947362200e-01 2.256957761131746736e+02 2.750989537466976276e-01 2.239997850485250797e-01 -7.167826159404780878e-06 -1.375499623319877684e-01 -3.234002347523306717e-03 -1.375494768733488138e-01 -5.620630928739113984e-03
6.686560591407217369e-02 -1.719033269514675111e-01 -8.886484712439037992e+01 -1.143302720461377788e+02 -1.716129820750797175e-01 -1.072903838928518212e+02 1.322788625747471913e-01 1.322788625747471913e-01 2.286605440922755577e+02 2.788773877922154920e-01 2.216272903182671394e-01 -7.069907513256107506e-06 -1.394391748866803948e-01 -3.162522922469315854e-03 -1.394386938961077460e-01 -5.680654349350115935e-03
6.768323395683817356e-02 -1.701099039163936899e-01 -9.049614161353406416e+01 -1.158171719881523813e+02 -1.698224851901546928e-01 -1.087567539256393303e+02 1.308665143978790524e-01 1.308665143978790524e-01 2.316343439763047627e+02 2.826561349365188658e-01 2.192512245720927011e-01 -6.975763465494586892e-06 -1.413285438637334746e-01 -3.106057242370046084e-03 -1.413280674682594329e-01 -5.742908468215756658e-03
6.850880343622375857e-02 -1.683026183587353342e-01 -9.208648139569076818e+01 -1.173072084221018088e+02 -1.680181733538768929e-01 -1.102195758901588931e+02 1.294493268039817735e-01 1.294493268039817735e-01 2.346144168442036175e+02 2.864301839485671741e-01 2.168688863427978009e-01 -6.885180958009966524e-06 -1.432155636420456013e-01 -3.065828156749944230e-03 -1.432150919742835871e-01 -5.807480839745279670e-03
6.934244555727107906e-02 -1.664785160939327435e-01 -9.362716985669055703e+01 -1.187987281910841801e+02 -1.661970980741706294e-01 -1.116761897300017807e+02 1.280252024425383994e-01 1.280252024425383994e-01 2.375974563821683603e+02 2.901932098741524801e-01 2.144768202059051110e-01 -6.798034006019639173e-06 -1.450970717334920945e-01 -3.043801102287254680e-03 -1.450966049370762401e-01 -5.874544514043717955e-03
7.018429214519397719e-02 -1.646356104182591928e-01 -9.511114992255905065e+01 -1.202901027038784605e+02 -1.643572759113027526e-01 -1.131242008634399667e+02 1.265925871641327416e-01 1.265925871641327416e-01 2.405802054077569210e+02 2.939393912862401370e-01 2.120724161303119415e-01 -6.714739518413803386e-06 -1.469701574193600646e-01 -3.041326088865167841e-03 -1.469696956431200685e-01 -5.944190751290357420e-03
7.103447569383145033e-02 -1.627720805327146913e-01 -9.653079024241890238e+01 -1.217797695177566339e+02 -1.624968891962803308e-01 -1.145611831914552710e+02 1.251500936769993078e-01 1.251500936769993078e-01 2.435595390355132679e+02 2.976628868216086299e-01 2.096533561158408221e-01 -6.634644788348171432e-06 -1.488319000127259484e-01 -3.059956718294534923e-03 -1.488314434108043149e-01 -6.016540593390653363e-03
7.189312941199629825e-02 -1.608864634053803477e-01 -9.787926808516846222e+01 -1.232660011141974934e+02 -1.606144769740309453e-01 -1.159846958718116525e+02 1.236965093655230663e-01 1.236965093655230663e-01 2.465320022283949868e+02 3.013577206077367454e-01 2.072175824258964405e-01 -6.558180594432993783e-06 -1.506793115747389611e-01 -3.100901643698155633e-03 -1.506788603038683727e-01 -6.091661479350722261e-03
7.276038726785366562e-02 -1.589774784249262107e-01 -9.914944549378601835e+01 -1.247470748383556298e+02 -1.587087604604680569e-01 -1.173922549125726391e+02 1.222307554039983590e-01 1.222307554039983590e-01 2.494941496767112596e+02 3.050178084420604452e-01 2.047632592052498757e-01 -6.484702504565094341e-06 -1.525093500018757098e-01 -3.165426768922812405e-03 -1.525089042210302226e-01 -6.169627295448594853e-03
7.363638403145481015e-02 -1.570445528495047205e-01 -1.003352617843800232e+02 -1.262214586338748461e+02 -1.567791671252145302e-01 -1.187816941803839370e+02 1.207522463740944990e-01 1.207522463740944990e-01 2.524429172677496922e+02 3.086378415118268825e-01 2.022893608187314729e-01 -6.414120106760987965e-06 -1.543193608889708857e-01 -3.254513976690466461e-03 -1.543189207559134413e-01 -6.250484307653329623e-03
7.452125531554119886e-02 -1.550867915755378967e-01 -1.014297516457779125e+02 -1.276873394586836810e+02 -1.548248028605951898e-01 -1.201504812109636191e+02 1.192601610524298555e-01 1.192601610524298555e-01 2.553746789173673619e+02 3.122115782764466885e-01 1.997944702632331870e-01 -6.346974883616500239e-06 -1.561062234652537406e-01 -3.369308079117035084e-03 -1.561057891382233442e-01 -6.334285519872450906e-03
7.541513761472569410e-02 -1.531045703271904646e-01 -1.024286296712459716e+02 -1.291432276639590384e+02 -1.528460414510969256e-01 -1.214967503176299175e+02 1.177544768778468892e-01 1.177544768778468892e-01 2.582864553279180768e+02 3.157342866289635230e-01 1.972784510247984902e-01 -6.282163442443446224e-06 -1.578675716833582987e-01 -3.510179211352995425e-03 -1.578671433144817615e-01 -6.420997365465429957e-03
7.631816834314988918e-02 -1.510981290170225477e-01 -1.033266283042727167e+02 -1.305876930799271349e+02 -1.508431213887287958e-01 -1.228185377929132756e+02 1.162351594338669053e-01 1.162351594338669053e-01 2.611753861598542699e+02 3.192010875587165675e-01 1.947411764252652000e-01 -6.220215050303149207e-06 -1.596009660424847210e-01 -3.677801216663136290e-03 -1.596005437793582837e-01 -6.510628482327594606e-03
7.723048587070917292e-02 -1.490682512936205573e-01 -1.041198919719752638e+02 -1.320193643214368251e+02 -1.488168236307662595e-01 -1.241141394848915240e+02 1.147024970864413129e-01 1.147024970864413129e-01 2.640387286428736502e+02 3.226076419676436324e-01 1.921830297559589118e-01 -6.160570555718010304e-06 -1.613042370010591975e-01 -3.872417267630890066e-03 -1.613038209838218162e-01 -6.603133810651338337e-03
7.815222955793085791e-02 -1.470161524636354189e-01 -1.048058337568610057e+02 -1.334369155745100954e+02 -1.467683597792869832e-01 -1.253820784908436252e+02 1.131570370710920648e-01 1.131570370710920648e-01 2.668738311490201909e+02 3.259500812914703505e-01 1.896048043720030551e-01 -6.102721848013432761e-06 -1.629754502867310495e-01 -4.093876842270344381e-03 -1.629750406457351752e-01 -6.698418779282198920e-03
7.908353978958450325e-02 -1.449434054773362790e-01 -1.053821612669307228e+02 -1.348393540406618740e+02 -1.446992984905055568e-01 -1.266211957520676634e+02 1.115996365441509625e-01 1.115996365441509625e-01 2.696787080813237480e+02 3.292253849654220854e-01 1.870078240200645781e-01 -6.047259404487600673e-06 -1.646130956277406243e-01 -4.342018001540149524e-03 -1.646126924827110427e-01 -6.796402909672386895e-03
8.002455800709820655e-02 -1.428520709827682811e-01 -1.058483455757502156e+02 -1.362257378585058234e+02 -1.426116950253628890e-01 -1.278306378887475603e+02 1.100314158873928611e-01 1.100314158873928611e-01 2.724514757170116468e+02 3.324311377876136286e-01 1.843938172667373143e-01 -5.993294608237479022e-06 -1.662159654363362660e-01 -4.616159166081540768e-03 -1.662155688938068143e-01 -6.896940051853817956e-03
8.097542673984982342e-02 -1.407445095260590751e-01 -1.062047963668092763e+02 -1.375953345199999944e+02 -1.405079038920457601e-01 -1.290098640444595048e+02 1.084537322757062328e-01 1.084537322757062328e-01 2.751906690399999889e+02 3.355657006969450240e-01 1.817649113448722153e-01 -5.940422928842771596e-06 -1.677832401964301778e-01 -4.915393543764952008e-03 -1.677828503484725120e-01 -6.999865234167931653e-03
8.193628963539714705e-02 -1.386238139636654654e-01 -1.064540086548449977e+02 -1.389478554040427127e+02 -1.383910103243319867e-01 -1.301590102449851543e+02 1.068684482359414240e-01 1.068684482359414240e-01 2.778957108080854255e+02 3.386290620626903336e-01 1.791240614686379351e-01 -5.889191560346484931e-06 -1.693149141104379751e-01 -5.238286232667668102e-03 -1.693145310313451668e-01 -7.104965583996757615e-03
8.290729148870755461e-02 -1.364930602381222435e-01 -1.065983541785217170e+02 -1.402831952281194106e+02 -1.362640830840861073e-01 -1.312783448008966900e+02 1.052774319116406149e-01 1.052774319116406149e-01 2.805663904562388211e+02 3.416215250281542382e-01 1.764742380036172509e-01 -5.838768478101403511e-06 -1.708111387663963088e-01 -5.583533361220940211e-03 -1.708107625140771191e-01 -7.212053536920853651e-03
8.388857827044321480e-02 -1.343555612478345429e-01 -1.066429243932311692e+02 -1.416010710062452915e+02 -1.341304268377567221e-01 -1.323683967671776998e+02 1.036826498868420182e-01 1.036826498868420182e-01 2.832021420124905831e+02 3.445438785100080614e-01 1.738185493265582970e-01 -5.788689244618095717e-06 -1.722723086419863658e-01 -5.948961664769659465e-03 -1.722719392550040307e-01 -7.320821814760276533e-03
8.488029715435520262e-02 -1.322157378673737560e-01 -1.065951481205459572e+02 -1.429022931467975184e+02 -1.319944522310789181e-01 -1.334309437621492975e+02 1.020869043895805545e-01 1.020869043895805545e-01 2.858045862935950368e+02 3.474000565688357134e-01 1.711614984464321088e-01 -5.739364666885680515e-06 -1.737003907903890421e-01 -6.332024663749311923e-03 -1.737000282844178567e-01 -7.430966569797713139e-03
8.588259654383616215e-02 -1.300774379099552680e-01 -1.064617301614222100e+02 -1.441874773105270719e+02 -1.298599982882071013e-01 -1.344674949800353829e+02 1.004925947910629142e-01 1.004925947910629142e-01 2.883749546210541439e+02 3.501932768436000210e-01 1.685069254100248215e-01 -5.690143926583938000e-06 -1.750969940507801637e-01 -6.730327454602392546e-03 -1.750966384218000105e-01 -7.542193035137256807e-03
8.689562609767893797e-02 -1.279451161019548588e-01 -1.062525448738968805e+02 -1.454576661552072778e+02 -1.277315095144240242e-01 -1.354803847929318010e+02 9.890255009987815316e-02 9.890255009987815316e-02 2.909153323104145556e+02 3.529287574621143841e-01 1.658593781514974552e-01 -5.640539850660838126e-06 -1.764647275098473467e-01 -7.140805533839207284e-03 -1.764643787310571921e-01 -7.654144637438250499e-03
8.791953675508566712e-02 -1.258233920184212429e-01 -1.059784184185245977e+02 -1.467143618433501047e+02 -1.256135950483883157e-01 -1.364724677191519788e+02 9.731975109952299696e-02 9.731975109952299696e-02 2.934287236867002093e+02 3.556130227004641320e-01 1.632236668784440847e-01 -5.590834363916793880e-06 -1.778068533285975250e-01 -7.560194301285957236e-03 -1.778065113502320660e-01 -7.766459514817655382e-03
8.895448075996970072e-02 -1.237177443896544382e-01 -1.056540256851070865e+02 -1.479597057225076071e+02 -1.235117213453976043e-01 -1.374476994990474736e+02 9.574770432628577910e-02 9.574770432628577910e-02 2.959194114450152142e+02 3.582551245623698533e-01 1.606054390132628518e-01 -5.540579190299543937e-06 -1.791278975359001935e-01 -7.984233266886119409e-03 -1.791275622811849266e-01 -7.878675495736373741e-03
9.000061168459075334e-02 -1.216324400412296808e-01 -1.052916513073387819e+02 -1.491955204800286765e+02 -1.214301458306960430e-01 -1.384094163154901196e+02 9.418919628644088771e-02 9.418919628644088771e-02 2.983910409600573530e+02 3.608627720472851186e-01 1.580092038982377767e-01 -5.489164361259062165e-06 -1.804317146518426562e-01 -8.409512465829242431e-03 -1.804313860236425593e-01 -7.990431363537706111e-03
9.105808445256181882e-02 -1.195729138487667265e-01 -1.049085443230501085e+02 -1.504245822632997829e+02 -1.193742913680201773e-01 -1.393624808417229985e+02 9.264778570923001833e-02 9.264778570923001833e-02 3.008491645265995658e+02 3.634473167698960006e-01 1.554407240260534395e-01 -5.436858155029449137e-06 -1.817239805097899674e-01 -8.831424521027060950e-03 -1.817236583849480003e-01 -8.101256485214976960e-03
9.212705536126453154e-02 -1.175440273542346786e-01 -1.045211957561526646e+02 -1.516497280856268333e+02 -1.173490089906227274e-01 -1.403116923853278877e+02 9.112666808569444554e-02 9.112666808569444554e-02 3.032994561712536665e+02 3.660199757200105486e-01 1.529051782143153460e-01 -5.383326087633222413e-06 -1.830103036271494565e-01 -9.245631626028353103e-03 -1.830099878600052743e-01 -8.210717685484198239e-03
9.320768210370873608e-02 -1.155508433485998437e-01 -1.041484197884964544e+02 -1.528742639382243169e+02 -1.153593505439857031e-01 -1.412625833242383351e+02 8.962920445726053897e-02 8.962920445726053897e-02 3.057485278764486338e+02 3.685937808367618085e-01 1.504080261296499021e-01 -5.328019919651058750e-06 -1.842971999968225361e-01 -9.647372494567643328e-03 -1.842968904183809042e-01 -8.318352995772156783e-03
9.430012378987030763e-02 -1.135981472918874274e-01 -1.038092872660625972e+02 -1.541017898305837264e+02 -1.134100913383549319e-01 -1.422209661388979214e+02 8.815860472660436153e-02 8.815860472660436153e-02 3.082035796611674527e+02 3.711825047193540450e-01 1.479544941819845583e-01 -5.271460246900918061e-06 -1.855915559397501857e-01 -1.003197193769854445e-02 -1.855912523596770225e-01 -8.423726971917089648e-03
9.540454096754023838e-02 -1.116905679836604076e-01 -1.035240127094376845e+02 -1.553361205381744128e+02 -1.115058504650080634e-01 -1.431930009447972623e+02 8.671796779243784448e-02 8.671796779243784448e-02 3.106722410763488256e+02 3.738007329392912248e-01 1.455496257759120449e-01 -5.212999826051396164e-06 -1.869006642620038572e-01 -1.039457148322597314e-02 -1.869003664696456124e-01 -8.526392230494846125e-03
9.652109564271749154e-02 -1.098326713614038441e-01 -1.033139911622093052e+02 -1.565815244362368901e+02 -1.096511844062331709e-01 -1.441853973554840422e+02 8.531039599422676756e-02 8.531039599422676756e-02 3.131630488724737802e+02 3.764644734139529492e-01 1.431984867712738640e-01 -5.152372278855364811e-06 -1.882325289417947356e-01 -1.073024355854968262e-02 -1.882322367069764746e-01 -8.625917787371890216e-03
9.764995129957664000e-02 -1.080281210021909466e-01 -1.031990459103512876e+02 -1.578420601624146400e+02 -1.078497492655941803e-01 -1.452044574187069657e+02 8.393842388601985283e-02 8.393842388601985283e-02 3.156841203248292800e+02 3.791888402405435565e-01 1.409052324472766238e-01 -5.090122355879618802e-06 -1.895947070428898595e-01 -1.103453225815726607e-02 -1.895944201202717783e-01 -8.721925774339165868e-03
9.879127292004125094e-02 -1.062807381305782978e-01 -1.032007586105923735e+02 -1.591222836754401726e+02 -1.061053586835432327e-01 -1.462571550686554644e+02 8.260467502156369768e-02 8.260467502156369768e-02 3.182445673508803452e+02 3.819905328670468170e-01 1.386741566739950748e-01 -5.025556810984983730e-06 -1.909955483045057967e-01 -1.130272708605996324e-02 -1.909952664335234085e-01 -8.814030232108440582e-03
9.994522700299307560e-02 -1.045936204578368223e-01 -1.033395805967040104e+02 -1.604266824422266495e+02 -1.044211043679011824e-01 -1.473502388304237627e+02 8.131134114429397486e-02 8.131134114429397486e-02 3.208533648844532991e+02 3.848858439806839282e-01 1.365088700962525381e-01 -4.959182458602609299e-06 -1.924431990819376603e-01 -1.153057776796053910e-02 -1.924429219903419641e-01 -8.901905863341030498e-03
1.011119815831469232e-01 -1.029691521066233295e-01 -1.036345063144898972e+02 -1.617596293488752508e+02 -1.027993660606211362e-01 -1.484901450815701764e+02 8.006016862680298551e-02 8.006016862680298551e-02 3.235192586977505016e+02 3.878904167364167210e-01 1.344122705350161984e-01 -4.890321998881046369e-06 -1.939454809607212005e-01 -1.171435658822295167e-02 -1.939452083682083605e-01 -8.985292607028022224e-03
1.022917062496206259e-01 -1.014094644972037829e-01 -1.041046924444869148e+02 -1.631255782471726548e+02 -1.012422714524877781e-01 -1.496834010234009043e+02 7.885270734493250722e-02 7.885270734493250722e-02 3.262511564943453095e+02 3.910200643972209789e-01 1.323869258237375668e-01 -4.820373663258414834e-06 -1.955103005789995130e-01 -1.185036079924620470e-02 -1.955100321986104894e-01 -9.063937281721355654e-03
1.034845721642292521e-01 -9.991561880831432985e-02 -1.047657015406925467e+02 -1.645286595086729164e+02 -9.975088048225039250e-02 -1.509357302595471424e+02 7.768986043147491083e-02 7.768986043147491083e-02 3.290573190173458329e+02 3.942888731891510123e-01 1.304343771289484255e-01 -4.748264365524374527e-06 -1.971447010507716424e-01 -1.193607551519162806e-02 -1.971444365945755062e-01 -9.137730498259636833e-03
1.046907520795329893e-01 -9.848832543706956266e-02 -1.056331265222868439e+02 -1.659728278313115766e+02 -9.832590288939670187e-02 -1.522527165020374014e+02 7.657228035362818874e-02 7.657228035362818874e-02 3.319456556626231531e+02 3.977105877141125512e-01 1.285557518678115962e-01 -4.674112450480123596e-06 -1.988555546769502358e-01 -1.196896247012678265e-02 -1.988552938570562756e-01 -9.206552988206389773e-03
1.059104203566676727e-01 -9.712750570416812945e-02 -1.067193425705058729e+02 -1.674617810870657308e+02 -9.696726124939776537e-02 -1.536392509732011717e+02 7.550011749477017475e-02 7.550011749477017475e-02 3.349235621741314617e+02 4.012973953540340255e-01 1.267513700122196163e-01 -4.598929630601738389e-06 -2.006489551441097141e-01 -1.194747303541870455e-02 -2.006486976770170128e-01 -9.270403023703030834e-03
1.071437529829871865e-01 -9.583167773133312306e-02 -1.080310005294388276e+02 -1.689982591865644395e+02 -9.567347812049671607e-02 -1.550985810226540025e+02 7.447261334799117061e-02 7.447261334799117061e-02 3.379965183731288789e+02 4.050576534004737828e-01 1.250200836700576801e-01 -4.522341072290607481e-06 -2.025290810866382241e-01 -1.187168448632244279e-02 -2.025288267002368914e-01 -9.329448253997604801e-03
1.083909275895473534e-01 -9.459949546638921070e-02 -1.095759458661221828e+02 -1.705850373278872496e+02 -9.444321126590057847e-02 -1.566341617124304832e+02 7.348906802830282303e-02 7.348906802830282303e-02 3.411700746557744992e+02 4.090001817728884381e-01 1.233608284892069862e-01 -4.444429346005341923e-06 -2.045003424546203152e-01 -1.174119685235023962e-02 -2.045000908864442191e-01 -9.383794252031620389e-03
1.096521234684607743e-01 -9.342813158927577855e-02 -1.113546941885338555e+02 -1.722238556353348429e+02 -9.327364067335958131e-02 -1.582475006720249553e+02 7.254784525610759316e-02 7.254784525610759316e-02 3.444477112706696857e+02 4.131293259794242001e-01 1.217710366562118757e-01 -4.365985404916583026e-06 -2.065649119846038606e-01 -1.155777516612470183e-02 -2.065646629897121000e-01 -9.433783777070010174e-03
1.109275215901527195e-01 -9.231462990114236433e-02 -1.133667995988784725e+02 -1.739161466007882098e+02 -9.216181753560945267e-02 -1.599397087907491368e+02 7.164717321916272419e-02 7.164717321916272419e-02 3.478322932015764195e+02 4.174483895515267995e-01 1.202479015681622992e-01 -4.286956755819203397e-06 -2.087244414249597724e-01 -1.132318805504163757e-02 -2.087241947757633997e-01 -9.479740652554455305e-03
1.122173046205483943e-01 -9.125446913152608641e-02 -1.156037408160029258e+02 -1.756618593674947419e+02 -9.110323139745137022e-02 -1.617094694695234978e+02 7.078427540817619490e-02 7.078427540817619490e-02 3.513237187349894839e+02 4.219550197469693620e-01 1.187869975669445938e-01 -4.207618463719698395e-06 -2.109777543797744515e-01 -1.104135870131358992e-02 -2.109775098734846810e-01 -9.522202281689233147e-03
1.135216569382225121e-01 -9.024326720397077284e-02 -1.180562988386870984e+02 -1.774608185451948827e+02 -9.009351058000610035e-02 -1.635552593635394771e+02 6.995644011948187746e-02 6.995644011948187746e-02 3.549216370903897655e+02 4.266463495389981042e-01 1.173839939821573752e-01 -4.128631959636049055e-06 -2.133234173119642474e-01 -1.071630350030013980e-02 -2.133231747694990521e-01 -9.561710265733658343e-03
1.148407646515424013e-01 -8.927545105147763338e-02 -1.207078359746693934e+02 -1.793114230583659605e+02 -8.912709502198346012e-02 -1.654732732881215611e+02 6.916015615721181342e-02 6.916015615721181342e-02 3.586228461167319210e+02 4.315140722672065610e-01 1.160332582278617436e-01 -4.050053553739528323e-06 -2.157572768620543424e-01 -1.035385103447995607e-02 -2.157570361336032805e-01 -9.598973071589776002e-03
1.161748156158369100e-01 -8.834494384849472803e-02 -1.235376292309147743e+02 -1.812110574940533354e+02 -8.819792175022252156e-02 -1.674582610411376891e+02 6.839155608204325332e-02 6.839155608204325332e-02 3.624221149881066708e+02 4.365464056830269945e-01 1.147285710063246089e-01 -3.972205289387272651e-06 -2.182734418749925354e-01 -9.960612328763884804e-03 -2.182732028415134973e-01 -9.634750171294234958e-03
1.175239994506233898e-01 -8.744540678109770371e-02 -1.265210813250720037e+02 -1.831564003720053790e+02 -8.729966634032303163e-02 -1.695038124059607014e+02 6.764658530359873856e-02 6.764658530359873856e-02 3.663128007440107581e+02 4.417288024416906045e-01 1.134634041086782508e-01 -3.895525989515711303e-06 -2.208646386465520084e-01 -9.544109777132490577e-03 -2.208644012208453022e-01 -9.669884418546759869e-03
1.188885075569261068e-01 -8.656993979864706368e-02 -1.296282886538468802e+02 -1.851428682514489878e+02 -8.642544420938938488e-02 -1.716016859250132427e+02 6.692077853737234128e-02 6.692077853737234128e-02 3.702857365028979757e+02 4.470422445905343767e-01 1.122305480122629262e-01 -3.820667808122272397e-06 -2.235213581665149440e-01 -9.112911206217735177e-03 -2.235211222952671883e-01 -9.705290028962748963e-03
1.202685331347205511e-01 -8.571143119234045371e-02 -1.328253832204262324e+02 -1.871649615568403249e+02 -8.556815943027072657e-02 -1.737422939504903638e+02 6.620950976898139217e-02 6.620950976898139217e-02 3.743299231136806497e+02 4.524644634943958410e-01 1.110225246119175418e-01 -3.747593660865671694e-06 -2.262324660829503342e-01 -8.676368558576841306e-03 -2.262322317471979205e-01 -9.741936663226426554e-03
1.216642712005379795e-01 -8.486257994042743780e-02 -1.360747027951834127e+02 -1.892160917173124517e+02 -8.472052696776531666e-02 -1.759145859874313089e+02 6.550798797960787068e-02 6.550798797960787068e-02 3.784321834346249034e+02 4.579695801668490773e-01 1.098315731235067760e-01 -3.676652799399669399e-06 -2.289850228681853672e-01 -8.244439854367340004e-03 -2.289847900834245387e-01 -9.780816313410514024e-03
1.230759186052662740e-01 -8.401623391831068710e-02 -1.393356040188959639e+02 -1.912891249553052546e+02 -8.387541029887408961e-02 -1.781066173887013804e+02 6.481150508083979855e-02 6.481150508083979855e-02 3.825782499106105092e+02 4.635295482967966563e-01 1.086500615346231435e-01 -3.608278748694992041e-06 -2.317650053331451188e-01 -7.827634336471813933e-03 -2.317647741483983281e-01 -9.822962158806488112e-03
1.245036740521835855e-01 -8.316546850714258421e-02 -1.425659899599127698e+02 -1.933760990916590004e+02 -8.302589964556192359e-02 -1.803055450388342251e+02 6.411544847009395531e-02 6.411544847009395531e-02 3.867521981833180007e+02 4.691139784754649322e-01 1.074704921925323936e-01 -3.542666622218035836e-06 -2.345572187419805166e-01 -7.436373292474694231e-03 -2.345569892377324661e-01 -9.869350554963312108e-03
1.259477381152624142e-01 -8.230327446649945977e-02 -1.457196174839410219e+02 -1.954680763978852553e+02 -8.216500068746300511e-02 -1.824971035939388457e+02 6.341513187480309066e-02 6.341513187480309066e-02 3.909361527957705107e+02 4.746890139000293218e-01 1.062852412634697902e-01 -3.479948798217558834e-06 -2.373447346618060561e-01 -7.081815893455692228e-03 -2.373445069500146609e-01 -9.921002397444750667e-03
1.274083132577825961e-01 -8.142345729336319948e-02 -1.487519218063480366e+02 -1.975559803845565909e+02 -8.128653182674980271e-02 -1.846671647128523261e+02 6.270635691178419457e-02 6.270635691178419457e-02 3.951119607691131819e+02 4.802209167687635505e-01 1.050874575959931945e-01 -3.420434895743729608e-06 -2.401106841649994494e-01 -6.774234668358187876e-03 -2.401104583843817752e-01 -9.978809415673618732e-03
1.288856038512928848e-01 -8.052037418580629269e-02 -1.516183649594175336e+02 -1.996304645595001261e+02 -8.038486183333072577e-02 -1.868013821081212598e+02 6.198526441850130825e-02 6.198526441850130825e-02 3.992609291190002523e+02 4.856753027200426120e-01 1.038708309327265322e-01 -3.364185033631402644e-06 -2.428378750470565062e-01 -6.523561298672536125e-03 -2.428376513600213060e-01 -1.004360074594318544e-02
1.303798161949614176e-01 -7.958905028084299615e-02 -1.542751080853088581e+02 -2.016821801382901640e+02 -7.945502587358525826e-02 -1.888855122032762210e+02 6.124842251396951653e-02 6.124842251396951653e-02 4.033643602765803280e+02 4.910179449960153097e-01 1.026297390164007672e-01 -3.311226049131787844e-06 -2.455091939087964137e-01 -6.339273392684620367e-03 -2.455089724980076549e-01 -1.011614117995419254e-02
1.318911585353574611e-01 -7.862543431138137306e-02 -1.566818348374962397e+02 -2.037018852109440274e+02 -7.849298046965594300e-02 -1.909059262280265159e+02 6.049296165858043806e-02 6.049296165858043806e-02 4.074037704218880549e+02 4.962158367392037195e-01 1.013594539992920679e-01 -3.261644478214251922e-06 -2.481081373064030482e-01 -6.229454020902423610e-03 -2.481079183696018597e-01 -1.019701165705830595e-02
1.334198410867061813e-01 -7.762663267595093508e-02 -1.588030747052745255e+02 -2.056811167097645239e+02 -7.749583721645314505e-02 -1.928503606099405374e+02 5.971676272368606209e-02 5.971676272368606209e-02 4.113622334195290478e+02 5.012391163699838614e-01 1.000564601292913830e-01 -3.215356399077603545e-06 -2.506197744406611361e-01 -6.200731512202658884e-03 -2.506195581849919307e-01 -1.028663632662375239e-02
1.349660760516618041e-01 -7.659060589760254001e-02 -1.606071918675899326e+02 -2.076118449881818435e+02 -7.646155985040899161e-02 -1.947074817369021389e+02 5.891825711583473235e-02 5.891825711583473235e-02 4.152236899763636870e+02 5.060600172005400577e-01 9.871812971773044620e-02 -3.172296524710718441e-06 -2.530302219626742732e-01 -6.258451536970754264e-03 -2.530300086002700288e-01 -1.038528841686056116e-02
1.365300776426430496e-01 -7.551678532569172653e-02 -1.620708355114028336e+02 -2.094874611021946009e+02 -7.538957974999564715e-02 -1.964683633370334803e+02 5.809681470298499323e-02 5.809681470298499323e-02 4.189749222043892019e+02 5.106562972811583556e-01 9.734334513020719004e-02 -3.132136206434536255e-06 -2.553283588995112208e-01 -6.405673987617375650e-03 -2.553281486405791778e-01 -1.049300568032507201e-02
1.381120621037780494e-01 -7.440566433127308865e-02 -1.631776034373488926e+02 -2.113024573956707286e+02 -7.428038786170727825e-02 -1.981260239660478533e+02 5.725251451915770035e-02 5.725251451915770035e-02 4.226049147913414572e+02 5.150103132089898228e-01 9.593214219240178697e-02 -3.094830155446221416e-06 -2.575053635570462296e-01 -6.643503842389825685e-03 -2.575051566044949114e-01 -1.060962212694062379e-02
1.397122477335062396e-01 -7.325902163586919813e-02 -1.639201592348608187e+02 -2.130528922020252480e+02 -7.313575769833431661e-02 -1.996761257505559399e+02 5.638626790551858059e-02 5.638626790551858059e-02 4.261057844040504961e+02 5.191105664817274867e-01 9.448590072245860449e-02 -3.060020395278656797e-06 -2.595554866974325581e-01 -6.970639356184749925e-03 -2.595552832408637434e-01 -1.073472995158801513e-02
1.413308549078858833e-01 -7.207992565082874115e-02 -1.643009462148779107e+02 -2.147367810419366947e+02 -7.195874971617102767e-02 -2.011174027913253894e+02 5.549984499417245920e-02 5.549984499417245920e-02 4.294735620838733894e+02 5.229528369310694202e-01 9.300739638935225095e-02 -3.027462080506961402e-06 -2.614766182556310103e-01 -7.383353789150132011e-03 -2.614764184655347101e-01 -1.086769802670861304e-02
1.429681061046577106e-01 -7.087253555223452239e-02 -1.643323357492521950e+02 -2.163539304086041000e+02 -7.075351276381729171e-02 -2.024515467000729814e+02 5.459574480431524102e-02 5.459574480431524102e-02 4.327078608172081999e+02 5.265399145025145833e-01 9.150059053746091575e-02 -2.996556741183258460e-06 -2.632701532285600665e-01 -7.875460925260282380e-03 -2.632699572512572916e-01 -1.100766177513489222e-02
1.446242259281163012e-01 -6.964217320042347115e-02 -1.640378031996647508e+02 -2.179063308690467125e+02 -6.952535593828988725e-02 -2.036837056777033297e+02 5.367723801249581900e-02 5.367723801249581900e-02 4.358126617380934249e+02 5.298827663385159426e-01 8.997069775814275916e-02 -2.967170379323266271e-06 -2.649415752167317839e-01 -8.438101607631287235e-03 -2.649413831692579713e-01 -1.115351334484688921e-02
1.462994411348416957e-01 -6.839515289710965118e-02 -1.634515774158596457e+02 -2.193982549859037476e+02 -6.828057874663745475e-02 -2.048225125812849683e+02 5.274827663146668816e-02 5.274827663146668816e-02 4.387965099718074953e+02 5.330007240460555851e-01 8.842404769117032104e-02 -2.938714621048835594e-06 -2.665005500570695740e-01 -9.060027463444669804e-03 -2.665003620230277925e-01 -1.130394715760324117e-02
1.479939806603461361e-01 -6.713847757402131855e-02 -1.626175381517027461e+02 -2.208359224030561165e+02 -6.702616791422912057e-02 -2.058796446494577879e+02 5.181329164683626254e-02 5.181329164683626254e-02 4.416718448061122331e+02 5.359204296719056737e-01 8.686775608986953279e-02 -2.910798429152743609e-06 -2.679603988092558731e-01 -9.727837309890947567e-03 -2.679602148359528369e-01 -1.145747523564414477e-02
1.497080756466911411e-01 -6.587999147669183764e-02 -1.615903921514904482e+02 -2.222281881537690253e+02 -6.576994989338999509e-02 -2.068705652989976613e+02 5.087730307853749467e-02 5.087730307853749467e-02 4.444563763075380507e+02 5.386776743606946916e-01 8.530990680954338157e-02 -2.882971395647315990e-06 -2.693390170849586096e-01 -1.042594678407038691e-02 -2.693388371803473458e-01 -1.161245709200572733e-02
1.514419594711321204e-01 -6.462780848763229058e-02 -1.604329134742908991e+02 -2.235855684617486077e+02 -6.452002030598749660e-02 -2.078133103970292552e+02 4.994554044769751455e-02 4.994554044769751455e-02 4.471711369234972153e+02 5.413144996633595385e-01 8.375893537388681698e-02 -2.854840342011917101e-06 -2.706574256997853478e-01 -1.113721043757422494e-02 -2.706572498316797692e-01 -1.176713768032159289e-02
1.531958677758497034e-01 -6.339028980024437321e-02 -1.592150389333317833e+02 -2.249206230749590532e+02 -6.328472181675404151e-02 -2.087286672754380845e+02 4.902343661336013708e-02 4.902343661336013708e-02 4.498412461499181063e+02 5.438796922984774351e-01 8.222362217025787345e-02 -2.826030323250509691e-06 -2.719400180533479983e-01 -1.184331754497421584e-02 -2.719398461492387176e-01 -1.191971538353209584e-02
1.549700384988267898e-01 -6.217561302447095761e-02 -1.580121109080269832e+02 -2.262469477547220151e+02 -6.207221399090021713e-02 -2.096390835749061523e+02 4.811632820417751505e-02 4.811632820417751505e-02 4.524938955094440303e+02 5.464261041692736187e-01 8.071260085573965515e-02 -2.796083840040370901e-06 -2.732132201363830504e-01 -1.252503664978243079e-02 -2.732130520846368094e-01 -1.206832809644175358e-02
1.567647119059341621e-01 -6.099234579752686736e-02 -1.569038074816619712e+02 -2.275809314594783928e+02 -6.089104684990098021e-02 -2.105699518419422986e+02 4.722972694073629407e-02 4.722972694073629407e-02 4.551618629189567855e+02 5.490130383833382588e-01 7.923475758732699548e-02 -2.765131112141280644e-06 -2.745066835399132543e-01 -1.316316366484665892e-02 -2.745065191916691294e-01 -1.221123836866904074e-02
1.585801306242869135e-01 -5.984721065887545211e-02 -1.559691119067367140e+02 -2.289383265872064612e+02 -5.974792707838546407e-02 -2.115460372958410460e+02 4.636848905852457986e-02 4.636848905852457986e-02 4.578766531744129225e+02 5.517019328308917503e-01 7.779812831108942617e-02 -2.732090676574862328e-06 -2.758511272428882388e-01 -1.373975319192070194e-02 -2.758509664154458751e-01 -1.234693506137449215e-02
1.604165396769368646e-01 -5.874689568662049693e-02 -1.552848701442326558e+02 -2.303347478753861708e+02 -5.864952939784745523e-02 -2.125916722844127946e+02 4.553690197551938518e-02 4.553690197551938518e-02 4.606694957507723416e+02 5.545497006038653254e-01 7.640961930659997958e-02 -2.697331318324145841e-06 -2.772750078191539846e-01 -1.423707335378338046e-02 -2.772748503019326627e-01 -1.247385424079985004e-02
1.622741865189672450e-01 -5.769719060545500794e-02 -1.549244930908765241e+02 -2.317873497426859046e+02 -5.760163184558814153e-02 -2.137319410846963592e+02 4.473897052583801492e-02 4.473897052583801492e-02 4.635746994853718093e+02 5.576171149807948035e-01 7.507579576520102826e-02 -2.660644562511476675e-06 -2.788087119315630358e-01 -1.464004220266287327e-02 -2.788085574903974018e-01 -1.259089676072298880e-02
1.641533210750575345e-01 -5.670163750326221580e-02 -1.549510807487160093e+02 -2.333089265965684831e+02 -5.660776897465799595e-02 -2.149868011184230738e+02 4.397722222230354000e-02 4.397722222230354000e-02 4.666178531931369662e+02 5.609528249803469313e-01 7.380082908504490002e-02 -2.621853880245990472e-06 -2.804765641048281855e-01 -1.493558087839873608e-02 -2.804764124901734657e-01 -1.269703369795088105e-02
1.660541957785884593e-01 -5.576337111639871613e-02 -1.554178551763312441e+02 -2.349133101312741587e+02 -5.567107065991296067e-02 -2.163755849704551792e+02 4.325375195256976613e-02 4.325375195256976613e-02 4.698266202625483174e+02 5.646028939928371404e-01 7.258812651257716408e-02 -2.581256935029400427e-06 -2.823015960425437898e-01 -1.511426410700413177e-02 -2.823014469964185702e-01 -1.279172916590317483e-02
1.679770656123583950e-01 -5.488357500663380850e-02 -1.563652442287136068e+02 -2.366122346179329838e+02 -5.479271884077343419e-02 -2.179139870186986627e+02 4.256966635015246858e-02 4.256966635015246858e-02 4.732244692358659677e+02 5.686069106251158134e-01 7.143960571417794225e-02 -2.538933986687501695e-06 -2.843036020496473859e-01 -1.517081298975585593e-02 -2.843034553125579067e-01 -1.287494089263837953e-02
1.699221881509841714e-01 -5.406187887290925254e-02 -1.578166397120762952e+02 -2.384132130445735811e+02 -5.397234593044449025e-02 -2.196116828681475113e+02 4.192472746644929082e-02 4.192472746644929082e-02 4.768264260891471622e+02 5.729878438173044986e-01 7.035488256620010816e-02 -2.495212413634818033e-06 -2.864940665885050697e-01 -1.510333566747504817e-02 -2.864939219086522493e-01 -1.294681767940158990e-02
1.718898236050617756e-01 -5.329542645873125428e-02 -1.597774953338170576e+02 -2.403208416261544755e+02 -5.320710163706245110e-02 -2.214732668468023746e+02 4.131767122753771809e-02 4.131767122753771809e-02 4.806416832523089511e+02 5.777612947323176318e-01 6.933214130331573355e-02 -2.449974758820973517e-06 -2.888807902260429050e-01 -1.491607067703840973e-02 -2.888806473661588159e-01 -1.300827931965551146e-02
1.738802348671634468e-01 -5.258029659432302688e-02 -1.622331204669759472e+02 -2.423357279756248772e+02 -5.249307466590001636e-02 -2.234970408620134492e+02 4.074610063526790810e-02 4.074610063526790810e-02 4.846714559512497544e+02 5.829248203869066280e-01 6.836756556615235236e-02 -2.403584899914797400e-06 -2.914625514475487900e-01 -1.461730037244075159e-02 -2.914624101934533140e-01 -1.306050735570042295e-02
1.758936875597501837e-01 -5.191208318646114289e-02 -1.651528633218864854e+02 -2.444582045394157035e+02 -5.182587066043164298e-02 -2.256786930497738695e+02 4.020727255083908491e-02 4.020727255083908491e-02 4.889164090788314070e+02 5.884696470403333324e-01 6.745676745327908175e-02 -2.356908421622244157e-06 -2.942349633548778098e-01 -1.422007462263803583e-02 -2.942348235201666662e-01 -1.310527174795713713e-02
1.779304500850805160e-01 -5.128269902619977949e-02 -1.684739366351247156e+02 -2.466713115230475353e+02 -5.119742164118831762e-02 -2.279948881897283002e+02 3.969528898533459388e-02 3.969528898533459388e-02 4.933426230460950705e+02 5.943355659427952409e-01 6.658996787574014697e-02 -2.310125292373374633e-06 -2.971679215321099132e-01 -1.373919617629525483e-02 -2.971677829713976204e-01 -1.314364083027033149e-02
1.799907936771982520e-01 -5.068444048560145909e-02 -1.721299237045101904e+02 -2.489710022207146380e+02 -5.060003886657468697e-02 -2.304323642361930240e+02 3.920641693022670904e-02 3.920641693022670904e-02 4.979420044414292761e+02 6.005024190854454380e-01 6.576162271199162412e-02 -2.263562573868090918e-06 -3.002513469404026192e-01 -1.319977897692438916e-02 -3.002512095427227190e-01 -1.317895934252221075e-02
1.820749924560840505e-01 -5.010975290486563427e-02 -1.760323673007787875e+02 -2.513422650605161550e+02 -5.002618721695292758e-02 -2.329655478201624987e+02 3.873514737810813263e-02 3.873514737810813263e-02 5.026845301210323100e+02 6.069052417869187366e-01 6.496259759676877021e-02 -2.217822765463821333e-06 -3.034527571958438030e-01 -1.262473339115799398e-02 -3.034526208934593683e-01 -1.321340827977075805e-02
1.841833234840586087e-01 -4.954905762022184662e-02 -1.800767550294811770e+02 -2.537653472598184408e+02 -4.946630853239394193e-02 -2.355625660545144910e+02 3.827539109753433366e-02 3.827539109753433366e-02 5.075306945196368815e+02 6.134703989995398121e-01 6.418310346421808588e-02 -2.173269551934822185e-06 -3.067353347302197442e-01 -1.204181098387115990e-02 -3.067351994997699061e-01 -1.324972385964882406e-02
1.863160668245262552e-01 -4.899599890904113991e-02 -1.841684304851880256e+02 -2.562314017728048725e+02 -4.891406187162865987e-02 -2.382019862506956542e+02 3.782322864421674286e-02 3.782322864421674286e-02 5.124628035456097450e+02 6.201498461290753106e-01 6.341688653728051739e-02 -2.130386390153910904e-06 -3.100750572129190030e-01 -1.147712974593004080e-02 -3.100749230645376553e-01 -1.329087854494167414e-02
1.884735056031508760e-01 -4.844031039173545689e-02 -1.881807825784359522e+02 -2.587114271806324268e+02 -4.835920267969284758e-02 -2.408410264208489480e+02 3.737176073575081831e-02 3.737176073575081831e-02 5.174228543612648537e+02 6.268409942523301970e-01 6.265270933695137046e-02 -2.089526776948123155e-06 -3.134206301364478864e-01 -1.096065267288589586e-02 -3.134204971261650985e-01 -1.333939515824653956e-02
1.906559260715589843e-01 -4.787230233468518781e-02 -1.919858668817753653e+02 -2.611738294263051898e+02 -4.779206152932490709e-02 -2.434345737039313065e+02 3.691435051513770882e-02 3.691435051513770882e-02 5.223476588526103797e+02 6.334344856696304538e-01 6.187971550542440552e-02 -2.050818862621265571e-06 -3.167173746089623210e-01 -1.052075778081899317e-02 -3.167172428348152269e-01 -1.339743518152921101e-02
1.928636176736660823e-01 -4.728478439616953105e-02 -1.954709896528997888e+02 -2.635936188425326350e+02 -4.720546305767292505e-02 -2.459452261610436494e+02 3.644611698522311205e-02 3.644611698522311205e-02 5.271872376850652699e+02 6.398402922513855007e-01 6.108993691892895816e-02 -2.014561474273126153e-06 -3.199202765346341737e-01 -1.018218029791921782e-02 -3.199201461256927503e-01 -1.346698150473782732e-02
1.950968731147262325e-01 -4.667176122006605476e-02 -1.985333826017478032e+02 -2.659461018874631577e+02 -4.659342398502243354e-02 -2.483373100406562060e+02 3.596290345773847652e-02 3.596290345773847652e-02 5.318922037749263154e+02 6.459717959668224152e-01 6.027655609799092290e-02 -1.980755959221924500e-06 -3.229860268737664297e-01 -9.965752378266671055e-03 -3.229858979834112076e-01 -1.354950239249947709e-02
1.973559884332074243e-01 -4.602900408268628674e-02 -2.010879689159739314e+02 -2.682095898535274046e+02 -4.595172365542841975e-02 -2.505802683512613669e+02 3.546170100556926552e-02 3.546170100556926552e-02 5.364191797070548091e+02 6.517542930827825431e-01 5.943461046913912221e-02 -1.949443315353983565e-06 -3.258772737442814926e-01 -9.887118075936130943e-03 -3.258771465413912716e-01 -1.364591993953659377e-02
1.996412630755972917e-01 -4.535444209707649443e-02 -2.030740138614003456e+02 -2.703675833574126273e+02 -4.527829451239038377e-02 -2.526514516052763497e+02 3.494092698034378941e-02 3.494092698034378941e-02 5.407351667148252545e+02 6.571318542679449592e-01 5.856145177556008191e-02 -1.920514415750985722e-06 -3.285660524752107570e-01 -9.955499093460813340e-03 -3.285659271339724796e-01 -1.375655541434570375e-02
2.019529999742481485e-01 -4.464810851398559599e-02 -2.044587143838131738e+02 -2.724089803895913064e+02 -4.457316849372927603e-02 -2.545368258127971330e+02 3.440037610237257903e-02 3.440037610237257903e-02 5.448179607791826129e+02 6.620688663086272685e-01 5.765666165598664489e-02 -1.893779482790560078e-06 -3.310345564644598948e-01 -1.017277427067927315e-02 -3.310344331543136343e-01 -1.388102165754692349e-02
2.042915056283730046e-01 -4.391238061431535639e-02 -2.052393591159145103e+02 -2.743295584792293766e+02 -4.383871706863769202e-02 -2.562325141059786233e+02 3.384127802958940973e-02 3.384127802958940973e-02 5.486591169584587533e+02 6.665525822068187889e-01 5.672210676435626014e-02 -1.868971121384784174e-06 -3.332764122271898444e-01 -1.053318968897019349e-02 -3.332762911034093944e-01 -1.401822777553100689e-02
2.066570901883068301e-01 -4.315125626387425473e-02 -2.054477273952306291e+02 -2.761335241915545566e+02 -4.307892727067894056e-02 -2.577467286037661438e+02 3.326638724507940958e-02 3.326638724507940958e-02 5.522670483831091133e+02 6.706039961456508047e-01 5.576229951217568509e-02 -1.845862881767752260e-06 -3.353021168798897000e-01 -1.102417439370837089e-02 -3.353019980728254024e-01 -1.416670328280714673e-02
2.090500675431524180e-01 -4.237091417289685913e-02 -2.051465326505311282e+02 -2.778309888684892144e+02 -4.229996393628822349e-02 -2.590971631934820039e+02 3.267947701829344853e-02 3.267947701829344853e-02 5.556619777369784288e+02 6.742620613387568795e-01 5.478324545491857628e-02 -1.823859231814458433e-06 -3.371311470605130589e-01 -1.162481507962095928e-02 -3.371310306693784398e-01 -1.432407707942416446e-02
2.114707554119327759e-01 -4.157852838275991059e-02 -2.044286787883361569e+02 -2.794389780087183226e+02 -4.150898407811715041e-02 -2.603117120743199848e+02 3.208530051992988102e-02 3.208530051992988102e-02 5.588779560174366452e+02 6.775936433318647811e-01 5.379266189315603380e-02 -1.802600546769151421e-06 -3.387969355797507132e-01 -1.230845514386662461e-02 -3.387968216659323906e-01 -1.448764868364482358e-02
2.139194754383765829e-01 -4.078305928576653194e-02 -2.034121306209043496e+02 -2.809800250353570732e+02 -4.071492971176123715e-02 -2.614265464109026880e+02 3.148923034534246990e-02 3.148923034534246990e-02 5.619600500707141464e+02 6.806786611586569391e-01 5.279905873009180933e-02 -1.781964004074492441e-06 -3.403394419944872906e-01 -1.304190979860268655e-02 -3.403393305793284696e-01 -1.465399412764547583e-02
2.163965532894668586e-01 -3.999259122315500237e-02 -2.022355131062191447e+02 -2.824811881630091648e+02 -3.992586528912009380e-02 -2.624846476747153474e+02 3.089699293685324588e-02 3.089699293685324588e-02 5.649623763260183296e+02 6.836242685561796373e-01 5.181187290873034978e-02 -1.761097303252014772e-06 -3.418122432168672620e-01 -1.379059127519421946e-02 -3.418121342780898186e-01 -1.481999050047716655e-02
2.189023187578879315e-01 -3.921542598977073579e-02 -2.010458464079520979e+02 -2.839690780035704734e+02 -3.915007431268578697e-02 -2.635298851786520231e+02 3.031392045402041269e-02 3.031392045402041269e-02 5.679381560071409467e+02 6.865333544690637169e-01 5.083969803848648050e-02 -1.739759160997014457e-06 -3.432667837591160676e-01 -1.451708330355882225e-02 -3.432666772345318584e-01 -1.498201614342336944e-02
2.214371058685107307e-01 -3.845967251771770234e-02 -1.999919879777222036e+02 -2.854701158153844176e+02 -3.839564935578076987e-02 -2.646062473966267135e+02 2.974488042215245667e-02 2.974488042215245667e-02 5.709402316307688352e+02 6.895045391115128819e-01 4.989024617275950729e-02 -1.717772081478131822e-06 -3.447523737637096519e-01 -1.518327780199351870e-02 -3.447522695557564409e-01 -1.513626702527803500e-02
2.240012529890602622e-01 -3.773155664050093644e-02 -1.992214450611361656e+02 -2.870115488612373724e+02 -3.766880118599152949e-02 -2.657581998329786757e+02 2.919434054049047447e-02 2.919434054049047447e-02 5.740230977224747448e+02 6.926481735396444739e-01 4.897090010466912530e-02 -1.694541731251267782e-06 -3.463241887913337536e-01 -1.575566879334035914e-02 -3.463240867698222369e-01 -1.527984032689041170e-02
2.265951029451156729e-01 -3.703721070391054193e-02 -1.988689957269386070e+02 -2.886257304546438149e+02 -3.697564941193234173e-02 -2.670325016572874688e+02 2.866658339534390587e-02 2.866658339534390587e-02 5.772514609092876299e+02 6.960788165335372035e-01 4.808869513578978294e-02 -1.670086319687157949e-06 -3.480395082579932353e-01 -1.620748859238670819e-02 -3.480394082667686018e-01 -1.541091041845127178e-02
2.292190031395979766e-01 -3.638024561144108382e-02 -1.990362796542337378e+02 -2.903270923411179751e+02 -3.631979901757996509e-02 -2.684562213562751367e+02 2.816339695794141396e-02 2.816339695794141396e-02 5.806541846822359503e+02 6.998526577886350353e-01 4.724630601788256529e-02 -1.644347355526608871e-06 -3.499264270241252972e-01 -1.651319547565759105e-02 -3.499263288943175176e-01 -1.552674248030676274e-02
2.318733056769064771e-01 -3.576370122036526961e-02 -1.998153413057248997e+02 -2.921467824086214478e+02 -3.570428306758519077e-02 -2.700687346856934710e+02 2.768761519078264538e-02 2.768761519078264538e-02 5.842935648172428955e+02 7.040747635377638813e-01 4.644864234723006247e-02 -1.617355147827710428e-06 -3.520374782182294493e-01 -1.666265253896099044e-02 -3.520373817688819407e-01 -1.562779796776448543e-02
2.345583674918724215e-01 -3.518715211246150470e-02 -2.012330587934247887e+02 -2.940920753824910889e+02 -3.512867878091194274e-02 -2.718800428664839615e+02 2.723881161362410458e-02 2.723881161362410458e-02 5.881841507649821779e+02 7.087668159884759067e-01 4.569495681641477097e-02 -1.589259776263992813e-06 -3.543835029372323087e-01 -1.665371257252834525e-02 -3.543834079942379534e-01 -1.571416387959708935e-02
2.372745504837023289e-01 -3.464966826622110918e-02 -2.033036617381724511e+02 -2.961736880107623620e+02 -3.459205927282361231e-02 -2.739010848160896217e+02 2.681662102954420271e-02 2.681662102954420271e-02 5.923473760215247239e+02 7.139584064909233474e-01 4.498475068065044963e-02 -1.560317074311271703e-06 -3.569792968476078188e-01 -1.649117282624869285e-02 -3.569792032454616737e-01 -1.578710412015210326e-02
2.400222216550938759e-01 -3.414754717278203899e-02 -2.059790612107899506e+02 -2.983936053272409481e+02 -3.409073095102088669e-02 -2.761262989468742148e+02 2.641906359305441418e-02 2.641906359305441418e-02 5.967872106544818962e+02 7.196432453043593025e-01 4.431498753160550280e-02 -1.530852061519611606e-06 -3.598217150575469536e-01 -1.619718534275014360e-02 -3.598216226521796512e-01 -1.584978387573080655e-02
2.428017532567119940e-01 -3.367544051489591850e-02 -2.091758724928346567e+02 -3.007395243516101573e+02 -3.361935819460686037e-02 -2.785330974929216268e+02 2.604267856514787260e-02 2.604267856514787260e-02 6.014790487032203146e+02 7.257688225898581980e-01 4.368007970908147075e-02 -1.501221210786577228e-06 -3.628845026191170331e-01 -1.579782316115894980e-02 -3.628844112949290990e-01 -1.590508544299232968e-02
2.456135229372214401e-01 -3.322642550040261211e-02 -2.127665398888798336e+02 -3.031911279991175547e+02 -3.317103400053844631e-02 -2.810856967904476278e+02 2.568305038294963621e-02 2.568305038294963621e-02 6.063822559982351095e+02 7.322525220859776862e-01 4.307292274083741879e-02 -1.471822470551116289e-06 -3.661263513665503622e-01 -1.532975339036338029e-02 -3.661262610429888431e-01 -1.595689840659847772e-02
2.484579138990820613e-01 -3.279232973976366899e-02 -2.165912086035315269e+02 -3.057159474758420856e+02 -3.273760409285905726e-02 -2.837334915484398152e+02 2.533478762046002461e-02 2.533478762046002461e-02 6.114318949516841712e+02 7.389740633303850670e-01 4.248477226714517802e-02 -1.443017424047351775e-06 -3.694871210295169184e-01 -1.483413847784592621e-02 -3.694870316651925335e-01 -1.600907458132056621e-02
2.513353150603189201e-01 -3.236497877381566690e-02 -2.204729550019727924e+02 -3.082786849216538485e+02 -3.231091188465222419e-02 -2.864209974215611396e+02 2.499252229659587946e-02 2.499252229659587946e-02 6.165573698433076970e+02 7.458019523935752737e-01 4.190693140754908619e-02 -1.415169105418389881e-06 -3.729010646047778987e-01 -1.435510725659139633e-02 -3.729009761967876369e-01 -1.606569580922701662e-02
2.542461212224925715e-01 -3.193669873698732481e-02 -2.242315751038310054e+02 -3.108425315026115641e+02 -3.188330001006824121e-02 -2.890909971934013356e+02 2.465120183223846323e-02 2.465120183223846323e-02 6.216850630052231281e+02 7.526003854332347087e-01 4.133120930115750241e-02 -1.388517438561323300e-06 -3.763002801359558447e-01 -1.393595136043992988e-02 -3.763001927166173544e-01 -1.613063931892188413e-02
2.571907332451009442e-01 -3.150062002995151350e-02 -2.276899575800810851e+02 -3.133670150448010077e+02 -3.144791391315292922e-02 -2.916837245781086381e+02 2.430601200932787712e-02 2.430601200932787712e-02 6.267340300896020153e+02 7.592224249140538950e-01 4.074969114186203362e-02 -1.363401167892035852e-06 -3.796112988239478403e-01 -1.361467614290047534e-02 -3.796112124570269475e-01 -1.620679086874479702e-02
2.601695582266588258e-01 -3.105138508994360197e-02 -2.307004456935104599e+02 -3.158214418431176682e+02 -3.099940628465015433e-02 -2.941518583603549928e+02 2.395359653839667854e-02 2.395359653839667854e-02 6.316428836862353364e+02 7.655587448981996390e-01 4.015700117828417681e-02 -1.339784748648035065e-06 -3.827794576786425762e-01 -1.342411959549577767e-02 -3.827793724490998195e-01 -1.629697342064980597e-02
2.631830096927088580e-01 -3.058575102493150261e-02 -2.331494095625672855e+02 -3.181788395203357140e+02 -3.053454093943282210e-02 -2.964562266648755440e+02 2.359157447486091158e-02 2.359157447486091158e-02 6.363576790406714281e+02 7.715121692498646544e-01 3.954918660602687458e-02 -1.317752689898809018e-06 -3.857561686188672456e-01 -1.338487931301876946e-02 -3.857560846249323272e-01 -1.640242317645880521e-02
2.662315077910339389e-01 -3.010232861881223174e-02 -2.349687804839651903e+02 -3.204204691633163975e+02 -3.005193079098383152e-02 -2.985712418172295770e+02 2.321887000724458944e-02 2.321887000724458944e-02 6.408409383266327950e+02 7.770192110606736202e-01 3.892444263333900284e-02 -1.297234649640355908e-06 -3.885096881872444063e-01 -1.350582923736700670e-02 -3.885096055303368101e-01 -1.652326862446673247e-02
2.693154794943486419e-01 -2.960165302100034937e-02 -2.361419820901390381e+02 -3.225357218049493895e+02 -2.955210879612324079e-02 -3.004857024575757123e+02 2.283563835766800817e-02 2.283563835766800817e-02 6.450714436098987790e+02 7.820498324859571637e-01 3.828294654600103430e-02 -1.277998978949245029e-06 -3.910249974677721951e-01 -1.378227805269825051e-02 -3.910249162429785819e-01 -1.665825318695637186e-02
2.724353588107667479e-01 -2.908597407585359479e-02 -2.367078048401387775e+02 -3.245230508485735754e+02 -2.903731842554642395e-02 -3.022041396588609246e+02 2.244323265835336187e-02 2.244323265835336187e-02 6.490461016971471508e+02 7.866126302143642279e-01 3.762684383562991258e-02 -1.259814543758338981e-06 -3.933063948202966120e-01 -1.419595788375128259e-02 -3.933063151071821140e-01 -1.680483046932980395e-02
2.755915870023522563e-01 -2.855999914334268405e-02 -2.367582951376755602e+02 -3.263937028436013748e+02 -2.851225713631381359e-02 -3.037495683351712046e+02 2.204426799087459352e-02 2.204426799087459352e-02 6.527874056872027495e+02 7.907529827523852584e-01 3.696019040528432387e-02 -1.242541354834269692e-06 -3.953765695205384012e-01 -1.471545020783815091e-02 -3.953764913761926292e-01 -1.695919268807280153e-02
2.787846128120783917e-01 -2.802870239736242677e-02 -2.364324303456207872e+02 -3.281700101810467345e+02 -2.798188591409156434e-02 -3.051611374166362225e+02 2.164230571483872004e-02 2.164230571483872004e-02 6.563400203620934690e+02 7.945698057559911209e-01 3.628886881661971819e-02 -1.225496776075611574e-06 -3.972849794261625322e-01 -1.530305532254763214e-02 -3.972849028779955605e-01 -1.711760187449695367e-02
2.820148926995356131e-01 -2.749922722783020371e-02 -2.359105014118337635e+02 -3.298856352727559624e+02 -2.745333331669327220e-02 -3.064934904047767645e+02 2.124168915086508888e-02 2.124168915086508888e-02 6.597712705455119249e+02 7.981859387758069024e-01 3.561978366539504670e-02 -1.208656692849049510e-06 -3.990930443447781029e-01 -1.591017037936618209e-02 -3.990929693879034512e-01 -1.727515146046019676e-02
2.852828910857473921e-01 -2.697834613366221351e-02 -2.353875074044916005e+02 -3.315822658295895167e+02 -2.693335673260147806e-02 -3.078100686288593693e+02 2.084698366713109985e-02 2.084698366713109985e-02 6.631645316591790333e+02 8.017545898740680022e-01 3.496037640828303372e-02 -1.191521606959999370e-06 -4.008773683399562415e-01 -1.649002520752844772e-02 -4.008772949370340011e-01 -1.742777402458101435e-02
2.885890806074701276e-01 -2.647276454727027703e-02 -2.350657243287692779e+02 -3.333066339192563987e+02 -2.642864725363881090e-02 -3.091795489800692849e+02 2.046269375321917508e-02 2.046269375321917508e-02 6.666132678385127974e+02 8.054412912450680251e-01 3.431798330295747490e-02 -1.173998591506581793e-06 -4.027207175390936089e-01 -1.699688720640787909e-02 -4.027206456225340125e-01 -1.757178621935026261e-02
2.919339423813749335e-01 -2.598784186187158216e-02 -2.351229823756073642e+02 -3.351014829702302791e+02 -2.594455306854312471e-02 -3.106636724512978844e+02 2.009245920205138952e-02 2.009245920205138952e-02 6.702029659404605582e+02 8.093956493326995849e-01 3.369854691898374610e-02 -1.155930175123152345e-06 -4.046978951873858588e-01 -1.739318730710985583e-02 -4.046978246663497925e-01 -1.770441678522619369e-02
2.953179662785284654e-01 -2.552714493565501688e-02 -2.356971725999347598e+02 -3.370008581618359926e+02 -2.548463385198898590e-02 -3.123110547061432953e+02 1.973873863716726906e-02 1.973873863716726906e-02 6.740017163236719853e+02 8.137361017116621076e-01 3.310609459667798737e-02 -1.137211010905120999e-06 -4.068681200866882119e-01 -1.765257461141038139e-02 -4.068680508558310538e-01 -1.782397437387370914e-02
2.987416512096145449e-01 -2.509202452396022687e-02 -2.368693571712533696e+02 -3.390250143331651316e+02 -2.505023799275977667e-02 -3.141504733166726737e+02 1.940250965381675255e-02 1.940250965381675255e-02 6.780500286663302631e+02 8.185333958402325472e-01 3.254224442448325899e-02 -1.117891192610736956e-06 -4.092667659703811966e-01 -1.776282213929438955e-02 -4.092666979201162736e-01 -1.792996929127967445e-02
3.022055054213609870e-01 -2.468167512795223228e-02 -2.386556890119167917e+02 -3.411797144852096721e+02 -2.464056233095651693e-02 -3.161890823509285724e+02 1.908331566630337706e-02 1.908331566630337706e-02 6.823594289704193443e+02 8.238064533665792055e-01 3.200628400085667874e-02 -1.098098359493643809e-06 -4.119032936567250669e-01 -1.772755359362326172e-02 -4.119032266832896028e-01 -1.802329215490584488e-02
3.057100468046610175e-01 -2.429346435805608204e-02 -2.410071334855784357e+02 -3.434579420937657801e+02 -2.425298079727362596e-02 -3.184137784700138809e+02 1.877950317984848280e-02 1.877950317984848280e-02 6.869158841875315602e+02 8.295261108704450326e-01 3.149556282120117429e-02 -1.078005419586557778e-06 -4.147631214211970896e-01 -1.756609611446232830e-02 -4.147630554352225163e-01 -1.810626196650885408e-02
3.092558032149080871e-01 -2.392340559892343343e-02 -2.438163638823002941e+02 -3.458424876056132575e+02 -2.388351602125301371e-02 -3.207943588031244531e+02 1.848854082512657940e-02 1.848854082512657940e-02 6.916849752112265151e+02 8.356228924889520515e-01 3.100601244979392726e-02 -1.057867994938534752e-06 -4.178115113116646073e-01 -1.731138053314774938e-02 -4.178114462444760258e-01 -1.818246021420146311e-02
3.128433128050897571e-01 -2.356667000119461869e-02 -2.469305645471209516e+02 -3.483083735693925860e+02 -2.352735015275428040e-02 -3.232874298626645100e+02 1.820734648281125204e-02 1.820734648281125204e-02 6.966167471387851720e+02 8.419961454368154463e-01 3.053267306969229336e-02 -1.037943917814986736e-06 -4.209981369110903371e-01 -1.700619853097411899e-02 -4.209980727184077232e-01 -1.825634699133622807e-02
3.164731243722186393e-01 -2.321797658717235369e-02 -2.501653701518743844e+02 -3.508236417836837973e+02 -2.317921402262199809e-02 -3.258391397928710944e+02 1.793251213720888082e-02 1.793251213720888082e-02 7.016472835673675945e+02 8.485197508203276007e-01 3.007004590633919824e-02 -1.018509302426796544e-06 -4.242599387467473337e-01 -1.669868560543434285e-02 -4.242598754101638003e-01 -1.833269831838693978e-02
3.201457977177106229e-01 -2.287203557705516990e-02 -2.533251844174145901e+02 -3.533503702845990233e+02 -2.283382937750446859e-02 -3.283890538489990831e+02 1.766056433756345301e-02 1.766056433756345301e-02 7.067007405691980466e+02 8.550504637531941565e-01 2.961250359787261088e-02 -9.997887250365799798e-07 -4.275252943507037440e-01 -1.643632673885326440e-02 -4.275252318765970783e-01 -1.841587374032561258e-02
3.238619040223564838e-01 -2.252400470646181291e-02 -2.562231625495406320e+02 -3.558468601636100743e+02 -2.248636418175519597e-02 -3.308749413137901456e+02 1.738824017817947390e-02 1.738824017817947390e-02 7.116937203272201486e+02 8.614384975454482118e-01 2.915472833359316826e-02 -9.819267056410460395e-07 -4.307193103565594150e-01 -1.626037415746811252e-02 -4.307192487727241059e-01 -1.850918694513551538e-02
3.276220262365698299e-01 -2.217010970032497544e-02 -2.587045583688208126e+02 -3.582739858979243763e+02 -2.213305182693078854e-02 -3.332414886107400207e+02 1.711292845193075271e-02 1.711292845193075271e-02 7.165479717958487527e+02 8.675490027969210427e-01 2.869243935800052173e-02 -9.649816982194367703e-07 -4.337745620487083453e-01 -1.620134523572232949e-02 -4.337745013984605214e-01 -1.861464001140851476e-02
3.314267594866351918e-01 -2.180826890947373115e-02 -2.606718231666408201e+02 -3.606027467543721059e+02 -2.177181450120963674e-02 -3.354502618658623874e+02 1.683311227956914638e-02 1.683311227956914638e-02 7.212054935087442118e+02 8.732866056993608961e-01 2.822312238642970747e-02 -9.489285610241565150e-07 -4.366433625159273912e-01 -1.627393553238951074e-02 -4.366433028496804480e-01 -1.873262817749854134e-02
3.352767114977224239e-01 -2.143841063682701623e-02 -2.620969853048416667e+02 -3.628212034362820759e+02 -2.140258003543948559e-02 -3.374872614505873685e+02 1.654862867828196110e-02 1.654862867828196110e-02 7.256424068725641519e+02 8.786148764218102425e-01 2.774646952544649464e-02 -9.337072865939338012e-07 -4.393074968447300277e-01 -1.647642768736784155e-02 -4.393074382109051212e-01 -1.886221610967157500e-02
3.391725030344788228e-01 -2.106231840829235480e-02 -2.630259048285068388e+02 -3.649348018699429304e+02 -2.102712751264088770e-02 -3.393638245950276655e+02 1.626056585054360196e-02 1.626056585054360196e-02 7.298696037398858607e+02 8.835585451822464131e-01 2.726421244614441255e-02 -9.190715509082917942e-07 -4.417793301544604145e-01 -1.679022239954542153e-02 -4.417792725911232066e-01 -1.900110981386859965e-02
3.431147683600613840e-01 -2.068326334557289356e-02 -2.635708889199710825e+02 -3.669652591555565095e+02 -2.064872051116007495e-02 -3.411146048759139262e+02 1.597102737637749389e-02 1.597102737637749389e-02 7.339305183111130191e+02 8.881989552369947694e-01 2.677974245354351746e-02 -9.049371973911698193e-07 -4.440995340900443789e-01 -1.718272138720305237e-02 -4.440994776184973847e-01 -1.914599886428362124e-02
3.471041557145203571e-01 -2.030521305560957154e-02 -2.638911799452859555e+02 -3.689422270931402181e+02 -2.027131765066632688e-02 -3.427877999552595725e+02 1.568256421962039085e-02 1.568256421962039085e-02 7.378844541862804363e+02 8.926493263760023611e-01 2.629717186075121102e-02 -8.910108545318719029e-07 -4.463247185662838623e-01 -1.761117084585626588e-02 -4.463246631880011805e-01 -1.929266366175381303e-02
3.511413278135046556e-01 -1.993222422176788716e-02 -2.641694244351431848e+02 -3.708987684165077781e+02 -1.989896653569281013e-02 -3.444379126008228695e+02 1.539778959787869474e-02 1.539778959787869474e-02 7.417975368330155561e+02 8.970378883634491096e-01 2.582071523813676134e-02 -8.771392535786630730e-07 -4.485189984851832290e-01 -1.802910806044310393e-02 -4.485189441817245548e-01 -1.943661551868145973e-02
3.552269623683166344e-01 -1.956797567270064653e-02 -2.645870861731675632e+02 -3.728683876634011085e+02 -1.953533790640126985e-02 -3.461196318601570852e+02 1.511909154219141273e-02 1.511909154219141273e-02 7.457367753268022170e+02 9.014939279773298564e-01 2.535423099087793369e-02 -8.631267971804798000e-07 -4.507470172532901942e-01 -1.839296341678701985e-02 -4.507469639886649282e-01 -1.957381421392472010e-02
3.593617526284103025e-01 -1.921557220044690581e-02 -2.653045992697713018e+02 -3.748858417733859483e+02 -1.918352998894206837e-02 -3.478855306468336721e+02 1.484854666526467040e-02 1.484854666526467040e-02 7.497716835467718965e+02 9.061438319684166354e-01 2.490109780425545094e-02 -8.488817062096160472e-07 -4.530719682597953990e-01 -1.866818305199408057e-02 -4.530719159842083177e-01 -1.970150135366899660e-02
3.635464079474923782e-01 -1.887713531022160857e-02 -2.664377845141997341e+02 -3.769827852087847759e+02 -1.884566009697441133e-02 -3.497789577453168022e+02 1.458764647466643215e-02 1.458764647466643215e-02 7.539655704175695519e+02 9.110942130607021516e-01 2.446376936932365825e-02 -8.343885328587974054e-07 -4.555471578749769046e-01 -1.883441727163554305e-02 -4.555471065303510758e-01 -1.981865387131265602e-02
3.677816543744624189e-01 -1.855352323754480906e-02 -2.680415814106737571e+02 -3.791828115193350186e+02 -1.852258517499428062e-02 -3.518275279462270078e+02 1.433708751989102095e-02 1.433708751989102095e-02 7.583656230386700372e+02 9.164157035265889650e-01 2.404342454313565525e-02 -8.197033348123446041e-07 -4.582079022368276688e-01 -1.888822659988343214e-02 -4.582078517632944825e-01 -1.992608214574108708e-02
3.720682352705040330e-01 -1.824385537710572491e-02 -2.700919910478601764e+02 -3.814906809570622386e+02 -1.821342703586725092e-02 -3.540315648081235054e+02 1.409639353686425317e-02 1.409639353686425317e-02 7.629813619141244772e+02 9.221131451305882853e-01 2.363933033242337708e-02 -8.049381841815569961e-07 -4.610566222215954912e-01 -1.884439301190554694e-02 -4.610565725652941427e-01 -2.002606717798749436e-02
3.764069119537250541e-01 -1.794571807991720072e-02 -2.724933313727374298e+02 -3.838900392555555072e+02 -1.791577758186055705e-02 -3.563633105200272553e+02 1.386401440217582652e-02 1.386401440217582652e-02 7.677800785111110144e+02 9.281222427791576690e-01 2.324898850150846491e-02 -7.902432739595374799e-07 -4.640611702701795682e-01 -1.873185242394030670e-02 -4.640611213895788345e-01 -2.012169527768003716e-02
3.807984643728344887e-01 -1.765560838487799031e-02 -2.750918924731595894e+02 -3.863465266816625103e+02 -1.762614155411364528e-02 -3.587715245482289674e+02 1.363762552562597201e-02 1.363762552562597201e-02 7.726930533633250207e+02 9.343205704944795853e-01 2.286862367227345677e-02 -7.757612681846762113e-07 -4.671603333771208177e-01 -1.858986874149979804e-02 -4.671602852472397926e-01 -2.021649682482520860e-02
3.852436918114409137e-01 -1.736991506111131706e-02 -2.777104899421975119e+02 -3.888211579523335217e+02 -1.734091556607053955e-02 -3.611976521763814389e+02 1.341482449082083937e-02 1.341482449082083937e-02 7.776423159046670435e+02 9.405679498987888909e-01 2.249433184825646442e-02 -7.616224250801687787e-07 -4.702840223367927841e-01 -1.846119102473358850e-02 -4.702839749493944455e-01 -2.031418687968735218e-02
3.897434136246625269e-01 -1.708561588026323227e-02 -2.801815049183819042e+02 -3.912796194595242696e+02 -1.705708388768311171e-02 -3.635884102262393185e+02 1.319360837033114325e-02 1.319360837033114325e-02 7.825592389190485392e+02 9.467372260027892006e-01 2.212286110095762481e-02 -7.479439145312555932e-07 -4.733686596407173375e-01 -1.838460274247121981e-02 -4.733686130013946003e-01 -2.041813625142299693e-02
3.942984700098489670e-01 -1.680065630626271025e-02 -2.823738239146518367e+02 -3.936967470511196439e+02 -1.677259630139264768e-02 -3.659034981311608590e+02 1.297261365850684196e-02 1.297261365850684196e-02 7.873934941022392877e+02 9.527323600829963324e-01 2.175199697324828318e-02 -7.347926494643490249e-07 -4.763662259180653225e-01 -1.838851330116136884e-02 -4.763661800414981662e-01 -2.053075998788617129e-02
3.989097228133372530e-01 -1.651402467701196947e-02 -2.842138601237078319e+02 -3.960552295115131187e+02 -1.648644304002001848e-02 -3.681176765292233881e+02 1.275112540980246484e-02 1.275112540980246484e-02 7.921104590230262374e+02 9.584917121060333445e-01 2.138056202357044994e-02 -7.221660151770234383e-07 -4.792459011485347697e-01 -1.848492686641544161e-02 -4.792458560530166722e-01 -2.065268495579180436e-02
4.035780563752937589e-01 -1.622551163468581928e-02 -2.856828533643898709e+02 -3.983424066618366624e+02 -1.619841474052636371e-02 -3.702177310404231321e+02 1.252890734288376190e-02 1.252890734288376190e-02 7.966848133236733247e+02 9.639801007479482653e-01 2.100813604421127717e-02 -7.099972032332003432e-07 -4.819900946709220757e-01 -1.867006856629861711e-02 -4.819900503739741326e-01 -2.078269425542458512e-02
4.083043784148320254e-01 -1.593603417313538620e-02 -2.868335704948809166e+02 -4.005585704394586060e+02 -1.590942594213062486e-02 -3.722117948574476713e+02 1.230645910811571479e-02 1.230645910811571479e-02 8.011171408789172119e+02 9.692127526081319999e-01 2.063548971933069909e-02 -6.981714216406226951e-07 -4.846064197909690785e-01 -1.892312077333301729e-02 -4.846063763040660000e-01 -2.091798754236131458e-02
4.130896209577493150e-01 -1.564754357837890714e-02 -2.877795169577275374e+02 -4.027218055470228251e+02 -1.562142339134617829e-02 -3.741317145170452818e+02 1.208500956883441953e-02 1.208500956883441953e-02 8.054436110940456501e+02 9.742633308691704963e-01 2.026459410695471974e-02 -6.865632757666029304e-07 -4.871317081101754209e-01 -1.921173596053215790e-02 -4.871316654345852482e-01 -2.105514802016927520e-02
4.179347413093837948e-01 -1.536266201995935103e-02 -2.886731583463919151e+02 -4.048668292126646975e+02 -1.533702350869137546e-02 -3.760288382966095355e+02 1.186629748143224090e-02 1.186629748143224090e-02 8.097336584253293950e+02 9.792550216924085227e-01 1.989827262952174186e-02 -6.750657931918129483e-07 -4.896275527215548373e-01 -1.949899753297137592e-02 -4.896275108462042613e-01 -2.119100735014052550e-02
4.228407230752709856e-01 -1.508395958579252655e-02 -2.896740587693519728e+02 -4.070329572611811386e+02 -1.505879088751696515e-02 -3.779593568847531628e+02 1.165205428622564411e-02 1.165205428622564411e-02 8.140659145223622772e+02 9.843239146217100943e-01 1.953934703068262516e-02 -6.635964435098086970e-07 -4.921619984086119670e-01 -1.974951896993001887e-02 -4.921619573108550472e-01 -2.132286509452919684e-02
4.278085772324675129e-01 -1.481307377888872387e-02 -2.909034389998872712e+02 -4.092473068337587847e+02 -1.478835957554985349e-02 -3.799636966123866841e+02 1.144337487673331363e-02 1.144337487673331363e-02 8.184946136675175694e+02 9.895675217297029702e-01 1.918959859314988553e-02 -6.521033719405392654e-07 -4.947838012149187170e-01 -1.993795103274105876e-02 -4.947837608648514851e-01 -2.144878722930794457e-02
4.328393432546101538e-01 -1.455053142469088165e-02 -2.924245693585629056e+02 -4.115209387629809044e+02 -1.452625534852767034e-02 -3.820604150957624938e+02 1.124060184567761585e-02 1.124060184567761585e-02 8.230418775259618087e+02 9.950301474881245722e-01 1.884958106212116999e-02 -6.405689510600904010e-07 -4.975151133785165602e-01 -2.005289779006508982e-02 -4.975150737440622861e-01 -2.156791302869435004e-02
4.379340902940035973e-01 -1.429600749670862161e-02 -2.942387465573663690e+02 -4.138552699434299598e+02 -1.427215406005323019e-02 -3.842508711443409766e+02 1.104354024507846546e-02 1.104354024507846546e-02 8.277105398868599195e+02 1.000716176907978872e+00 1.851898557726314176e-02 -6.290359312914171690e-07 -5.003581274027902870e-01 -2.009917252034178897e-02 -5.003580884539894358e-01 -2.168103771115531195e-02
4.430939184242643214e-01 -1.404868329316482853e-02 -2.962940003517488776e+02 -4.162491621003600812e+02 -1.402523908029541626e-02 -3.865263549435860000e+02 1.085171753500661571e-02 1.085171753500661571e-02 8.324983242007201625e+02 1.006608505309252166e+00 1.819707121127871197e-02 -6.175791508533115680e-07 -5.033042909427918321e-01 -2.009625442241071494e-02 -5.033042526546260831e-01 -2.179072818203735620e-02
4.483199599473071673e-01 -1.380717717669908452e-02 -2.984918021471568750e+02 -4.186917157089325769e+02 -1.378413199451763646e-02 -3.888631673367983694e+02 1.066428128211688135e-02 1.066428128211688135e-02 8.373834314178651539e+02 1.012654071113601395e+00 1.788247769573184098e-02 -6.062973641090002128e-07 -5.063270732020400677e-01 -2.007316920725524603e-02 -5.063270355568006975e-01 -2.190029401868129680e-02
4.536133807687419139e-01 -1.356966906014367598e-02 -3.007043168984437216e+02 -4.211587018530380533e+02 -1.354701671389477342e-02 -3.912222670407180658e+02 1.048003583673079095e-02 1.048003583673079095e-02 8.423174037060761066e+02 1.018760516290787788e+00 1.757326775014607725e-02 -5.952695804124842081e-07 -5.093802951567887316e-01 -2.006182184591724302e-02 -5.093802581453938938e-01 -2.201273704758385102e-02
4.589753818460465817e-01 -1.333416100183518541e-02 -3.027996785993889830e+02 -4.236130356339087371e+02 -1.331189941302696016e-02 -3.935534406976614150e+02 1.029759557374731321e-02 1.029759557374731321e-02 8.472260712678174741e+02 1.024804801378026653e+00 1.726716858129232965e-02 -5.845324556377869759e-07 -5.124024370672590756e-01 -2.008912522797025660e-02 -5.124024006890133265e-01 -2.212974591627952375e-02
4.644072007142162617e-01 -1.309940904028458405e-02 -3.046872231718971307e+02 -4.260283993687075963e+02 -1.307753860051112660e-02 -3.958214900745729210e+02 1.011608260450353944e-02 1.011608260450353944e-02 8.520567987374151926e+02 1.030700097764660539e+00 1.696273478764451920e-02 -5.740952818197698884e-07 -5.153500846232389465e-01 -2.017131093224357880e-02 -5.153500488823302694e-01 -2.225210318712039781e-02
4.699101130939394855e-01 -1.286531231639204305e-02 -3.063439213920047450e+02 -4.284011417748637882e+02 -1.284383349592170889e-02 -3.980199685560069156e+02 9.935418198197763437e-03 9.935418198197763437e-03 8.568022835497275764e+02 1.036430722911820590e+00 1.665983410728610198e-02 -5.639455675777226636e-07 -5.182153965553005781e-01 -2.031021583867462232e-02 -5.182153614559102950e-01 -2.237978797246958224e-02
4.754854345877428390e-01 -1.263254958233995043e-02 -3.078084985906529027e+02 -4.307418766915470201e+02 -1.261146125101798507e-02 -4.001633947086027661e+02 9.756044776957083914e-03 9.756044776957083914e-03 8.614837533830940401e+02 1.042031529915817822e+00 1.635918210299125083e-02 -5.540432088715002817e-07 -5.210157994151686234e-01 -2.049360618622902280e-02 -5.210157649579089112e-01 -2.251163875984340049e-02
4.811345224699661860e-01 -1.240204791232716458e-02 -3.091588513476935987e+02 -4.330626963812114809e+02 -1.238134674658648501e-02 -4.022733619925134576e+02 9.578534898142098547e-03 9.578534898142098547e-03 8.661253927624229618e+02 1.047552247592899333e+00 1.606169267732412628e-02 -5.443213563894729375e-07 -5.237761576159656318e-01 -2.069900031938102375e-02 -5.237761237964496663e-01 -2.264525343583455308e-02
4.868587775768885573e-01 -1.217471084018822806e-02 -3.104899494243935578e+02 -4.353734703890359583e+02 -1.215439135196233131e-02 -4.043721904389790893e+02 9.403425976407380274e-03 9.403425976407380274e-03 8.707469407780719166e+02 1.053042924543316161e+00 1.576821532531094347e-02 -5.347051088184420290e-07 -5.265214954628395505e-01 -2.089992106670917130e-02 -5.265214622716580806e-01 -2.277764377417606373e-02
4.926596463038225293e-01 -1.195163138941948006e-02 -3.119027226597781350e+02 -4.376955012624462142e+02 -1.193168571637673835e-02 -4.064924908685052856e+02 9.231438319906293960e-03 9.231438319906293960e-03 8.753910025248924285e+02 1.058581607306221084e+00 1.547991800622991812e-02 -5.251502285405580509e-07 -5.292908362304562520e-01 -2.107341904468629235e-02 -5.292908036531105420e-01 -2.290686758509390825e-02
4.985386227165418682e-01 -1.173380875228173699e-02 -3.134789098549459823e+02 -4.400570973722210510e+02 -1.171422704685805803e-02 -4.086697629892048553e+02 9.063286347142273519e-03 9.063286347142273519e-03 8.801141947444421021e+02 1.064256931833735376e+00 1.519798025748338687e-02 -5.156524111258839713e-07 -5.321284978987732561e-01 -2.120601599802472703e-02 -5.321284659168676878e-01 -2.303258409465781809e-02
5.044972507849988519e-01 -1.152146122874695561e-02 -3.152444779865592750e+02 -4.424706188875955490e+02 -1.150223331580312557e-02 -4.109180525718252852e+02 8.899147721858166604e-03 8.899147721858166604e-03 8.849412377751910981e+02 1.070105120332987214e+00 1.492270291415808900e-02 -5.062276247456868954e-07 -5.350525915718062908e-01 -2.129693430573251917e-02 -5.350525601664936071e-01 -2.315535503356301247e-02
5.105371267479359432e-01 -1.131383413578891314e-02 -3.171581389550945005e+02 -4.449217978017662745e+02 -1.129495146355023912e-02 -4.132194535486358973e+02 8.738499985598318504e-03 8.738499985598318504e-03 8.898435956035325489e+02 1.076082198318037753e+00 1.465322932473892871e-02 -4.968959554384756051e-07 -5.380411300032018618e-01 -2.135722314522737336e-02 -5.380410991590188763e-01 -2.327599590191940793e-02
5.166599016177064740e-01 -1.110997825764222999e-02 -3.191455118693358486e+02 -4.473933458996528429e+02 -1.109143435884261085e-02 -4.155486266843278145e+02 8.580707863635071361e-03 8.580707863635071361e-03 8.947866917993056859e+02 1.082127377236243193e+00 1.438852572205561939e-02 -4.876942794326885755e-07 -5.410637189121784152e-01 -2.140605998615201580e-02 -5.410636886181215965e-01 -2.339621247267094709e-02
5.228672838353937147e-01 -1.090919044078614113e-02 -3.211300235257842246e+02 -4.498773582246464002e+02 -1.089098045930675385e-02 -4.178876189305202615e+02 8.425338036534873315e-03 8.425338036534873315e-03 8.997547164492928005e+02 1.088200372738330701e+00 1.412790085186119149e-02 -4.786691546304102920e-07 -5.441002161204681054e-01 -2.146440042361023870e-02 -5.441001863691653506e-01 -2.351835722808804860e-02
5.291610420871656340e-01 -1.071085567958692496e-02 -3.230436046815810300e+02 -4.523645260258447252e+02 -1.069297608501541472e-02 -4.202185952310574066e+02 8.271995641234963434e-03 8.271995641234963434e-03 9.047290520516894503e+02 1.094259982946517828e+00 1.387071840840225709e-02 -4.698483585156756315e-07 -5.471300206863145554e-01 -2.154849058689416522e-02 -5.471299914732589142e-01 -2.364406761810396163e-02
5.355430082937340242e-01 -1.051438308987730566e-02 -3.248388976568639919e+02 -4.548369405722402803e+02 -1.049683146484505988e-02 -4.225197485082071012e+02 8.120243469195875807e-03 8.120243469195875807e-03 9.096738811444805606e+02 1.100251227499917217e+00 1.361625142000752464e-02 -4.612238325979828944e-07 -5.501256424272062961e-01 -2.166488789633658554e-02 -5.501256137499586085e-01 -2.377328783081304048e-02
5.420150807858096220e-01 -1.031956099710800920e-02 -3.265092176128903816e+02 -4.572824129047086217e+02 -1.030233517771356883e-02 -4.247800580748504444e+02 7.969886106346356011e-03 7.969886106346356011e-03 9.145648258094172434e+02 1.106143992109169583e+00 1.336416191756033441e-02 -4.527661535222558107e-07 -5.530720241982998164e-01 -2.180929354860770483e-02 -5.530719960545847913e-01 -2.390481802181981114e-02
5.485792276795617983e-01 -1.012699136147419098e-02 -3.281067578138100203e+02 -4.597168552824887229e+02 -1.011008785551836646e-02 -4.270204130138921528e+02 7.821330625810685860e-03 7.821330625810685860e-03 9.194337105649774458e+02 1.111989342247163171e+00 1.311511389245311777e-02 -4.444529221261752962e-07 -5.559946987388740824e-01 -2.196887507940445058e-02 -5.559946711235815853e-01 -2.403771095371864258e-02
5.552374904673281764e-01 -9.937409601348586724e-03 -3.297048825564765480e+02 -4.621612514268957170e+02 -9.920823316587456392e-03 -4.292690386177294499e+02 7.675076571867481615e-03 7.675076571867481615e-03 9.243225028537914341e+02 1.117856361753973404e+00 1.286992298171703818e-02 -4.362595326246633066e-07 -5.589282079723507657e-01 -2.212702911895544217e-02 -5.589281808769867022e-01 -2.417079733650044290e-02
5.619919878401750113e-01 -9.751158267595112089e-03 -3.313596589857512527e+02 -4.646223232771308176e+02 -9.734883307100013553e-03 -4.315398479376945033e+02 7.531324550612905795e-03 7.531324550612905795e-03 9.292446465542616352e+02 1.123776729498573879e+00 1.262890496406193427e-02 -4.281578130628899710e-07 -5.618883913350819492e-01 -2.226969787178697743e-02 -5.618883647492869393e-01 -2.430258602718723265e-02
5.688449197604026342e-01 -9.568311535530893419e-03 -3.331005675217688236e+02 -4.671008585620079430e+02 -9.552341803099695036e-03 -4.338378984240338241e+02 7.390101743334758812e-03 7.390101743334758812e-03 9.342017171240158859e+02 1.129761078699894172e+00 1.239209571017237284e-02 -4.201336222042616252e-07 -5.648805654370655516e-01 -2.238998300884095100e-02 -5.648805393499470862e-01 -2.443225350085100750e-02
5.757985718037406109e-01 -9.389002480173734566e-03 -3.349382240970569455e+02 -4.696085126082414831e+02 -9.373331694109737072e-03 -4.361743600895104009e+02 7.251530103572241016e-03 7.251530103572241016e-03 9.392170252164829662e+02 1.135839404039404643e+00 1.215970590519229941e-02 -4.122028638081702365e-07 -5.679197276192242683e-01 -2.249009325155366598e-02 -5.679197020197023216e-01 -2.456068764252173492e-02
5.828553197927962559e-01 -9.212990527550715680e-03 -3.368456278289611987e+02 -4.721453177771638821e+02 -9.197612981476614366e-03 -4.385452205900378431e+02 7.115469017545945733e-03 7.115469017545945733e-03 9.442906355543277641e+02 1.142004261827715528e+00 1.193151432146750263e-02 -4.043862922728180156e-07 -5.710021560355214021e-01 -2.257957764148908059e-02 -5.710021309138577639e-01 -2.468916438831208690e-02
5.900176347453301995e-01 -9.039685661075030215e-03 -3.387664956035409887e+02 -4.746951132598550203e+02 -9.024596903652055274e-03 -4.409287747238734596e+02 6.981506184563089808e-03 6.981506184563089808e-03 9.493902265197100405e+02 1.148202304696946729e+00 1.170684354867810965e-02 -3.966970246684861341e-07 -5.741011769994273095e-01 -2.267141732553995537e-02 -5.741011523484733647e-01 -2.481861036038068499e-02
5.972880881631632555e-01 -8.868643591625523584e-03 -3.406523573244170393e+02 -4.772458707915201330e+02 -8.853840094479767733e-03 -4.433078834351440491e+02 6.849335009890896928e-03 6.849335009890896928e-03 9.544917415830402661e+02 1.154391855073150230e+00 1.148519123977551071e-02 -3.891444282657831872e-07 -5.771959517220746072e-01 -2.277611655113228467e-02 -5.771959275365751152e-01 -2.494980323738331049e-02
6.046693576899790923e-01 -8.699773968740968574e-03 -3.424852007988030209e+02 -4.797986492338549738e+02 -8.685252363985452098e-03 -4.456807228645248529e+02 6.718906247119949687e-03 6.718906247119949687e-03 9.595972984677099475e+02 1.160570100728812504e+00 1.126648145054993944e-02 -3.817327864410635675e-07 -5.802850740893640280e-01 -2.289752779110000927e-02 -5.802850503644062519e-01 -2.508326135572825494e-02
6.121642331690251293e-01 -8.533042735113760893e-03 -3.442680601966738436e+02 -4.823511313504201894e+02 -8.518799648907851574e-03 -4.480458418444594599e+02 6.590178724850373655e-03 6.590178724850373655e-03 9.647022627008403788e+02 1.166732395391849364e+00 1.105064035586681738e-02 -3.744498207547758691e-07 -5.833662209654041364e-01 -2.303252254183920517e-02 -5.833661976959246820e-01 -2.521843427432123724e-02
6.197756231347537614e-01 -8.368567339752323864e-03 -3.460270702248983525e+02 -4.849046125963952818e+02 -8.354599097519491493e-03 -4.504082147652785011e+02 6.463205403042792362e-03 6.463205403042792362e-03 9.698092251927905636e+02 1.172888742431966058e+00 1.083774459056394308e-02 -3.672780244107150755e-07 -5.864443940358143870e-01 -2.317327076351542031e-02 -5.864443712159830291e-01 -2.535434862771604111e-02
6.275065617758164294e-01 -8.206541817552610169e-03 -3.477983795786026349e+02 -4.874652094343038016e+02 -8.192844248759004189e-03 -4.527782773915765233e+02 6.338108488246464375e-03 6.338108488246464375e-03 9.749304188686076031e+02 1.179063958192641870e+00 1.062799018482140853e-02 -3.602010659162747223e-07 -5.895320014734884984e-01 -2.330993465439127471e-02 -5.895319790963209350e-01 -2.549001037542622528e-02
6.353602164105892625e-01 -8.047399550968416942e-03 -3.496276933605339536e+02 -4.900561698154327814e+02 -8.033967653452862498e-03 -4.551819790479299854e+02 6.215207687173301271e-03 6.215207687173301271e-03 9.801123396308655629e+02 1.185324162845774465e+00 1.042190841518957252e-02 -3.532231843303219300e-07 -5.926621033659421611e-01 -2.343684391135500075e-02 -5.926620814228872325e-01 -2.562581498452154785e-02
6.433398955205937852e-01 -7.890803847295275661e-03 -3.515031486538968011e+02 -4.926608231284527619e+02 -7.877633227703580154e-03 -4.576038400438671374e+02 6.094236520064210717e-03 6.094236520064210717e-03 9.853216462569055238e+02 1.191628238114046168e+00 1.021905034466182374e-02 -3.463313263391704125e-07 -5.958141405734730389e-01 -2.355343220182531255e-02 -5.958141190570230838e-01 -2.576091005800339173e-02
6.514490573918566563e-01 -7.736636732578498592e-03 -3.534112999716341506e+02 -4.952787514552456400e+02 -7.723723271011781639e-03 -4.600415055484214122e+02 5.975120967394668275e-03 5.975120967394668275e-03 9.905575029104912801e+02 1.197971421145954229e+00 1.001929735992820349e-02 -3.395330923639022054e-07 -5.989857316697153600e-01 -2.366458306017478475e-02 -5.989857105729771147e-01 -2.589593026172641935e-02
6.596913194194763408e-01 -7.584972418669013242e-03 -3.553434679886353820e+02 -4.979236481599843387e+02 -7.572311936103814228e-03 -4.625049347821677088e+02 5.857946901035914443e-03 5.857946901035914443e-03 9.958472963199686774e+02 1.204382292225610884e+00 9.822802666708286071e-03 -3.328476305918548998e-07 -6.021911667966338699e-01 -2.377751600863844614e-02 -6.021911461128054421e-01 -2.603247958810741072e-02
6.680704681365142728e-01 -7.435383808800107887e-03 -3.572608711846146434e+02 -5.005759300811284334e+02 -7.422972941606640652e-03 -4.649722269667696537e+02 5.742394909117725169e-03 5.742394909117725169e-03 1.001151860162256867e+03 1.210804917559717975e+00 9.629034012782325402e-03 -3.262688330070457503e-07 -6.054024790560627034e-01 -2.389753962299950851e-02 -6.054024587798589874e-01 -2.617029934051676512e-02
6.765904700348811529e-01 -7.287703238287226298e-03 -3.591491731716333220e+02 -5.032280050886780032e+02 -7.275538921772847951e-03 -4.674349959770386249e+02 5.628336518799097708e-03 5.628336518799097708e-03 1.006456010177356006e+03 1.217217700058741192e+00 9.437776294998227386e-03 -3.197913631379686452e-07 -6.086088699027143445e-01 -2.402584957992806580e-02 -6.086088500293705961e-01 -2.630916306983370132e-02
6.852554832532460338e-01 -7.142294446694642633e-03 -3.610407026136728064e+02 -5.059048510022610685e+02 -7.130372923283316393e-03 -4.699186123647521072e+02 5.516049894917194468e-03 5.516049894917194468e-03 1.011809702004522137e+03 1.223686574336527277e+00 9.249495081930835319e-03 -3.134227726029012240e-07 -6.118433066447802604e-01 -2.415976203302197534e-02 -6.118432871682636387e-01 -2.644990533458911608e-02
6.940698702152593436e-01 -6.998834460195993944e-03 -3.629281503291496733e+02 -5.085837301182650663e+02 -6.987152472964580641e-03 -4.724032897662060577e+02 5.405266368692667259e-03 5.405266368692667259e-03 1.017167460236530133e+03 1.230158070287077132e+00 9.063733656027120680e-03 -3.071386382874095207e-07 -6.150790542285614615e-01 -2.429352326807289117e-02 -6.150790351435385661e-01 -2.659067418722435225e-02
7.030382113106805608e-01 -6.857515001723474453e-03 -3.648382693668274896e+02 -5.112772188935227291e+02 -6.846068936850442134e-03 -4.749033693493165060e+02 5.296121684059813990e-03 5.296121684059813990e-03 1.022554437787045458e+03 1.236668148714978877e+00 8.880715664366094220e-03 -3.009397338664058392e-07 -6.183340930570290217e-01 -2.442386586526560863e-02 -6.183340743574894383e-01 -2.673165751315745992e-02
7.121653197224896426e-01 -6.718532303797403182e-03 -3.667925540212771693e+02 -5.140029931804920125e+02 -6.707318177622789181e-03 -4.774365979394925148e+02 5.188772421144451259e-03 5.188772421144451259e-03 1.028005986360984025e+03 1.243263480099222607e+00 8.700705302023430121e-03 -2.948328216228435123e-07 -6.216317583703289129e-01 -2.454997985082633949e-02 -6.216317400496113033e-01 -2.687360752428800265e-02
7.214562575148898427e-01 -6.581551620802165471e-03 -3.687654661725072742e+02 -5.167419314808611261e+02 -6.570566073522655752e-03 -4.799834353225135715e+02 5.082961175591537394e-03 5.082961175591537394e-03 1.033483862961722252e+03 1.249893223313765178e+00 8.523271291732763613e-03 -2.888092496102632359e-07 -6.249466296043202362e-01 -2.467414026212962075e-02 -6.249466116568825891e-01 -2.701591116753657498e-02
7.309163531104889699e-01 -6.446516848386042199e-03 -3.707472337657829939e+02 -5.194957763152173129e+02 -6.435756653246327633e-03 -4.825438522906636649e+02 4.978654346556074528e-03 4.978654346556074528e-03 1.038991552630434626e+03 1.256558391962139254e+00 8.348360425159134443e-03 -2.828734697674335308e-07 -6.282792135604623462e-01 -2.480011270581491262e-02 -6.282791959810696270e-01 -2.715914540333426441e-02
7.405512203000896854e-01 -6.313570248574477961e-03 -3.727459470760234694e+02 -5.222815552945846775e+02 -6.303031938405056524e-03 -4.851330576907160435e+02 4.875972022928237552e-03 4.875972022928237552e-03 1.044563110589169355e+03 1.263299863663104983e+00 8.176177375038309186e-03 -2.770351516776095071e-07 -6.316499490485000257e-01 -2.493051164517788229e-02 -6.316499318315524913e-01 -2.730446163809734789e-02
7.503667789456994752e-01 -6.182198012687793384e-03 -3.747231500562650126e+02 -5.250615253975911401e+02 -6.171879010886591015e-03 -4.877142699356181765e+02 4.774509921907373056e-03 4.774509921907373056e-03 1.050123050795182280e+03 1.270021017629589188e+00 8.006041806644147510e-03 -2.712719158911070144e-07 -6.350105256734164261e-01 -2.506420866683805107e-02 -6.350105088147945942e-01 -2.744988688259327250e-02
7.603692775568710038e-01 -6.052790838791552441e-03 -3.767183742599779634e+02 -5.278687886287762012e+02 -6.042687864828491517e-03 -4.903206160395687903e+02 4.674568843413277192e-03 4.674568843413277192e-03 1.055737577257552402e+03 1.276808042028569012e+00 7.838457821502851919e-03 -2.655960828491167255e-07 -6.384040375199302453e-01 -2.519988768835577930e-02 -6.384040210142845062e-01 -2.759683690253276339e-02
7.705653179426873445e-01 -5.925486353775970098e-03 -3.787538307864548415e+02 -5.307177655000760979e+02 -5.915595875188328114e-03 -4.929672737844654193e+02 4.576249509707725795e-03 4.576249509707725795e-03 1.061435531000152196e+03 1.283699751805670086e+00 7.673592520934941798e-03 -2.600097596715674612e-07 -6.418498920613164849e-01 -2.533587872700696422e-02 -6.418498759028350431e-01 -2.774578964711566301e-02
7.809618821669842559e-01 -5.799538074656947206e-03 -3.807708716356800096e+02 -5.335476547404813346e+02 -5.789857821130004085e-03 -4.955954846212329699e+02 4.478970312958793949e-03 4.478970312958793949e-03 1.067095309480962669e+03 1.290542411697065628e+00 7.510468996004315660e-03 -2.544797657980980350e-07 -6.452712216635921871e-01 -2.546899271968160877e-02 -6.452712058485328139e-01 -2.789339934256395218e-02
7.915663620632780173e-01 -5.675677513616029547e-03 -3.828355259064433653e+02 -5.364266670158118586e+02 -5.666203970961477751e-03 -4.982712025790313533e+02 4.383304474185124519e-03 4.383304474185124519e-03 1.072853334031623717e+03 1.297508856771499186e+00 7.350051121251691653e-03 -2.490391873607629533e-07 -6.487544438631686061e-01 -2.560271925174994676e-02 -6.487544283857495930e-01 -2.804341325895094023e-02
8.023865915988611652e-01 -5.553455528557359015e-03 -3.849073752958325940e+02 -5.393202643108985512e+02 -5.544185983399360293e-03 -5.009599874308165681e+02 4.288902961312069696e-03 4.288902961312069696e-03 1.078640528621797102e+03 1.304509093105079787e+00 7.191752918824095842e-03 -2.436719656769309886e-07 -6.522545616967231341e-01 -2.573811812814415928e-02 -6.522545465525398933e-01 -2.819430652464944773e-02
8.134308824153267947e-01 -5.433115751871683483e-03 -3.870109544387776737e+02 -5.422565369310383403e+02 -5.424047068039946490e-03 -5.036886026712836042e+02 4.195959731909830459e-03 4.195959731909830459e-03 1.084513073862076681e+03 1.311613663424391563e+00 7.035901501660535816e-03 -2.383894823536327941e-07 -6.558068465282438364e-01 -2.587683852976994589e-02 -6.558068317121957813e-01 -2.834764192030309396e-02
8.247080629161358534e-01 -5.314064587455897583e-03 -3.890936453096508103e+02 -5.451829129416622663e+02 -5.305194623283139566e-03 -5.064059572137968530e+02 4.104013879483005625e-03 4.104013879483005625e-03 1.090365825883324533e+03 1.318689199463227713e+00 6.881723208344807732e-03 -2.331651338224829577e-07 -6.593446142230051654e-01 -2.601605945565865427e-02 -6.593445997316138563e-01 -2.850050886001010905e-02
8.362275213216631142e-01 -5.196830401496791048e-03 -3.912136998187353925e+02 -5.481530601594964764e+02 -5.188156127955343561e-03 -5.091648858313536152e+02 4.013470017730727361e-03 4.013470017730727361e-03 1.096306120318992953e+03 1.325872767794916918e+00 6.729895396470433368e-03 -2.280203781006375141e-07 -6.629363980691399538e-01 -2.615737386929966116e-02 -6.629363838974584588e-01 -2.865570506488143016e-02
8.479992531694998670e-01 -5.081172181200108856e-03 -3.933538623631953897e+02 -5.511482516944510053e+02 -5.072690949450096159e-03 -5.119474116730280571e+02 3.924143659817325505e-03 3.924143659817325505e-03 1.102296503388902011e+03 1.333117807561439605e+00 6.580109251261853989e-03 -2.229433297528477959e-07 -6.665589176370450009e-01 -2.629859184979165682e-02 -6.665589037807198025e-01 -2.881203583417186326e-02
8.600339138039062581e-01 -4.967016195868889997e-03 -3.955100931822447023e+02 -5.541649424364300103e+02 -4.958725506746073687e-03 -5.147500159575336056e+02 3.835974361072588303e-03 3.835974361072588303e-03 1.108329884872860021e+03 1.340414571532004606e+00 6.432262279106118648e-03 -2.179317900526692777e-07 -6.702072993110518295e-01 -2.644060396760240794e-02 -6.702072857660023031e-01 -2.896945096579628745e-02
8.723428764746603559e-01 -4.854448750325682585e-03 -3.976943877722687262e+02 -5.572184701998601213e+02 -4.846345939906338690e-03 -5.175871024882394522e+02 3.749034909908619852e-03 3.749034909908619852e-03 1.114436940399720243e+03 1.347801575932952911e+00 6.286478522119671140e-03 -2.129899670818191636e-07 -6.739008012046111551e-01 -2.658406679180396262e-02 -6.739007879664764555e-01 -2.912876759946318381e-02
8.849382967538741429e-01 -4.743301925702892059e-03 -3.998916975008693839e+02 -5.602953481641339977e+02 -4.735384641871755868e-03 -5.204453324839179231e+02 3.663191390329549602e-03 3.663191390329549602e-03 1.120590696328267995e+03 1.355243375887562829e+00 6.142532050609126291e-03 -2.081116937738664289e-07 -6.776217008788198992e-01 -2.672973225295552022e-02 -6.776216879437814145e-01 -2.928943471838984028e-02
8.978331840816698994e-01 -4.633727376160577324e-03 -4.021250026082646514e+02 -5.634185760132569385e+02 -4.625992982927264532e-03 -5.233470518464565657e+02 3.578565276496708039e-03 3.578565276496708039e-03 1.126837152026513877e+03 1.362798934301895804e+00 6.000627970580755220e-03 -2.033025334876519861e-07 -6.813994797872038323e-01 -2.687744499273115109e-02 -6.813994671509479018e-01 -2.945253127739664092e-02
9.110414813703470172e-01 -4.525544394368267477e-03 -4.043800357835710884e+02 -5.665722616814049388e+02 -4.517990580856824819e-03 -5.262770612806693862e+02 3.495011432798570111e-03 3.495011432798570111e-03 1.133144523362809878e+03 1.370427672206721237e+00 5.860521106901091758e-03 -1.985545790484013701e-07 -6.852138484445995381e-01 -2.702688108693161728e-02 -6.852138361033606184e-01 -2.961725087902358083e-02
9.245781537346412504e-01 -4.418540440854563239e-03 -4.066361616963322945e+02 -5.697365480125630484e+02 -4.411165224185205867e-03 -5.292159491702495870e+02 3.412370099227944945e-03 3.412370099227944945e-03 1.139473096025126097e+03 1.378079847344884756e+00 5.721944992972248338e-03 -1.938577777065103133e-07 -6.890399357219197940e-01 -2.717594421000487162e-02 -6.890399236724423782e-01 -2.978235323771112261e-02
9.384592875762132191e-01 -4.312997212704411214e-03 -4.089321709027793190e+02 -5.729504089039377277e+02 -4.305798165777171942e-03 -5.322015590516045904e+02 3.330854971311175434e-03 3.330854971311175434e-03 1.145900817807875455e+03 1.385853265630009767e+00 5.585256706689053878e-03 -1.892253344341286013e-07 -6.929266445766757432e-01 -2.732774910615741459e-02 -6.929266328150048837e-01 -2.995012782782439237e-02
9.527022014375304826e-01 -4.208807545440018845e-03 -4.112603133105741904e+02 -5.762083634074103884e+02 -4.201782401106696728e-03 -5.352282256519283692e+02 3.250387363938032036e-03 3.250387363938032036e-03 1.152416726814820777e+03 1.393733974663176278e+00 5.450325629383943188e-03 -1.846523849455481677e-07 -6.968669988091609202e-01 -2.748149595154435881e-02 -6.968669873315881391e-01 -3.012019537221412649e-02
9.673255702584131477e-01 -4.105903544445572116e-03 -4.136178581330375437e+02 -5.795078425565225189e+02 -4.099050164128043537e-03 -5.382934284962390166e+02 3.170911989176722085e-03 3.170911989176722085e-03 1.159015685113045038e+03 1.401714843676180822e+00 5.317058127064337725e-03 -1.801362391332935375e-07 -7.008574330350503256e-01 -2.763763075366644853e-02 -7.008574218380904108e-01 -3.029248869061944988e-02
9.823495649230779003e-01 -4.004226312497643700e-03 -4.160036486607524466e+02 -5.828478163428092103e+02 -3.997542646117758884e-03 -5.413961477711170573e+02 3.092384509962147702e-03 3.092384509962147702e-03 1.165695632685618421e+03 1.409793452246241197e+00 5.185380228130264529e-03 -1.756738803208125675e-07 -7.048967370428190771e-01 -2.779552692509646566e-02 -7.048967261231205983e-01 -3.046686969726788985e-02
9.977960092827906635e-01 -3.903706974061315390e-03 -4.184144191344777823e+02 -5.862254514287884604e+02 -3.897191085292631835e-03 -5.445335656352208389e+02 3.014751835552419330e-03 3.014751835552419330e-03 1.172450902857576921e+03 1.417962491671121539e+00 5.055202941878153555e-03 -1.712622191403291550e-07 -7.089812564811650564e-01 -2.795493394771244797e-02 -7.089812458355607694e-01 -3.064316467501632807e-02
1.013688557186476658e+00 -3.804482346959392729e-03 -4.208764584696740485e+02 -5.896676259900625610e+02 -3.798132082011506597e-03 -5.477317114833518872e+02 2.938117986081867708e-03 2.938117986081867708e-03 1.179335251980125122e+03 1.426289369028951093e+00 4.926700158647569043e-03 -1.669076039710433524e-07 -7.131446948894969440e-01 -2.811776643082388935e-02 -7.131446845144755464e-01 -3.082291712645155238e-02
1.030052892457116176e+00 -3.706365600942992510e-03 -4.233700553508019766e+02 -5.931561408062563032e+02 -3.700179103110659822e-03 -5.509726749324017874e+02 2.862341448527801289e-03 2.862341448527801289e-03 1.186312281612512606e+03 1.434728084190020292e+00 4.799635486089712764e-03 -1.626015663641136855e-07 -7.173640522024876676e-01 -2.828249509244462265e-02 -7.173640420950101459e-01 -3.100504073031442112e-02
1.046916955224886703e+00 -3.609311887027256797e-03 -4.258952772239615570e+02 -5.966914334588504971e+02 -3.603287386492105837e-03 -5.542568258113170714e+02 2.787385331320523831e-03 2.787385331320523831e-03 1.193382866917700994e+03 1.443279076207818923e+00 4.673946331863387468e-03 -1.583423646466606592e-07 -7.216395479467297980e-01 -2.844965360610490074e-02 -7.216395381039094614e-01 -3.118962277168904271e-02
1.064311198579233952e+00 -3.513319087021845449e-03 -4.284594618544666673e+02 -6.002814649743351083e+02 -3.507454814817085459e-03 -5.575918066227333156e+02 2.713248322167823370e-03 2.713248322167823370e-03 1.200562929948670217e+03 1.451962312281529055e+00 4.549630600957701825e-03 -1.541297898368659512e-07 -7.259811657218155911e-01 -2.861946458500251589e-02 -7.259811561407645275e-01 -3.137706941086010337e-02
1.082268880142646328e+00 -3.418382936732746250e-03 -4.310703999476066315e+02 -6.039351109151397168e+02 -3.412677123543412724e-03 -5.609860794766790377e+02 2.639928487968021178e-03 2.639928487968021178e-03 1.207870221830279434e+03 1.460800178239328950e+00 4.426685493537515191e-03 -1.499634995066080908e-07 -7.304000984418416165e-01 -2.879199393517927960e-02 -7.304000891196644751e-01 -3.156780879048903116e-02
1.100826393910638412e+00 -3.324439079368247865e-03 -4.337258686315206546e+02 -6.076512116649832933e+02 -3.318890071585475516e-03 -5.644383585232108089e+02 2.567374766989777551e-03 2.567374766989777551e-03 1.215302423329966587e+03 1.469788978455972339e+00 4.305024946668045346e-03 -1.458408962028394385e-07 -7.348944982939875636e-01 -2.896763685773109248e-02 -7.348944892279861696e-01 -3.176183040314745770e-02
1.120023648556590423e+00 -3.231417381442107384e-03 -4.364224755896838701e+02 -6.114275209104271198e+02 -3.226023643048347815e-03 -5.679462895908686733e+02 2.495532866580633599e-03 2.495532866580633599e-03 1.222855041820854240e+03 1.478922535282948036e+00 4.184557879268893145e-03 -1.417589026755396467e-07 -7.394612764538058824e-01 -2.914630397202972942e-02 -7.394612676414740182e-01 -3.195900554803721844e-02
1.139904499376189095e+00 -3.139345917401656794e-03 -4.391748533873457632e+02 -6.152799631452580797e+02 -3.134105859934232206e-03 -5.715251532656405971e+02 2.424425382216528410e-03 2.424425382216528410e-03 1.230559926290516159e+03 1.488240892792350722e+00 4.065322476974353796e-03 -1.377185962246822465e-07 -7.441204549574343963e-01 -2.932844343653192437e-02 -7.441204463961753612e-01 -3.216014903072289544e-02
1.160517242149469830e+00 -3.048030637332108279e-03 -4.419561670298017475e+02 -6.191832767135268796e+02 -3.042942996656442575e-03 -5.751501674296704323e+02 2.353902454562525805e-03 2.353902454562525805e-03 1.238366553427053759e+03 1.497679530914817425e+00 3.947067452811525538e-03 -1.337115050984362705e-07 -7.488397737696611545e-01 -2.951282818660184298e-02 -7.488397654574087126e-01 -3.236387318671065522e-02
1.181915178425988477e+00 -2.957855324699873879e-03 -4.448520173302820808e+02 -6.232243450709046328e+02 -2.952918198965649201e-03 -5.789055649256664537e+02 2.284259852955085324e-03 2.284259852955085324e-03 1.246448690141809266e+03 1.507457609479414762e+00 3.830288558981967753e-03 -1.297544816534461442e-07 -7.537288128060597447e-01 -2.970389949065299628e-02 -7.537288047397073809e-01 -3.257493207825475079e-02
1.204157263073186712e+00 -2.868336607619432609e-03 -4.477794019115041806e+02 -6.273220177322472182e+02 -2.863548902297496316e-03 -5.827122147569432400e+02 2.215124303305324172e-03 2.215124303305324172e-03 1.254644035464494436e+03 1.517369072297654276e+00 3.714359888890498944e-03 -1.258263824705551387e-07 -7.586845439710651062e-01 -2.989768484022035933e-02 -7.586845361488271378e-01 -3.278888600258759306e-02
1.227308846328445613e+00 -2.779605476042166286e-03 -4.507756873999453546e+02 -6.315153884375605458e+02 -2.774965877026895449e-03 -5.866078459826015887e+02 2.146597080353305261e-03 2.146597080353305261e-03 1.263030776875121092e+03 1.527512197398062099e+00 3.599451299514186062e-03 -1.219329105288600043e-07 -7.637561062793009059e-01 -3.009604472812705753e-02 -7.637560986990310496e-01 -3.300784740011994400e-02
1.251442523981908694e+00 -2.691609256055773995e-03 -4.538425312349934302e+02 -6.358079764439163455e+02 -2.687116536513020452e-03 -5.905955997640354553e+02 2.078637621783746385e-03 2.078637621783746385e-03 1.271615952887832691e+03 1.537895202258976246e+00 3.485494813065831247e-03 -1.180717412723707898e-07 -7.689476084697937086e-01 -3.029909954906999728e-02 -7.689476011294881230e-01 -3.323198769029249433e-02
1.276639110549672385e+00 -2.604298279754836166e-03 -4.569822529629961423e+02 -6.402039730275438387e+02 -2.599951295609462774e-03 -5.946792687812938993e+02 2.011207585191251458e-03 2.011207585191251458e-03 1.280407946055087677e+03 1.548527969705608687e+00 3.372426141193108403e-03 -1.142406889169549779e-07 -7.742639919550147187e-01 -3.050702640901650428e-02 -7.742639848528043434e-01 -3.346151782021815346e-02
1.302988751141967771e+00 -2.517689967311898588e-03 -4.602132741402103875e+02 -6.447240196624406963e+02 -2.513487545459866090e-03 -5.988785782977529379e+02 1.944320399486188520e-03 1.944320399486188520e-03 1.289448039324881393e+03 1.559461856854126083e+00 3.260267794063496233e-03 -1.104405117782148579e-07 -7.797309352930941184e-01 -3.072082896639762375e-02 -7.797309284270630414e-01 -3.369754634320895614e-02
1.330592187814867655e+00 -2.431690163498936852e-03 -4.635280486010735217e+02 -6.493629335191012615e+02 -2.427631288002485982e-03 -6.031881386318150362e+02 1.877903355711489121e-03 1.877903355711489121e-03 1.298725867038202523e+03 1.570682832085188663e+00 3.148897853454115867e-03 -1.066670829951892580e-07 -7.853414226741061155e-01 -3.094023014810758782e-02 -7.853414160425943313e-01 -3.393976996068880786e-02
1.359562194936184909e+00 -2.346245002085661779e-03 -4.669274674341621676e+02 -6.541241428732221266e+02 -2.342328747140757107e-03 -6.076109015125805399e+02 1.811914825729148441e-03 1.811914825729148441e-03 1.308248285746444253e+03 1.582198571235003293e+00 3.038246507260057832e-03 -1.029180488444794449e-07 -7.910992920160059283e-01 -3.116540199136580425e-02 -7.910992856175016463e-01 -3.418835762160236935e-02
1.390025194618178750e+00 -2.261409105592793872e-03 -4.704409425094198127e+02 -6.590404830128677531e+02 -2.257634454977226150e-03 -6.121782609132636708e+02 1.746396841110084896e-03 1.746396841110084896e-03 1.318080966025735506e+03 1.594090757516714474e+00 2.928384185692863018e-03 -9.919581410889211776e-08 -7.970453849255132450e-01 -3.139800715595521263e-02 -7.970453787583572369e-01 -3.444508230521350217e-02
1.422123056277626363e+00 -2.177111316749453292e-03 -4.740654123744036497e+02 -6.641122675731348863e+02 -2.173477373475886983e-03 -6.168900167267998995e+02 1.681294383119061710e-03 1.681294383119061710e-03 1.328224535146269773e+03 1.606358830610838950e+00 2.819218610931684219e-03 -9.549727447329857135e-08 -8.031794212426911495e-01 -3.163809352008629255e-02 -8.031794153054194751e-01 -3.470994063419816089e-02
1.456015072029364532e+00 -2.093280679504361946e-03 -4.777951716399971360e+02 -6.693374356598649229e+02 -2.089786662650961607e-03 -6.217436212158792159e+02 1.616553079912858622e-03 1.616553079912858622e-03 1.338674871319729846e+03 1.618996345766913647e+00 2.710658749417223495e-03 -9.181926696082866911e-08 -8.094981785921205875e-01 -3.188532385708504197e-02 -8.094981728834568235e-01 -3.498276219006659499e-02
1.491880079361533218e+00 -2.010037171065344724e-03 -4.816813618209167203e+02 -6.747711115241004336e+02 -2.006682099532434461e-03 -6.267920428861386881e+02 1.552265531687808736e-03 1.552265531687808736e-03 1.349542223048200867e+03 1.632141217930919819e+00 2.602859857339960645e-03 -8.816703890374050953e-08 -8.160706144471188139e-01 -3.214237789371290899e-02 -8.160706089654599094e-01 -3.526652159560442895e-02
1.529918671068468239e+00 -1.927179117254080145e-03 -4.856735038603152361e+02 -6.803663668752813010e+02 -1.923962350310530565e-03 -6.319891503446643810e+02 1.488275388250198976e-03 1.488275388250198976e-03 1.360732733750562602e+03 1.645673013587583000e+00 2.495559567925544758e-03 -8.453185370649130997e-08 -8.228365120494898211e-01 -3.240730465820483575e-02 -8.228365067937915001e-01 -3.555867893176855449e-02
1.570355385760821454e+00 -1.845043569134510991e-03 -4.898957387889376491e+02 -6.862524435991693963e+02 -1.841963898216604891e-03 -6.374597649921569200e+02 1.424843763091155225e-03 1.424843763091155225e-03 1.372504887198338793e+03 1.659917185486811553e+00 2.389195987327360701e-03 -8.092833160483552741e-08 -8.299585977751200438e-01 -3.268588471420700442e-02 -8.299585927434057764e-01 -3.586617326297264485e-02
1.613440706346808806e+00 -1.762985797838367537e-03 -4.941265610713863907e+02 -6.922098401838572954e+02 -1.760043094967603423e-03 -6.429902973086745988e+02 1.361472148272791687e-03 1.361472148272791687e-03 1.384419680367714591e+03 1.674317226817641613e+00 2.282933012017922692e-03 -7.732837066176304020e-08 -8.371586182167575219e-01 -3.296777533695115919e-02 -8.371586134088208064e-01 -3.617707125329717305e-02
1.659452605863994235e+00 -1.681836526903558900e-03 -4.986635819345123082e+02 -6.985447309459525513e+02 -1.679029275733446127e-03 -6.488769761386877235e+02 1.298802202835876727e-03 1.298802202835876727e-03 1.397089461891905103e+03 1.689644561809791723e+00 2.177846626115060615e-03 -7.376828423799730622e-08 -8.448222854915322655e-01 -3.326782586540385361e-02 -8.448222809048958615e-01 -3.650799069622496368e-02
1.708697271187477496e+00 -1.601021950469337998e-03 -5.032799321565890978e+02 -7.050324316829706959e+02 -1.598349591803475359e-03 -6.549011488678900150e+02 1.236391062180813112e-03 1.236391062180813112e-03 1.410064863365941392e+03 1.705329986717659674e+00 2.073194312835258124e-03 -7.022295865706104576e-08 -8.526649977250790879e-01 -3.357487885866999866e-02 -8.526649933588298369e-01 -3.684664023351619244e-02
1.761508515612801418e+00 -1.521162427069196145e-03 -5.082037152784610043e+02 -7.119089785007423643e+02 -1.518623366879622580e-03 -6.612909853175628996e+02 1.174717564059216688e-03 1.174717564059216688e-03 1.423817957001484729e+03 1.721967496147348120e+00 1.969778916664315788e-03 -6.671956201845971052e-08 -8.609837522221401862e-01 -3.390059179724808081e-02 -8.609837480736740600e-01 -3.720584864457215230e-02
1.818245287233083207e+00 -1.442008099076879778e-03 -5.132955871449242977e+02 -7.190365760831442685e+02 -1.439601160053192693e-03 -6.679123580198009904e+02 1.113588889570402791e-03 1.113588889570402791e-03 1.438073152166288537e+03 1.739207917246253787e+00 1.867277160168293428e-03 -6.324716323988027942e-08 -8.696039625557331343e-01 -3.423811333342127727e-02 -8.696039586231268936e-01 -3.757807488257123435e-02
1.879286641234914068e+00 -1.363836362604275813e-03 -5.186182166627276047e+02 -7.264827468478317769e+02 -1.361559904512344397e-03 -6.748301525340144735e+02 1.053219218158951828e-03 1.053219218158951828e-03 1.452965493695663554e+03 1.757220183958705606e+00 1.766048168949696344e-03 -5.981792012551150347e-08 -8.786100956987785704e-01 -3.459075359724325671e-02 -8.786100919793528030e-01 -3.796696670853423605e-02
1.945023647706580538e+00 -1.286812124095747158e-03 -5.241649421749061730e+02 -7.342442779534866304e+02 -1.284664232768873218e-03 -6.820407310519817656e+02 9.937356863194801281e-04 9.937356863194801281e-04 1.468488555906973261e+03 1.775994644504001574e+00 1.666305057917847471e-03 -5.643910405466185519e-08 -8.879973257613718030e-01 -3.495857218420959228e-02 -8.879973222520007869e-01 -3.837235256812278339e-02
2.015848045240827169e+00 -1.211146071608682276e-03 -5.299259431188880853e+02 -7.423128057714469605e+02 -1.209124479362716845e-03 -6.895357487018040956e+02 9.353013207712680905e-04 9.353013207712680905e-04 1.484625611542893921e+03 1.795509831294449077e+00 1.568321296927004593e-03 -5.311991350388037614e-08 -8.977549189502456173e-01 -3.534085262830061885e-02 -8.977549156472245384e-01 -3.879372508005383274e-02
2.092138094005858484e+00 -1.137155886340231398e-03 -5.359269547610172140e+02 -7.507139502316499602e+02 -1.135257795946489033e-03 -6.973401176435401112e+02 8.781613087302355194e-04 8.781613087302355194e-04 1.501427900463299920e+03 1.815830501024120913e+00 1.472507972543373811e-03 -4.987429168816276994e-08 -9.079152536133016094e-01 -3.573897760616889796e-02 -9.079152505120604566e-01 -3.923249939003209397e-02
2.174243002337980624e+00 -1.065124381544207662e-03 -5.421544158856312379e+02 -7.594325755513065133e+02 -1.063346523939831794e-03 -7.054393659699699128e+02 8.225340198418100348e-04 8.225340198418100348e-04 1.518865151102613027e+03 1.836918937518236206e+00 1.379231238779291121e-03 -4.671465116008901826e-08 -9.184594716639196132e-01 -3.615228181787606687e-02 -9.184594687591181028e-01 -3.968787202328284691e-02
2.262468289581160530e+00 -9.953429576675465809e-04 -5.485835667884239228e+02 -7.684398785100052010e+02 -9.936815765810545504e-04 -7.138061104377050015e+02 7.686446305307250391e-04 7.686446305307250391e-04 1.536879757020010402e+03 1.858703999881204050e+00 1.288868720272781611e-03 -4.365375445444912690e-08 -9.293520026551008728e-01 -3.657921248549761417e-02 -9.293519999406020249e-01 -4.015828331203718377e-02
2.357065094047876119e+00 -9.281921073461754526e-04 -5.552542408946512751e+02 -7.777706372573826457e+02 -9.266428127424257508e-04 -7.224749011984202980e+02 7.167867154651762175e-04 7.167867154651762175e-04 1.555541274514765291e+03 1.881275371275534347e+00 1.201912601751905976e-03 -4.070831023352899114e-08 -9.406376881691346226e-01 -3.702183503866308956e-02 -9.406376856377671736e-01 -4.064571543195878017e-02
2.458226260419293041e+00 -8.639000563815865934e-04 -5.621146757238213922e+02 -7.873648387202207459e+02 -8.624580761445051723e-04 -7.313886576955485452e+02 6.671367239838577046e-04 6.671367239838577046e-04 1.574729677440441492e+03 1.904484665824425216e+00 1.118658821119511817e-03 -3.788830458843202076e-08 -9.522423352682457542e-01 -3.747700720056687529e-02 -9.522423329122126079e-01 -4.114692952473333193e-02
2.566090800895279855e+00 -8.025990996360352937e-04 -5.690522946874162926e+02 -7.970981493076109246e+02 -8.012594410803460963e-04 -7.404283235985674310e+02 6.197967815464974816e-04 6.197967815464974816e-04 1.594196298615221849e+03 1.928021853153542242e+00 1.039278610905239623e-03 -3.519954995487406797e-08 -9.640109287656266623e-01 -3.793874379570741362e-02 -9.640109265767711211e-01 -4.165524444049339275e-02
2.680756296265189853e+00 -7.446786102241536795e-04 -5.762427894760055551e+02 -8.071425565988924973e+02 -7.434356307572930487e-04 -7.497615734161201999e+02 5.750675213258957166e-04 5.750675213258957166e-04 1.614285113197784995e+03 1.952323494306110740e+00 9.642760568184956770e-04 -3.265909951210634258e-08 -9.761617491839519323e-01 -3.841557429669403834e-02 -9.761617471530553702e-01 -4.218008311939667326e-02
2.802296770720932972e+00 -6.900791505000196911e-04 -5.835215474335903991e+02 -8.173198833224824966e+02 -6.889273070183133188e-04 -7.592173012738214766e+02 5.329030102838038007e-04 5.329030102838038007e-04 1.634639766644964993e+03 1.976944009401931046e+00 8.935741275442103887e-04 -3.026436224928533188e-08 -9.884720065829593061e-01 -3.889891769749233980e-02 -9.884720047009655230e-01 -4.271184642912149998e-02
2.930782404562097820e+00 -6.386512201583708715e-04 -5.906445173078033122e+02 -8.273696020671940232e+02 -6.375852188398589693e-04 -7.685448171483794795e+02 4.931878575510537880e-04 4.931878575510537880e-04 1.654739204134388046e+03 2.001230753905266280e+00 8.269793543218265834e-04 -2.800878454876510820e-08 -1.000615378694373003e+00 -3.937596823620596875e-02 -1.000615376952633140e+00 -4.323643930871498564e-02
3.066297552385587100e+00 -5.908770673529685404e-04 -5.982029738041718474e+02 -8.378959244094489804e+02 -5.898908093984021753e-04 -7.783292985727316591e+02 4.562943733093375903e-04 4.562943733093375903e-04 1.675791848818897961e+03 2.026707336959921335e+00 7.651159968773130335e-04 -2.591346606244399495e-08 -1.013353670091411196e+00 -3.987646591880766173e-02 -1.013353668479960668e+00 -4.378674389941251271e-02
3.208954658828908624e+00 -5.463523204165996686e-04 -6.058313923391241360e+02 -8.485155294534941959e+02 -5.454403822407804863e-04 -7.882009345021067475e+02 4.219102826989346868e-04 4.219102826989346868e-04 1.697031058906988392e+03 2.052410803682176432e+00 7.074604298267734908e-04 -2.396070022289237136e-08 -1.026205403331110100e+00 -4.038175580729515268e-02 -1.026205401841088216e+00 -4.434199891032015312e-02
3.358903157535943151e+00 -5.046982777943181866e-04 -6.131187598859573882e+02 -8.587967938529267258e+02 -5.038558675485494852e-04 -7.977433993125764573e+02 3.897432292533046117e-04 3.897432292533046117e-04 1.717593587705853452e+03 2.077257324008950690e+00 6.535224578854133097e-04 -2.213388431790751997e-08 -1.038628663380897654e+00 -4.087052682813366311e-02 -1.038628662004475345e+00 -4.487879038540974058e-02
3.516333694361744033e+00 -4.661956775483982779e-04 -6.206873999686459911e+02 -8.693817567367304946e+02 -4.654175349865288520e-04 -8.075776135820750596e+02 3.600098897015555945e-04 3.600098897015555945e-04 1.738763513473460989e+03 2.102863489575620637e+00 6.036653672237105072e-04 -2.044529513185068399e-08 -1.051431746059227734e+00 -4.137445860471723746e-02 -1.051431744787810318e+00 -4.543202566112247015e-02
3.681478740115573967e+00 -4.304859116460030819e-04 -6.282450177929177926e+02 -8.799640824821287879e+02 -4.297673749624407154e-04 -8.174080111292488482e+02 3.324333753931437417e-04 3.324333753931437417e-04 1.759928164964257576e+03 2.128459813241661891e+00 5.574248830934874907e-04 -1.887921321995489018e-08 -1.064229907794859598e+00 -4.187847657508240312e-02 -1.064229906620830945e+00 -4.598508977325499458e-02
3.854610867924797457e+00 -3.974088652837819906e-04 -6.358019213414536353e+02 -8.905529740138774741e+02 -3.967455402032367948e-04 -8.272436997365401794e+02 3.068899790702916595e-04 3.068899790702916595e-04 1.781105948027754948e+03 2.154069867240347769e+00 5.145935529196862031e-04 -1.742861803728129565e-08 -1.077034934703993807e+00 -4.238324576734439630e-02 -1.077034933620173884e+00 -4.653852181577535635e-02
4.036039839731238033e+00 -3.668200178443490602e-04 -6.434148006529505892e+02 -9.012058363382121797e+02 -3.662077510658850619e-04 -8.371403529243474395e+02 2.832681260515323702e-04 2.832681260515323702e-04 1.802411672676424359e+03 2.179838745222072216e+00 4.749842973551577133e-04 -1.608715956822318342e-08 -1.089919373611432762e+00 -4.289147756165863357e-02 -1.089919372611036108e+00 -4.709543526748698888e-02
4.226109363850052425e+00 -3.385220652459374055e-04 -6.510235418011920956e+02 -9.118594380390527476e+02 -3.379570328313353102e-04 -8.470369950201958318e+02 2.614154411579450578e-04 2.614154411579450578e-04 1.823718876078105495e+03 2.205607682562176208e+00 4.383416098145320652e-04 -1.484618462178741324e-08 -1.102803842204309381e+00 -4.340012218621748519e-02 -1.102803841281088104e+00 -4.765241100562181420e-02
4.425194083304802461e+00 -3.123659962672636686e-04 -6.586578999122531286e+02 -9.225436992259681119e+02 -3.118446231533382072e-04 -8.569626747258241721e+02 2.412168161010773849e-04 2.412168161010773849e-04 1.845087398451936224e+03 2.231452209675946818e+00 4.044724643846644161e-04 -1.369915784991562821e-08 -1.115726105689859970e+00 -4.391082540722553162e-02 -1.115726104837973409e+00 -4.821110451472841035e-02
4.633697100409489344e+00 -2.881713600783324288e-04 -6.662418436439415927e+02 -9.331790312024891136e+02 -2.876903722465765046e-04 -8.668405877893784464e+02 2.225329246307163967e-04 2.225329246307163967e-04 1.866358062404978227e+03 2.257172468258299425e+00 3.731432460785298827e-04 -1.263816129397197807e-08 -1.128586234915051278e+00 -4.441960223517642248e-02 -1.128586234129149712e+00 -4.876719007722871840e-02
4.852048158104277142e+00 -2.658603414872560944e-04 -6.739755168915747845e+02 -9.439746812736530046e+02 -2.654165948861128988e-04 -8.768726981799844680e+02 2.053036460244503207e-04 2.053036460244503207e-04 1.887949362547306009e+03 2.283294257104147462e+00 3.442531348111696455e-04 -1.165977742175034532e-08 -1.141647129277127304e+00 -4.493686216747724838e-02 -1.141647128552073731e+00 -4.933203701168755589e-02
5.080702479341836941e+00 -2.451958479826994394e-04 -6.815373857511629012e+02 -9.545932475558979604e+02 -2.447865942536798850e-04 -8.867335259340802622e+02 1.893459062387610871e-04 1.893459062387610871e-04 1.909186495111795921e+03 2.308970172204944493e+00 3.174951567508083462e-04 -1.075361225037425409e-08 -1.154485086771168012e+00 -4.544604252073337208e-02 -1.154485086102472247e+00 -4.988735362834327558e-02
5.320140199083727595e+00 -2.261128310713979175e-04 -6.891122675649443181e+02 -9.652284692606469889e+02 -2.257354305034872893e-04 -8.966099929547302736e+02 1.746094477741256341e-04 1.746094477741256341e-04 1.930456938521293978e+03 2.334686840817710607e+00 2.927850318977311974e-04 -9.916808985530882997e-09 -1.167343421025506256e+00 -4.595681213053365299e-02 -1.167343420408855303e+00 -5.044366740396120929e-02
5.570866294260972573e+00 -2.085239828166109816e-04 -6.968334078891323315e+02 -9.760202657659064016e+02 -2.081759413403263311e-04 -9.066370606613231757e+02 1.610268566990432347e-04 1.610268566990432347e-04 1.952040531531812803e+03 2.360795771572917534e+00 2.700097229957881665e-04 -9.145533345526382862e-09 -1.180397886355139647e+00 -4.647601269140858721e-02 -1.180397885786458767e+00 -5.100856161000803801e-02
5.833410912231661527e+00 -1.922328079664940284e-04 -7.043322686800718202e+02 -9.865809443571354223e+02 -1.919119595714032791e-04 -9.164408731073227727e+02 1.484463858547328710e-04 1.484463858547328710e-04 1.973161888714270845e+03 2.386323462212386559e+00 2.489147775562304847e-04 -8.431174059757046554e-09 -1.193161731630443478e+00 -4.698478245335562659e-02 -1.193161731106193280e+00 -5.156104718654559022e-02
6.108330007518123494e+00 -1.772730126397201980e-04 -7.122351182247831503e+02 -9.975702702449507342e+02 -1.769771350151083970e-04 -9.266575138201374102e+02 1.368940538594012402e-04 1.368940538594012402e-04 1.995140540489901468e+03 2.412926173927141704e+00 2.295438203818136102e-04 -7.775199338624524527e-09 -1.206463087447021021e+00 -4.751558019322215526e-02 -1.206463086963570852e+00 -5.213688832471896628e-02
6.396206212467768992e+00 -1.634069721977278943e-04 -7.198508396248128065e+02 -1.008259707234013376e+03 -1.631342396800625270e-04 -9.365846611971620632e+02 1.261863690735679595e-04 1.261863690735679595e-04 2.016519414468026753e+03 2.438775226905975035e+00 2.115891752147366640e-04 -7.167196003531100228e-09 -1.219387613898620382e+00 -4.803273180572512763e-02 -1.219387613452987518e+00 -5.269662199526060908e-02
6.697649884991677460e+00 -1.506164251980987448e-04 -7.275131235557975060e+02 -1.019000772163602960e+03 -1.503650426105281848e-04 -9.465612177883137974e+02 1.163092192770372971e-04 1.163092192770372971e-04 2.038001544327205920e+03 2.464753042798619287e+00 1.950271753690958876e-04 -6.606358588461631055e-09 -1.232376521810058856e+00 -4.855363974892200341e-02 -1.232376521399309643e+00 -5.325931878444073453e-02
7.013300292748579245e+00 -1.388171214379406860e-04 -7.352104054800909125e+02 -1.029781738679555247e+03 -1.385854342113893533e-04 -9.565758132925876680e+02 1.071975457422259570e-04 1.071975457422259570e-04 2.059563477359110493e+03 2.490830065257114256e+00 1.797487308029440940e-04 -6.088991487985555371e-09 -1.245415033007126082e+00 -4.907781469976461863e-02 -1.245415032628557128e+00 -5.382435379642546563e-02
7.343826906628149409e+00 -1.278971845326489529e-04 -7.426763304633266216e+02 -1.040320373846599523e+03 -1.276837248528915126e-04 -9.663565769432590287e+02 9.876495237804539624e-05 9.876495237804539624e-05 2.080640747693199046e+03 2.516298385786368552e+00 1.656089717541636046e-04 -5.610189960081901084e-09 -1.258149193241971275e+00 -4.959154906063835411e-02 -1.258149192893184276e+00 -5.437646548908354333e-02
7.689930786750779568e+00 -1.178860974923997217e-04 -7.506429278706100376e+02 -1.051391918323316759e+03 -1.176893483479606701e-04 -9.766503466881652002e+02 9.103419629460370944e-05 9.103419629460370944e-05 2.102783836646633517e+03 2.543102610506811523e+00 1.526460539985354491e-04 -5.171242368341332919e-09 -1.271551305574888824e+00 -5.013316834635703212e-02 -1.271551305253405761e+00 -5.495767636806993955e-02
8.052346051665312032e+00 -1.086319941156084333e-04 -7.584775080108005341e+02 -1.062326828236155507e+03 -1.084506919636250643e-04 -9.868120392625883142e+02 8.388801029259348562e-05 8.388801029259348562e-05 2.124653656472311013e+03 2.569563130201028223e+00 1.406633463305085067e-04 -4.765491935947450903e-09 -1.284781565396758030e+00 -5.066986867193217642e-02 -1.284781565100514111e+00 -5.553173474618566807e-02
8.431841426513093651e+00 -1.000868613000366531e-04 -7.662428818413040972e+02 -1.073191379657661400e+03 -9.991982273605326602e-05 -9.969055368266441519e+02 7.728931575226569476e-05 7.728931575226569476e-05 2.146382759315322801e+03 2.595846311890064761e+00 1.295986747585586808e-04 -4.390832076271470139e-09 -1.297923156217970719e+00 -5.120508413826133087e-02 -1.297923155945032381e+00 -5.610225878194889659e-02
8.829221869233098374e+00 -9.220105260234358997e-05 -7.739701961311986906e+02 -1.084017956878293262e+03 -9.204717710822940340e-05 -1.006962122094678534e+03 7.119976966646449383e-05 7.119976966646449383e-05 2.168035913756586524e+03 2.622033580662651353e+00 1.193877441636170811e-04 -4.045085464906945179e-09 -1.311016790582756553e+00 -5.174067723825411663e-02 -1.311016790331325677e+00 -5.667104624348501263e-02
9.245330275952412080e+00 -8.491150410586542293e-05 -7.815012467881746261e+02 -1.094638895266851250e+03 -8.476979640479645440e-05 -1.016820290419796038e+03 6.557067552861076229e-05 6.557067552861076229e-05 2.189277790533702500e+03 2.647704488416616098e+00 1.099489012065701292e-04 -3.725486035693710825e-09 -1.323852244439857495e+00 -5.226853565288186454e-02 -1.323852244208308049e+00 -5.722903714613970794e-02
9.681049267972291261e+00 -7.822085430457930148e-05 -7.894136886681939131e+02 -1.105668614853826512e+03 -7.809031474362626893e-05 -1.027071574511313202e+03 6.040406462637776919e-05 6.040406462637776919e-05 2.211337229707653023e+03 2.674399259148513952e+00 1.012855499371584372e-04 -3.432148683090985244e-09 -1.337199629787558797e+00 -5.281929359130663887e-02 -1.337199629574256976e+00 -5.780955665948279976e-02
1.013730306353578214e+01 -7.203679375937302172e-05 -7.971354801169735538e+02 -1.116498224187996584e+03 -7.191657674092793149e-05 -1.037129826439074350e+03 5.562865731810337299e-05 5.562865731810337299e-05 2.232996448375993168e+03 2.700591741062318363e+00 9.327816992205584733e-05 -3.161025819707062447e-09 -1.350295870727594938e+00 -5.336314138039779942e-02 -1.350295870531159181e+00 -5.837966479847993273e-02
1.061505943805778962e+01 -6.635227257301766859e-05 -8.051143806058822747e+02 -1.127605294937803592e+03 -6.624154429728644640e-05 -1.047454643355826420e+03 5.123900404975977664e-05 5.123900404975977664e-05 2.255210589875607184e+03 2.727478604844903565e+00 8.591762158084927548e-05 -2.911808316156160825e-09 -1.363739302603383274e+00 -5.392408485674323598e-02 -1.363739302422451782e+00 -5.896528375212502227e-02
1.111533177684307638e+01 -6.105229631048669694e-05 -8.121125259317987002e+02 -1.137668241633962452e+03 -6.095041485445432811e-05 -1.056774363494972931e+03 4.714631159097048576e-05 4.714631159097048576e-05 2.275336483267924905e+03 2.751748823343477035e+00 7.905501909541487319e-05 -2.679452157221107817e-09 -1.375874411838215128e+00 -5.443688861051815958e-02 -1.375874411671738518e+00 -5.949486598236015944e-02
1.163918122458844095e+01 -5.622043285424086102e-05 -8.200156947712255260e+02 -1.148701167321353068e+03 -5.612661689885968411e-05 -1.067026896314219584e+03 4.341510138013322128e-05 4.341510138013322128e-05 2.297402334642706137e+03 2.778448273504535937e+00 7.279854822233844641e-05 -2.467623370309585293e-09 -1.389224136905566009e+00 -5.500184025048947267e-02 -1.389224136752267968e+00 -6.007757628974633168e-02
1.218771893620422908e+01 -5.178992810383108782e-05 -8.283956215774760494e+02 -1.160248385760444990e+03 -5.170350773047201464e-05 -1.077773553006612929e+03 3.999382803684873835e-05 3.999382803684873835e-05 2.320496771520889979e+03 2.806434788857467666e+00 6.706177887790973292e-05 -2.273394767746714201e-09 -1.403217394569947540e+00 -5.559685044682793204e-02 -1.403217394428733833e+00 -6.068879512849340713e-02
1.276210843371989512e+01 -4.764145896579239384e-05 -8.353912827673146921e+02 -1.170316934979256075e+03 -4.756196334523487629e-05 -1.087097507509833576e+03 3.679035277287878518e-05 3.679035277287878518e-05 2.340633869958512150e+03 2.830717379497378783e+00 6.169021448863556631e-05 -2.091530598197050149e-09 -1.415358689878589038e+00 -5.612326468228939769e-02 -1.415358689748689391e+00 -6.122062549702666362e-02
1.336356807426922799e+01 -4.386194135494707601e-05 -8.433526916702084009e+02 -1.181423693199125864e+03 -4.378875468331281940e-05 -1.097419451064529767e+03 3.387178666769127616e-05 3.387178666769127616e-05 2.362847386398251729e+03 2.857599105139552176e+00 5.679638447912323804e-05 -1.925846181695098490e-09 -1.428799552689367536e+00 -5.670678993052667705e-02 -1.428799552569776088e+00 -6.180949477577540874e-02
1.399337363438888815e+01 -4.030293844890513486e-05 -8.492976642176008681e+02 -1.190370220335579916e+03 -4.023569256509852861e-05 -1.105663806626977475e+03 3.112350825636352338e-05 3.112350825636352338e-05 2.380740440671159831e+03 2.879071712770720826e+00 5.218809321603801323e-05 -1.769826063117973881e-09 -1.439535856495244959e+00 -5.718852624789841355e-02 -1.439535856385360413e+00 -6.228218809319566868e-02
1.465286101611137326e+01 -3.711709770004098670e-05 -8.577590231937110730e+02 -1.202022065698381084e+03 -3.705516983347022090e-05 -1.116508659796444363e+03 2.866338962006218229e-05 2.866338962006218229e-05 2.404044131396762168e+03 2.907316311053524505e+00 4.806298665120140875e-05 -1.630174170516848019e-09 -1.453658155627957305e+00 -5.781189987072923864e-02 -1.453658155526762252e+00 -6.290243341906175123e-02
1.534342908059233146e+01 -3.419828573416386884e-05 -8.668040984455441276e+02 -1.214307374752874694e+03 -3.414123019342218908e-05 -1.127961608464634992e+03 2.640947506784524870e-05 2.640947506784524870e-05 2.428614749505749387e+03 2.937145068108584667e+00 4.428364247761179122e-05 -1.502232885933156740e-09 -1.468572534147526421e+00 -5.847456377515629355e-02 -1.468572534054292333e+00 -6.355810774766849913e-02
1.606654261528260008e+01 -3.146151993842766898e-05 -8.742974996257046314e+02 -1.224929940257802855e+03 -3.140903278937359631e-05 -1.137815482798836456e+03 2.429614045321694746e-05 2.429614045321694746e-05 2.449859880515605710e+03 2.962810888295913880e+00 4.074002261701296446e-05 -1.382269371571806026e-09 -1.481405444233726332e+00 -5.906211695116300037e-02 -1.481405444147956940e+00 -6.412484962822645462e-02
1.682373544093877271e+01 -2.894274529472135621e-05 -8.818318091101870095e+02 -1.235601239764051570e+03 -2.889446267297410587e-05 -1.147715541384456401e+03 2.235114173180832359e-05 2.235114173180832359e-05 2.471202479528103140e+03 2.988597877760152954e+00 3.747866771810477542e-05 -1.271864080183139823e-09 -1.494298938958976253e+00 -5.966105905798649994e-02 -1.494298938880076477e+00 -6.469554376991189237e-02
1.761661366506267967e+01 -2.666287288496015041e-05 -8.910085936264558768e+02 -1.248049493969294872e+03 -2.661839608983983282e-05 -1.159322151527060441e+03 2.059062757887303234e-05 2.059062757887303234e-05 2.496098987938589744e+03 3.018829614307289244e+00 3.452665607035298681e-05 -1.171939385846062911e-09 -1.509414807226325594e+00 -6.035961299908548100e-02 -1.509414807153644622e+00 -6.536406793966524631e-02
1.844685908867071689e+01 -2.448722146161976530e-05 -8.968264330515899019e+02 -1.256881969378140184e+03 -2.444637638721256149e-05 -1.167453726239144999e+03 1.891059199589096486e-05 1.891059199589096486e-05 2.513763938756280368e+03 3.040013709693637267e+00 3.170958984057813135e-05 -1.076572666352792181e-09 -1.520006854913565908e+00 -6.088646538528171004e-02 -1.520006854846818634e+00 -6.583805486674527974e-02
1.931623277361931201e+01 -2.253188816196781809e-05 -9.048533484094926962e+02 -1.268103652284471309e+03 -2.249430715216034973e-05 -1.177879949992003503e+03 1.740069030764375245e-05 1.740069030764375245e-05 2.536207304568942618e+03 3.067174154080408055e+00 2.917780378158287263e-05 -9.908736740708011808e-10 -1.533587077101618013e+00 -6.154619411145564878e-02 -1.533587077040204028e+00 -6.644342563068937613e-02
2.022657877805319160e+01 -2.073977729117077194e-05 -9.133565293013534756e+02 -1.279847244231156310e+03 -2.070518791790949028e-05 -1.188806485418528155e+03 1.601683174798214802e-05 1.601683174798214802e-05 2.559694488462312620e+03 3.095638801972646181e+00 2.685736647814142685e-05 -9.123330792663453509e-10 -1.547819401042848764e+00 -6.224601601505928838e-02 -1.547819400986323091e+00 -6.707911223979301507e-02
2.117982806789997596e+01 -1.906877777930316266e-05 -9.206537024093746595e+02 -1.290296729948717939e+03 -1.903697783544918684e-05 -1.198488715443837464e+03 1.472649507037828201e-05 1.472649507037828201e-05 2.580593459897435878e+03 3.120864789126929661e+00 2.469374564973000888e-05 -8.390980690939866065e-10 -1.560432394615432594e+00 -6.289470842524459704e-02 -1.560432394563464831e+00 -6.764669411067364413e-02
2.217800261270779316e+01 -1.754607538219769101e-05 -9.289279161615284011e+02 -1.301811307322549737e+03 -1.751681737505436572e-05 -1.209192724410497931e+03 1.355067632743318103e-05 1.355067632743318103e-05 2.603622614645099475e+03 3.148753181632947040e+00 2.272214828410140501e-05 -7.723689357228636280e-10 -1.574376590864288383e+00 -6.361429382981606540e-02 -1.574376590816473520e+00 -6.827453969041483162e-02
2.322321967451377134e+01 -1.614109093227939642e-05 -9.370046077624051577e+02 -1.313123565904529187e+03 -1.611417836043754258e-05 -1.219700857624778564e+03 1.246576038806022576e-05 1.246576038806022576e-05 2.626247131809058374e+03 3.176133387207164205e+00 2.090297616334852913e-05 -7.108003456213220889e-10 -1.588066693647564476e+00 -6.434171674146510478e-02 -1.588066693603582102e+00 -6.889404909368904151e-02
2.431769629884069062e+01 -1.483268524819176164e-05 -9.438955085996788057e+02 -1.323159406857263775e+03 -1.480795685503467014e-05 -1.228982251675182852e+03 1.145542103112683238e-05 1.145542103112683238e-05 2.646318813714527550e+03 3.200321052223665141e+00 1.920885282949381248e-05 -6.534613263414822719e-10 -1.600160526152246243e+00 -6.502307001445932488e-02 -1.600160526111832571e+00 -6.944706551854602783e-02
2.546375401734778521e+01 -1.362263907952555410e-05 -9.501755606303038348e+02 -1.332543145087738822e+03 -1.359993065908537621e-05 -1.237636168187220392e+03 1.052103429688852532e-05 1.052103429688852532e-05 2.665086290175477643e+03 3.222876853125724139e+00 1.764208591308271708e-05 -6.004321142531408746e-10 -1.611438426599975049e+00 -6.569188547655727128e-02 -1.611438426562862070e+00 -6.996772576730815596e-02
2.666382377211064636e+01 -1.254062070812370407e-05 -9.593075428709471453e+02 -1.345036410756162468e+03 -1.251971868002466620e-05 -1.249273081242022954e+03 9.685517382101784147e-06 9.685517382101784147e-06 2.690072821512324936e+03 3.253203340438362012e+00 1.624110508082196250e-05 -5.530280681868309406e-10 -1.626601670253342791e+00 -6.654717726473839690e-02 -1.626601670219181006e+00 -7.066124745362818704e-02
2.792045107197527898e+01 -1.151875082195054202e-05 -9.658349927580754866e+02 -1.354711521771445859e+03 -1.149955467747161672e-05 -1.258203546843114964e+03 8.896441898065368296e-06 8.896441898065368296e-06 2.709423043542891719e+03 3.276484420264258457e+00 1.491799511555199729e-05 -5.082500983076884609e-10 -1.638242210163503465e+00 -6.728146146085918489e-02 -1.638242210132129228e+00 -7.120516427372659829e-02
2.923630139192366073e+01 -1.060174769673498984e-05 -9.748919281149733251e+02 -1.367153872250090899e+03 -1.058408250136977728e-05 -1.269787375855098844e+03 8.188350899510213793e-06 8.188350899510213793e-06 2.734307744500181798e+03 3.306678566190084823e+00 1.373068116426165563e-05 -4.680807101658087256e-10 -1.653339283123915315e+00 -6.819152669691221080e-02 -1.653339283095042411e+00 -7.190432938586799327e-02
3.061416582690351618e+01 -9.739117248653649770e-06 -9.816958424298467207e+02 -1.377162313653268257e+03 -9.722892149981395997e-06 -1.279033232460081990e+03 7.522241421609080181e-06 7.522241421609080181e-06 2.754324627306536513e+03 3.330787258715232291e+00 1.261375979782844651e-05 -4.302854288291373521e-10 -1.665393629384135821e+00 -6.900497881835088165e-02 -1.665393629357616145e+00 -7.247544537138091159e-02
3.205696701211494570e+01 -8.949602337728971955e-06 -9.889575804861599408e+02 -1.387685094404398114e+03 -8.934695312170008957e-06 -1.288770418961442147e+03 6.912593151817027582e-06 6.912593151817027582e-06 2.775370188808796229e+03 3.356179156830696453e+00 1.159151246897054371e-05 -3.956977075353788888e-10 -1.678089578439714735e+00 -6.988142929018224814e-02 -1.678089578415348226e+00 -7.307987904452478700e-02
3.356776532231150867e+01 -8.232257242586605520e-06 -9.975083164423956532e+02 -1.399635896212807893e+03 -8.218547880080994352e-06 -1.299874418393733549e+03 6.358677995932334782e-06 6.358677995932334782e-06 2.799271792425615786e+03 3.385134912704901744e+00 1.066271901628543565e-05 -3.642798166143016542e-10 -1.692567456374860280e+00 -7.087499373698243066e-02 -1.692567456352450872e+00 -7.376827324711579537e-02
3.514976536326538792e+01 -7.574725700057402713e-06 -1.006519027639683145e+03 -1.412111113666652273e+03 -7.562114180884662563e-06 -1.311478353433333496e+03 5.850952345281351101e-06 5.850952345281351101e-06 2.824222227333304545e+03 3.415397388046538030e+00 9.811376140672409528e-06 -3.354864438117617508e-10 -1.707698694043884524e+00 -7.194234099009655381e-02 -1.707698694023269015e+00 -7.449202272137962766e-02
3.680632276916589518e+01 -6.948430361047719886e-06 -1.011754940722578112e+03 -1.420487364943198600e+03 -6.936864387836062294e-06 -1.319147811879101482e+03 5.367337362670674815e-06 5.367337362670674815e-06 2.840974729886397199e+03 3.435417114034067687e+00 9.000458624472346540e-06 -3.080455852208421431e-10 -1.717708557035941164e+00 -7.283180211566470108e-02 -1.717708557017033844e+00 -7.499798286922952639e-02
3.854095132036944449e+01 -6.409175419702592932e-06 -1.024015384440318940e+03 -1.436575151787781351e+03 -6.398510002010670379e-06 -1.334207807277581423e+03 4.950954187297427626e-06 4.950954187297427626e-06 2.873150303575562702e+03 3.474692257478682045e+00 8.302280870799347076e-06 -2.844525432643718982e-10 -1.737346128756776409e+00 -7.420532566945814423e-02 -1.737346128739341022e+00 -7.593554353705612991e-02
4.035733039659886146e+01 -5.869342790326887242e-06 -1.027189446928879988e+03 -1.442746168525139637e+03 -5.859578510833291484e-06 -1.339755886434033528e+03 4.534100075954938893e-06 4.534100075954938893e-06 2.885492337050279275e+03 3.489197422169845186e+00 7.603305521448236839e-06 -2.607929491767769250e-10 -1.744598711100886046e+00 -7.507990437292755281e-02 -1.744598711084922593e+00 -7.633623559747398923e-02
4.225931278140100034e+01 -5.385144349961975482e-06 -1.032793359878805859e+03 -1.451604490767461812e+03 -5.376188447970314780e-06 -1.347876710154607053e+03 4.160213264615068146e-06 4.160213264615068146e-06 2.903208981534923623e+03 3.510410119105070503e+00 6.976379414930722235e-06 -2.395834721906957909e-10 -1.755205059567177761e+00 -7.616751961130042992e-02 -1.755205059552535252e+00 -7.689385551186656009e-02
4.425093283441725589e+01 -4.954902751817928166e-06 -1.042078216227102075e+03 -1.464539158560559144e+03 -4.946665318646089819e-06 -1.359899374451729273e+03 3.828002355471544716e-06 3.828002355471544716e-06 2.929078317121118289e+03 3.541794157324944070e+00 6.419338379343034034e-06 -2.207564030438099862e-10 -1.770897078675940373e+00 -7.756187895967124601e-02 -1.770897078662472035e+00 -7.768702542720358484e-02
4.633641504880122142e+01 -4.549653269813159708e-06 -1.048756768456538111e+03 -1.474649583595634340e+03 -4.542092480377929934e-06 -1.369210321156647979e+03 3.515082993454724190e-06 3.515082993454724190e-06 2.949299167191268680e+03 3.566122209672195176e+00 5.894642865189102036e-06 -2.030131385307228493e-10 -1.783061104848460809e+00 -7.887065087853167844e-02 -1.783061104836097588e+00 -7.833564162748618553e-02
4.852018301193507455e+01 -4.205680804253789344e-06 -1.064273151506570230e+03 -1.494536455394559198e+03 -4.198694747527890236e-06 -1.387880642698147767e+03 3.249507430436707774e-06 3.249507430436707774e-06 2.989072910789118396e+03 3.614843052485584352e+00 5.449341172618312373e-06 -1.880032014721794087e-10 -1.807421526254215927e+00 -8.085608026157001249e-02 -1.807421526242792176e+00 -7.954041200808190104e-02
5.080686878845149579e+01 -3.848920606475238958e-06 -1.066682300173552903e+03 -1.500041279636010358e+03 -3.842530078339723001e-06 -1.392766615134068616e+03 2.974019147411980653e-06 2.974019147411980653e-06 3.000082559272020717e+03 3.627661598667926590e+00 4.987405774090885655e-06 -1.723601777548301538e-10 -1.813830799344414491e+00 -8.207109313552260477e-02 -1.813830799333963295e+00 -7.996003086113928626e-02
5.320132274546378426e+01 -3.531116643832247010e-06 -1.072349047292544583e+03 -1.509181582724004556e+03 -3.525256756803561722e-06 -1.401128658765851014e+03 2.728622301448567387e-06 2.728622301448567387e-06 3.018363165448009113e+03 3.649546711253609743e+00 4.575930412733655350e-06 -1.584461147920383599e-10 -1.824773355636388983e+00 -8.360782719304341026e-02 -1.824773355626804872e+00 -8.059677179739670183e-02
5.570862384084479402e+01 -3.241049316260813867e-06 -1.078644443460787443e+03 -1.519070879908803136e+03 -3.235673800158979649e-06 -1.410200498495920328e+03 2.504645509967938363e-06 2.504645509967938363e-06 3.038141759817606271e+03 3.673292747367904454e+00 4.200372569088578860e-06 -1.457510319352369686e-10 -1.836646373692744749e+00 -8.530456211339745853e-02 -1.836646373683952227e+00 -8.129200213071477443e-02
5.833409039637754034e+01 -2.969529825730908320e-06 -1.082578431191463551e+03 -1.526405452013501645e+03 -2.964607622914686605e-06 -1.416818828013156008e+03 2.294984297324351518e-06 2.294984297324351518e-06 3.052810904027003289e+03 3.690657664170182262e+00 3.848816688243631107e-06 -1.338581746212594109e-10 -1.845328832093143356e+00 -8.695918792713649981e-02 -1.845328832085091131e+00 -8.186173443695285434e-02
6.108329137862873637e+01 -2.711645056941298792e-06 -1.082010162613006969e+03 -1.528804192001770843e+03 -2.707153220943019805e-06 -1.418705863723858556e+03 2.095838226393170118e-06 2.095838226393170118e-06 3.057608384003541687e+03 3.695704749796838495e+00 3.514888146985851478e-06 -1.225421616031496241e-10 -1.847852374905768258e+00 -8.841230781306243236e-02 -1.847852374898419248e+00 -8.217139564639999727e-02
6.396205821147354698e+01 -2.483447413015566089e-06 -1.085355714257577574e+03 -1.535599514892090838e+03 -2.479336556199990162e-06 -1.424792846964699493e+03 1.919628167264504685e-06 1.919628167264504685e-06 3.071199029784181675e+03 3.711710825118646362e+00 3.219422195005983633e-06 -1.125455679972160743e-10 -1.855855412566049800e+00 -9.029393553428276264e-02 -1.855855412559323181e+00 -8.274937131279594404e-02
6.697649714532741427e+01 -2.309349711398784462e-06 -1.109312839226209235e+03 -1.565427411347361613e+03 -2.305530396227397356e-06 -1.452898446856059081e+03 1.785256573154273495e-06 1.785256573154273495e-06 3.130854822694723225e+03 3.785128485515557362e+00 2.994130546849144501e-06 -1.050223589248145696e-10 -1.892564242764028792e+00 -9.395878010854714912e-02 -1.892564242757778681e+00 -8.466457474933360150e-02
7.013300220932191564e+01 -2.109731959689311910e-06 -1.109256330197293664e+03 -1.568620716145667757e+03 -2.106245778793539946e-06 -1.455515258184729191e+03 1.631105818067361218e-06 1.631105818067361218e-06 3.137241432291335514e+03 3.792126081462714904e+00 2.735650191099825976e-06 -9.625917657888387091e-11 -1.896063040737063332e+00 -9.594818648184419430e-02 -1.896063040731357452e+00 -8.509016076247753746e-02
7.343826877389778929e+01 -1.943691667099258783e-06 -1.120725902412830465e+03 -1.584781851882941510e+03 -1.940483058438662321e-06 -1.470517252476990507e+03 1.502918709001384941e-06 1.502918709001384941e-06 3.169563703765883020e+03 3.831432446839662997e+00 2.520716653109261338e-06 -8.902660940404651839e-11 -1.915716223425083520e+00 -9.908432452317712802e-02 -1.915716223419831499e+00 -8.628950362814996611e-02
7.689930775258331153e+01 -1.793479556929848226e-06 -1.134387293002779643e+03 -1.603545008612479933e+03 -1.790522193938720858e-06 -1.487986271573852946e+03 1.386961106349520484e-06 1.386961106349520484e-06 3.207090017224959865e+03 3.877198686987567644e+00 2.326291663974474141e-06 -8.250007050252897362e-11 -1.938599343498625505e+00 -1.026753498158213401e-01 -1.938599343493783822e+00 -8.767698526801330494e-02
8.052346047308185462e+01 -1.640231093293789789e-06 -1.135705558155309973e+03 -1.608595899035861521e+03 -1.637529529143226983e-06 -1.492335878405845733e+03 1.268621097179526512e-06 1.268621097179526512e-06 3.217191798071723042e+03 3.888780641838533558e+00 2.127859811872285964e-06 -7.578194727210127102e-11 -1.944390320923690574e+00 -1.054603026321026399e-01 -1.944390320919266779e+00 -8.830613984149442153e-02
8.431841424921221062e+01 -1.505236975086152763e-06 -1.141758051919991658e+03 -1.619097802723093082e+03 -1.502760940559762371e-06 -1.501875017029818309e+03 1.164391783468830376e-06 1.164391783468830376e-06 3.238195605446186164e+03 3.913923258691855978e+00 1.953093331628702622e-06 -6.988540714111575423e-11 -1.956961629349983411e+00 -1.089425132902224758e-01 -1.956961629345927989e+00 -8.929205760783064105e-02
8.829221868673187146e+01 -1.399167946199639593e-06 -1.165863444250810289e+03 -1.650178229583666507e+03 -1.396869919636792763e-06 -1.531032520137264328e+03 1.082554435045292132e-06 1.082554435045292132e-06 3.300356459167333014e+03 3.990278309107987198e+00 1.815891390037259447e-06 -6.534010913175075170e-11 -1.995139154557757699e+00 -1.145035020721868052e-01 -1.995139154553993599e+00 -9.154314466803142869e-02
9.245330275763005545e+01 -1.273402366736924025e-06 -1.160102661316845570e+03 -1.647668923746477958e+03 -1.271313975491734588e-06 -1.528107853587974660e+03 9.854153518784381919e-07 9.854153518784381919e-07 3.295337847492955916e+03 3.982973335896033973e+00 1.653002209763656276e-06 -5.979425973671885228e-11 -1.991486667951438916e+00 -1.175225012126477064e-01 -1.991486667948016986e+00 -9.185400080907116238e-02
9.681049267910739786e+01 -1.147709898080529486e-06 -1.140646105813960730e+03 -1.629659351994405824e+03 -1.145830448466152745e-06 -1.510391497059960784e+03 8.882901271949829671e-07 8.882901271949829671e-07 3.259318703988811649e+03 3.937089363640560169e+00 1.490122642174015620e-06 -5.418587971769540185e-11 -1.968544681823360953e+00 -1.193618270277460730e-01 -1.968544681820280084e+00 -9.126903301437129523e-02
1.013730306351659749e+02 -1.069516006120158110e-06 -1.168012515839222033e+03 -1.665180562224723417e+03 -1.067768182103260471e-06 -1.543687636132973921e+03 8.279892810596241617e-07 8.279892810596241617e-07 3.330361124449446834e+03 4.024380689766695163e+00 1.389036516508296071e-06 -5.088234208465400417e-11 -2.012190344886212845e+00 -1.266028492173757181e-01 -2.012190344883347581e+00 -9.397347137509787229e-02
1.061505943805207153e+02 -9.728817612888628479e-07 -1.161253635455660742e+03 -1.661953251913582108e+03 -9.712949146430982199e-07 -1.540023386784209379e+03 7.533427087137411668e-07 7.533427087137411668e-07 3.323906503827164215e+03 4.015240174271839990e+00 1.263861688695583481e-06 -4.660833431695144383e-11 -2.007620087138522358e+00 -1.305362308741408461e-01 -2.007620087135919995e+00 -9.438552340489618497e-02
1.111533177684146381e+02 -9.052668723549117163e-07 -1.186620081503514712e+03 -1.695915182207653970e+03 -9.037939176526720158e-07 -1.571738453161420466e+03 7.012058563220898033e-07 7.012058563220898033e-07 3.391830364415307940e+03 4.098533672231535974e+00 1.176463233170109219e-06 -4.375966936509241182e-11 -2.049266836118184720e+00 -1.388071174329922053e-01 -2.049266836115767987e+00 -9.716785932571127271e-02
1.163918122458802742e+02 -8.187283114546206756e-07 -1.171305025780955248e+03 -1.683221176378087421e+03 -8.173991309919712110e-07 -1.559011611954713999e+03 6.343290302549999750e-07 6.343290302549999750e-07 3.366442352756174841e+03 4.065810588060966069e+00 1.064308277711376573e-06 -3.989099899776970679e-11 -2.032905294032664845e+00 -1.425993583844337997e-01 -2.032905294030483034e+00 -9.711825695356338106e-02
1.218771893620415199e+02 -7.576364728749750955e-07 -1.188564771263310604e+03 -1.708566343115052177e+03 -7.564099654524110045e-07 -1.582430063277257204e+03 5.872049965164734509e-07 5.872049965164734509e-07 3.417132686230104355e+03 4.127571113775186262e+00 9.853075016266776576e-07 -3.728975557339598683e-11 -2.063785556889607076e+00 -1.512124682472174853e-01 -2.063785556887593131e+00 -9.954887256078806534e-02
1.276210843371990649e+02 -6.930846410026827222e-07 -1.189246395410245668e+03 -1.714984620278342391e+03 -6.919658901916254698e-07 -1.587808588367588527e+03 5.373575333591525972e-07 5.373575333591525972e-07 3.429969240556684781e+03 4.142262135128005340e+00 9.017235941340177825e-07 -3.446040301666150788e-11 -2.071131067565840755e+00 -1.582813200115185392e-01 -2.071131067564002670e+00 -1.008709564814748300e-01
1.336356807426926707e+02 -6.423691145716987100e-07 -1.208545708088819765e+03 -1.743702756855591588e+03 -6.413358154109050103e-07 -1.614305098948939076e+03 4.982539949301259669e-07 4.982539949301259669e-07 3.487405513711183175e+03 4.212244960404599503e+00 8.361740359763997350e-07 -3.232648301478903809e-11 -2.106122480203997505e+00 -1.689279361830115234e-01 -2.106122480202299752e+00 -1.037565816641268512e-01
1.399337363438893362e+02 -6.048113681306720507e-07 -1.251046948065866445e+03 -1.800668224593109699e+03 -6.038425450371266253e-07 -1.667494836484115922e+03 4.693854715321646274e-07 4.693854715321646274e-07 3.601336449186219397e+03 4.352177632351955872e+00 7.878103067779286210e-07 -3.088179496793632415e-11 -2.176088816177570440e+00 -1.845380964117589173e-01 -2.176088816175977936e+00 -1.086850510767236738e-01
1.465286101611142442e+02 -5.334223325344195134e-07 -1.197715482920626300e+03 -1.744058829074252344e+03 -5.325704177899851071e-07 -1.612977791846104083e+03 4.140888188744926681e-07 4.140888188744926681e-07 3.488117658148504688e+03 4.210395308190064689e+00 6.950350332794676586e-07 -2.749718392762754327e-11 -2.105197654096433446e+00 -1.850159089882580932e-01 -2.105197654095032345e+00 -1.061060616288532071e-01
1.534342908059238368e+02 -4.963055132816827167e-07 -1.221874421876271299e+03 -1.780450791381382942e+03 -4.955165804094002075e-07 -1.646510000200676814e+03 3.855045053464361456e-07 3.855045053464361456e-07 3.560901582762765884e+03 4.299119716878371911e+00 6.471298655715417662e-07 -2.598586164966567307e-11 -2.149559858440484028e+00 -1.997788220197442011e-01 -2.149559858439185955e+00 -1.099519382980375382e-01
1.606654261528265124e+02 -4.458622449028698198e-07 -1.195352629899369276e+03 -1.756119433426646310e+03 -4.451564091392798450e-07 -1.622539553407715630e+03 3.464657778945861035e-07 3.464657778945861035e-07 3.512238866853292620e+03 4.237346290619976585e+00 5.816424534885992197e-07 -2.365051374960675772e-11 -2.118673145311151362e+00 -2.059648324191813429e-01 -2.118673145309988293e+00 -1.097141376572700333e-01
1.682373544093882742e+02 -4.060605241788804604e-07 -1.188321854317744965e+03 -1.755720019297064937e+03 -4.054208439797303736e-07 -1.621159490501366918e+03 3.157117588458360738e-07 3.157117588458360738e-07 3.511440038594129874e+03 4.234834843290586015e+00 5.300683066834517512e-07 -2.187313361396523593e-11 -2.117417421646347719e+00 -2.167447994010786583e-01 -2.117417421645293008e+00 -1.112646650506813745e-01
1.761661366506273509e+02 -3.773988035349933451e-07 -1.209615105276380746e+03 -1.791000555789856435e+03 -3.768079048411607499e-07 -1.653349314725920067e+03 2.936497224726932310e-07 2.936497224726932310e-07 3.582001111579712870e+03 4.320448865414843631e+00 4.930974687236147562e-07 -2.072487172642727521e-11 -2.160224432708396591e+00 -2.351085322330192795e-01 -2.160224432707421816e+00 -1.155860106476185867e-01
1.844685908867077728e+02 -3.472018608151532305e-07 -1.216078380538457623e+03 -1.808940125650814480e+03 -3.466616849566542864e-07 -1.669064521003656182e+03 2.703572733270407456e-07 2.703572733270407456e-07 3.617880251301628959e+03 4.363044507670836403e+00 4.540491254050969167e-07 -1.943819010011883456e-11 -2.181522253836309932e+00 -2.518732441388397136e-01 -2.181522253835418201e+00 -1.188664217447715915e-01
1.931623277361937312e+02 -3.221135681141541965e-07 -1.234024782733985603e+03 -1.842562919877615741e+03 -3.216160911433972768e-07 -1.699390851257905524e+03 2.510488071860500208e-07 2.510488071860500208e-07 3.685125839755231482e+03 4.444191714721602793e+00 4.216935915777573775e-07 -1.843246463404329568e-11 -2.222095857361623406e+00 -2.735283223919267592e-01 -2.222095857360801396e+00 -1.235920244312991301e-01
2.022657877805325484e+02 -2.940484915429324438e-07 -1.228386434653143397e+03 -1.847272003407857028e+03 -2.935976882127188907e-07 -1.702418849440162830e+03 2.293671701399913848e-07 2.293671701399913848e-07 3.694544006815714056e+03 4.453839763838987054e+00 3.853349182195818793e-07 -1.718064922904971943e-11 -2.226919881920239153e+00 -2.908158160458123587e-01 -2.226919881919493527e+00 -1.263341408519227937e-01
2.117982806790004418e+02 -2.696391278805005234e-07 -1.228585150026455949e+03 -1.860531699683238912e+03 -2.692291623499954567e-07 -1.713349575409014051e+03 2.105284361841523851e-07 2.105284361841523851e-07 3.721063399366477825e+03 4.484426892955934107e+00 3.537495817746257817e-07 -1.612218758997579016e-11 -2.242213446478645622e+00 -3.116326455982931787e-01 -2.242213446477967054e+00 -1.299905986390568202e-01
2.217800261270786280e+02 -2.440229600271981498e-07 -1.209849601126929201e+03 -1.849751729417776914e+03 -2.436550479221295438e-07 -1.701684639521353574e+03 1.906969742997726249e-07 1.906969742997726249e-07 3.699503458835553829e+03 4.455724653286653236e+00 3.204801866137968217e-07 -1.492049203006757735e-11 -2.227862326643936353e+00 -3.281690213846451543e-01 -2.227862326643326618e+00 -1.319046739383621658e-01
2.322321967451384239e+02 -2.273378894460886989e-07 -1.230662708047554361e+03 -1.893302585232086130e+03 -2.269988447201702517e-07 -1.740601797995476545e+03 1.778951424663303410e-07 1.778951424663303410e-07 3.786605170464172261e+03 4.560441443463901123e+00 2.990405737480568003e-07 -1.430863349175608516e-11 -2.280220721732512779e+00 -3.606879812420359932e-01 -2.280220721731950562e+00 -1.386806733002493852e-01
2.431769629884076664e+02 -2.007226653821466095e-07 -1.177548205846781229e+03 -1.836916459649224407e+03 -2.004258830421446768e-07 -1.686300764356725267e+03 1.571808484822433731e-07 1.571808484822433731e-07 3.673832919298448815e+03 4.419625096436112344e+00 2.642552262002012717e-07 -1.289499295920127466e-11 -2.209812548218549555e+00 -3.674518065024258706e-01 -2.209812548218056172e+00 -1.370512506071454861e-01
2.546375401734786408e+02 -1.783356273215238466e-07 -1.134500695255352866e+03 -1.793427590537200331e+03 -1.780744964693616385e-07 -1.644108635552849591e+03 1.397639045677489023e-07 1.397639045677489023e-07 3.586855181074400662e+03 4.310655969535938326e+00 2.350091850150499686e-07 -1.171889019035097700e-11 -2.155327984768404814e+00 -3.778971257115096849e-01 -2.155327984767969163e+00 -1.365625821878780621e-01
2.666382377211073162e+02 -1.712082551588675462e-07 -1.190568941084250127e+03 -1.893143897675925473e+03 -1.709616362884038087e-07 -1.734473914968254576e+03 1.344721093407411447e-07 1.344721093407411447e-07 3.786287795351850946e+03 4.552179373168829812e+00 2.262038096065497855e-07 -1.170746678103406906e-11 -2.276089686584825689e+00 -4.354857459532538444e-01 -2.276089686584414906e+00 -1.496104109534691640e-01
2.792045107197537277e+02 -1.565555595258456281e-07 -1.182414584615684134e+03 -1.903449309871005198e+03 -1.563332465113835886e-07 -1.741726384347845851e+03 1.231528008854276076e-07 1.231528008854276076e-07 3.806898619742010396e+03 4.574444442609581607e+00 2.072222901405718351e-07 -1.105244807728526448e-11 -2.287222221305162062e+00 -4.679518582716091779e-01 -2.287222221304790803e+00 -1.548376244721568207e-01
2.923630139192375736e+02 -1.450206856719955814e-07 -1.189663019980083618e+03 -1.939514908165014958e+03 -1.448181766351694633e-07 -1.772460725007842939e+03 1.142985968973447193e-07 1.142985968973447193e-07 3.879029816330029917e+03 4.659270661027366423e+00 1.923926496337623777e-07 -1.061265782714681288e-11 -2.329635330514021163e+00 -5.125500159794733612e-01 -2.329635330513683211e+00 -1.630318787729532204e-01
3.061416582690361565e+02 -1.383872841024023177e-07 -1.233440909620472667e+03 -2.037490928532315138e+03 -1.381980482264404874e-07 -1.859556831976352441e+03 1.093638156642331553e-07 1.093638156642331553e-07 4.074981857064630276e+03 4.894233014663936565e+00 1.841781192699153914e-07 -1.057929402580764912e-11 -2.447116507332283586e+00 -5.853130905018294472e-01 -2.447116507331968283e+00 -1.782057614313863336e-01
3.205696701211505228e+02 -1.280047982736468800e-07 -1.234866358540005649e+03 -2.074628982021357842e+03 -1.278332646560834069e-07 -1.890301821317103759e+03 1.013900319720123839e-07 1.013900319720123839e-07 4.149257964042715685e+03 4.980327863063621407e+00 1.708217477783021012e-07 -1.017186018294093786e-11 -2.490163931532096253e+00 -6.397108460974616495e-01 -2.490163931531810704e+00 -1.878759096704296638e-01
3.356776532231161809e+02 -1.083180435014500706e-07 -1.126427010169846199e+03 -1.929490642448916333e+03 -1.081748615638277059e-07 -1.754760465817142176e+03 8.583844189264349006e-08 8.583844189264349006e-08 3.858981284897832666e+03 4.624219716024215998e+00 1.446331683929883171e-07 -8.792826653688103800e-12 -2.312109858012347807e+00 -6.185058231909864590e-01 -2.312109858012107999e+00 -1.780782128400497100e-01
3.514976536326550445e+02 -1.004904192266251670e-07 -1.128839287744272269e+03 -1.971640932885826260e+03 -1.003607691114598648e-07 -1.789773706720498694e+03 7.984762590112259617e-08 7.984762590112259617e-08 3.943281865771652519e+03 4.722187265465852768e+00 1.346050595231960344e-07 -8.509365826713110166e-12 -2.361093632733143988e+00 -6.796020791298355013e-01 -2.361093632732926384e+00 -1.889628919191030376e-01
3.680632276916600745e+02 -7.767052226365670746e-08 -9.424619228531070121e+02 -1.669518687427644181e+03 -7.757091652715321782e-08 -1.513515122557126006e+03 6.158152853142492107e-08 6.158152853142492107e-08 3.339037374855288363e+03 3.989306258765316304e+00 1.037703279302262772e-07 -6.581127379900067243e-12 -1.994653129382829126e+00 -5.782269651045506276e-01 -1.994653129382658152e+00 -1.602433685910676364e-01
3.854095132036956670e+02 -8.136174004891695415e-08 -1.061423777094457591e+03 -1.935238034380339286e+03 -8.126179172940889603e-08 -1.749761976723693579e+03 6.492958453054410202e-08 6.492958453054410202e-08 3.870476068760678572e+03 4.625649330343935439e+00 1.095437211278765096e-07 -7.424983026153090039e-12 -2.312824665172136474e+00 -7.543854176160175173e-01 -2.312824665171967720e+00 -1.982406931833163855e-01
4.035733039659898509e+02 -7.020717512378449574e-08 -9.876710780844717874e+02 -1.836408177829821625e+03 -7.012293585222848964e-08 -1.657480141621808116e+03 5.609340931559547586e-08 5.609340931559547586e-08 3.672816355659643250e+03 4.383968596400303674e+00 9.465608466743661531e-08 -6.604542330826107075e-12 -2.191984298200294834e+00 -7.517882074464505848e-01 -2.191984298200151837e+00 -1.933390135870124704e-01
4.225931278140113250e+02 -6.910114485133494561e-08 -1.037838466791503834e+03 -1.998379923843875531e+03 -6.902157055684128213e-08 -1.798143878287277857e+03 5.549934627371385026e-08 5.549934627371385026e-08 3.996759847687751062e+03 4.767196727332962958e+00 9.374329990755370983e-08 -6.893362457830993805e-12 -2.383598363666615594e+00 -8.918972485229383906e-01 -2.383598363666481479e+00 -2.212637328911075951e-01
4.425093283441739800e+02 -6.337869834910607608e-08 -1.017727335772762444e+03 -2.021928497703516086e+03 -6.330830784380146570e-08 -1.814495194058734342e+03 5.107626578598512744e-08 5.107626578598512744e-08 4.043856995407032173e+03 4.817807694621786041e+00 8.632545461043956501e-08 -6.609182021424409085e-12 -2.408903847311010704e+00 -9.620654295610532314e-01 -2.408903847310893021e+00 -2.326077082676579477e-01
4.633641504880137063e+02 -5.736968956887237681e-08 -9.838301601858439653e+02 -2.018631020290404194e+03 -5.730835742095080159e-08 -1.806713774336622919e+03 4.638232894398988714e-08 4.638232894398988714e-08 4.037262040580808389e+03 4.803960297984856354e+00 7.843756853224219044e-08 -6.242281901804487862e-12 -2.401980148992531205e+00 -1.019720094911170216e+00 -2.401980148992428177e+00 -2.408926565716950075e-01
4.852018301193522802e+02 -5.199902396791564497e-08 -9.498304470464629503e+02 -2.018810706916452091e+03 -5.194571252844607629e-08 -1.801775644985730878e+03 4.218555734134473449e-08 4.218555734134473449e-08 4.037621413832904182e+03 4.798111441205019645e+00 7.138468655014653552e-08 -5.907359357807545768e-12 -2.399055720602599084e+00 -1.081656088186369047e+00 -2.399055720602509822e+00 -2.499615326854580655e-01
5.080686878845166348e+02 -4.517415802820375742e-08 -8.833497871830930990e+02 -1.931911952890868406e+03 -4.512981401168027470e-08 -1.720390338567105346e+03 3.673583605174552683e-08 3.673583605174552683e-08 3.863823905781736812e+03 4.586126347968273897e+00 6.218921860021573739e-08 -5.333684684875379169e-12 -2.293063173984211556e+00 -1.091568180049895309e+00 -2.293063173984136949e+00 -2.474685740282163704e-01
5.320132274546396047e+02 -4.133971832348423940e-08 -8.552220098351905335e+02 -1.952947755419723080e+03 -4.130117024248916287e-08 -1.733476691010576133e+03 3.375832113153013811e-08 3.375832113153013811e-08 3.905895510839446160e+03 4.629445473176387438e+00 5.719134970212773323e-08 -5.107404397233774688e-12 -2.314722736588258112e+00 -1.169510893638766591e+00 -2.314722736588193719e+00 -2.598283640539395534e-01
5.570862384084498444e+02 -4.171678934981083417e-08 -8.899083279028692459e+02 -2.187354964478166494e+03 -4.167990660871755722e-08 -1.931374969448062529e+03 3.430278766673432915e-08 3.430278766673432915e-08 4.374709928956332988e+03 5.173517887174824637e+00 5.818559868098934985e-08 -5.413753201326385585e-12 -2.586758943587472270e+00 -1.385273631684233786e+00 -2.586758943587412318e+00 -3.019700844529576433e-01
5.833409039637773503e+02 -2.647683381519660098e-08 -6.519902522564173069e+02 -1.506985227558200449e+03 -2.645533829356862239e-08 -1.336443664237056737e+03 2.164776694804402624e-08 2.164776694804402624e-08 3.013970455116400899e+03 3.570865514607949098e+00 3.668169932251618279e-08 -3.557052490073219841e-12 -1.785432757304012297e+00 -1.017776494947887356e+00 -1.785432757303974549e+00 -2.175592109875597591e-01
6.108329137862895095e+02 -3.280445856509442512e-08 -7.772266704234211829e+02 -2.095886378653816791e+03 -3.277869925135646981e-08 -1.839321739082355407e+03 2.717191967982532552e-08 2.717191967982532552e-08 4.191772757307633583e+03 4.942353290795576726e+00 4.614916454659916655e-08 -4.608625330021691169e-12 -2.471176645397829219e+00 -1.462349826233729777e+00 -2.471176645397788363e+00 -3.090715970428286608e-01
6.396205821147376582e+02 -2.473344506036776362e-08 -6.427637997049206433e+02 -1.734537311370421321e+03 -2.471606029654304890e-08 -1.522137524114387816e+03 2.050767224506214499e-08 2.050767224506214499e-08 3.469074622740842642e+03 4.091724088122245639e+00 3.483632941583477555e-08 -3.658566052355477141e-12 -2.045862044061150797e+00 -1.299401222672944556e+00 -2.045862044061122820e+00 -2.690270429865916912e-01
6.697649714532765302e+02 -2.626905388374094200e-08 -6.778461048875268489e+02 -2.048932936161610996e+03 -2.625113924245801880e-08 -1.785854720634428304e+03 2.194363778035092823e-08 2.194363778035092823e-08 4.097865872323221993e+03 4.815940711973872190e+00 3.732449074993435892e-08 -3.991648712726142137e-12 -2.407970355986963185e+00 -1.564472711226412072e+00 -2.407970355986936095e+00 -3.218424432644904631e-01
7.013300220932216007e+02 -2.898156991256548356e-08 -7.390470045621382269e+02 -2.508205427691429122e+03 -2.896174012101863594e-08 -2.172584353290385479e+03 2.434664280976893837e-08 2.434664280976893837e-08 5.016410855382858244e+03 5.872922934286901153e+00 4.145285058912776571e-08 -4.447421220522730592e-12 -2.936461467143479886e+00 -1.912625884230805262e+00 -2.936461467143450577e+00 -3.931886486011065829e-01
7.343826877389805077e+02 -2.221497769802673938e-08 -6.046276387146973548e+02 -2.118753126673110273e+03 -2.220171442371293965e-08 -1.832302534670522618e+03 1.872662983164342771e-08 1.872662983164342771e-08 4.237506253346220547e+03 4.960105777088601897e+00 3.190283105724386988e-08 -3.599778394456800708e-12 -2.480052888544319600e+00 -1.729223546706752268e+00 -2.480052888544300949e+00 -3.489508392946131798e-01
7.689930775258358153e+02 -1.952499746136762997e-08 -5.466107112512578396e+02 -2.058045334333650771e+03 -1.951438287009158083e-08 -1.773715243509257789e+03 1.653279826594898777e-08 1.653279826594898777e-08 4.116090668667301543e+03 4.810423550809140636e+00 2.818700081427969482e-08 -3.280587183457410677e-12 -2.405211775404583641e+00 -1.746339798344090477e+00 -2.405211775404570318e+00 -3.486898025060257145e-01
8.052346047308212746e+02 -1.784640898294981354e-08 -5.076541953380236691e+02 -2.078989282016421384e+03 -1.783734298721350462e-08 -1.785106246240929522e+03 1.517492455355652276e-08 1.517492455355652276e-08 4.157978564032842769e+03 4.849721351803205849e+00 2.589051336022810109e-08 -3.076406549539713008e-12 -2.424860675901614027e+00 -1.807793984951995947e+00 -2.424860675901602924e+00 -3.585309820676619297e-01
8.431841424921250336e+02 -1.675306897794644507e-08 -4.826639164059226346e+02 -2.154594890975619364e+03 -1.674488423392134172e-08 -1.843524581656911550e+03 1.429260332433360910e-08 1.429260332433360910e-08 4.309189781951238729e+03 5.015294463489833099e+00 2.439898559011594708e-08 -2.933158194526225360e-12 -2.507647231744925875e+00 -1.896788439971867746e+00 -2.507647231744916549e+00 -3.748132788326648535e-01
8.829221868673216704e+02 -1.421941396956570197e-08 -4.114680203932447284e+02 -2.023105893134289545e+03 -1.421327352195461997e-08 -1.724775588780115186e+03 1.219537626221468925e-08 1.219537626221468925e-08 4.046211786268579090e+03 4.702381893788447620e+00 2.083743414388376550e-08 -2.582493938616603845e-12 -2.351190946894229583e+00 -1.848630334332749037e+00 -2.351190946894223810e+00 -3.618286587410296518e-01
9.245330275763035388e+02 -1.434251609752174973e-08 -4.262835915786029659e+02 -2.243316819930977999e+03 -1.433606742719907011e-08 -1.908030555691786503e+03 1.230403551933101762e-08 1.230403551933101762e-08 4.486633639861955999e+03 5.202572025862599148e+00 2.102405418181029595e-08 -2.583868477160638879e-12 -2.601286012931306235e+00 -2.022606596622595898e+00 -2.601286012931299574e+00 -3.969580043853315754e-01
9.681049267910771050e+02 -1.313286275863367213e-08 -3.967628741685931004e+02 -2.263639983150605531e+03 -1.312721225328938431e-08 -1.920322672037315215e+03 1.129370337562222452e-08 1.129370337562222452e-08 4.527279966301211061e+03 5.241266247844567516e+00 1.930560368787811681e-08 -2.397803987851804217e-12 -2.620633123922289975e+00 -2.064637676735821881e+00 -2.620633123922283758e+00 -4.039096254576929890e-01
1.013730306351663103e+03 -1.101106214155099947e-08 -3.242514361194009211e+02 -2.099370819363716691e+03 -1.100670274964328425e-08 -1.774427811264253251e+03 9.517453830182347365e-09 9.517453830182347365e-09 4.198741638727433383e+03 4.853090417744841290e+00 1.628323197291939926e-08 -2.060495814449146465e-12 -2.426545208872423753e+00 -1.956082137432014978e+00 -2.426545208872420645e+00 -3.805681084650504586e-01
1.061505943805210791e+03 -9.909785203042785621e-09 -2.918273250709860349e+02 -2.081637911158168208e+03 -9.905923615002721969e-09 -1.754999145668436540e+03 8.584980237898541136e-09 8.584980237898541136e-09 4.163275822316336416e+03 4.804355348260716418e+00 1.469347957201792278e-08 -1.866739374356153613e-12 -2.402177674130360430e+00 -1.945174567210430583e+00 -2.402177674130358209e+00 -3.780407994837382546e-01
1.111533177684150132e+03 -1.244816621969205364e-08 -4.451633478445027094e+02 -2.839503471397349131e+03 -1.244369399419057707e-08 -2.400988928439994652e+03 1.071152466913679046e-08 1.071152466913679046e-08 5.679006942794698261e+03 6.554640268405107939e+00 1.831212583969321050e-08 -2.351656116083797037e-12 -3.277320134202560631e+00 -2.697581210735102708e+00 -3.277320134202553970e+00 -5.222507734776716815e-01
1.163918122458806920e+03 -1.005716033349301794e-08 -3.462488600704219266e+02 -2.537141553592267883e+03 -1.005376164611140692e-08 -2.137616378204081684e+03 8.697435904110612885e-09 8.697435904110612885e-09 5.074283107184535766e+03 5.847496775227112309e+00 1.488143139666882745e-08 -1.934098497286512711e-12 -2.923748387613560151e+00 -2.440489315485026456e+00 -2.923748387613556154e+00 -4.709364901354707311e-01
1.218771893620419632e+03 -7.850954715576309635e-09 -2.531489031658906868e+02 -2.187981055057602589e+03 -7.848038949872877433e-09 -1.836639807524253456e+03 6.815309945391783111e-09 6.815309945391783111e-09 4.375962110115205178e+03 5.031966962848827052e+00 1.166861015329802777e-08 -1.496355228505849897e-12 -2.515983481424416190e+00 -2.061130824596687283e+00 -2.515983481424413526e+00 -3.994779454430225085e-01
1.276210843371995452e+03 -5.921858231367523769e-09 -1.813891432719307204e+02 -1.814822102667345916e+03 -5.918975797565820530e-09 -1.519126004237059760e+03 5.141085818184762970e-09 5.141085818184762970e-09 3.629644205334691833e+03 4.162369251508896362e+00 8.802427686966777517e-09 -1.069722134848960890e-12 -2.081184625754451734e+00 -1.587983200446637211e+00 -2.081184625754448181e+00 -3.131105199803780881e-01
1.336356807426931709e+03 -6.307260307243363460e-09 -2.174964290411513730e+02 -2.119531903030491321e+03 -6.304903143984163336e-09 -1.775033707269796651e+03 5.478573634500536553e-09 5.478573634500536553e-09 4.239063806060982643e+03 4.864370141748217691e+00 9.380921482993458982e-09 -1.202083088887442429e-12 -2.432185070874112398e+00 -1.990140222460320407e+00 -2.432185070874108845e+00 -3.858256984169524673e-01
