# Transfer functions T_i(k) for adiabatic (AD) mode (normalized to initial curvature=1)
# d_i   stands for (delta rho_i/rho_i)(k,z) with above normalization
# d_tot stands for (delta rho_tot/rho_tot)(k,z) with rho_Lambda NOT included in rho_tot
# (note that this differs from the transfer function output from CAMB/CMBFAST, which gives the same
#  quantities divided by -k^2 with k in Mpc^-1; use format=camb to match CAMB)
# t_i   stands for theta_i(k,z) with above normalization
# t_tot stands for (sum_i [rho_i+p_i] theta_i)/(sum_i [rho_i+p_i]))(k,z)
# If some neutrino species are massless, or degenerate, the d_ncdm and t_ncdm columns may be missing below.
# 1:k (h/Mpc)              2:d_g                    3:d_b                    4:d_cdm                  5:d_ur        6:d_ncdm[0]              7:d_ncdm[1]              8:d_ncdm[2]              9:d_tot                 10:phi     11:psi                   12:h                     13:h_prime               14:eta                   15:eta_prime     16:t_g                   17:t_b                   18:t_ur        19:t_ncdm[0]             20:t_ncdm[1]             21:t_ncdm[2]             22:t_tot
7.016026248427303308e-06 -4.349478725832841163e-06 -3.262115027957889288e-06 -3.262115078557359038e-06 -4.349477817185738156e-06 -3.292922918081919705e-06 6.120985209889245882e-01 5.968593862460837007e-01 6.524230157114718076e-06 8.799061144738976172e-09 1.000000463950131646e+00 7.534273237741630289e-10 -1.815897817330554593e-14 -1.613426130852166143e-17 -1.929545611861150509e-14 -6.994607168047728406e-16
7.346681378602682049e-06 -5.020890237477211290e-06 -3.765675251426453467e-06 -3.765675315478536485e-06 -5.020889082560527085e-06 -3.801238815931344919e-06 6.120999267088178541e-01 5.968601649765535866e-01 7.531350630957072969e-06 1.015734026375343079e-08 1.000000445979383867e+00 7.412130150806600949e-10 -2.298379306789531647e-14 -2.042451740459730467e-17 -2.442779383243908001e-14 -8.853920335405296271e-16
7.692919804968807398e-06 -5.757078039250837762e-06 -4.317818050664586730e-06 -4.317818131183904614e-06 -5.757076581762862408e-06 -4.358596101738597712e-06 6.121011966352112310e-01 5.968608721349601964e-01 8.635636262367809229e-06 1.164666360021452959e-08 1.000000426271892673e+00 7.278214803449949597e-10 -2.889558972682355915e-14 -2.567446120982579860e-17 -3.071732229929674621e-14 -1.113224949982631914e-15
8.055475945648996308e-06 -6.564291391018834402e-06 -4.923230446479486978e-06 -4.923230547146364427e-06 -6.564289562588638795e-06 -4.969726058992333310e-06 6.121023408928142340e-01 5.968615055608496034e-01 9.846461094292728854e-06 1.327967459010816988e-08 1.000000404662570563e+00 7.131380584259285670e-10 -3.612489881376148598e-14 -3.209705569051183549e-17 -3.840961020922862313e-14 -1.391849757755007936e-15
8.435118830826382119e-06 -7.449383320061309772e-06 -5.587052301025282160e-06 -5.587052426283443750e-06 -7.449381037806165217e-06 -5.639817088667972649e-06 6.121034226708382819e-01 5.968621230329440586e-01 1.117410485256688750e-05 1.507023398173933989e-08 1.000000380968642855e+00 6.970391594065088552e-10 -4.494995882557538946e-14 -3.993721838794145005e-17 -4.780099637290029856e-14 -1.731994015177366336e-15
8.832653733960031304e-06 -8.419867219148231870e-06 -6.314918769462735890e-06 -6.314918924697122434e-06 -8.419864382678753995e-06 -6.374557561972038520e-06 6.121044377757290933e-01 5.968627167573161696e-01 1.262983784939424487e-05 1.703354203307927541e-08 1.000000354988040074e+00 6.793839669232980813e-10 -5.570642482938767828e-14 -4.949589112809037582e-17 -5.924895004954378406e-14 -2.146599477734774776e-15
9.248923879877925496e-06 -9.483981091773066086e-06 -7.113008487783092438e-06 -7.113008679503540074e-06 -9.483977579553032303e-06 -7.180184462831812668e-06 6.121053630771989829e-01 5.968632578198719285e-01 1.422601735900708015e-05 1.918626624609060898e-08 1.000000326501204517e+00 6.600259166843059339e-10 -6.879907714961966633e-14 -6.113054416026045790e-17 -7.318461032835884603e-14 -2.651273133753776490e-15
9.684812233369864367e-06 -1.065075831514875194e-05 -7.988096649670575479e-06 -7.988096885755949209e-06 -1.065075398014551950e-05 -8.063536965998245384e-06 6.121062221693800431e-01 5.968637683706735642e-01 1.597619377151189842e-05 2.154668040226693976e-08 1.000000295265973005e+00 6.388012858021503782e-10 -8.471591513715731558e-14 -7.528044084684476497e-17 -9.012775820107917094e-14 -3.264831911593736371e-15
1.014124337207417699e-05 -1.193010270288464988e-05 -8.947611309162896233e-06 -8.947611599115674140e-06 -1.193009736736012856e-05 -9.032113271232729778e-06 6.121069672266182815e-01 5.968641974792920912e-01 1.789522319823134828e-05 2.413482439042080613e-08 1.000000261016869452e+00 6.155285784388815984e-10 -1.040451769417250649e-13 -9.245648765936262960e-17 -1.107048888063389971e-13 -4.009954312156355645e-15
1.061918544763084319e-05 -1.333287485756546440e-05 -9.999698151762301612e-06 -9.999698507057069624e-06 -1.333286830672681343e-05 -1.009413598592824227e-05 6.121076457501529733e-01 5.968645848104109364e-01 1.999939701411413925e-05 2.697266767332741988e-08 1.000000223464217353e+00 5.900089431070218463e-10 -1.274957302952599445e-13 -1.132910125421427521e-16 -1.356710475860315248e-13 -4.913973126251258710e-15
1.111965223926092733e-05 -1.487098318922933789e-05 -1.115328876628732344e-05 -1.115328920079659574e-05 -1.487097516357937076e-05 -1.125862104145584906e-05 6.121082726117685890e-01 5.968649556981486803e-01 2.230657840159319148e-05 3.008429919404786905e-08 1.000000182287695383e+00 5.620305600107674975e-10 -1.559214272784657870e-13 -1.385518781885080215e-16 -1.659358168689460075e-13 -6.009814079065520680e-15
1.164370530412823039e-05 -1.655748357605426856e-05 -1.241817540036022160e-05 -1.241817593081887725e-05 -1.655747376235278814e-05 -1.253545315444766939e-05 6.121088310898457063e-01 5.968652786324016857e-01 2.483635186163775450e-05 3.349613596347858098e-08 1.000000137138935097e+00 5.313522907767633301e-10 -1.903511002016087858e-13 -1.691486848889435824e-16 -2.025949680075915554e-13 -7.337144807619503223e-15
1.219245622904435158e-05 -1.840669245867243304e-05 -1.380509579264335811e-05 -1.380509643923482853e-05 -1.840668047886627500e-05 -1.393547145957347661e-05 6.121093275016358248e-01 5.968655622871363864e-01 2.761019287846965705e-05 3.723714075344089819e-08 1.000000087634447254e+00 4.977134244396600845e-10 -2.320236293064065524e-13 -2.061807665106590093e-16 -2.469681664334030554e-13 -8.943734907949566493e-15
1.276706898829335786e-05 -2.043430760286407653e-05 -1.532582375901336721e-05 -1.532582454608062036e-05 -2.043429300085681721e-05 -1.547056095099041674e-05 6.121097774282110437e-01 5.968658205478011292e-01 3.065164909216124071e-05 4.133907010765578947e-08 1.000000033353734219e+00 4.608300767133582001e-10 -2.824308985851070106e-13 -2.509759981694139226e-16 -3.006445436356359361e-13 -1.088710951998418769e-14
1.336876241257729301e-05 -2.265754047552493754e-05 -1.699326849145467008e-05 -1.699326944834509364e-05 -2.265752270122387715e-05 -1.715375271839965110e-05 6.121101730613143221e-01 5.968660437184722944e-01 3.398653889669018727e-05 4.583674645515871339e-08 9.999999738363053448e-01 4.203872790681394374e-10 -3.433691374083819589e-13 -3.051285617560077800e-16 -3.655374563490288484e-13 -1.323652890480365089e-14
1.399881277431950218e-05 -2.509526381800970438e-05 -1.882158525844135162e-05 -1.882158642052636724e-05 -2.509524220815128738e-05 -1.899933569223100348e-05 6.121105295657596201e-01 5.968662453894172382e-01 3.764317284105273448e-05 5.076834938976875910e-08 9.999999085769053497e-01 3.760419724055636580e-10 -4.170007274499350511e-13 -3.705614799186604339e-16 -4.439503036584258406e-13 -1.607537247249700774e-14
1.465855649480956665e-05 -2.776817031994915629e-05 -2.082629443478945324e-05 -2.082629584470106264e-05 -2.776814407507352929e-05 -2.102297679693247595e-05 6.121108421080955209e-01 5.968664202467307556e-01 4.165259168940212527e-05 5.617574415252257321e-08 9.999998370211096166e-01 3.274216309920731895e-10 -5.059285539897778685e-13 -4.495878205064952171e-16 -5.386556908917218089e-13 -1.950400441036221554e-14
1.534939297893202391e-05 -3.069894944089798187e-05 -2.302441414733203090e-05 -2.302441585642598057e-05 -3.069891759748757959e-05 -2.324185484824866588e-05 6.121111182155839492e-01 5.968665736305241998e-01 4.604883171285196114e-05 6.210483358444716399e-08 9.999997585622275587e-01 2.741075892219981850e-10 -6.132853756455654561e-13 -5.449903995207847827e-16 -6.529907837642873393e-13 -2.364322212884098313e-14
1.607278758349176535e-05 -3.391247929559635874e-05 -2.543460422431280635e-05 -2.543460629445613204e-05 -3.391244069280438203e-05 -2.567480586109365071e-05 6.121113588716977638e-01 5.968667064542338974e-01 5.086921258891226408e-05 6.860594976436110156e-08 9.999996725334653336e-01 2.156500725186108267e-10 -7.428413531414068597e-13 -6.601212147477579234e-16 -7.909716297838685536e-13 -2.863839966617595352e-14
1.683027472543225631e-05 -3.743603798019612844e-05 -2.807732473263364504e-05 -2.807732723833755492e-05 -3.743599121962894904e-05 -2.834248308260831995e-05 6.121115654922713034e-01 5.968668188987803491e-01 5.615465447667510984e-05 7.573428075483218505e-08 9.999995782047532700e-01 1.515530343467248153e-10 -8.991333266538993970e-13 -7.990120331200647575e-16 -9.574310599143068115e-13 -3.466447481489383562e-14
1.762346113653963237e-05 -4.129953510752332012e-05 -3.097500968051677169e-05 -3.097501271150432167e-05 -4.129947850491783712e-05 -3.126753233362457958e-05 6.121117390960730820e-01 5.968669108828764669e-01 6.195002542300864334e-05 8.355033901309132028e-08 9.999994747754505919e-01 8.127274602404653090e-11 -1.087620277820848580e-12 -9.665116998539206018e-16 -1.158184230629867822e-12 -4.193194256082255619e-14
1.845402927153620386e-05 -4.553576575597479418e-05 -3.415225754079497227e-05 -3.415226120509025955e-05 -4.553569728304380143e-05 -3.447478432927024168e-05 6.121118826931860601e-01 5.968669845920369088e-01 6.830452241018051911e-05 9.212047474981514365e-08 9.999993613680872029e-01 4.212253914984176241e-12 -1.314870262621183959e-12 -1.168457900115363849e-15 -1.400227856464276691e-12 -5.069406552817619916e-14
1.932374087679250330e-05 -5.018069230712845829e-05 -3.763604270318327818e-05 -3.763604713085824069e-05 -5.018060952183636160e-05 -3.799146812581480066e-05 6.121120428943306324e-01 5.968670873829093892e-01 7.527209426171648139e-05 1.015174289268228942e-07 9.999992370168480083e-01 -8.028816806756260392e-11 -1.588785241531201117e-12 -1.411935703674488072e-15 -1.691979346365695398e-12 -6.125554647883534098e-14
2.023444072722755351e-05 -5.527373555806690660e-05 -4.145593389756786214e-05 -4.145593924516133072e-05 -5.527363552042107591e-05 -4.184743160403096504e-05 6.121121326552306785e-01 5.968671300164538618e-01 8.291187849032266143e-05 1.118209916757206392e-07 9.999991006704331831e-01 -1.729346628978829518e-10 -1.918871417839364712e-12 -1.705294907961887380e-15 -2.043565446504933856e-12 -7.398292948816279208e-14
2.118806053932377554e-05 -6.085812533817775615e-05 -4.564435726367887836e-05 -4.564436371957796679e-05 -6.085800450910557849e-05 -4.607540701953098921e-05 6.121121509472959854e-01 5.968671099481016595e-01 9.128872743915593358e-05 1.231186328670167514e-07 9.999989511728665237e-01 -2.745165400163726366e-10 -2.316564212195334582e-12 -2.058643255110950590e-15 -2.467167962336864790e-12 -8.931715419314961343e-14
2.218662306855666638e-05 -6.698127093495605798e-05 -5.023687429937776666e-05 -5.023688209032386401e-05 -6.698112505497427109e-05 -5.071129157217913017e-05 6.121121853659459155e-01 5.968671177757103319e-01 1.004737641806477280e-04 1.355062341129320154e-07 9.999987872492095420e-01 -3.859015524915525936e-10 -2.795619043598347875e-12 -2.484358195754316226e-15 -2.977439851903111356e-12 -1.077886456681292636e-13
2.323224639993033648e-05 -7.369514726482710113e-05 -5.527247164333490363e-05 -5.527248104220682282e-05 -7.369497120757879905e-05 -5.579443992040183220e-05 6.121122357296736594e-01 5.968671530070572828e-01 1.105449620844136456e-04 1.490889496279786791e-07 9.999986075075812941e-01 -5.080371710811346174e-10 -3.372581317556331027e-12 -2.997198595920996415e-15 -3.592006537302864220e-12 -1.300354015581200830e-13
2.432714844071979499e-05 -8.105673223950419712e-05 -6.079388928623267091e-05 -6.079390062129582837e-05 -8.105651983604830301e-05 -6.136799548567553814e-05 6.121122189115020262e-01 5.968671299128391894e-01 1.215878012425916567e-04 1.639821095285027305e-07 9.999984104280947861e-01 -6.419516374319342500e-10 -4.067351794753332174e-12 -3.614637973282661120e-15 -4.332067889326744908e-12 -1.568247631454130548e-13
2.547365162494962516e-05 -8.912851442768648848e-05 -6.684800154052231548e-05 -6.684801520683642179e-05 -8.912825825487988816e-05 -6.747927501344326106e-05 6.121121751865657989e-01 5.968670891534834100e-01 1.336960304136728436e-04 1.803121282704279951e-07 9.999981943356067715e-01 -7.887854593460509251e-10 -4.903865464623408570e-12 -4.358051660271766903e-15 -5.223121271301645988e-12 -1.890796770899543916e-13
2.667418783958794162e-05 -9.797900643738317004e-05 -7.348620234576070580e-05 -7.348621881904569505e-05 -9.797869756325802725e-05 -7.418015750856978344e-05 6.121121111402235693e-01 5.968670396481954299e-01 1.469724376380913901e-04 1.982176266658090323e-07 9.999979573928107213e-01 -9.497864557113721339e-10 -5.910907832443793748e-12 -5.253212119922126446e-15 -6.295831784394411848e-12 -2.279101475797138261e-13
2.793130358290468561e-05 -1.076833247638731890e-04 -8.076484048413396541e-05 -8.076486033519033811e-05 -1.076829524455876662e-04 -8.152752354871437175e-05 6.121120063056519900e-01 5.968669562348453139e-01 1.615297206703806762e-04 2.178506126403227937e-07 9.999976975935199741e-01 -1.126317250857240818e-09 -7.123102600532506907e-12 -6.330301560155878965e-15 -7.587080219465339517e-12 -2.746511284606124190e-13
2.924766536593587397e-05 -1.183238382182957702e-04 -8.874570627663336047e-05 -8.874573019403286128e-05 -1.183233895270741824e-04 -8.958374656848169023e-05 6.121118779513569086e-01 5.968668618443888629e-01 1.774914603880657226e-04 2.393777391053093505e-07 9.999974127279103175e-01 -1.319880512690010990e-09 -8.582079639259891289e-12 -7.626978716198275150e-15 -9.141218477266331118e-12 -3.309080329051692964e-13
3.062606536851101359e-05 -1.299908560747738075e-04 -9.749654817895267315e-05 -9.749657698977142123e-05 -1.299903154607955818e-04 -9.841721431381939336e-05 6.121117223081667946e-01 5.968667500426009243e-01 1.949931539795428425e-04 2.629817492799911691e-07 9.999971003797919478e-01 -1.532116885802107278e-09 -1.033791103667684676e-11 -9.187424499171866132e-15 -1.101158475047710361e-11 -3.986115526016126178e-13
3.206942736184088306e-05 -1.427834000238197107e-04 -1.070916522975956937e-04 -1.070916869967466220e-04 -1.427827487821724045e-04 -1.081029138160837053e-04 6.121115431905329585e-01 5.968666250042241606e-01 2.141833739934932441e-04 2.888630107383862749e-07 9.999967578974904292e-01 -1.764827239222073137e-09 -1.245080797053174318e-11 -1.106517744754085012e-14 -1.326232069602940379e-11 -4.800834320303166422e-13
3.358081291022823391e-05 -1.568100364651596522e-04 -1.176124672869742499e-04 -1.176125090715085514e-04 -1.568092520947937120e-04 -1.187230621681489195e-04 6.121113186923907712e-01 5.968664665011270687e-01 2.352250181430171028e-04 3.172412382426614842e-07 9.999963823758351023e-01 -2.019989536517658325e-09 -1.499317342722625683e-11 -1.332456714951410903e-14 -1.597055849043649975e-11 -5.781155683673196430e-13
3.516342786505619224e-05 -1.721898115570801653e-04 -1.291483064546365602e-04 -1.291483567642177682e-04 -1.721888669966914118e-04 -1.303678152330684642e-04 6.121110668202255356e-01 5.968662925400333163e-01 2.582967135284355365e-04 3.483573171300228254e-07 9.999959706228910283e-01 -2.299766862984389773e-09 -1.805207670700743963e-11 -1.604309980847424435e-14 -1.922904838427750125e-11 -6.960653261418007669e-13
3.682062916482884102e-05 -1.890532463206317593e-04 -1.417970950620750037e-04 -1.417971556280971720e-04 -1.890521090211766267e-04 -1.431360219711049820e-04 6.121107789315382020e-01 5.968660948646509201e-01 2.835943112561943439e-04 3.824753900226058541e-07 9.999955191461107340e-01 -2.606534546798657067e-09 -2.173221406372639247e-11 -1.931373210222543853e-14 -2.314932266088305424e-11 -8.379698001717905281e-13
3.855593195568782591e-05 -2.075434505631869135e-04 -1.556662069454450435e-04 -1.556662798502394141e-04 -2.075420813785138581e-04 -1.571360689232747154e-04 6.121104527271197249e-01 5.968658722350251855e-01 3.113325597004788282e-04 4.198850779828019713e-07 9.999950241129329509e-01 -2.942896170717830996e-09 -2.615947887631515304e-11 -2.324839554693211883e-14 -2.786549327389226634e-11 -1.008683447873477045e-12
4.037301704750867638e-05 -2.278173348718035224e-04 -1.708733749228122400e-04 -1.708734626704337461e-04 -2.278156867219502738e-04 -1.724867991702015203e-04 6.121100856962495840e-01 5.968656225946251670e-01 3.417469253408674922e-04 4.609039427823715741e-07 9.999944813224261875e-01 -3.311706036243990461e-09 -3.148525047914978260e-11 -2.798157048780322505e-14 -3.353882209667332178e-11 -1.214043453279214475e-12
4.227573872139197734e-05 -2.500469393050968356e-04 -1.875476890158080437e-04 -1.875477946169809237e-04 -2.500449555757430927e-04 -1.893185199253888536e-04 6.121096715206935102e-01 5.968653403207416774e-01 3.750955892339618474e-04 5.058801867255050149e-07 9.999938861652077904e-01 -3.716093834919618267e-09 -3.789155403584351624e-11 -3.367466898083115525e-14 -4.036321133376951196e-11 -1.461068565174125409e-12
4.426813290511037599e-05 -2.744208992716458016e-04 -2.058306978853502033e-04 -2.058308249632720649e-04 -2.744185118687645112e-04 -2.077741143095445840e-04 6.121092169813071582e-01 5.968650358240741305e-01 4.116616499265441298e-04 5.551955860561945721e-07 9.999932335889475388e-01 -4.159494724919581844e-09 -4.559724070010343281e-11 -4.052356873240451128e-14 -4.857181187861972285e-11 -1.758198085954794129e-12
4.635442573385247899e-05 -3.011460275039657048e-04 -2.258775978002565952e-04 -2.258777507086783866e-04 -3.011431545522704769e-04 -2.280102414604120021e-04 6.121087059727666757e-01 5.968646908099833892e-01 4.517555014173567731e-04 6.092687798789302693e-07 9.999925180574547046e-01 -4.645665517109101826e-09 -5.486548332543661857e-11 -4.876043659543653018e-14 -5.844496095818295201e-11 -2.115579462315358839e-12
4.853904251442220998e-05 -3.304490884817692410e-04 -2.478585663723175325e-04 -2.478587503490855973e-04 -3.304456315172596133e-04 -2.501986827763394601e-04 6.121081466702775753e-01 5.968643161391529173e-01 4.957175006981711946e-04 6.685587597401261105e-07 9.999917334963267512e-01 -5.178740520130400977e-09 -6.601269180756434348e-11 -5.866805444142705020e-14 -7.031973027269481833e-11 -2.545413788994714883e-12
5.082661711190781650e-05 -3.625786885824009613e-04 -2.719601837384824010e-04 -2.719604050807873999e-04 -3.625745292027995306e-04 -2.745277763976981898e-04 6.121075043693122719e-01 5.968638807725185069e-01 5.439208101615747998e-04 7.335688555305461267e-07 9.999908732476108231e-01 -5.763230382113678281e-09 -7.941929867919030181e-11 -7.058259067987145478e-14 -8.460139178146177689e-11 -3.062370323582730823e-12
5.322200177873104532e-05 -3.978074361109012113e-04 -2.983870568572642322e-04 -2.983873231373266851e-04 -3.978024319485816635e-04 -3.012040567063714353e-04 6.121068151975901372e-01 5.968634201484902535e-01 5.967746462746533701e-04 8.048508498741292334e-07 9.999899300033849858e-01 -6.404107812632000293e-09 -9.554274881966051675e-11 -8.491281093184555427e-14 -1.017772332860323820e-10 -3.684088169639165298e-12
5.573027744692502986e-05 -4.364341828726852864e-04 -3.273635057949556178e-04 -3.273638261213772556e-04 -4.364281627325448769e-04 -3.304539563736531523e-04 6.121060511643978685e-01 5.968629083128914603e-01 6.547276522427545112e-04 8.830098563924159888e-07 9.999888957605216344e-01 -7.106803295898527216e-09 -1.149330182879792029e-10 -1.021478350362855607e-13 -1.224331302798167397e-10 -4.431774397412759508e-12
5.835676450547240502e-05 -4.787865997826682265e-04 -3.591355016420920247e-04 -3.591358869568516158e-04 -4.787793578227786547e-04 -3.625257623615504507e-04 6.121052043511484575e-01 5.968623407638428136e-01 7.182717739137032317e-04 9.687093236200259760e-07 9.999877617461847557e-01 -7.877282760188641647e-09 -1.382513608255398714e-10 -1.228713216109303303e-13 -1.472734997657120808e-10 -5.330926289312653688e-12
6.110703408556359144e-05 -5.252239413592543369e-04 -3.939727472189627315e-04 -3.939732106988093016e-04 -5.252152300430607641e-04 -3.976917160734253116e-04 6.121042760571304697e-01 5.968617203123436354e-01 7.879464213976186031e-04 1.062676692338019034e-06 9.999865183295877369e-01 -8.722081932177147075e-09 -1.662927973327624374e-10 -1.477974768936160913e-13 -1.771452635126871020e-10 -6.412200998917148940e-12
6.398691987771303036e-05 -5.761400717048330939e-04 -4.321709556473281484e-04 -4.321715131046375202e-04 -5.761295934585871628e-04 -4.362503130864530906e-04 6.121032481728503338e-01 5.968610314202450473e-01 8.643430262092750404e-04 1.165709609947837424e-06 9.999851549648171023e-01 -9.648357348008427377e-09 -2.000132451494135001e-10 -1.777645153271691104e-13 -2.130666809717486131e-10 -7.712456073242913477e-12
6.700253050579889705e-05 -6.319668240614888331e-04 -4.740543804769289460e-04 -4.740550509594857907e-04 -6.319542210281043487e-04 -4.785288569181639058e-04 6.121021254032585901e-01 5.968602814944463653e-01 9.481101019189715814e-04 1.278682620283183854e-06 9.999836600722069591e-01 -1.066398089957504847e-08 -2.405619104592705527e-10 -2.138066423501990959e-13 -2.562619854846041280e-10 -9.276006894543459065e-12
7.016026248427330921e-05 -6.931776115982076327e-04 -5.199785369447486880e-04 -5.199793433306395835e-04 -6.931624535655705067e-04 -5.248862054646575648e-04 6.121008820519702187e-01 5.968594485455818166e-01 1.039958686661279167e-03 1.402554704113597428e-06 9.999820209662337867e-01 -1.177756274053631601e-08 -2.893205369105921500e-10 -2.571433294884855715e-13 -3.082030409821734019e-10 -1.115613097548381523e-11
7.346681378602710848e-05 -7.602914855875538523e-04 -5.703332609169787940e-04 -5.703342307222388722e-04 -7.602732552932801174e-04 -5.757158583964478620e-04 6.120995261170193436e-01 5.968585424013566065e-01 1.140668461444477744e-03 1.538377254658902728e-06 9.999802237390569282e-01 -1.299855398307190715e-08 -3.479503686063844229e-10 -3.092552278062247251e-13 -3.706594543989908246e-10 -1.341688520560153206e-11
7.692919804968837891e-05 -8.338774612739507973e-04 -6.255459718377069092e-04 -6.255471381619282477e-04 -8.338555366575789354e-04 -6.314492503009739221e-04 6.120980286228152600e-01 5.968575430396789727e-01 1.251094276323856495e-03 1.687303175184253281e-06 9.999782531391678830e-01 -1.433729571836338931e-08 -4.184484014626894608e-10 -3.719215857555603532e-13 -4.457587139216645368e-10 -1.613527632165101852e-11
8.055475945649029172e-05 -9.145593637249270318e-04 -6.860853299594776161e-04 -6.860867325665822962e-04 -9.145329971019521302e-04 -6.925594416639107740e-04 6.120963845760033495e-01 5.968564430753000583e-01 1.372173465133164592e-03 1.850596545399930393e-06 9.999760924470604273e-01 -1.580515390024643630e-08 -5.032160684899758090e-10 -4.472669643604531283e-13 -5.360586172661227483e-10 -1.940389594549212802e-11
8.435118830826415662e-05 -1.003021089143865023e-03 -7.524652085934662978e-04 -7.524668953301536867e-04 -1.002989381412885571e-03 -7.595651278618051512e-04 6.120945785587851296e-01 5.968552355965324185e-01 1.504933790660307373e-03 2.029643364900779499e-06 9.999737233227714572e-01 -1.741457545794259346e-08 -6.051399521010044543e-10 -5.378671979852500644e-13 -6.446342210680841003e-10 -2.333405274613315388e-11
8.832653733960066540e-05 -1.100012377539433348e-03 -8.252490565533890463e-04 -8.252510849190063330e-04 -1.099974247860563761e-03 -8.330350416345631837e-04 6.120926017683295806e-01 5.968539169211429796e-01 1.650502169838012666e-03 2.225963305179557148e-06 9.999711256466023990e-01 -1.917919461074799615e-08 -7.276906854343636527e-10 -6.468070239759839723e-13 -7.751824109461789065e-10 -2.805956952201253128e-11
9.248923879877960733e-05 -1.206355106446168821e-03 -9.050546570234366045e-04 -9.050570961603309102e-04 -1.206309255325090308e-03 -9.135927557044635963e-04 6.120904307614751794e-01 5.968524674475285119e-01 1.810114192320661820e-03 2.441222689303043883e-06 9.999682773956611870e-01 -2.111398640429049184e-08 -8.750407370016960974e-10 -7.777923158278424017e-13 -9.321477295974593295e-10 -3.374133152035389780e-11
9.684812233369901636e-05 -1.322950254901052343e-03 -9.925593974010838913e-04 -9.925623304424828399e-04 -1.322895120008135087e-03 -1.001922000830510065e-03 6.120880483691121254e-01 5.968508766822092637e-01 1.985124660884965680e-03 2.677248518590533576e-06 9.999651544023729910e-01 -2.323534496267383557e-08 -1.052206231422847420e-09 -9.352873101739982176e-13 -1.120873382407972849e-09 -4.057275557517428989e-11
1.014124337207421528e-04 -1.450785474621270246e-03 -1.088506004332033799e-03 -1.088509531168827330e-03 -1.450719178131250038e-03 -1.098772453109652042e-03 6.120854384456556607e-01 5.968491310423923446e-01 2.177019062337654659e-03 2.936044019313377248e-06 9.999617301663432656e-01 -2.556125605928074093e-08 -1.265218227981921333e-09 -1.124623015895880176e-12 -1.347782924331331982e-09 -4.878637626793848497e-11
1.061918544763088148e-04 -1.590943409433614444e-03 -1.193708848882512165e-03 -1.193713089804624566e-03 -1.590863692380173463e-03 -1.204966096786293630e-03 6.120825676277719118e-01 5.968472172028165268e-01 2.387426179609249133e-03 3.219805618773614160e-06 9.999579756393783825e-01 -2.811142101916923697e-08 -1.521324657574434459e-09 -1.352332711784737071e-12 -1.620598632911581318e-09 -5.866170556303083944e-11
1.111965223926096764e-04 -1.744610785750125726e-03 -1.309060849621121415e-03 -1.309065949053172953e-03 -1.744514933984683174e-03 -1.321404189286453246e-03 6.120794232905323318e-01 5.968451184743083227e-01 2.618131898106345907e-03 3.530941599394252083e-06 9.999538589506742348e-01 -3.090744350355988179e-08 -1.829242879874062983e-09 -1.626088320067347154e-12 -1.948603923621968470e-09 -7.053482717761537692e-11
1.164370530412827071e-04 -1.913088383927428766e-03 -1.435541045133228999e-03 -1.435547176670302211e-03 -1.912973134190755617e-03 -1.449074902535532486e-03 6.120759713948815683e-01 5.968428128808276334e-01 2.871094353340604421e-03 3.872092530386632806e-06 9.999493452049724729e-01 -3.397300875777882751e-08 -2.199450062457129409e-09 -1.955190448580124414e-12 -2.342959033458837083e-09 -8.480972517378340108e-11
1.219245622904439495e-04 -2.097801990845751634e-03 -1.574222926515512653e-03 -1.574230299233543356e-03 -2.097663419612527062e-03 -1.589061730529842467e-03 6.120721908714726878e-01 5.968402893270244869e-01 3.148460598467086712e-03 4.246153551548278351e-06 9.999443960770824091e-01 -3.733410775476471494e-08 -2.644541491252783928e-09 -2.350969194854122708e-12 -2.817079899725828840e-09 -1.019720694280748688e-10
1.276706898829340394e-04 -2.300314302341938729e-03 -1.726283507402651260e-03 -1.726292372230987067e-03 -2.300147693163292172e-03 -1.742552639416499643e-03 6.120680441904344793e-01 5.968375226269447831e-01 3.452584744461974133e-03 4.656299063444317367e-06 9.999389696437516184e-01 -4.101918017788104428e-08 -3.179658788055065472e-09 -2.826748837395931936e-12 -3.387094496243476214e-09 -1.226056684197654525e-10
1.336876241257733977e-04 -2.522338004416304399e-03 -1.893013301979970357e-03 -1.893023960993095401e-03 -2.522137687461161164e-03 -1.910850135499022554e-03 6.120634932947537354e-01 5.968344853232770975e-01 3.786047921986190803e-03 5.106009652486737082e-06 9.999330198227955879e-01 -4.505941585271506590e-08 -3.823004221709992340e-09 -3.398855407119874818e-12 -4.072389738784677619e-09 -1.474123677740980942e-10
1.399881277431955131e-04 -2.765750155011261185e-03 -2.075827317751347944e-03 -2.075840133899529722e-03 -2.765509315124490934e-03 -2.095382354017830042e-03 6.120585055698583021e-01 5.968311551349506638e-01 4.151680267799059444e-03 5.599101415385397497e-06 9.999264961948198804e-01 -4.948902423099440966e-08 -4.596459961946782284e-09 -4.086694086974971910e-12 -4.896271028243981096e-09 -1.772358563160798635e-10
1.465855649480961916e-04 -3.032607819377947534e-03 -2.276277024831988190e-03 -2.276292434353784349e-03 -3.032318263542410543e-03 -2.297715134041766489e-03 6.120530356101313574e-01 5.968275053340503788e-01 4.552584868707568698e-03 6.139758416206024664e-06 9.999193434220405852e-01 -5.434546828655183323e-08 -5.526327678139253787e-09 -4.913610077716466529e-12 -5.886752541382671176e-09 -2.130902520499966584e-10
1.534939297893208015e-04 -3.325165178506917733e-03 -2.496063484011930983e-03 -2.496082011588626488e-03 -3.324817059399860775e-03 -2.519565261047026529e-03 6.120470381246687630e-01 5.968235022004882984e-01 4.992164023177252975e-03 6.732568248769506290e-06 9.999115008157702933e-01 -5.966984048137052418e-08 -6.644227499301904591e-09 -5.907821912137732512e-12 -7.077508510789702792e-09 -2.561946884980570673e-10
1.607278758349182295e-04 -3.645892353265322780e-03 -2.737051816111562771e-03 -2.737074092649874248e-03 -3.645473831850104627e-03 -2.762815061100908250e-03 6.120404600472840739e-01 5.968191119124496291e-01 5.474148185299748497e-03 7.382560727601688792e-06 9.999029019658287609e-01 -6.550714784896645489e-08 -7.988164087675890144e-09 -7.103207567424398228e-12 -8.509016897111328852e-09 -3.080145209148565647e-10
1.683027472543232000e-04 -3.997495874456127515e-03 -3.001286983520216368e-03 -3.001313767492090959e-03 -3.996992720295098299e-03 -3.029528317434275562e-03 6.120332448851403262e-01 5.968142962946456631e-01 6.002627534984181917e-03 8.095250609405213048e-06 9.998934739646300196e-01 -7.190673844960048181e-08 -9.603822574772064205e-09 -8.540442056534376539e-12 -1.022993127089322243e-08 -3.703111628821753252e-10
1.762346113653969946e-04 -4.382941143840996846e-03 -3.291011149000436058e-03 -3.291043351877640747e-03 -4.382336255633488900e-03 -3.321967776236751414e-03 6.120253368500181423e-01 5.968090176360862920e-01 6.582086703755281494e-03 8.876684204191500542e-06 9.998831368386974505e-01 -7.892267937126818425e-08 -1.154612044894511556e-08 -1.026826479956776951e-11 -1.229873135978456003e-08 -4.452018697306959760e-10
1.845402927153627366e-04 -4.805476917361388607e-03 -3.608682644208710457e-03 -3.608721362634338421e-03 -4.804749735651766586e-03 -3.642614275701614498e-03 6.120166654847148946e-01 5.968032302583602400e-01 7.217442725268676841e-03 9.733490702200604938e-06 9.998718030305847604e-01 -8.661421438597832188e-08 -1.388105871809319537e-08 -1.234575622825512690e-11 -1.478570709694218802e-08 -5.352313970797172776e-10
1.932374087679258055e-04 -5.268662096734581628e-03 -3.956996813209536987e-03 -3.957043365350756091e-03 -5.267787911679455357e-03 -3.994187760271055050e-03 6.120071578991644889e-01 5.967968839145748605e-01 7.914086730701512182e-03 1.067293825248620472e-05 9.998593765602918904e-01 -9.504624671804156399e-08 -1.668797403468064097e-08 -1.484349757554060547e-11 -1.777534044327639360e-08 -6.434584523220499293e-10
2.023444072722763414e-04 -5.776395021433500948e-03 -4.338908866062903512e-03 -4.338964836105034875e-03 -5.775344138074139759e-03 -4.379670321665377931e-03 6.119967343588291753e-01 5.967899264824965133e-01 8.677929672210069750e-03 1.170299539833514557e-05 9.998457520380191754e-01 -1.042899275983365592e-07 -2.006222143143006312e-08 -1.784634529537564870e-11 -2.136916501943146583e-08 -7.735592253766513417e-10
2.118806053932385889e-04 -6.332945368922783362e-03 -4.757658867542795093e-03 -4.757726160280568647e-03 -6.331682099462938688e-03 -4.802331389700312779e-03 6.119853039369053116e-01 5.967822958456290294e-01 9.515452320561137295e-03 1.283239866615437618e-05 9.998308139324439958e-01 -1.144231779343167925e-07 -2.411840552234772671e-08 -2.145644618251310433e-11 -2.568920576384842738e-08 -9.299519664852074892e-10
2.218662306855675515e-04 -6.942989080322196048e-03 -5.216799214775151919e-03 -5.216880121602689852e-03 -6.941470523112744893e-03 -5.265755427821865176e-03 6.119727732795068320e-01 5.967739309973868478e-01 1.043376024320537970e-02 1.407072633633659189e-05 9.998144363400637280e-01 -1.255313530170567795e-07 -2.899425694290984763e-08 -2.579704028447572456e-11 -3.088212541450950411e-08 -1.117946773807175010e-09
2.323224639993043134e-04 -7.611646387486454939e-03 -5.720224706661784959e-03 -5.720321980719522519e-03 -7.609820999577202039e-03 -5.773872233097212744e-03 6.119590335278337623e-01 5.967647589406586128e-01 1.144064396143904504e-02 1.542847940848118376e-05 9.997964798831998623e-01 -1.377079880513242020e-07 -3.485531039933658439e-08 -3.101548382424412456e-11 -3.712414577588299892e-08 -1.343924858304997516e-09
2.432714844071989324e-04 -8.344523266002793968e-03 -6.272205477897857019e-03 -6.272322429752051967e-03 -8.342329098801152046e-03 -6.330990124541463829e-03 6.119439705446209077e-01 5.967547029651859569e-01 1.254464485950410393e-02 1.691717055888226838e-05 9.997767931486544191e-01 -1.510554869404147176e-07 -4.190049272247319481e-08 -3.728928926333144022e-11 -4.462705958809124516e-08 -1.615555079835542593e-09
2.547365162494972884e-04 -9.147756681023678366e-03 -6.877423155662980465e-03 -6.877563766699023445e-03 -9.145119296662717126e-03 -6.941832368146124040e-03 6.119274546219107824e-01 5.967436765096366669e-01 1.375512753339804689e-02 1.854942124724755841e-05 9.997552092029081683e-01 -1.656860512882851673e-07 -5.036885303404801335e-08 -4.483238198094638613e-11 -5.364534011239285880e-08 -1.942052584478643121e-09
2.667418783958805275e-04 -1.002806382623790474e-02 -7.541010485611751232e-03 -7.541179538129179523e-03 -1.002489379267366802e-02 -7.611577084033772575e-03 6.119093490583723538e-01 5.967315872354109763e-01 1.508235907625835905e-02 2.033906829272708755e-05 9.997315455987046962e-01 -1.817225028465329452e-07 -6.054766178669046079e-08 -5.389983538845729358e-11 -6.448476612844161070e-08 -2.334490692816562231e-09
2.793130358290480081e-04 -1.099279568778963392e-02 -8.268594668875289128e-03 -8.268797917728368599e-03 -1.098898553512984468e-02 -8.345900901060765778e-03 6.118894987917283812e-01 5.967183323201923351e-01 1.653759583545673720e-02 2.230128085812239209e-05 9.997056022096099115e-01 -1.992993484673882624e-07 -7.278206937996851961e-08 -6.480185601135753597e-11 -7.751272590051019603e-08 -2.806174361710547079e-09
2.924766536593599391e-04 -1.204999534536608727e-02 -9.066344995655463077e-03 -9.066589357787195602e-03 -1.204541595755340491e-02 -9.151026900751448728e-03 6.118677372948430060e-01 5.967038003692797243e-01 1.813317871557439120e-02 2.445268823435839826e-05 9.996771598367989453e-01 -2.185638337702597609e-07 -8.748680226719975026e-08 -7.790879694687207876e-11 -9.317061209579303689e-08 -3.373089392109084694e-09
3.062606536851113963e-04 -1.320846126516199079e-02 -9.941024920237327006e-03 -9.941318712746408104e-03 -1.320295752755236592e-02 -1.003377704133147016e-02 6.118438799194723110e-01 5.966878674684386041e-01 1.988263742549281621e-02 2.681152020785785041e-05 9.996459780440248855e-01 -2.396771333967806351e-07 -1.051601287644613675e-07 -9.366685416134955742e-11 -1.119886794035325954e-07 -4.054441128050312734e-09
3.206942736184100503e-04 -1.447781605869228640e-02 -1.090004922441714132e-02 -1.090040244192285075e-02 -1.447120165367943648e-02 -1.100162967201920826e-02 6.118177262277663120e-01 5.966703991497560589e-01 2.180080488384570150e-02 2.939776055303942805e-05 9.996117934547059658e-01 -2.628156449726900150e-07 -1.264006708637944476e-07 -1.126104869382306781e-10 -1.346038996379512912e-07 -4.873301508470759789e-09
3.358081291022836537e-04 -1.586858105047152939e-02 -1.195154656993883437e-02 -1.195197123361126795e-02 -1.586063214757595444e-02 -1.206278247186182498e-02 6.117890545584395712e-01 5.966512476715710722e-01 2.390394246722253591e-02 3.223331541294982187e-05 9.995743176662302831e-01 -2.881723679618411982e-07 -1.519274995134153805e-07 -1.353859042587669349e-10 -1.617813802968348215e-07 -5.857384941421368822e-09
3.516342786505633725e-04 -1.739225694120152127e-02 -1.310442809665433687e-02 -1.310493865761042098e-02 -1.738270472768391889e-02 -1.322622142084671840e-02 6.117576245441954663e-01 5.966302508092050649e-01 2.620987731522084196e-02 3.534219756112087936e-05 9.995332343934525410e-01 -3.159584849996542932e-07 -1.826044123354124714e-07 -1.627668916331704332e-10 -1.944400374238267934e-07 -7.039980682143515775e-09
3.682062916482898196e-04 -1.906141124311613866e-02 -1.436846257486384948e-02 -1.436907640510999735e-02 -1.904993285986560439e-02 -1.450179635356514500e-02 6.117231703784181684e-01 5.966072313415748951e-01 2.873815281021999471e-02 3.875072823688538594e-05 9.994881974925610146e-01 -3.464049301049580973e-07 -2.194688436638545857e-07 -1.956843414391185556e-10 -2.336834372688743161e-07 -8.461068834456710569e-09
3.855593195568798176e-04 -2.088977247235810838e-02 -1.575435867558758890e-02 -1.575509665948714166e-02 -2.087598027118183625e-02 -1.590030363024740739e-02 6.116854026327648297e-01 5.965819941667738213e-01 3.151019331897428333e-02 4.248775827410158473e-05 9.994388269449453466e-01 -3.797642465938199162e-07 -2.637667923874716171e-07 -2.352571892058527583e-10 -2.808366930409745704e-07 -1.016866236689006759e-08
4.037301704750884037e-04 -2.289233198497026694e-02 -1.727385518424093269e-02 -1.727474243162046078e-02 -2.287576048895779979e-02 -1.743357675285913538e-02 6.116440049671433288e-01 5.965543271745957776e-01 3.454948486324092155e-02 4.658491016048278141e-05 9.993847076440623978e-01 -4.163125523079249510e-07 -3.169944597768381195e-07 -2.828315025324307715e-10 -3.374908741072499160e-07 -1.222041375929658855e-08
4.227573872139214674e-04 -2.508545337728015218e-02 -1.893981973388680559e-02 -1.894088643315499504e-02 -2.506554376758307265e-02 -1.911458548672163166e-02 6.115986282954337661e-01 5.965239962593437140e-01 3.788177286630999008e-02 5.107684299615718388e-05 9.993253840251919984e-01 -4.563515486734741863e-07 -3.809483357011649553e-07 -3.400249524824517430e-10 -4.055559958408271244e-07 -1.468554067939002654e-08
4.426813290511055353e-04 -2.748699003511356764e-02 -2.076635698320747001e-02 -2.076763942629975337e-02 -2.746307152840583854e-02 -2.095754440886177586e-02 6.115488918481626346e-01 5.964907451832657248e-01 4.153527885259950675e-02 5.600154267106755533e-05 9.992603574108042119e-01 -5.002108655226278169e-07 -4.577852285574015975e-07 -4.087815787280457327e-10 -4.873247100058114250e-07 -1.764713693893566416e-08
4.635442573385266602e-04 -3.011641110037772615e-02 -2.276892708161644754e-02 -2.277046889874636756e-02 -3.008767863765310357e-02 -2.297803171496912850e-02 6.114943790831959269e-01 5.964542938412925599e-01 4.554093779749273513e-02 6.140063932457918625e-05 9.991890817747351994e-01 -5.482505186975924882e-07 -5.500941438505999799e-07 -4.914384431384782264e-10 -5.855485166026695162e-07 -2.120493897834672837e-08
4.853904251442240107e-04 -3.299493597930201749e-02 -2.496447536699225242e-02 -2.496632899620742502e-02 -3.296042355778903976e-02 -2.519311919545865613e-02 6.114346335305850255e-01 5.964143345670990248e-01 4.993265799241485003e-02 6.731975484603086623e-05 9.991109590589680733e-01 -6.008635298994660718e-07 -6.609824632747325104e-07 -5.907999078891073301e-10 -7.035289985302343321e-07 -2.547863976897903995e-08
5.082661711190801165e-04 -3.614567778786052787e-02 -2.737157433930897943e-02 -2.737380285183164258e-02 -3.610422637302198451e-02 -2.762151447985726482e-02 6.113691566813168610e-01 5.963705320927438214e-01 5.474760570366328516e-02 7.380888304890969242e-05 9.990253349358055868e-01 -6.584787909942004309e-07 -7.941789818910415411e-07 -7.102511650540568963e-10 -8.452271234208259777e-07 -3.061185799856760523e-08
5.322200177873124454e-04 -3.959379521752094677e-02 -3.001057915781387211e-02 -3.001325834376863261e-02 -3.954401465006849442e-02 -3.028371657487142349e-02 6.112974010284082382e-01 5.963225164863450445e-01 6.002651668753726522e-02 8.092280544253917089e-05 9.989314923675693958e-01 -7.215640496472435317e-07 -9.541575824297654384e-07 -8.538415404602160529e-10 -1.015393782453381317e-06 -3.677688433923636627e-08
5.573027744692524805e-04 -4.336665361282534409e-02 -3.290379769588478581e-02 -3.290701872610941187e-02 -4.330687655554759513e-02 -3.320218604533969192e-02 6.112187691431777425e-01 5.962698851613100759e-01 6.581403745221882373e-02 8.872154612883657767e-05 9.988286476418766213e-01 -7.906292457847239270e-07 -1.146284667805220761e-06 -1.026466425404604406e-09 -1.219726277615283117e-06 -4.418036507148733390e-08
5.835676450547263271e-04 -4.749399343579290694e-02 -3.607567678732415822e-02 -3.607954923871158071e-02 -4.742222100056543710e-02 -3.640153095818098733e-02 6.111326065028408472e-01 5.962121953677248509e-01 7.215909847742316141e-02 9.727086885802369086e-05 9.987159420002376109e-01 -8.662299399621227404e-07 -1.376996327343805617e-06 -1.233982931625143279e-09 -1.465054833470188110e-06 -5.307009315898080297e-08
6.110703408556383267e-04 -5.200810693242153421e-02 -3.955300601184696258e-02 -3.955766148162487283e-02 -5.192194355259558552e-02 -3.990871025785452247e-02 6.110381987412437654e-01 5.961489626880029924e-01 7.911532296324974567e-02 1.066428206892057213e-04 9.985924369708091275e-01 -9.489710181046324384e-07 -1.654009640993695845e-06 -1.483393074307996551e-09 -1.759565933858391914e-06 -6.374312813055799726e-08
6.398691987771329328e-04 -5.694402299523582123e-02 -4.336513992513447990e-02 -4.337073693942748026e-02 -5.684059727930047129e-02 -4.375325583765526938e-02 6.109347620631887521e-01 5.960796582019002310e-01 8.674147387885496052e-02 1.169163257236303629e-04 9.984571050298859385e-01 -1.039510548782691793e-06 -1.986573615835559321e-06 -1.783272069832031364e-09 -2.113068401515886877e-06 -7.655548324865246882e-08
6.700253050579916539e-04 -6.233969295565798541e-02 -4.754424279521258373e-02 -4.755097152919546266e-02 -6.221556640002892657e-02 -4.796751530907268635e-02 6.108214432033066688e-01 5.960037003220396423e-01 9.510194305839092532e-02 1.281778339104136662e-04 9.983088236029568074e-01 -1.138564057014910055e-06 -2.385773508532726259e-06 -2.143672628053768750e-09 -2.537311247377160979e-06 -9.193370817141871036e-08
7.016026248427357755e-04 -6.823618640772080579e-02 -5.212555370106090186e-02 -5.213364308519009144e-02 -6.808724093601854765e-02 -5.258691685146489603e-02 6.106973078830640889e-01 5.959204553018154771e-01 1.042672861703801829e-01 1.405220293176116461e-04 9.981463643495079863e-01 -1.246908684898598438e-06 -2.864887065034839174e-06 -2.576926352913197549e-09 -3.046362062502593337e-06 -1.103886798368479289e-07
7.346681378602739308e-04 -7.467788219824951501e-02 -5.714767875775055711e-02 -5.715740381113294105e-02 -7.449918900562174651e-02 -5.765025853694774605e-02 6.105613356770157596e-01 5.958292275287487838e-01 1.143148076222658821e-01 1.540526034253675704e-04 9.979683855586727326e-01 -1.365387705170016730e-06 -3.439815617779944427e-06 -3.097673154347684757e-09 -3.657058031764544230e-06 -1.325320460949357108e-07
7.692919804968866623e-04 -8.171266157038695188e-02 -6.265290853593061260e-02 -6.266459998162655920e-02 -8.149832335571763342e-02 -6.320002379334720144e-02 6.104124125210287355e-01 5.957292569078920241e-01 1.253291999632531184e-01 1.688830986043045063e-04 9.977734206726317501e-01 -1.494915240989072418e-06 -4.129593297079795544e-06 -3.723618464009194477e-09 -4.389542135442402052e-06 -1.590958090665590873e-07
8.055475945649059801e-04 -8.939209299215855609e-02 -6.868756575353307525e-02 -6.870162131455009868e-02 -8.913505716420130898e-02 -6.928272552362008119e-02 6.102493226036936891e-01 5.956197117923791584e-01 1.374032426291001974e-01 1.851378280351332576e-04 9.975598675866027554e-01 -1.636480996304902652e-06 -4.956995329953754474e-06 -4.476048309491615814e-09 -5.267900541295452026e-06 -1.909556130475319472e-07
8.435118830826447917e-04 -9.777160527108987031e-02 -7.530238541012584941e-02 -7.531928273161529741e-02 -9.746344304916586265e-02 -7.594928131274519822e-02 6.100707394118635163e-01 5.954996824758450602e-01 1.506385654632305948e-01 2.029528787227287271e-04 9.973259787241280927e-01 -1.791154993348183694e-06 -5.949261215277674728e-06 -5.380317719576397566e-09 -6.320919600851306085e-06 -2.291583999513027141e-07
8.832653733960100150e-04 -1.069106459099827822e-01 -8.255292770464488228e-02 -8.257324104973477741e-02 -1.065412887981122408e-01 -8.325542173646745259e-02 6.098752163820059247e-01 5.953681740965809377e-01 1.651464820994695548e-01 2.224772031035353239e-04 9.970698445630438167e-01 -1.960092500022414173e-06 -7.138951492597660065e-06 -6.467101368890275825e-09 -7.582981838469973313e-06 -2.749552601140703832e-07
9.248923879877996241e-04 -1.168728117311126913e-01 -9.050003021629939026e-02 -9.052445029205012650e-02 -1.164302391964493477e-01 -9.126213543416104856e-02 6.096611782266807555e-01 5.952241011299754803e-01 1.810489005841002530e-01 2.438738088737456809e-04 9.967893837833964321e-01 -2.144538760233768772e-06 -8.564964984384130481e-06 -7.773346056754549907e-09 -9.095128591716437850e-06 -3.298403387749344055e-07
9.684812233369939584e-04 -1.277259422050666671e-01 -9.921030105366147878e-02 -9.923965789267163995e-02 -1.271958151351025301e-01 -1.000361528077054751e-01 6.094269068195199424e-01 5.950662745290377087e-01 1.984793157853432799e-01 2.673210517489705033e-04 9.964823253119622359e-01 -2.345833215043264694e-06 -1.027374547939474013e-05 -9.343220181056123420e-09 -1.090631326620511298e-05 -3.955968494506950876e-07
1.014124337207425539e-03 -1.395421679461403830e-01 -1.087566555499519666e-01 -1.087919466506265670e-01 -1.389073944430948282e-01 -1.096504724164516636e-01 6.091705339928245033e-01 5.948933974031735961e-01 2.175838933012531340e-01 2.930140424881668175e-04 9.961461959352754247e-01 -2.565413936135051547e-06 -1.232070579249034514e-05 -1.122978474863864965e-08 -1.307488230367090158e-05 -4.743514872128336014e-07
1.061918544763092295e-03 -1.523978978812098872e-01 -1.192189000255431119e-01 -1.192613249171929068e-01 -1.516381207746314852e-01 -1.201849322028000905e-01 6.088900270044911300e-01 5.947040529993364855e-01 2.385226498343858137e-01 3.211661735954679238e-04 9.957783005952407507e-01 -2.804821098079977596e-06 -1.477190832766020649e-05 -1.349704640222453178e-08 -1.567031602594890700e-05 -5.686385489273959546e-07
1.111965223926101101e-03 -1.663737209018534280e-01 -1.306843703308872007e-01 -1.307353700407028196e-01 -1.654647196955111033e-01 -1.317268301863669944e-01 6.085831770505275573e-01 5.944966951022881974e-01 2.614707400814056393e-01 3.520107774432086460e-04 9.953757075594346082e-01 -3.065699767471302510e-06 -1.770604923687188982e-05 -1.622141126925588093e-08 -1.877527532302435050e-05 -6.814753595663445833e-07
1.164370530412831787e-03 -1.815542166400361535e-01 -1.432486213752532933e-01 -1.433099287373968134e-01 -1.804672012485226407e-01 -1.443715967429581859e-01 6.082475855709387202e-01 5.942696368579041266e-01 2.866198574747936267e-01 3.858029227120198857e-04 9.949352269506634983e-01 -3.349801854448919251e-06 -2.121678309969087192e-05 -1.949520181987129203e-08 -2.248799733587127488e-05 -8.164508764803667144e-07
1.219245622904444265e-03 -1.980276294860360276e-01 -1.570161824384388727e-01 -1.570898794666839848e-01 -1.967284209706439968e-01 -1.582235237663358607e-01 6.078806512547072494e-01 5.940210391562897874e-01 3.141797589333679697e-01 4.228213611083454109e-04 9.944533939380701959e-01 -3.658986454516311710e-06 -2.541545761530456012e-05 -2.342873297085598698e-08 -2.692509583314957962e-05 -9.778293403329960774e-07
1.276706898829345219e-03 -2.158853992889174234e-01 -1.721013712803753370e-01 -1.721899609985856894e-01 -2.143334706215889174e-01 -1.733965526645447064e-01 6.074795546595185280e-01 5.937488970807590638e-01 3.443799219971713788e-01 4.633706315553954951e-04 9.939264449513948163e-01 -3.995218732942817196e-06 -3.043430205689108626e-05 -2.815497547665734705e-08 -3.222481902451516857e-05 -1.170671344728792539e-06
1.336876241257739127e-03 -2.352214895170348097e-01 -1.886291851443726297e-01 -1.887356733660995600e-01 -2.333688603727745170e-01 -1.900151275571981824e-01 6.070412457746381385e-01 5.934510280620988176e-01 3.774713467321991200e-01 5.077833358895019085e-04 9.933503010662576571e-01 -4.360566258625368251e-06 -3.643015422723816011e-05 -3.383241250326168791e-08 -3.855083236737823796e-05 -1.400974579263982918e-06
1.399881277431960606e-03 -2.561310393173120703e-01 -2.067358827672400590e-01 -2.068639487727196025e-01 -2.539218008605208521e-01 -2.082148029431490355e-01 6.065613297926779612e-01 5.931241256914216997e-01 4.137278975454392049e-01 5.564216784282752324e-04 9.927189976224150003e-01 -4.757142592579190196e-06 -4.358867891222969467e-05 -4.066130609922066607e-08 -4.609546954956000544e-05 -1.675819299694111027e-06
1.465855649480967554e-03 -2.787100530377978336e-01 -2.265707239854491684e-01 -2.267247789222187060e-01 -2.760782304885383009e-01 -2.281438136909381131e-01 6.060364475795240180e-01 5.927657297604113085e-01 4.534495578444374120e-01 6.096818350043914153e-04 9.920279764132322597e-01 -5.187204847575367856e-06 -5.212954768862418424e-05 -4.887023002531435459e-08 -5.508682540779665096e-05 -2.003589411202411219e-06
1.534939297893214141e-03 -3.030539356169120735e-01 -2.482970812515747916e-01 -2.484823683922720572e-01 -2.999210694216576378e-01 -2.499641446924501520e-01 6.054637088504828402e-01 5.923738268997077450e-01 4.969647367845441144e-01 6.679967481164446807e-04 9.912733802282694962e-01 -5.653120281165105687e-06 -6.231217473344708097e-05 -5.872990660078552758e-08 -6.579449789086053949e-05 -2.394189235634436470e-06
1.607278758349188312e-03 -3.292548057354418578e-01 -2.720930485638605734e-01 -2.723158671944564957e-01 -3.255286931556210517e-01 -2.738521614392196990e-01 6.048389701115773898e-01 5.919453589704640750e-01 5.446317343889129914e-01 7.318376726062955770e-04 9.904496069371350186e-01 -6.157266608812047418e-06 -7.444217062582935947e-05 -7.057082309907120715e-08 -7.853425385931596446e-05 -2.859260254186228998e-06
1.683027472543238397e-03 -3.573995474300523112e-01 -2.981530312457943976e-01 -2.984209514683534570e-01 -3.529721021025222227e-01 -3.000000818643289158e-01 6.041577815410686947e-01 5.914770038010737085e-01 5.968419029367069140e-01 8.017181625422437541e-04 9.895506147369452776e-01 -6.702051364531705379e-06 -8.887890388200935876e-05 -8.479034462841806877e-08 -9.367624084857407844e-05 -3.412475020611752138e-06
1.762346113653976559e-03 -3.875669539408094222e-01 -3.266891592256531696e-01 -3.270112760441695743e-01 -3.823118159319316423e-01 -3.286172980431166235e-01 6.034153851676868907e-01 5.909651670203225349e-01 6.540225520883391486e-01 8.781975720229819819e-04 9.885699153786215998e-01 -7.289880346082153657e-06 -1.060439741188205336e-04 -1.018643892772732571e-07 -1.116532034434890888e-04 -4.069851972082397292e-06
1.845402927153634359e-03 -4.198242840771041484e-01 -3.579327865444526524e-01 -3.583200314150853938e-01 -4.135941821292031251e-01 -3.599317800003503098e-01 6.026066953667166270e-01 5.904059545435610401e-01 7.166400628301707876e-01 9.618847668520122103e-04 9.875005383711905615e-01 -7.923117488454729126e-06 -1.264306896381703219e-04 -1.223655175149098399e-07 -1.329695338088107194e-04 -4.850106147773810242e-06
1.932374087679265048e-03 -4.542230983387147147e-01 -3.921361301477033767e-01 -3.926016258062629549e-01 -4.468470083888990141e-01 -3.941915833082406118e-01 6.017262993992056330e-01 5.897951615805641090e-01 7.852032516125259098e-01 1.053442093951691182e-03 9.863350261350850579e-01 -8.604034465973170654e-06 -1.506146021704239354e-04 -1.469746088623490880e-07 -1.582111709988646519e-04 -5.775035293820368132e-06
2.023444072722770624e-03 -4.907944098929896692e-01 -4.295739711733183586e-01 -4.301334878716135957e-01 -4.820744763723047166e-01 -4.316664453930298406e-01 6.007684499139938072e-01 5.891282509274669010e-01 8.602669757432271913e-01 1.153589577347910802e-03 9.850654085723412612e-01 -9.334751066497976726e-06 -1.792649824176659320e-04 -1.765136911636111427e-07 -1.880562034103503615e-04 -6.869940636870123585e-06
2.118806053932393695e-03 -5.295429231291015615e-01 -4.705455156491197277e-01 -4.712179986395454434e-01 -5.192512763440134682e-01 -4.726494876575420556e-01 5.997270658932776222e-01 5.884003350034430202e-01 9.424359972790908868e-01 1.263109364103737284e-03 9.836831946345095945e-01 -1.011716036862331684e-05 -2.131572383208905073e-04 -2.119662629956362796e-07 -2.232860173420279904e-04 -8.164074959260127852e-06
2.218662306855683809e-03 -5.704403818400344273e-01 -5.153763681345450154e-01 -5.161845656090841006e-01 -5.583159218828008807e-01 -5.174590269597986181e-01 5.985957479123010794e-01 5.876061679917150560e-01 1.032369131218168201e+00 1.382850431266776769e-03 9.821793795089790446e-01 -1.095284104119258447e-05 -2.531860205128521300e-04 -2.545067538917402408e-07 -2.647967132866455996e-04 -9.691111267117196067e-06
2.323224639993051212e-03 -6.134179875152758754e-01 -5.644205681551259790e-01 -5.653918073499478725e-01 -5.991632920270355545e-01 -5.664404628175513379e-01 5.973677632366353185e-01 5.867401032570508379e-01 1.130783614699895745e+00 1.513733460330266489e-03 9.805444004673293801e-01 -1.184295284306815744e-05 -3.003786663268051636e-04 -3.055468890347021696e-07 -3.136102430821649935e-04 -1.148961711536042142e-05
2.432714844071997944e-03 -6.583578070982406549e-01 -6.180628382839388202e-01 -6.192299365391386035e-01 -6.416363220479767149e-01 -6.199683326561905572e-01 5.960361103662709104e-01 5.857961227809851401e-01 1.238459873078277207e+00 1.656756096071136837e-03 9.787682132473526364e-01 -1.278811650230822464e-05 -3.559085928211045378e-04 -3.667736148777449080e-07 -3.708849108880163631e-04 -1.360351673657048093e-05
2.547365162494981666e-03 -7.050831690033896315e-01 -6.767208664330701673e-01 -6.781232085067602222e-01 -6.855171281735243927e-01 -6.784484025611903224e-01 5.945935017852430615e-01 5.847677802020980753e-01 1.356246417013520444e+00 1.812998237309472981e-03 9.768402365199299053e-01 -1.378827116896469789e-05 -4.211078462811949073e-04 -4.401974150639985050e-07 -4.379239827892456569e-04 -1.608250702798211262e-05
2.667418783958814057e-03 -7.533483899512048998e-01 -7.408476674816212304e-01 -7.425325909108433375e-01 -7.305175425039759363e-01 -7.423199336589714203e-01 5.930324359187991723e-01 5.836482239619538159e-01 1.485065181821686675e+00 1.983627724469358596e-03 9.747494238647991249e-01 -1.484251994776220622e-05 -4.974778231594351131e-04 -5.282508784176991480e-07 -5.161817190072022976e-04 -1.898240102583005539e-05
2.793130358290488863e-03 -8.028273385841026011e-01 -8.109342970766979519e-01 -8.129585426675084436e-01 -7.762694839004591341e-01 -8.120580697521858626e-01 5.913452556476780364e-01 5.824302010094758453e-01 1.625917085335016887e+00 2.169906192323329229e-03 9.724843220531270704e-01 -1.594894491769075799e-05 -5.866970991588169645e-04 -6.337882483374426897e-07 -6.072651063874379834e-04 -2.236532684115726124e-05
2.924766536593608173e-03 -8.531022079469272601e-01 -8.875121786282991199e-01 -8.899439032877679567e-01 -8.223156029321050386e-01 -8.881762644626726155e-01 5.895241760687308652e-01 5.811060202818654208e-01 1.779887806575535913e+00 2.373194976009951156e-03 9.700330540670351054e-01 -1.710441794469473977e-05 -6.906241657385672186e-04 -7.602737633050828012e-07 -7.129293910784862765e-04 -2.629974705993481826e-05
3.062606536851120251e-03 -9.036517181705154833e-01 -9.711560191560196786e-01 -9.740770059353819343e-01 -8.681006250082554665e-01 -9.712289791196786481e-01 5.875614171280073572e-01 5.796676136314038441e-01 1.948154011870763869e+00 2.594961489595383562e-03 9.673834778481200658e-01 -1.830438513083919332e-05 -8.112935511507972418e-04 -9.118195719790533558e-07 -8.350656172458391455e-04 -3.086018715028770483e-05
3.206942736184094540e-03 -9.538402068320118721e-01 -1.062486449537128452e+00 -1.065994820239617447e+00 -9.129644416111152294e-01 -1.061814399007857235e+00 5.854492651778214762e-01 5.781065177207868055e-01 2.131989640479234893e+00 2.836785497171455134e-03 9.645232145997931772e-01 -1.954264399048641926e-05 -9.509021241307085304e-04 -1.093334518806214894e-06 -9.756769660205193021e-04 -3.612659187863336403e-05
3.358081291022776364e-03 -1.002908233296969653e+00 -1.162172836138181342e+00 -1.166386322763522498e+00 -9.561377357180396164e-01 -1.160577417200712169e+00 5.831802238367851388e-01 5.764139375639177887e-01 2.332772645527044997e+00 3.100365841747887864e-03 9.614398133247599176e-01 -2.081111943899402206e-05 -1.111782652603622145e-03 -1.310686084755372046e-06 -1.136841453679804858e-03 -4.218319324357442106e-05
3.516342786505356494e-03 -1.049965535496809599e+00 -1.270936171556815930e+00 -1.275995900882526568e+00 -9.967416666639493661e-01 -1.268212744222723121e+00 5.807471378907742565e-01 5.745807783545384684e-01 2.551991801765053136e+00 3.387527193526701161e-03 9.581208664996404556e-01 -2.209963871627804489e-05 -1.296360764136970153e-03 -1.570827300663899968e-06 -1.320657319063772836e-03 -4.911674157805764402e-05
3.682062916481788732e-03 -1.093988527626689189e+00 -1.389551538065136205e+00 -1.395626847890596878e+00 -1.033793125262012280e+00 -1.385468169281865558e+00 5.781433234736057525e-01 5.725976793976867985e-01 2.791253695781193755e+00 3.700226933842780917e-03 9.545541222754986288e-01 -2.339573774306130454e-05 -1.507091024230950479e-03 -1.882117162379034059e-06 -1.529167937880983276e-03 -5.701399087363964052e-05
3.855593195564623130e-03 -1.133823028682985790e+00 -1.518851293639729594e+00 -1.526145087153864210e+00 -1.066217271225402552e+00 -1.513148290019488806e+00 5.753628031786381936e-01 5.704551547608206485e-01 3.052290174307728421e+00 4.040562776534532136e-03 9.507277699836429452e-01 -2.468449243526745523e-05 -1.746367986392473532e-03 -2.254421238006039058e-06 -1.764263736443155879e-03 -6.595824694430618446e-05
4.037301704735909470e-03 -1.168195713958165349e+00 -1.659727527931955882e+00 -1.668482922953996139e+00 -1.092869703539456339e+00 -1.652118412388821067e+00 5.724004926377077584e-01 5.681436899858856027e-01 3.336965845907992279e+00 4.410780521163583205e-03 9.466306371865016445e-01 -2.594842610800025991e-05 -2.016407596364608746e-03 -2.699489305581608193e-06 -2.027558452905916814e-03 -7.602490995708630073e-05
4.227573872087749332e-03 -1.195735805986096745e+00 -1.813133920029935897e+00 -1.823642408706021012e+00 -1.112570764977414361e+00 -1.803308358299508862e+00 5.692522574660259238e-01 5.656537219180340914e-01 3.647284817412042024e+00 4.813281120908637252e-03 9.422521766625405748e-01 -2.716750142004180531e-05 -2.319095117553439823e-03 -3.231399762632463277e-06 -2.320238918513922981e-03 -8.727588324964798822e-05
4.426813290341235357e-03 -1.215010243227277353e+00 -1.980089049309770921e+00 -1.992699744801670780e+00 -1.124153001982649114e+00 -1.967717714944094531e+00 5.659153394976105256e-01 5.629760098828807680e-01 3.985399489603341561e+00 5.250630967040459049e-03 9.375830694388203046e-01 -2.831924108681868531e-05 -2.655798679095240557e-03 -3.866777004900066518e-06 -2.642893170383725249e-03 -9.975285922548382924e-05
4.635442572846592245e-03 -1.224575016868565625e+00 -2.161678018275393853e+00 -2.176808702978659138e+00 -1.126525346059381594e+00 -2.146420494998881434e+00 5.623884024938441417e-01 5.601016577834474486e-01 4.353617405957318276e+00 5.725570294731092968e-03 9.326152141344745683e-01 -2.937901075687227189e-05 -3.027147426919846694e-03 -4.625265238514119249e-06 -2.995320092462554207e-03 -1.134695811706102876e-04
4.853904249797961860e-03 -1.223046526963638136e+00 -2.359053628905150024e+00 -2.377204564844149548e+00 -1.118753879175247601e+00 -2.340570678892299750e+00 5.586717241904805009e-01 5.570223277309847010e-01 4.754409129688299096e+00 6.241023706886989104e-03 9.273419796673326720e-01 -3.032053368512668793e-05 -3.432781576028819896e-03 -5.530347433472226611e-06 -3.376335582366420552e-03 -1.284034856704099458e-04
5.082661706356216176e-03 -1.209193284916546984e+00 -2.573438714276167438e+00 -2.595208202950241461e+00 -1.100159375870237932e+00 -2.551408581165913958e+00 5.547674053314342046e-01 5.537305319408560855e-01 5.190416405900482921e+00 6.800112477322031376e-03 9.217585259885140436e-01 -3.111663506337315716e-05 -3.871084992810156031e-03 -6.609656319849559702e-06 -3.783595020686948956e-03 -1.444871369826978907e-04
5.322200164167804372e-03 -1.182051407171968549e+00 -2.806125871687665807e+00 -2.832229908597113877e+00 -1.070429711526587280e+00 -2.780267188147205193e+00 5.506793974900200395e-01 5.502198195863805541e-01 5.664459817194227753e+00 7.406167294874111198e-03 9.158618724854254989e-01 -3.174031707188327303e-05 -4.338923069626225530e-03 -7.896206982280810918e-06 -4.213461166548502362e-03 -1.616006143911769834e-04
5.573027707197872674e-03 -1.141059513316855512e+00 -3.058478452875058373e+00 -3.089772681423679224e+00 -1.029741893807545328e+00 -3.028578676037299466e+00 5.464134209274212894e-01 5.464849466855804527e-01 6.179545362847358447e+00 8.062741549361382778e-03 9.096508491962504994e-01 -3.216610605910766665e-05 -4.831414027705048346e-03 -9.428686685444363560e-06 -4.660958738728909409e-03 -1.795658280124575010e-04
5.835676351464490902e-03 -1.086216212569934614e+00 -3.331930453096166200e+00 -3.369437506977722485e+00 -9.788839926268343428e-01 -3.297882772309788546e+00 5.419771103481852981e-01 5.425223848842449792e-01 6.738875013955444970e+00 8.773631575846489034e-03 9.031265130992625068e-01 -3.237183643099039330e-05 -5.341796695778888715e-03 -1.125320435579032316e-05 -5.119870115615088139e-03 -1.981453439955657236e-04
6.110703155411770574e-03 -1.018241090437375762e+00 -3.627986408238170313e+00 -3.672926575098336865e+00 -9.193646634393619621e-01 -3.589833338425328702e+00 5.373796358429869802e-01 5.383304244535481731e-01 7.345853150196673731e+00 9.542893130341694244e-03 8.962917839703798961e-01 -3.234063375124333661e-05 -5.861434359647459819e-03 -1.342365769188827059e-05 -5.583028478329577632e-03 -2.170470294116183204e-04
6.398691361923487461e-03 -9.387367662262674495e-01 -3.948218399681171942e+00 -4.002048153397842256e+00 -8.534900128608304826e-01 -3.906205516633848518e+00 5.326314062209824840e-01 5.339094864263393969e-01 8.004096306795684512e+00 1.037486350039594496e-02 8.891513379800747296e-01 -3.206324815454201458e-05 -6.380060497663192672e-03 -1.600405968483486837e-05 -6.042877554421171617e-03 -2.359384028558802093e-04
6.700251551996781567e-03 -8.503235926098177133e-01 -4.294259962443502054e+00 -4.358717001372310662e+00 -7.843843812916805325e-01 -4.248897639032995777e+00 5.277430523041557464e-01 5.292618301887120902e-01 8.717434002744621324e+00 1.127417355426757473e-02 8.817104178300196882e-01 -3.154042948066673502e-05 -6.886337112890591160e-03 -1.907011089801139439e-05 -6.492351826515163973e-03 -2.544726638126060649e-04
7.016022770007446056e-03 -7.567245164395145496e-01 -4.667810250790267901e+00 -4.744965187981130761e+00 -7.159240434009899179e-01 -4.619941381101415168e+00 5.227256432088429605e-01 5.243925932633042297e-01 9.489930375962261522e+00 1.224578685637877327e-02 8.739758186432230458e-01 -3.078526715830595288e-05 -7.368848836306341778e-03 -2.271057686570509068e-05 -6.926117374781396753e-03 -2.723298074453628782e-04
7.346673545321469150e-03 -6.627593833006594215e-01 -5.070620045357402184e+00 -5.162938442106958625e+00 -6.525577853105352100e-01 -5.021494482185400621e+00 5.175888295586790200e-01 5.193088024755567744e-01 1.032587688421391725e+01 1.329500003178812895e-02 8.659535262062407757e-01 -2.982507571161856422e-05 -7.817576460686252726e-03 -2.703002483846644841e-05 -7.342144326262004493e-03 -2.892735590556777211e-04
7.692902675989763024e-03 -5.742124655334474026e-01 -5.504489162177439887e+00 -5.614904135093992998e+00 -5.989846891626172676e-01 -5.455840966230291578e+00 5.123404436642922111e-01 5.140198241172344584e-01 1.122980827018798600e+01 1.442747010367807781e-02 8.576488595365187040e-01 -2.870254604472536662e-05 -8.225927221823241264e-03 -3.215123242641316261e-05 -7.743524852050148212e-03 -3.052242557612288090e-04
8.055439545407197879e-03 -4.975272612866428745e-01 -5.971252075376926705e+00 -6.103251793821028670e+00 -5.596777263780564615e-01 -5.925378794526135806e+00 5.069852030736331505e-01 5.085367924002931472e-01 1.220650358764205734e+01 1.564921682101281381e-02 8.490651437311977912e-01 -2.747563389476698613e-05 -8.593249644252469802e-03 -3.821936505468330827e-05 -8.140311596181266582e-03 -3.203429382720194771e-04
8.435043596908022717e-03 -4.392951470318860463e-01 -6.472765406535481603e+00 -6.630489727020574264e+00 -5.382611452750253322e-01 -6.432599480738897313e+00 5.015235018664300215e-01 5.028718653910285719e-01 1.326097945404114853e+01 1.696660880232023563e-02 8.402024527218406869e-01 -2.621564254546070191e-05 -8.927652378884324419e-03 -4.540331898184173944e-05 -8.551014123441646672e-03 -3.351164426908942451e-04
8.832502376934637037e-03 -4.055190189479882523e-01 -7.010880927143629648e+00 -7.199244658324412960e+00 -5.367890184723441704e-01 -6.980063120735529480e+00 4.959507846359861860e-01 4.970376643592415711e-01 1.439848931664882592e+01 1.838634303908259771e-02 8.310571942715915261e-01 -2.500321856297302566e-05 -9.248777245914861084e-03 -5.390337122390086437e-05 -9.003230984030141312e-03 -3.504291667295018702e-04
9.248627258003178433e-03 -4.006747265442297534e-01 -7.587430139098198190e+00 -7.812252119060007161e+00 -5.550186596175396003e-01 -7.570364148552103600e+00 4.902571882561803096e-01 4.910463984567914886e-01 1.562450423812001432e+01 1.991539402377773618e-02 8.216218074682006822e-01 -2.392174260235216599e-05 -9.589884276812217154e-03 -6.395132631117095312e-05 -9.532768005931125874e-03 -3.675954151202253783e-04
9.684245558101647541e-03 -4.266375492997836472e-01 -8.204155720340608582e+00 -8.472316487016751552e+00 -5.898264002217284974e-01 -8.206063597036225232e+00 4.844262742655436327e-01 4.849073838081147114e-01 1.694463297403350310e+01 2.156086691622386212e-02 8.118825534559762636e-01 -2.304833737015769284e-05 -9.998372182635736558e-03 -7.581813744144658184e-05 -1.018054748682462388e-02 -3.883246786326962122e-04
1.014018729025613179e-02 -4.816300184530989403e-01 -8.862703980978004381e+00 -9.182319916166628460e+00 -6.349838742915132617e-01 -8.889675218849225402e+00 4.784385814379260582e-01 4.786285836600824850e-01 1.836463983233325692e+01 2.332996746557688961e-02 8.018248020971874279e-01 -2.244310793428055731e-05 -1.053375446677636516e-02 -8.981741614855026873e-05 -1.098690484384891135e-02 -4.145904973004635582e-04
1.061726424563623830e-02 -5.594175083611513388e-01 -9.564488671098825279e+00 -9.945123037332836091e+00 -6.814944650020167138e-01 -9.623553991497647786e+00 4.722703684464345519e-01 4.722125922380223106e-01 1.989024607466567218e+01 2.522968377072314430e-02 7.914296645908137640e-01 -2.213761715012509002e-05 -1.126182971379845535e-02 -1.063149571464184915e-04 -1.198316623356715342e-02 -4.483751089616786444e-04
1.111623863620641445e-02 -6.490753484817679553e-01 -1.031063553296636393e+01 -1.076350188700264887e+01 -7.187108651072356968e-01 -1.040984503074514933e+01 4.658977038054920028e-01 4.656574082140002568e-01 2.152700377400529774e+01 2.726657571306840416e-02 7.806789032713548071e-01 -2.212489464708023126e-05 -1.224451227329027836e-02 -1.257245790177830924e-04 -1.318159177056642609e-02 -4.912919049811934275e-04
1.163777829268050276e-02 -7.356677024165279022e-01 -1.110182211453211920e+01 -1.164003122387136635e+01 -7.362825488420392528e-01 -1.125039748304258680e+01 4.592996408775055217e-01 4.589561700703708169e-01 2.328006244774273270e+01 2.944642779294175117e-02 7.695578826558570062e-01 -2.235377098844624699e-05 -1.352536842425072078e-02 -1.485194077431658427e-04 -1.456585868919072109e-02 -5.441242068774348843e-04
1.218239575316782883e-02 -8.021312343932036626e-01 -1.193813234801681133e+01 -1.257692208202195694e+01 -7.267501415991131086e-01 -1.214667049560191003e+01 4.524621085471813853e-01 4.520981364153766058e-01 2.515384416404391388e+01 3.177383301454127923e-02 7.580594700487196524e-01 -2.273041340634934923e-05 -1.511273659998984067e-02 -1.752248243479658126e-04 -1.608572412091881579e-02 -6.063720752176132668e-04
1.275036995066240915e-02 -8.324299701294263221e-01 -1.281885529930182344e+01 -1.357581506749365197e+01 -6.882454733931816504e-01 -1.309961676336324210e+01 4.453815884862194485e-01 4.450708079978003551e-01 2.715163013498730393e+01 3.425170481449842791e-02 7.461878838620908949e-01 -2.312975315505859142e-05 -1.696444520647208062e-02 -2.064159399591001056e-04 -1.766031063406537857e-02 -6.759661938068354473e-04
1.334165215346551012e-02 -8.156341127470452257e-01 -1.374223797948710235e+01 -1.463752686046626472e+01 -6.263838613424065338e-01 -1.410952674893394843e+01 4.380676850300782577e-01 4.378631259740097814e-01 2.927505372093252944e+01 3.688071998703838089e-02 7.339615485207117151e-01 -2.341736763873749312e-05 -1.898048991804844599e-02 -2.427138339975448852e-04 -1.919364961796063765e-02 -7.493426565974846713e-04
1.395576272764381502e-02 -7.500081583529500939e-01 -1.470536027070893326e+01 -1.576178972503277542e+01 -5.542527367098445401e-01 -1.517586368117343198e+01 4.305450676202475790e-01 4.304707382246308889e-01 3.152357945006555084e+01 3.965882704659783736e-02 7.214162664694870886e-01 -2.347900150987413491e-05 -2.101104657284728894e-02 -2.847475903787738253e-04 -2.060269547895739878e-02 -8.220384989254795769e-04
1.459169197771094037e-02 -6.456412858745339545e-01 -1.570385028695944563e+01 -1.694694785792680136e+01 -4.896627251174495155e-01 -1.629698348332671998e+01 4.228508836872882370e-01 4.228992637025260071e-01 3.389389571585360272e+01 4.258062583697352216e-02 7.086026400660105917e-01 -2.325104473551783274e-05 -2.288499313388962092e-02 -3.331493930839217812e-04 -2.185148651832442487e-02 -8.898350431537473473e-04
1.524782537665436873e-02 -5.240137092304920641e-01 -1.673190326171098263e+01 -1.818976801513902686e+01 -4.497625989571912841e-01 -1.746991298674488746e+01 4.150323693370998601e-01 4.151691255266114489e-01 3.637953603027805372e+01 4.563706916408508119e-02 6.955853159962612775e-01 -2.274157869045612097e-05 -2.445772544263736387e-02 -3.884993914833556562e-04 -2.297814068738628437e-02 -9.502080544459853926e-04
1.592191790852090852e-02 -4.134874779499372877e-01 -1.778226533622970607e+01 -1.948530047410963206e+01 -4.445341923629673730e-01 -1.869008379704031952e+01 4.071405570233760929e-01 4.073157952639288037e-01 3.897060094821926413e+01 4.881518992320462574e-02 6.824365398365801472e-01 -2.203199131921843422e-05 -2.566600997660139008e-02 -4.513006247154061068e-04 -2.409737971331694234e-02 -1.003565906928115172e-03
1.661113996103320486e-02 -3.412693321700641658e-01 -1.884658283052573324e+01 -2.082698740618283395e+01 -4.719481296483878929e-01 -1.995128479232842267e+01 3.992260405450264171e-01 3.993890614050086829e-01 4.165397481236566790e+01 5.209838326832277877e-02 6.692326058081751183e-01 -2.125438550018342803e-05 -2.656812440485185889e-02 -5.218962785229627147e-04 -2.536746516880160340e-02 -1.053618632206320804e-03
1.731220526945410204e-02 -3.243196557004478509e-01 -1.991562252499574015e+01 -2.220685990893487727e+01 -5.175992474680279898e-01 -2.124570194649514576e+01 3.913329784227129737e-01 3.914459559661825905e-01 4.441371981786975454e+01 5.546676201980672849e-02 6.560457324957541525e-01 -2.055030390403103801e-05 -2.734495202426059229e-02 -6.005160161858041565e-04 -2.692672277625400568e-02 -1.106451464889849972e-03
1.802157108512350558e-02 -3.629329042727028054e-01 -2.098004875291868743e+01 -2.361608100182919046e+01 -5.598844235775085609e-01 -2.256443355166161879e+01 3.834995770741485566e-01 3.835458302539712649e-01 4.723216200365838091e+01 5.889840096134957292e-02 6.429442282422578314e-01 -2.002540303909654170e-05 -2.825123741047988121e-02 -6.871746779358113609e-04 -2.882598695700253760e-02 -1.168423830652811756e-03
1.873567904158346398e-02 -4.401217835116190136e-01 -2.203088465701740617e+01 -2.504547065883554779e+01 -5.788317336697272886e-01 -2.389808118425794703e+01 3.757572893931503399e-01 3.757419446177238664e-01 5.009094131767109559e+01 6.237049334411624846e-02 6.299886438683351964e-01 -1.971875839016763463e-05 -2.952826908591704019e-02 -7.817073322092348139e-04 -3.099234449115155499e-02 -1.243715741713674475e-03
1.945119215332382842e-02 -5.274814238900829011e-01 -2.306008221674478165e+01 -2.648613115038820709e+01 -5.644303445583819245e-01 -2.523754106133106134e+01 3.681331206962208391e-01 3.680770262751382194e-01 5.297226230077641418e+01 6.586086574469991739e-02 6.172323161313391093e-01 -1.959868610005015711e-05 -3.131300023462126048e-02 -8.838092894956672873e-04 -3.324838869380623840e-02 -1.332632273434766626e-03
2.016518571159649220e-02 -5.951522012779640880e-01 -2.406089698231630081e+01 -2.792990519117066839e+01 -5.203875231019998715e-01 -2.657464455021002081e+01 3.606505552038312690e-01 3.605806910724980163e-01 5.585981038234133678e+01 6.934915746946375414e-02 6.047201720956417725e-01 -1.958391805208486557e-05 -3.358294264094516257e-02 -9.930106155626632417e-04 -3.538154470664306439e-02 -1.431432937044488070e-03
2.087526603101444098e-02 -6.217241802453569166e-01 -2.502803350722594899e+01 -2.936980562094960945e+01 -4.617289301184854255e-01 -2.790266998207520288e+01 3.533309799045716293e-01 3.532712581445848765e-01 5.873961124189921890e+01 7.281796064287324177e-02 5.924899939765425616e-01 -1.957878486266232724e-05 -3.616106393465850360e-02 -1.108821461056329468e-03 -3.723065365150771827e-02 -1.533757123871607158e-03
2.157961254707169152e-02 -6.003063553826248899e-01 -2.595789723913667402e+01 -3.080014968351876092e+01 -4.078508074479162415e-01 -2.921651260545176498e+01 3.461930539115418148e-01 3.461583561746696680e-01 6.160029936703752185e+01 7.625330984893885500e-02 5.805715683308504405e-01 -1.950577720755675951e-05 -3.877674116400459114e-02 -1.230614989884624456e-03 -3.874822122049046552e-02 -1.632870703161642002e-03
2.227695627005176274e-02 -5.390442981596312855e-01 -2.684807630662929512e+01 -3.221655883883816074e+01 -3.745851480179751558e-01 -3.051252562979528804e+01 3.392507209232871745e-01 3.392451565208059461e-01 6.443311767767632148e+01 7.964462861673204941e-02 5.689848360234792679e-01 -1.932537659650478663e-05 -4.115574834200987769e-02 -1.357841331035601531e-03 -4.001182965402742819e-02 -1.723835222948661653e-03
2.296651615026746099e-02 -4.567822204796921359e-01 -2.769752458196349920e+01 -3.361585882925815127e+01 -3.687010359235206591e-01 -3.178833173471878837e+01 3.325130138030630289e-01 3.325317158479554336e-01 6.723171765851630255e+01 8.298457426618818800e-02 5.577409818126755070e-01 -1.903869133345649500e-05 -4.310464265618109414e-02 -1.489889378713358517e-03 -4.118466189727098409e-02 -1.804742515022543297e-03
2.364791502092358083e-02 -3.761379621356052971e-01 -2.850626523123087708e+01 -3.499599636998432572e+01 -3.865930731720545466e-01 -3.304258093945382768e+01 3.259842366933402569e-01 3.260171170551249276e-01 6.999199273996865145e+01 8.626874114611043920e-02 5.468440223117435606e-01 -1.867745739627932726e-05 -4.456158936415985372e-02 -1.626170333499473829e-03 -4.244687376795853312e-02 -1.876815393592725896e-03
2.432109193155692836e-02 -3.165737886985748872e-01 -2.927471905813571951e+01 -3.635564842108532702e+01 -4.168992235953521419e-01 -3.427444384660601884e+01 3.196620171725229609e-01 3.196978383604331397e-01 7.271129684217065403e+01 8.949452642550499715e-02 5.362882053533072346e-01 -1.828767665465870582e-05 -4.560187210582638401e-02 -1.766201091510225408e-03 -4.392759369724492241e-02 -1.943529840178984374e-03
2.498622143774251181e-02 -2.895152480351266822e-01 -3.000441047065366362e+01 -3.769431650178530901e+01 -4.454042608037120377e-01 -3.548376948539587517e+01 3.135419678223863582e-01 3.135715341326261729e-01 7.538863300357061803e+01 9.266148807635904427e-02 5.260657252431786279e-01 -1.791356546665193308e-05 -4.640404612624880742e-02 -1.909398766340393789e-03 -4.566333039184319875e-02 -2.009230382066367563e-03
2.564364499811246784e-02 -2.964525811821474566e-01 -3.069681992961326245e+01 -3.901191141883478508e+01 -4.601215804349856331e-01 -3.667059771511300426e+01 3.076155360265971361e-01 3.076334441477764914e-01 7.802382283766957016e+01 9.577003548790123666e-02 5.161629507718996646e-01 -1.758660411429404811e-05 -4.719073758671601948e-02 -2.055333931592058603e-03 -4.759236880137132641e-02 -2.077795371194166886e-03
2.629381586387591688e-02 -3.299411228359501735e-01 -3.135423913356828862e+01 -4.030880241997007118e+01 -4.548777107624668026e-01 -3.783538438103305879e+01 3.018740548839795035e-01 3.018790118353449903e-01 8.061760483994014237e+01 9.882176265175568464e-02 5.065665269311896424e-01 -1.732042626407629627e-05 -4.816529246747365545e-02 -2.203437206636473054e-03 -4.958342629513743521e-02 -2.151639374523754353e-03
2.693725666540247587e-02 -3.767119562100600949e-01 -3.197811115583987984e+01 -4.158549527165083504e+01 -4.305223082360422060e-01 -3.897855265794795088e+01 2.963064315166983875e-01 2.963004958311669101e-01 8.317099054330167007e+01 1.018182571465841846e-01 4.972593157496693617e-01 -1.711220731118659732e-05 -4.946026034946562205e-02 -2.353515491600682071e-03 -5.148331970825736209e-02 -2.231373352623515060e-03
2.757452789255858058e-02 -4.217462955090504617e-01 -3.257105194899377665e+01 -4.284280456994058284e+01 -3.938210615401958603e-01 -4.010099223103948418e+01 2.909041775631366344e-01 2.908914270918846467e-01 8.568560913988116567e+01 1.047620708701803155e-01 4.882280685722118485e-01 -1.694661423813474078e-05 -5.111020333672763871e-02 -2.505019450111183824e-03 -5.316784732004107422e-02 -2.315855578064729241e-03
2.820620518902283019e-02 -4.521708569884482776e-01 -3.313565181294578821e+01 -4.408165233986265008e+01 -3.547191602938710164e-01 -4.120374760061263686e+01 2.856593783724216684e-01 2.856444783391460795e-01 8.816330467972530016e+01 1.076559571658683018e-01 4.794600828459009145e-01 -1.680254621421811839e-05 -5.305121675627529759e-02 -2.657439175937048072e-03 -5.457828145037225964e-02 -2.402775740940527906e-03
2.883286349439494883e-02 -4.600895878323915666e-01 -3.367371426052275041e+01 -4.530290144844920519e+01 -3.230305474985935010e-01 -4.228777672430670975e+01 2.805634982619208961e-01 2.805505209508353803e-01 9.060580289689841038e+01 1.105023147143448931e-01 4.709412956078680712e-01 -1.665939034948570028e-05 -5.514463685027309187e-02 -2.810572951941371980e-03 -5.573499014443213107e-02 -2.489407043440779090e-03
2.945506634967956505e-02 -4.438959284524359172e-01 -3.418807469099322560e+01 -4.650770060340887824e+01 -3.055813165309357871e-01 -4.335449693576170915e+01 2.756113626153894325e-01 2.756030422121581447e-01 9.301540120681775647e+01 1.133044845999794381e-01 4.626627495695102010e-01 -1.650100823699235996e-05 -5.721713811898843094e-02 -2.963912803684203793e-03 -5.672735880481807880e-02 -2.573233900666568093e-03
3.007335900537832368e-02 -4.079432400993224794e-01 -3.468077713507508264e+01 -4.769695183768237001e+01 -3.045275950031818279e-01 -4.440505008462859138e+01 2.707962811653216728e-01 2.707937452200576134e-01 9.539390367536474002e+01 1.160650543256412370e-01 4.546128180948514341e-01 -1.631842304470460569e-05 -5.910450338196671788e-02 -3.117150657274774493e-03 -5.768294547477836182e-02 -2.652519115111329207e-03
3.068826427439674820e-02 -3.609275779941774065e-01 -3.515459456936311966e+01 -4.887179469187298508e+01 -3.171817507967303884e-01 -4.544090006210018373e+01 2.661140226231543671e-01 2.661169229248228074e-01 9.774358938374597017e+01 1.187873850033388384e-01 4.467838487822543558e-01 -1.610997516161671021e-05 -6.069126781596857062e-02 -3.269810347696799468e-03 -5.872924108095505663e-02 -2.726546035653610971e-03
3.130028032929518117e-02 -3.134260977229829104e-01 -3.561129861604590019e+01 -5.003309000274751384e+01 -3.371988175718678149e-01 -4.646312228819832768e+01 2.615584666760042420e-01 2.615653798006260522e-01 1.000661800054950277e+02 1.214739426741277967e-01 4.391651819827950276e-01 -1.588023228992106674e-05 -6.193473303370890942e-02 -3.421656991844321434e-03 -5.995638463547972585e-02 -2.795652409338756934e-03
3.190987985001165345e-02 -2.753179862395660482e-01 -3.605387340191676770e+01 -5.118197480053392212e+01 -3.566704212098337767e-01 -4.747317271777301784e+01 2.571261893412264965e-01 2.571351318193725310e-01 1.023639496010678442e+02 1.241281880530011594e-01 4.317506898513221447e-01 -1.563754045560291519e-05 -6.287237935695011437e-02 -3.572146082155956085e-03 -6.139440006465060606e-02 -2.860979194712902525e-03
3.251751008821208988e-02 -2.535543538417335263e-01 -3.648419700779874830e+01 -5.231937074061394810e+01 -3.684465530296797686e-01 -4.847212567578154818e+01 2.528120441229006476e-01 2.528209772604471106e-01 1.046387414812278962e+02 1.267527835107484513e-01 4.245316554306183821e-01 -1.539189269986622317e-05 -6.360862773286590777e-02 -3.721038297375424929e-03 -6.300683820297099669e-02 -2.924187213294972363e-03
3.312359353540033496e-02 -2.508221248054667285e-01 -3.690547221990392757e+01 -5.344639219474559866e+01 -3.680601908091708507e-01 -4.946137295560066605e+01 2.486130040374627259e-01 2.486202449764098599e-01 1.068927843894911973e+02 1.293512134654730417e-01 4.175029389709507543e-01 -1.515235722248530246e-05 -6.428863551922185671e-02 -3.867727071522672824e-03 -6.470498094993147598e-02 -2.987006478041407190e-03
3.372852897181578824e-02 -2.652464865140445882e-01 -3.731934607207725918e+01 -5.456385150456108590e+01 -3.547690384966283306e-01 -5.044179197009876958e+01 2.445237797805424051e-01 2.445282525411173469e-01 1.091277030091221718e+02 1.319258181610949709e-01 4.106558951271881419e-01 -1.492586280944268714e-05 -6.506238974157951827e-02 -4.011999100394731191e-03 -6.637381905095394996e-02 -3.050959264746625453e-03
3.433269273909970304e-02 -2.911521506672070658e-01 -3.772889094107801355e+01 -5.567285020740474977e+01 -3.315175369192173704e-01 -5.141469008302238564e+01 2.405416374206428842e-01 2.405429514636388544e-01 1.113457004148094995e+02 1.344800003451053216e-01 4.039861133344933020e-01 -1.471601112125347568e-05 -6.605092272949898702e-02 -4.153311237910931215e-03 -6.790708786858276613e-02 -3.117041188320367629e-03
3.493644012762344570e-02 -3.205933924691573567e-01 -3.813595958672679842e+01 -5.677417667249006428e+01 -3.038730182300298788e-01 -5.238092599134793659e+01 2.366620162421329276e-01 2.366604305685144904e-01 1.135483533449801286e+02 1.370160835740054928e-01 3.974862477364164981e-01 -1.452322390606438745e-05 -6.731863375966631868e-02 -4.291387057260590172e-03 -6.923677898990748814e-02 -3.185643626328649690e-03
3.554010680389238508e-02 -3.453212130172433891e-01 -3.854330777078668291e+01 -5.786881957373738317e+01 -2.783283529208754326e-01 -5.334166276910517013e+01 2.328821317809125213e-01 2.328784090301652399e-01 1.157376391474747663e+02 1.395371030017741876e-01 3.911518435047084963e-01 -1.434489603042763546e-05 -6.886097228176850382e-02 -4.425745558212368716e-03 -7.035152285798389193e-02 -3.256482151517494511e-03
3.614401022812751413e-02 -3.586620163039014320e-01 -3.895341373946059349e+01 -5.895774775215105024e+01 -2.604678599185060728e-01 -5.429802024432477481e+01 2.291992342833825413e-01 2.291944264026600786e-01 1.179154955043021005e+02 1.420459537142674256e-01 3.849784780229856263e-01 -1.417638911600243970e-05 -7.060729411852847970e-02 -4.555999019811317330e-03 -7.129878824647213620e-02 -3.328725746502132939e-03
3.674845102965308002e-02 -3.569718824186409178e-01 -3.936874290328311332e+01 -6.004179374333391195e+01 -2.534602574833633160e-01 -5.525102592797214385e+01 2.256104164215218810e-01 2.256056415103536994e-01 1.200835874866678239e+02 1.445452243164631889e-01 3.789613896337047372e-01 -1.401193861549183354e-05 -7.243896251071534065e-02 -4.681704336734721777e-03 -7.217063481975713457e-02 -3.401144985815910717e-03
3.735371432005984288e-02 -3.402709225546428073e-01 -3.979149424912981203e+01 -6.112172535753663283e+01 -2.573256177126677091e-01 -5.620163844612475401e+01 2.221127366289975258e-01 2.221089783221957270e-01 1.222434507150732657e+02 1.470372691916869978e-01 3.730956969258834577e-01 -1.384578698797654850e-05 -7.421848321299959195e-02 -4.802487119572921258e-03 -7.307706029436186745e-02 -3.472355923243139377e-03
3.796007093272071864e-02 -3.121079440803953831e-01 -4.022485999233181531e+01 -6.219873803438937188e+01 -2.690617168928858827e-01 -5.715134041059047121e+01 2.187055119183733132e-01 2.187034634814602752e-01 1.243974760687787438e+02 1.495257196805041822e-01 3.673802079794637465e-01 -1.367309562820233185e-05 -7.582256063441311644e-02 -4.917851213239108656e-03 -7.411569769059664359e-02 -3.541053616200813201e-03
3.856777858316505492e-02 -2.785130929396584798e-01 -4.067074734630391930e+01 -6.327353050013235247e+01 -2.836604711375737553e-01 -5.810103234048863641e+01 2.153858654719235100e-01 2.153858383572464508e-01 1.265470610002647049e+02 1.520127094126789147e-01 3.618100651606958040e-01 -1.349067767687380446e-05 -7.717074066559438672e-02 -5.027493620312495880e-03 -7.534297763736451381e-02 -3.606245120031612364e-03
3.917708294883606029e-02 -2.465907144364963000e-01 -4.113204375982111571e+01 -6.434701390246570440e+01 -2.955525924110763425e-01 -5.905194827372058342e+01 2.121523711555666769e-01 2.121542707616471402e-01 1.286940278049314088e+02 1.545011296705088299e-01 3.563827229633743654e-01 -1.329737331358083677e-05 -7.824334794700515960e-02 -5.130898913731294676e-03 -7.676071949093293822e-02 -3.667391986822885006e-03
3.978821866941701507e-02 -2.226972540335825923e-01 -4.161122628468483953e+01 -6.542011629429038067e+01 -3.002911940906123345e-01 -6.000527653279399232e+01 2.090034891188279620e-01 2.090068621283004691e-01 1.308402325885807613e+02 1.569938305091243547e-01 3.510955204480094016e-01 -1.309427561474502645e-05 -7.908793059747082355e-02 -5.227700726638957393e-03 -7.831514716872253756e-02 -3.724586328054602363e-03
4.040141027061412010e-02 -2.110483818400615275e-01 -4.211027940233189071e+01 -6.649348091084112866e+01 -2.957251898320733541e-01 -6.096188977861217495e+01 2.059366847740394524e-01 2.059408230599633627e-01 1.329869618216822573e+02 1.594928664677642272e-01 3.459441453043228254e-01 -1.288444211318208543e-05 -7.980504033613841641e-02 -5.317561790827886846e-03 -7.991444647094553266e-02 -3.778511887048606466e-03
4.101687301531463381e-02 -2.129195438442801069e-01 -4.263246039536704046e+01 -6.756831123514034232e+01 -2.824622246467851649e-01 -6.192329575477625525e+01 2.029517042738230026e-01 2.029557859772631867e-01 1.351366224702806846e+02 1.620019202822644000e-01 3.409280757991046684e-01 -1.267234008199711089e-05 -8.052451040000217775e-02 -5.400007692754137979e-03 -8.145747484439905262e-02 -3.830356385699877891e-03
4.163481368660330861e-02 -2.260882959371275092e-01 -4.317987792217759591e+01 -6.864526863994561268e+01 -2.638143816216437232e-01 -6.289035921124364137e+01 2.000460883760041275e-01 2.000493471220174402e-01 1.372905372798912254e+02 1.645231973848715334e-01 3.360432940419516568e-01 -1.246306744044749576e-05 -8.137768302000579490e-02 -5.474688891224084239e-03 -8.286155759794486264e-02 -3.881650539195177167e-03
4.225543130736413716e-02 -2.460049261991899550e-01 -4.375481032553759775e+01 -6.972524055788008468e+01 -2.443620172649405842e-01 -6.386413167823489800e+01 1.972181606050773806e-01 1.972200274340681070e-01 1.394504811157601694e+02 1.670593715356493147e-01 3.312870490805218671e-01 -1.226126299540282637e-05 -8.245759912142712478e-02 -5.541303073751966367e-03 -8.409112877012829557e-02 -3.933882635026301165e-03
4.287891780122469326e-02 -2.667245387025591885e-01 -4.435993499007758345e+01 -7.080915142556771968e+01 -2.287562844058351197e-01 -6.484573193157861226e+01 1.944664740541145187e-01 1.944666858821919309e-01 1.416183028511354394e+02 1.696133575290492135e-01 3.266570458094115725e-01 -1.207023702163646691e-05 -8.380434288470738069e-02 -5.599460667584607067e-03 -8.516499656290879572e-02 -3.988234489924339168e-03
4.350545859948799082e-02 -2.820893891066610926e-01 -4.499739689915412555e+01 -7.189780583153552129e+01 -2.205319226083110318e-01 -6.583608323991647637e+01 1.917889445104238588e-01 1.917876005905279346e-01 1.437956116630710426e+02 1.721877173685132656e-01 3.221500915888273475e-01 -1.189142578659041026e-05 -8.539908311412591768e-02 -5.648853040842318797e-03 -8.615110969529103657e-02 -4.045369821393579070e-03
4.413523319849715215e-02 -2.885102212912434849e-01 -4.566940011941257183e+01 -7.299202314621932430e+01 -2.201606510599365685e-01 -6.683613321524765638e+01 1.891838715596712850e-01 1.891813771393077159e-01 1.459840462924386486e+02 1.747847719496243013e-01 3.177632823822917341e-01 -1.172332280910229543e-05 -8.714700878193058775e-02 -5.689264612821712079e-03 -8.714718766424031648e-02 -4.104862150237430923e-03
4.476841567162523350e-02 -2.840940408112411775e-01 -4.637813405159325697e+01 -7.409263127573674979e+01 -2.264085035667416645e-01 -6.784684159517269109e+01 1.866493954353867779e-01 1.866463833409646722e-01 1.481852625514734996e+02 1.774071470602236744e-01 3.134937936653230395e-01 -1.156289864122310288e-05 -8.894367823884447022e-02 -5.720355120596249017e-03 -8.824302990805905911e-02 -4.165817695665798882e-03
4.540517513980319581e-02 -2.698780848765644502e-01 -4.712606970220743818e+01 -7.520066626635558293e+01 -2.359624371525419761e-01 -6.886940422654683402e+01 1.841844202215403847e-01 1.841816043968345085e-01 1.504013325327111659e+02 1.800579159740801072e-01 3.093399133381685151e-01 -1.140551644602264548e-05 -9.067155279825649117e-02 -5.741915195688553249e-03 -8.950203337732409725e-02 -4.226652052745564873e-03
4.604567620420984414e-02 -2.534456310583634853e-01 -4.791424321121183283e+01 -7.631650368362535630e+01 -2.413384212752696933e-01 -6.990431445496324159e+01 1.817871535331874733e-01 1.817850464372878505e-01 1.526330073672507126e+02 1.827367753664298489e-01 3.052970418627123372e-01 -1.124208792912579461e-05 -9.213867066876565981e-02 -5.753832682011338420e-03 -9.093052093966162708e-02 -4.283554528460913231e-03
4.669007934445994212e-02 -2.327472074363008125e-01 -4.874498418909516317e+01 -7.744125040423246276e+01 -2.465984511378805089e-01 -7.095284317468637880e+01 1.794544699483190398e-01 1.794534875490946257e-01 1.548825008084649255e+02 1.854500213553171295e-01 3.013634679992737153e-01 -1.107772195201207599e-05 -9.356478311430499462e-02 -5.755940633444623332e-03 -9.246455617391881321e-02 -4.339445330326405052e-03
4.733854128534885353e-02 -2.134206003428017473e-01 -4.962077054225861872e+01 -7.857568831141334442e+01 -2.465334327621120369e-01 -7.201603931898610256e+01 1.771862048767443298e-01 1.771865269340432980e-01 1.571513766228266888e+02 1.881984564577923458e-01 2.975370204848050704e-01 -1.090544321623910033e-05 -9.480675386916827263e-02 -5.747806225251824407e-03 -9.408720234716777542e-02 -4.391062940573261901e-03
4.799121533494738606e-02 -1.992749948505749547e-01 -5.054152968712693195e+01 -7.972028400434359696e+01 -2.405827973501225292e-01 -7.309433439482758388e+01 1.749795510037102098e-01 1.749810485725600273e-01 1.594405680086871939e+02 1.909832130864131394e-01 2.938130968818000177e-01 -1.072510264807803238e-05 -9.590493985472027527e-02 -5.729915305496426255e-03 -9.572144791472517178e-02 -4.438043092021395734e-03
4.864825169659278692e-02 -1.826722860469420784e-01 -5.150984371526639194e+01 -8.087625437413336726e+01 -2.436528033707490160e-01 -7.418916536539819617e+01 1.728295273516744501e-01 1.728318910168092915e-01 1.617525087482667345e+02 1.938140721088670859e-01 2.901900159427055481e-01 -1.056025209290013915e-05 -9.745909572894177753e-02 -5.701965887634558548e-03 -9.730531070461609366e-02 -4.491706234171466763e-03
4.930979775709172508e-02 -1.746758751169553703e-01 -5.252640455522746521e+01 -8.204394478607274266e+01 -2.285400694137365574e-01 -7.530080696704861509e+01 1.707426985060081503e-01 1.707459690802083652e-01 1.640878895721454853e+02 1.966786972835841696e-01 2.866649014294044284e-01 -1.036854005953207779e-05 -9.832015716900603663e-02 -5.663975838331753755e-03 -9.896173462596052905e-02 -4.530276833659717395e-03
4.997599835323862649e-02 -1.789529759111010143e-01 -5.359222198874871168e+01 -8.322397527350287305e+01 -2.106275441327416786e-01 -7.643014859719944809e+01 1.687127061691711949e-01 1.687160310439888844e-01 1.664479505470057461e+02 1.995861449440746171e-01 2.832344034434460811e-01 -1.017086720441532941e-05 -9.921533789287455274e-02 -5.616023004333419409e-03 -1.004335450283148357e-01 -4.565243868965966102e-03
5.064699601855838368e-02 -1.933983090507235825e-01 -5.470637977567051280e+01 -8.441665826620283042e+01 -1.950399263374423542e-01 -7.757733430542099029e+01 1.667365189836481076e-01 1.667390410066934836e-01 1.688333165324056608e+02 2.025366555022095616e-01 2.798934175573700167e-01 -9.977740953570366574e-06 -1.002950498958741221e-01 -5.558670371934722534e-03 -1.017102230288796233e-01 -4.599919049653416851e-03
5.132293121200452723e-02 -2.119774316417714355e-01 -5.587166811260694033e+01 -8.562332989624896129e+01 -2.116253967921125634e-01 -7.874412944045678842e+01 1.648055964214935332e-01 1.648055964214935332e-01 1.712466597924979226e+02 2.055472676899584850e-01 2.766405186162462226e-01 -9.841984661628198712e-06 -1.027742025882688870e-01 -5.491729037841001047e-03 -1.027736338449792425e-01 -4.661388157968101957e-03
5.200394253018263135e-02 -2.096803091356237436e-01 -5.708691606042282984e+01 -8.684396112429587333e+01 -2.093318041669711693e-01 -7.992930511504572166e+01 1.629327537691961647e-01 1.629327537691961647e-01 1.736879222485917467e+02 2.085894762076173914e-01 2.734709381156272823e-01 -9.685055473383275183e-06 -1.042953018458220998e-01 -5.415640918945890947e-03 -1.042947381038086957e-01 -4.707012465991836266e-03
5.269016690452154456e-02 -2.074423632171986942e-01 -5.835175046252948761e+01 -8.807882530187970360e+01 -2.070972802193992990e-01 -8.113361112881170811e+01 1.611071519313469202e-01 1.611071519313469202e-01 1.761576506037594072e+02 2.116795919161459094e-01 2.703809516783050038e-01 -9.526297603885467541e-06 -1.058403548838638963e-01 -5.330761634602565642e-03 -1.058397959580729547e-01 -4.752227985022460660e-03
5.338173978468241376e-02 -2.052624593922570961e-01 -5.966600659362099890e+01 -8.932849735164801075e+01 -2.049206982561580792e-01 -8.235749515376357976e+01 1.593269189022959997e-01 1.593269189022959997e-01 1.786569947032960215e+02 2.148181337210901543e-01 2.673671021628833966e-01 -9.370100590796644755e-06 -1.074096211367948916e-01 -5.237533612180845025e-03 -1.074090668605450771e-01 -4.797109931339804678e-03
5.407879530937485107e-02 -2.031369652022891326e-01 -6.102856582079902381e+01 -9.059329195203645213e+01 -2.027984338437144318e-01 -8.360104801761757187e+01 1.575895976153028899e-01 1.575895976153028899e-01 1.811865839040729043e+02 2.180055003306163308e-01 2.644253862520310472e-01 -9.215493373998672705e-06 -1.090032999415682657e-01 -5.136584910216094799e-03 -1.090027501653081654e-01 -4.841759042755461664e-03
5.478146646564103356e-02 -2.010622085416307048e-01 -6.243810814523205721e+01 -9.187344090996010948e+01 -2.007268227197522847e-01 -8.486426226628928760e+01 1.558927046256493310e-01 1.558927046256493310e-01 1.837468818199202190e+02 2.212418599940726982e-01 2.615517577283917316e-01 -9.062688068809283213e-06 -1.106214754063794548e-01 -5.028553295084296250e-03 -1.106209299970363491e-01 -4.886273168518799614e-03
5.548988523756994556e-02 -1.990350516879979270e-01 -6.389365712445877676e+01 -9.316921229732879794e+01 -1.987027339048668684e-01 -8.614721175618829818e+01 1.542340636378728980e-01 1.542340636378728980e-01 1.863384245946575959e+02 2.245275430957289486e-01 2.587426513101882541e-01 -8.913800567975839703e-06 -1.122643127093278931e-01 -4.913988675276160720e-03 -1.122637715478644743e-01 -4.930740143003693385e-03
5.620418274531555070e-02 -1.970508086417588622e-01 -6.539227961587165794e+01 -9.448045167949379675e+01 -1.967214912302148733e-01 -8.744932981386948256e+01 1.526105164219564991e-01 1.526105164219564991e-01 1.889609033589875935e+02 2.278613816532363279e-01 2.559929236277859177e-01 -8.764336803229294233e-06 -1.139312278387341476e-01 -4.793875558860061920e-03 -1.139306908266181639e-01 -4.975284314323293912e-03
5.692448937521224495e-02 -1.951061045471229327e-01 -6.693186932258763022e+01 -9.580726666162438221e+01 -1.947797272685311276e-01 -8.877038907339267837e+01 1.510197203165294377e-01 1.510197203165294377e-01 1.916145333232487644e+02 2.312429819068862746e-01 2.532987352514159407e-01 -8.620909645797943216e-06 -1.156220238991060023e-01 -4.669043060667914594e-03 -1.156214909534431373e-01 -5.020021410287933347e-03
5.765093490170870860e-02 -1.931973486689625152e-01 -6.850983960081447321e+01 -9.714963974274628811e+01 -1.928738589461213293e-01 -9.010998735645178215e+01 1.494592065783385826e-01 1.494592065783385826e-01 1.942992794854925762e+02 2.346715461261342228e-01 2.506560483385457117e-01 -8.478950417027196186e-06 -1.173363020092127312e-01 -4.540406267232280878e-03 -1.173357730630671114e-01 -5.065072382497707443e-03
5.838364860177600035e-02 -1.913199088447974650e-01 -7.012257799194431129e+01 -9.850702829078123557e+01 -1.909992634867531403e-01 -9.146713715815526768e+01 1.479257413156677137e-01 1.479257413156677137e-01 1.970140565815624711e+02 2.381448086608035086e-01 2.480595546596473799e-01 -8.342346170809710271e-06 -1.190729293250863963e-01 -4.408989396146511738e-03 -1.190724043304017543e-01 -5.110546924104519134e-03
5.912275936238653440e-02 -1.894707288676905355e-01 -7.176693580928402127e+01 -9.987946646446974341e+01 -1.891528915761305218e-01 -9.284139452763936617e+01 1.464172107830200853e-01 1.464172107830200853e-01 1.997589329289394868e+02 2.416618724564929266e-01 2.455057925016881637e-01 -8.207372576329708441e-06 -1.208314573048243079e-01 -4.275887065574022691e-03 -1.208309362282464633e-01 -5.156590756648846835e-03
5.986839578160737391e-02 -1.876452916806236881e-01 -7.343809027446967264e+01 -1.012664316524614634e+02 -1.873302354673710701e-01 -9.423160700939635603e+01 1.449305715057899457e-01 1.449305715057899457e-01 2.025328633049229268e+02 2.452201791815818988e-01 2.429898051193742359e-01 -8.077680660689731635e-06 -1.226106067633660618e-01 -4.142499076204561766e-03 -1.226100895907909494e-01 -5.203363876511134418e-03
6.062068626380308356e-02 -1.858401708954287024e-01 -7.513194660876236242e+01 -1.026675372897091876e+02 -1.855278761901843765e-01 -9.563684309454200161e+01 1.434633676403373470e-01 1.434633676403373470e-01 2.053350745794183752e+02 2.488175767511784930e-01 2.405075389318255819e-01 -7.950176452025708559e-06 -1.244093016430236759e-01 -4.010027582762759266e-03 -1.244087883755892465e-01 -5.251004497253447707e-03
6.137975910939968971e-02 -1.840508336390019872e-01 -7.684353231005842133e+01 -1.040818037912055161e+02 -1.837412895065116403e-01 -9.705555235246229984e+01 1.420124438978177805e-01 1.420124438978177805e-01 2.081636075824110321e+02 2.524504557570682595e-01 2.380538178425505302e-01 -7.826950807265016009e-06 -1.262257372228983154e-01 -3.879702581871894915e-03 -1.262252278785341297e-01 -5.299627725096889112e-03
6.214574259962199476e-02 -1.822738906965333527e-01 -7.856729013008262541e+01 -1.055088157595514247e+02 -1.819670938330926468e-01 -9.848656038155215242e+01 1.405754626914895167e-01 1.405754626914895167e-01 2.110176315191028493e+02 2.561161646464584773e-01 2.356248148626171879e-01 -7.706897930939069608e-06 -1.280585877103087855e-01 -3.753162715506312176e-03 -1.280580823232292387e-01 -5.349427236761218618e-03
6.291876507658061835e-02 -1.805053764570635488e-01 -8.029776321127778260e+01 -1.069475786192378024e+02 -1.802013310953027303e-01 -9.992823185138792041e+01 1.391496535518321753e-01 1.391496535518321753e-01 2.138951572384756048e+02 2.598108954778190482e-01 2.332159817339990449e-01 -7.590747378388796313e-06 -1.299059491198890637e-01 -3.631746105362921445e-03 -1.299054477389095241e-01 -5.400530491024930525e-03
6.369895501905289970e-02 -1.787418137917459182e-01 -8.202883910541592627e+01 -1.083972599888443256e+02 -1.784405314878582116e-01 -1.013789664717878480e+02 1.377325510836207301e-01 1.377325510836207301e-01 2.167945199776886511e+02 2.635309017035639134e-01 2.308232579274191454e-01 -7.479095321568609370e-06 -1.317659481629283313e-01 -3.517057271769521900e-03 -1.317654508517819567e-01 -5.453105603082212399e-03
6.448644111427248582e-02 -1.769792664471528942e-01 -8.375373832209625391e+01 -1.098566647491625332e+02 -1.766807664472748174e-01 -1.028367658689425355e+02 1.363213973700591886e-01 1.363213973700591886e-01 2.197133294983250664e+02 2.672714886673885348e-01 2.284421125666138419e-01 -7.369498726969476806e-06 -1.336362374961549138e-01 -3.410725063408843148e-03 -1.336357443336942674e-01 -5.507306599641757262e-03
6.528135232601571525e-02 -1.752144130809361044e-01 -8.546620542390181186e+01 -1.113245875194877215e+02 -1.749187210326704212e-01 -1.042997018004587062e+02 1.349137953701429748e-01 1.349137953701429748e-01 2.226491750389754429e+02 2.710280734246848233e-01 2.260685831394384504e-01 -7.264086891256962298e-06 -1.355145256350003824e-01 -3.314228193443514471e-03 -1.355140367123424117e-01 -5.563267284993591438e-03
6.608381795924880842e-02 -1.734441431880101026e-01 -8.715886803236159608e+01 -1.128000305129266962e+02 -1.731512910630127466e-01 -1.057658492165248987e+02 1.335075953063147858e-01 1.335075953063147858e-01 2.256000610258533925e+02 2.747961929685642235e-01 2.236991485821950287e-01 -7.162765472710796546e-06 -1.373985810632068760e-01 -3.229403186900141245e-03 -1.373980964842821118e-01 -5.621176839932791151e-03
6.689396772157822635e-02 -1.716650047042412863e-01 -8.882447461077909168e+01 -1.142813681650090842e+02 -1.713750309449953713e-01 -1.072327852722085879e+02 1.321002601641885210e-01 1.321002601641885210e-01 2.285627363300181685e+02 2.785700032160736139e-01 2.213295989732417257e-01 -7.064852872545069981e-06 -1.392854817272663193e-01 -3.157812732097481020e-03 -1.392850016080368070e-01 -5.681157949773763156e-03
6.771193178172607574e-02 -1.698741756296915095e-01 -9.045537448822059901e+01 -1.157673305456577566e+02 -1.695871241350669356e-01 -1.086983195715428820e+02 1.306898020693834095e-01 1.306898020693834095e-01 2.315346610913155132e+02 2.823443580128455199e-01 2.189566650718085816e-01 -6.970738700849162611e-06 -1.411726545393646726e-01 -3.101252307405609303e-03 -1.411721790064227600e-01 -5.743380916818790344e-03
6.853784082523488308e-02 -1.680694018750975849e-01 -9.204532585234620967e+01 -1.172563834191435888e+02 -1.677853203221496836e-01 -1.101602556968485516e+02 1.292744503107451648e-01 1.292744503107451648e-01 2.345127668382871775e+02 2.861138977323982591e-01 2.165773707279906313e-01 -6.880180244248483589e-06 -1.430574196801601139e-01 -3.060927786846921132e-03 -1.430569488661991295e-01 -5.807924506796357383e-03
6.937182610758925450e-02 -1.662475969330513004e-01 -9.358530555968741282e+01 -1.187468361970082356e+02 -1.659665389609583652e-01 -1.116158518436417495e+02 1.278520194873176974e-01 1.278520194873176974e-01 2.374936723940164711e+02 2.898721047462701206e-01 2.141881174163333124e-01 -6.793059812514224949e-06 -1.449365183238498500e-01 -3.038848323007266577e-03 -1.449360523731350603e-01 -5.874965095426605208e-03
7.021401950492707489e-02 -1.644071012495731954e-01 -9.506885756800164700e+01 -1.202371763670638956e+02 -1.641291230593163453e-01 -1.130628973535897899e+02 1.264211726833910365e-01 1.264211726833910365e-01 2.404743527341277911e+02 2.936136025358144774e-01 2.117866480033639420e-01 -6.709798615635906029e-06 -1.468072622074090838e-01 -3.036237202212027728e-03 -1.468068012679072387e-01 -5.944583721418272154e-03
7.106455356249911925e-02 -1.625458517771559697e-01 -9.648792191030781851e+01 -1.217257433973498735e+02 -1.622710132001302930e-01 -1.144988195150387611e+02 1.249803588645706509e-01 1.249803588645706509e-01 2.434514867946997470e+02 2.973321974125424094e-01 2.093703774173290288e-01 -6.629729788585909081e-06 -1.486665544802496519e-01 -3.054724878123984098e-03 -1.486660987062712047e-01 -6.016906575038682287e-03
7.192356154102377830e-02 -1.606622177053520228e-01 -9.783541419964404895e+01 -1.232107287356189147e+02 -1.603905810777583041e-01 -1.159210702110373461e+02 1.235282588992727831e-01 1.235282588992727831e-01 2.464214574712378294e+02 3.010216656830757009e-01 2.069370766808778794e-01 -6.553307494048511990e-06 -1.505112832921027266e-01 -3.095634922992794927e-03 -1.505108328415378505e-01 -6.092013747404186573e-03
7.279117746107181819e-02 -1.587552644948427294e-01 -9.910468945535249929e+01 -1.246905810381368980e+02 -1.584868932233567396e-01 -1.173273785738132631e+02 1.220640310751723995e-01 1.220640310751723995e-01 2.493811620762737959e+02 3.046764486534400129e-01 2.044852978755236361e-01 -6.479865917118697612e-06 -1.523386692953382082e-01 -3.160099258487162645e-03 -1.523382243267200065e-01 -6.169969302673843428e-03
7.366753614560611618e-02 -1.568242121126572908e-01 -1.002893004641608172e+02 -1.261636680762666458e+02 -1.565591702380279004e-01 -1.187154369122278013e+02 1.205869447449216952e-01 1.205869447449216952e-01 2.523273361525332916e+02 3.082908909218292082e-01 2.020137766159450787e-01 -6.409325459275490595e-06 -1.541458847894125461e-01 -3.249161203715043508e-03 -1.541454454609146041e-01 -6.250822317614751836e-03
7.455277326079179367e-02 -1.548684535928626926e-01 -1.013831505795305361e+02 -1.276282113302353878e+02 -1.546068054253360302e-01 -1.200828698643246497e+02 1.190963434388831454e-01 1.190963434388831454e-01 2.552564226604707756e+02 3.118590932795712312e-01 1.995213536452041803e-01 -6.342207071891700331e-06 -1.559299801712481504e-01 -3.363724823758806187e-03 -1.559295466397856156e-01 -6.334596656513163775e-03
7.544702535518335584e-02 -1.528880103180843830e-01 -1.023807127534811485e+02 -1.290827245257384277e+02 -1.526298192258563335e-01 -1.214276276221497426e+02 1.175920233005123272e-01 1.175920233005123272e-01 2.581654490514768554e+02 3.153759618901839645e-01 1.970076180290916690e-01 -6.277437635545311836e-06 -1.576884085261872070e-01 -3.504555721358264698e-03 -1.576879809450919823e-01 -6.421310709360779703e-03
7.635042989738796693e-02 -1.508832935992593383e-01 -1.032775328017884391e+02 -1.305257042622734218e+02 -1.506286209688371402e-01 -1.227478071189621005e+02 1.160740168332891203e-01 1.160740168332891203e-01 2.610514085245468436e+02 3.188366978396112716e-01 1.944725343433752751e-01 -6.215527167767697312e-06 -1.594187704032623554e-01 -3.672048029737929372e-03 -1.594183489198056358e-01 -6.510933173282930538e-03
7.726312531229631575e-02 -1.488550596923044200e-01 -1.040694049627180675e+02 -1.319558477057194352e+02 -1.486039643879625838e-01 -1.240417073545205540e+02 1.145426201942304351e-01 1.145426201942304351e-01 2.639116954114388705e+02 3.222370105402039830e-01 1.919165082072698536e-01 -6.155927250751561499e-06 -1.611189205155507398e-01 -3.866574295441155273e-03 -1.611185052701019915e-01 -6.603439084260685245e-03
7.818525101596661420e-02 -1.468045148131634503e-01 -1.047537152324351268e+02 -1.333718163991045458e+02 -1.465570520009894240e-01 -1.253078366446414265e+02 1.129983714540972184e-01 1.129983714540972184e-01 2.667436327982090916e+02 3.255729939717570409e-01 1.893403169244175510e-01 -6.098117338685835066e-06 -1.627869058627400833e-01 -4.087976071826875286e-03 -1.627864969858785205e-01 -6.698731865047814933e-03
7.911694744924047118e-02 -1.447332509645590792e-01 -1.053285643276686585e+02 -1.347725206309590931e+02 -1.444894713821974208e-01 -1.265450148559659738e+02 1.114421137927556066e-01 1.114421137927556066e-01 2.695450412619181861e+02 3.288415357033279141e-01 1.867452516105069793e-01 -6.042695729649530953e-06 -1.644211702404438369e-01 -4.335964555671594119e-03 -1.644207678516639570e-01 -6.796710368295071601e-03
8.005835611016511033e-02 -1.426433630374637496e-01 -1.057930351852592992e+02 -1.361571614456227053e+02 -1.424033120975089217e-01 -1.277524480262303825e+02 1.098750241416848461e-01 1.098750241416848461e-01 2.723143228912454106e+02 3.320404184237392697e-01 1.841331452918970324e-01 -5.988773616073985104e-06 -1.660206050058823934e-01 -4.609999803189554837e-03 -1.660202092118696349e-01 -6.897252925842067492e-03
8.100961958528996032e-02 -1.405372049681050395e-01 -1.061475102802161672e+02 -1.375249999410376063e+02 -1.403009220538080637e-01 -1.289295863305402747e+02 1.082984534587405623e-01 1.082984534587405623e-01 2.750499998820752126e+02 3.351679806561035924e-01 1.815061144219021205e-01 -5.935942256301870861e-06 -1.675843794350591054e-01 -4.909173643015437086e-03 -1.675839903280517962e-01 -7.000193639712137469e-03
8.197088157990257973e-02 -1.384177414249882776e-01 -1.063946517871688258e+02 -1.388755404664711648e+02 -1.381852584688456897e-01 -1.300764215501887406e+02 1.067141472183384121e-01 1.067141472183384121e-01 2.777510809329423296e+02 3.382238095672146505e-01 1.788669121558429387e-01 -5.884761153469295192e-06 -1.691122871289782725e-01 -5.231976087626798340e-03 -1.691119047836073253e-01 -7.105300560315528507e-03
8.294228694726363260e-02 -1.362883189608630197e-01 -1.065375543042922430e+02 -1.402087928088303102e+02 -1.360596600858927085e-01 -1.311934256512087700e+02 1.051241461225121965e-01 1.051241461225121965e-01 2.804175856176606203e+02 3.412086813728295587e-01 1.762187865209365045e-01 -5.834353508363555761e-06 -1.706047162132987571e-01 -5.576899317528479817e-03 -1.706043406864147793e-01 -7.212364317449937619e-03
8.392398171689766095e-02 -1.341521289043975107e-01 -1.065798895299304689e+02 -1.415247288037615476e+02 -1.339273105987927592e-01 -1.322811259051787260e+02 1.035304128253415890e-01 1.035304128253415890e-01 2.830494576075230952e+02 3.441235174959707543e-01 1.735648681236142965e-01 -5.784316317904123435e-06 -1.720621274170197335e-01 -5.942258201132068207e-03 -1.720617587479853772e-01 -7.321151969526494378e-03
8.491611312199247308e-02 -1.320134153482725725e-01 -1.065294592199441723e+02 -1.428238149177332161e+02 -1.317924440258201602e-01 -1.333410751197360753e+02 1.019355744947502557e-01 1.019355744947502557e-01 2.856476298354664323e+02 3.469716074833440467e-01 1.709093540966454550e-01 -5.735050574340713931e-06 -1.734861655364490773e-01 -6.325312335975457993e-03 -1.734858037416720233e-01 -7.431318153762025806e-03
8.591882962595720485e-02 -1.298761782416718580e-01 -1.063935144925778076e+02 -1.441067011006230132e+02 -1.296590511748836605e-01 -1.343748943480838705e+02 1.003421231579180867e-01 1.003421231579180867e-01 2.882134022012460264e+02 3.497564180183561078e-01 1.682562318783147604e-01 -5.685871395718007545e-06 -1.748785639337731568e-01 -6.723539012286839679e-03 -1.748782090091780539e-01 -7.542553154120746131e-03
8.693228094818622465e-02 -1.277449100744845190e-01 -1.061815156666704780e+02 -1.453745823953231877e+02 -1.275316143268019620e-01 -1.353849837285112017e+02 9.875293824314138047e-02 9.875293824314138047e-02 2.907491647906463754e+02 3.524833694903111159e-01 1.656101407609921194e-01 -5.636305851224270483e-06 -1.762420328262128133e-01 -7.133985785906723186e-03 -1.762416847451555579e-01 -7.654520033474865835e-03
8.795661808907344337e-02 -1.256245126162321424e-01 -1.059052769907031575e+02 -1.466290702589123214e+02 -1.254150241402022248e-01 -1.363744384280981876e+02 9.717117069100315863e-02 9.717117069100315863e-02 2.932581405178246428e+02 3.551595261352698540e-01 1.629761609374998921e-01 -5.586633101488086342e-06 -1.775801043563049464e-01 -7.553112960140790505e-03 -1.775797630676349270e-01 -7.766825370080548442e-03
8.899199335431944025e-02 -1.235198324777281864e-01 -1.055778270342553640e+02 -1.478719120536657385e+02 -1.233141164122856098e-01 -1.373466473033312809e+02 9.559991884899206316e-02 9.559991884899206316e-02 2.957438241073314771e+02 3.577925959458404526e-01 1.603592810361605392e-01 -5.536425413516324830e-06 -1.788966325441034289e-01 -7.977164753807216430e-03 -1.788962979729202263e-01 -7.879055731414183819e-03
9.003856037857181638e-02 -1.214357344062160227e-01 -1.052130823797687356e+02 -1.491052896037811877e+02 -1.212337451109394282e-01 -1.383054893434006090e+02 9.404235300225076422e-02 9.404235300225076422e-02 2.982105792075623754e+02 3.603915586439397911e-01 1.577646288982438028e-01 -5.485031591014042889e-06 -1.801961072739804992e-01 -8.402241844127366494e-03 -1.801957793219698956e-01 -7.990800181905477820e-03
9.109647414843714819e-02 -1.193771192881785126e-01 -1.048266025123025287e+02 -1.503316733525522295e+02 -1.191788003257271411e-01 -1.392553269651180869e+02 9.250168736194949726e-02 9.250168736194949726e-02 3.006633467051044590e+02 3.629665781840034078e-01 1.551974111114997334e-01 -5.432767825338547595e-06 -1.814836105464807947e-01 -8.824166651490120139e-03 -1.814832890920017039e-01 -8.101628577322552219e-03
9.216589102490152507e-02 -1.173496165274611341e-01 -1.044370987623416625e+02 -1.515544271080516410e+02 -1.171548993013447199e-01 -1.402017291676141042e+02 9.098162827936649710e-02 9.098162827936649710e-02 3.031088542161032819e+02 3.655307145011937875e-01 1.526636367194070809e-01 -5.379260007705548568e-06 -1.827656723551792095e-01 -9.238092276972821246e-03 -1.827653572505968937e-01 -8.211065606057629460e-03
9.324696876519521227e-02 -1.153577171394826462e-01 -1.040617130313142553e+02 -1.527764740756462629e+02 -1.151665233482307149e-01 -1.411496676063049449e+02 8.948515743437499004e-02 8.948515743437499004e-02 3.055529481512925258e+02 3.680956463891727481e-01 1.501681492534898132e-01 -5.323973455792666277e-06 -1.840481321175799490e-01 -9.639649324539565495e-03 -1.840478231945863741e-01 -8.318681053252249477e-03
9.433986654413546724e-02 -1.134060370933164669e-01 -1.037191981989570451e+02 -1.540012281836492605e+02 -1.132182786502795857e-01 -1.421047586674910121e+02 8.801536502956168462e-02 8.801536502956168462e-02 3.080024563672985209e+02 3.706746509030220404e-01 1.477159779989228872e-01 -5.267453824792404579e-06 -1.853376283817980141e-01 -1.002426960413596406e-02 -1.853373254515110202e-01 -8.424045016229897431e-03
9.544474497498087184e-02 -1.115000033303967936e-01 -1.034319826945844767e+02 -1.552331575122665583e+02 -1.113155807346581649e-01 -1.430740359491561264e+02 8.657588845484066875e-02 8.657588845484066875e-02 3.104663150245331167e+02 3.732844209573386030e-01 1.453130442829669022e-01 -5.209011799316699415e-06 -1.866425076290275653e-01 -1.038655755371274692e-02 -1.866422104786693015e-01 -8.526668685521411606e-03
9.656176612982896035e-02 -1.096432205857270220e-01 -1.032185415164053239e+02 -1.564757851788302787e+02 -1.094620269379434352e-01 -1.440631638884229346e+02 8.516918512153276444e-02 8.516918512153276444e-02 3.129515703576605574e+02 3.759384300264955736e-01 1.429633638343147661e-01 -5.148408238590625211e-06 -1.879695066116256197e-01 -1.072225538290433322e-02 -1.879692150132477868e-01 -8.626172005068806145e-03
9.769109355958922880e-02 -1.078401683125608523e-01 -1.031013202461783749e+02 -1.577337982879945741e+02 -1.076620875023535373e-01 -1.450793586180137709e+02 8.379833461372476755e-02 8.379833461372476755e-02 3.154675965759891483e+02 3.786539850204304059e-01 1.406719785087888475e-01 -5.086183261418486637e-06 -1.893272788033821263e-01 -1.102632899585861102e-02 -1.893269925102152029e-01 -8.722131305248799482e-03
9.883289231356141846e-02 -1.060942839253394276e-01 -1.031006922753041266e+02 -1.590114547994573968e+02 -1.059191930718562658e-01 -1.461291729899290601e+02 8.246570260974296629e-02 8.246570260974296629e-02 3.180229095989147936e+02 3.814467567269815285e-01 1.384427621519577767e-01 -5.021629092241911329e-06 -1.907236596117241612e-01 -1.129433177453522362e-02 -1.907233783634907642e-01 -8.814179540050908618e-03
9.998732895864990977e-02 -1.044086289408771850e-01 -1.032369019127024217e+02 -1.603132336000057876e+02 -1.042363992553011487e-01 -1.472193220521159276e+02 8.117345967538723561e-02 8.117345967538723561e-02 3.206264672000115752e+02 3.843329545611337550e-01 1.362792920711968225e-01 -4.955273945761556786e-06 -1.921667537555925009e-01 -1.152207303085747529e-02 -1.921664772805668775e-01 -8.901997808328869152e-03
1.011545715982437310e-01 -1.027856345142341282e-01 -1.035290006938974727e+02 -1.616435794699458199e+02 -1.026161327506650567e-01 -1.483563140303971295e+02 7.992338982291635752e-02 7.992338982291635752e-02 3.232871589398916399e+02 3.873284019802026301e-01 1.341845296233751261e-01 -4.886428923378751119e-06 -1.936644729718121072e-01 -1.170584157998416468e-02 -1.936642009901013151e-01 -8.985331120119909726e-03
1.023347898907916165e-01 -1.012277678295760153e-01 -1.039975657251822838e+02 -1.630071823032053828e+02 -1.010608562527932075e-01 -1.495470872394714661e+02 7.871725569318369087e-02 7.871725569318369087e-02 3.260143646064107656e+02 3.904498629919109787e-01 1.321613844530680759e-01 -4.816502566719178996e-06 -1.952251992725803353e-01 -1.184157863355372008e-02 -1.952249314959554893e-01 -9.063890473218587374e-03
1.035281550681016599e-01 -9.973577173543142493e-02 -1.046570953614035631e+02 -1.644078950447403713e+02 -9.957131202296640171e-02 -1.507969810505732653e+02 7.755574495452036143e-02 7.755574495452036143e-02 3.288157900894807426e+02 3.937104808951182311e-01 1.302110462032771976e-01 -4.744397524121973344e-06 -1.968555043069556143e-01 -1.192697659047385096e-02 -1.968552404475591155e-01 -9.137579182378030920e-03
1.047348399533943319e-01 -9.831033526081334184e-02 -1.055226397865257439e+02 -1.658498027191316453e+02 -9.814818860004724532e-02 -1.521116082627625872e+02 7.643952140691742669e-02 7.643952140691742669e-02 3.316996054382632906e+02 3.971241335424760543e-01 1.283346702237374570e-01 -4.670257253898585741e-06 -1.985623270006659224e-01 -1.195975037692005929e-02 -1.985620667712380272e-01 -9.206317617423414798e-03
1.059550189791384905e-01 -9.695118786239882713e-02 -1.066062092739071545e+02 -1.673363154711938705e+02 -9.679121703528474618e-02 -1.534955714108841960e+02 7.536858990432974970e-02 7.536858990432974970e-02 3.346726309423877410e+02 4.007022584764364792e-01 1.265323333185263410e-01 -4.595108750624242989e-06 -2.003513861199576196e-01 -1.193838434529245068e-02 -2.003511292382182396e-01 -9.270094726254510947e-03
1.071888682046991947e-01 -9.565749108314301752e-02 -1.079170026276112964e+02 -1.688707599202100482e+02 -9.549956186461111551e-02 -1.549529829810072385e+02 7.434261381329088092e-02 7.434261381329088092e-02 3.377415198404200964e+02 4.044552688142797336e-01 1.248035708943835281e-01 -4.518526464156944499e-06 -2.022278882152305779e-01 -1.186228123657689579e-02 -2.022276344071398668e-01 -9.329016673840874463e-03
1.084365653338271451e-01 -9.442734125588116145e-02 -1.094605512774082428e+02 -1.704554628047951041e+02 -9.427132451514064204e-02 -1.564865840647375990e+02 7.336053659331005783e-02 7.336053659331005783e-02 3.409109256095902083e+02 4.083903059380248335e-01 1.231467443221520991e-01 -4.440626202728941586e-06 -2.041954039650157315e-01 -1.173169509612541003e-02 -2.041951529690124167e-01 -9.383254807163329825e-03
1.096982897320192274e-01 -9.325807465239968619e-02 -1.112380957873257614e+02 -1.720922932662943197e+02 -9.310384816192646129e-02 -1.580980965570484216e+02 7.242082286818810055e-02 7.242082286818810055e-02 3.441845865325886393e+02 4.125122047526126323e-01 1.215594468178709114e-01 -4.362200259876401821e-06 -2.062563508052051853e-01 -1.154814912248517712e-02 -2.062561023763063162e-01 -9.433125746112788410e-03
1.109742224437801905e-01 -9.214674452912834102e-02 -1.132492838613192276e+02 -1.737826978344030238e+02 -9.199419343305371977e-02 -1.597886563062676544e+02 7.152170807282505482e-02 7.152170807282505482e-02 3.475653956688060475e+02 4.168243299464627905e-01 1.200388839131684843e-01 -4.283184477378908586e-06 -2.084124110627055826e-01 -1.131340613602246394e-02 -2.084121649732313952e-01 -9.478954187452150529e-03
1.122645462098158242e-01 -9.108909735628722970e-02 -1.154868814790049214e+02 -1.755268922096192341e+02 -9.093811701191510666e-02 -1.615573561920958241e+02 7.066059114076181369e-02 7.066059114076181369e-02 3.510537844192384682e+02 4.213253059132981981e-01 1.185809140677135665e-01 -4.203841592297929003e-06 -2.106628969109057559e-01 -1.103106997019102746e-02 -2.106626529566490991e-01 -9.521249499425869442e-03
1.135694454841885692e-01 -9.008007426577484267e-02 -1.179383897964820136e+02 -1.773241194320565342e+02 -8.993057197864551267e-02 -1.634017006455412400e+02 6.983432921435442364e-02 6.983432921435442364e-02 3.546482388641130683e+02 4.260099946805456228e-01 1.171805130583764148e-01 -4.124884162295977060e-06 -2.130052393363781049e-01 -1.070605053462201327e-02 -2.130049973402728114e-01 -9.560644577793037460e-03
1.148891064514669935e-01 -8.911459253223505406e-02 -1.205897310267327214e+02 -1.791731607351594846e+02 -8.896648742851701042e-02 -1.653185779344461537e+02 6.903971490656891918e-02 6.903971490656891918e-02 3.583463214703189692e+02 4.308716882774755730e-01 1.158325336778270875e-01 -4.046283415196696501e-06 -2.154360843272206671e-01 -1.034341163958321305e-02 -2.154358441387377865e-01 -9.597765778432356190e-03
1.162237170439009565e-01 -8.818637713877734707e-02 -1.234191059360624365e+02 -1.810712637350620753e+02 -8.803960267391608419e-02 -1.673024586754455925e+02 6.827276104405355373e-02 6.827276104405355373e-02 3.621425274701241506e+02 4.358979820726872068e-01 1.145305665668071293e-01 -3.968486877945380178e-06 -2.179492295358810283e-01 -9.950093769733462865e-03 -2.179489910363436034e-01 -9.633411531045309867e-03
1.175734669586552539e-01 -8.728916798621888518e-02 -1.264024259344336372e+02 -1.830151550646556302e+02 -8.714367179566301358e-02 -1.693470422127473398e+02 6.752945926387889097e-02 6.752945926387889097e-02 3.660303101293112604e+02 4.410745803910234297e-01 1.132681563554154558e-01 -3.891822738094078100e-06 -2.205375270934611942e-01 -9.533452640511277248e-03 -2.205372901955117149e-01 -9.668406541933027148e-03
1.189385476751349119e-01 -8.641602031591531785e-02 -1.295094486354523440e+02 -1.850002563426690187e+02 -8.627176563140452614e-02 -1.714440330805208248e+02 6.680532316730690423e-02 6.680532316730690423e-02 3.700005126853380375e+02 4.463823788564434958e-01 1.120380624272556275e-01 -3.816994102539659129e-06 -2.231914247777415372e-01 -9.102194395318901829e-03 -2.231911894282217479e-01 -9.703686048527533983e-03
1.203191524724363942e-01 -8.555982381186325036e-02 -1.327065222345276823e+02 -1.870210059783993870e+02 -8.541678958549213385e-02 -1.735838168074186285e+02 6.609571819081486166e-02 6.609571819081486166e-02 3.740420119567987740e+02 4.517990242712294768e-01 1.108327892558627764e-01 -3.743942841493114771e-06 -2.258997459557515464e-01 -8.665539845672122488e-03 -2.258995121356147384e-01 -9.740200921079383845e-03
1.217154764469595835e-01 -8.471327986704427215e-02 -1.359559745551420633e+02 -1.890708327499793029e+02 -8.457146103312386531e-02 -1.757553466312807302e+02 6.539585730849634126e-02 6.539585730849634126e-02 3.781416654999586058e+02 4.572986711401736959e-01 1.096445834384529999e-01 -3.673022686005757442e-06 -2.286495678454483760e-01 -8.233455058127926718e-03 -2.286493355700868479e-01 -9.778947333909868145e-03
1.231277165302159943e-01 -8.386930044956723840e-02 -1.392174124969774311e+02 -1.911427301323785741e+02 -8.372870743449076225e-02 -1.779468102498317421e+02 6.470108305889883671e-02 6.470108305889883671e-02 3.822854602647571483e+02 4.628536399231679144e-01 1.084658982165960378e-01 -3.604674289237362975e-06 -2.314270506434502050e-01 -7.816456119189593363e-03 -2.314268199615839572e-01 -9.820968822059676639e-03
1.245560715068704388e-01 -8.302067374135289890e-02 -1.424473186590734883e+02 -1.932283305537494016e+02 -8.288133238744667397e-02 -1.801448085901242848e+02 6.400658451767594903e-02 6.400658451767594903e-02 3.864566611074988032e+02 4.684321963503804143e-01 1.072889109450887446e-01 -3.539095646385806787e-06 -2.342163271822414738e-01 -7.425213033082829830e-03 -2.342160981751902071e-01 -9.867255906921293396e-03
1.260007420330530592e-01 -8.216077128818635722e-02 -1.456017159304106769e+02 -1.953191122902126438e+02 -8.202272149055456207e-02 -1.823357470128837008e+02 6.330792125544634774e-02 6.330792125544634774e-02 3.906382245804252875e+02 4.740020852368254656e-01 1.061063945192427388e-01 -3.476396801197338365e-06 -2.370012698397877815e-01 -7.070292192492506900e-03 -2.370010426184127328e-01 -9.918773976831470399e-03
1.274619306549808206e-01 -8.128293355524345010e-02 -1.486330782030002808e+02 -1.974055270737649437e+02 -8.114622921206728068e-02 -1.845046553451782927e+02 6.260060554950853950e-02 6.260060554950853950e-02 3.948110541475298874e+02 4.795276486699270868e-01 1.049110350561165972e-01 -3.416923911233414619e-06 -2.397640496305656344e-01 -6.762827861494469413e-03 -2.397638243349635434e-01 -9.976509069388222323e-03
1.289398418279278369e-01 -8.038188113517168165e-02 -1.514990944256599903e+02 -1.994786195554419521e+02 -8.024658686080617109e-02 -1.866378323544245745e+02 6.188100793723984305e-02 6.188100793723984305e-02 3.989572391108839042e+02 4.849760247637274757e-01 1.036968910892967360e-01 -3.360711765915803630e-06 -2.424882355898470565e-01 -6.512100840290733529e-03 -2.424880123818637379e-01 -1.004122433419324910e-02
1.304346819355849951e-01 -7.945244329587249077e-02 -1.541549944805059340e+02 -2.015287050805162323e+02 -7.931863412108830502e-02 -1.887206089060166789e+02 6.114555896846458199e-02 6.114555896846458199e-02 4.030574101610324647e+02 4.903119525935296652e-01 1.024581140914723326e-01 -3.307787966115669637e-06 -2.451561972342756190e-01 -6.327741065638575746e-03 -2.451559762967648326e-01 -1.011368987065076538e-02
1.319466593098510276e-01 -7.849066339756813337e-02 -1.565608189441879858e+02 -2.035467329760496398e+02 -7.835842198743254994e-02 -1.907395579387545013e+02 6.039146236423408032e-02 6.039146236423408032e-02 4.070934659520992795e+02 4.955029744752211252e-01 1.011900991133365124e-01 -3.258245452665859921e-06 -2.477517057069744955e-01 -6.217848720786423380e-03 -2.477514872376105626e-01 -1.019450109241151758e-02
1.334759842510973848e-01 -7.749357224049710502e-02 -1.586806407482955876e+02 -2.055241067585911594e+02 -7.736298660000959226e-02 -1.926822300478350201e+02 5.961654560666502373e-02 5.961654560666502373e-02 4.110482135171823188e+02 5.005187867665004120e-01 9.988924248803499051e-02 -3.211999457561091517e-06 -2.502596091771194797e-01 -6.189105520739923705e-03 -2.502593933832502060e-01 -1.028408310297213892e-02
1.350228690489515548e-01 -7.645922088148621176e-02 -1.604834860419194342e+02 -2.074528842828329971e+02 -7.633038202327180333e-02 -1.945374559865075810e+02 5.881929728016310754e-02 5.881929728016310754e-02 4.149057685656659942e+02 5.053320199376553079e-01 9.855300830574309501e-02 -3.168979469358702807e-06 -2.526662228753261963e-01 -6.246686963334704100e-03 -2.526660099688276540e-01 -1.038269226219113751e-02
1.365875280036433215e-01 -7.538693722413698783e-02 -1.619452431464159758e+02 -2.093263140660669990e+02 -7.525993642322076349e-02 -1.962960735369640020e+02 5.799902059301908358e-02 5.799902059301908358e-02 4.186526281321339980e+02 5.099198877270242347e-01 9.718017141062236519e-02 -3.128860540789501861e-06 -2.549601536721757822e-01 -6.393834424178942120e-03 -2.549599438635121174e-01 -1.049038350176568699e-02
1.381701774479608680e-01 -7.427731501311610196e-02 -1.630502127671730364e+02 -2.111390032158351175e+02 -7.415224089706382027e-02 -1.979512978609433276e+02 5.715585846831618827e-02 5.715585846831618827e-02 4.222780064316702351e+02 5.142652150778230791e-01 9.577087037381737389e-02 -3.091594212057488064e-06 -2.571328140470602874e-01 -6.631468915272481675e-03 -2.571326075389115395e-01 -1.060697222200638994e-02
1.397710357698642991e-01 -7.313200123557928034e-02 -1.637899749715975304e+02 -2.128868428987879611e+02 -7.300893753639745021e-02 -1.994984904241039203e+02 5.629063966575489908e-02 5.629063966575489908e-02 4.257736857975759222e+02 5.183558121335765101e-01 9.432635269771236231e-02 -3.056830101868134158e-06 -2.591781090843300328e-01 -6.958581784247254085e-03 -2.591779060667882550e-01 -1.073208057032017278e-02
1.413903234358055150e-01 -7.195414140676890946e-02 -1.641675261756215889e+02 -2.145679265744649058e+02 -7.183316372948581052e-02 -2.009365336633557604e+02 5.540518242648603819e-02 5.540518242648603819e-02 4.291358531489298116e+02 5.221878015332400702e-01 9.284947104080862323e-02 -3.024319236241146786e-06 -2.610941001229453162e-01 -7.371298049636201485e-03 -2.610939007666200351e-01 -1.086506063805746901e-02
1.430282630148045353e-01 -7.074800886337913319e-02 -1.641961859271146693e+02 -2.161821858017312081e+02 -7.062918222222244746e-02 -2.022673678335903276e+02 5.450205619326902590e-02 5.450205619326902590e-02 4.323643716034624163e+02 5.257645389754085352e-01 9.134429912706808208e-02 -2.993451894665135159e-06 -2.628824650369523397e-01 -7.863165921508831133e-03 -2.628822694877042676e-01 -1.100501724701224461e-02
1.446850792033341215e-01 -6.951879240177817609e-02 -1.638981984500760802e+02 -2.177314612875011335e+02 -6.940216938103284383e-02 -2.034958397829577734e+02 5.358445027407597594e-02 5.358445027407597594e-02 4.354629225750022670e+02 5.290962971031231143e-01 8.981592198378690606e-02 -2.964109134797989759e-06 -2.645483401763633613e-01 -8.425687365551541574e-03 -2.645481485515615572e-01 -1.115088080885906843e-02
1.463609988510654325e-01 -6.827282079392306413e-02 -1.633080285566648229e+02 -2.192199746946659218e+02 -6.815843913451023750e-02 -2.046305846844913674e+02 5.265632008643680861e-02 5.265632008643680861e-02 4.384399493893318436e+02 5.322023668124624685e-01 8.827067245890941882e-02 -2.935694691720243571e-06 -2.661013710227710383e-01 -9.047509848786010681e-03 -2.661011834062312342e-01 -1.130132663632486302e-02
1.480562509875292532e-01 -6.701727572644984587e-02 -1.624706883862717461e+02 -2.206543092002014816e+02 -6.690515660636839335e-02 -2.056837592598595279e+02 5.172221928684113401e-02 5.172221928684113401e-02 4.413086184004029633e+02 5.351105457340760152e-01 8.671586705037669096e-02 -2.907815393090254926e-06 -2.675554564284927106e-01 -9.715008407937262766e-03 -2.675552728670380076e-01 -1.145485179139396799e-02
1.497710668497480579e-01 -6.575976178644259151e-02 -1.614390956780892736e+02 -2.220428672358204381e+02 -6.564990911679365049e-02 -2.066702001945244263e+02 5.078700701256982919e-02 5.078700701256982919e-02 4.440857344716408761e+02 5.378550882364309116e-01 8.515932762434134939e-02 -2.880028317194420397e-06 -2.689277236159695050e-01 -1.041302921004767790e-02 -2.689275441182154558e-01 -1.160984716085856905e-02
1.515056799108966679e-01 -6.450857381655279721e-02 -1.602774848780465504e+02 -2.233964505581703577e+02 -6.440097284903324726e-02 -2.076084121053205536e+02 4.985602893558558485e-02 4.985602893558558485e-02 4.467929011163407154e+02 5.404791108145772238e-01 8.360967687308949736e-02 -2.851932461942625355e-06 -2.702397308737113368e-01 -1.112404924564015969e-02 -2.702395554072886119e-01 -1.176451763030754265e-02
1.532603259100500659e-01 -6.327206684155677052e-02 -1.590552838688489032e+02 -2.247277505809396985e+02 -6.316668437712946726e-02 -2.085192309116730769e+02 4.893472469194628388e-02 4.893472469194628388e-02 4.494555011618793969e+02 5.430315516448103175e-01 8.207571025358535721e-02 -2.823160944631338673e-06 -2.715159473299018078e-01 -1.183000475203262701e-02 -2.715157758224051587e-01 -1.191709677031935373e-02
1.550352428830776563e-01 -6.205844446172459339e-02 -1.578484703617341438e+02 -2.260502895740297902e+02 -6.195522916361850818e-02 -2.094251570201996913e+02 4.802843767634118466e-02 4.802843767634118466e-02 4.521005791480595803e+02 5.455652938620236814e-01 8.056606848683436906e-02 -2.793246806527501159e-06 -2.727828145913564484e-01 -1.251143714053594078e-02 -2.727826469310118407e-01 -1.206568483563587660e-02
1.568306711947469179e-01 -6.087616520962595146e-02 -1.567355407489362449e+02 -2.273803052116988113e+02 -6.077504838669151033e-02 -2.103512998363701740e+02 4.714260989180298067e-02 4.714260989180298067e-02 4.547606104233976225e+02 5.481389399839963206e-01 7.908952550043638063e-02 -2.762325180386654525e-06 -2.740696339535799719e-01 -1.314944079977373170e-02 -2.740694699919981603e-01 -1.220857123479893343e-02
1.586468535720987061e-01 -5.973212526009288176e-02 -1.557971277079254833e+02 -2.287338707306064975e+02 -5.963302199308406770e-02 -2.113229537700512140e+02 4.628221213548506380e-02 4.628221213548506380e-02 4.574677414612129951e+02 5.508151579400067943e-01 7.765430305307480241e-02 -2.729310717545596453e-06 -2.754077394158269687e-01 -1.372572101029071075e-02 -2.754075789700033972e-01 -1.234421203902255279e-02
1.604840351391592645e-01 -5.863296099532881028e-02 -1.551092538159660137e+02 -2.301266179336500670e+02 -5.853577315741469861e-02 -2.123643594937391299e+02 4.545150329031488051e-02 4.545150329031488051e-02 4.602532358673001340e+02 5.536506434698981183e-01 7.626726323599168633e-02 -2.694581423340636476e-06 -2.768254788755101226e-01 -1.422279363656806309e-02 -2.768253217349490591e-01 -1.247107206441551430e-02
1.623424634530553634e-01 -5.758444451812316789e-02 -1.547454763439626504e+02 -2.315755915542080743e+02 -5.748906230994161454e-02 -2.135005492670031799e+02 4.465447019667450473e-02 4.465447019667450473e-02 4.631511831084161486e+02 5.567059676203175433e-01 7.493493965731742867e-02 -2.657911723343763939e-06 -2.783531378795355837e-01 -1.462549709422850813e-02 -2.783529838101587717e-01 -1.258803344479962269e-02
1.642223885416006501e-01 -5.659013709801383879e-02 -1.547690185898158006e+02 -2.330936680263701817e+02 -5.649644315608454842e-02 -2.147515809541582996e+02 4.389365588663684398e-02 4.389365588663684398e-02 4.661873360527403634e+02 5.600300103597238843e-01 7.366152996467821568e-02 -2.619154989881265721e-06 -2.800151564275442650e-01 -1.492076918887735859e-02 -2.800150051798619422e-01 -1.269407126675031749e-02
1.661240629424228787e-01 -5.565316454330779955e-02 -1.552329398057653975e+02 -2.346946940216940334e+02 -5.556103666639244237e-02 -2.161367863162073206e+02 4.317114914557032557e-02 4.317114914557032557e-02 4.693893880433880668e+02 5.636688037768536885e-01 7.245043142549435766e-02 -2.578584362001207015e-06 -2.818345505722817945e-01 -1.509921667130184608e-02 -2.818344018884268443e-01 -1.278865204814269921e-02
1.680477417437035159e-01 -5.477480583366931000e-02 -1.561785825480537540e+02 -2.363906713937799964e+02 -5.468412000303053688e-02 -2.176722248820704522e+02 4.248812293741127677e-02 4.248812293741127677e-02 4.727813427875599928e+02 5.676628127331784235e-01 7.130367056209732657e-02 -2.536286689483464028e-06 -2.838315527463906585e-01 -1.515540464792346394e-02 -2.838314063665892117e-01 -1.287172605167345545e-02
1.699936826266028600e-01 -5.395457086405855418e-02 -1.576283154781543772e+02 -2.381888186767237414e+02 -5.386520601867769709e-02 -2.193671814021285229e+02 4.184425621752223268e-02 4.184425621752223268e-02 4.763776373534474828e+02 5.720340279395859096e-01 7.022072694749624533e-02 -2.492574137578611340e-06 -2.860171582971325899e-01 -1.508763555057212116e-02 -2.860170139697929548e-01 -1.294345257234729395e-02
1.719621459094460569e-01 -5.318943236914575740e-02 -1.595877529817395555e+02 -2.400938524859785730e+02 -5.310127330406115564e-02 -2.212263733260566596e+02 4.123830565480304799e-02 4.123830565480304799e-02 4.801877049719571460e+02 5.767993842336259780e-01 6.919986907327729808e-02 -2.447147416925922515e-06 -2.883998346290304049e-01 -1.490047214702789648e-02 -2.883996921168129890e-01 -1.300482603626144582e-02
1.739533945937466186e-01 -5.247603174036646195e-02 -1.620424352960402530e+02 -2.421062641344003907e+02 -5.238897329608857567e-02 -2.232480370424783587e+02 4.066785948988373145e-02 4.066785948988373145e-02 4.842125282688007815e+02 5.819532647300845740e-01 6.823711039832229541e-02 -2.401009041396188272e-06 -2.909767732759215852e-01 -1.460113189317992569e-02 -2.909766323650422870e-01 -1.305681297871862621e-02
1.759676944121461584e-01 -5.180887850718306903e-02 -1.649581733183424035e+02 -2.442228991539972185e+02 -5.172282842022479094e-02 -2.254244557263774027e+02 4.012956714511368289e-02 4.012956714511368289e-02 4.884457983079944370e+02 5.874795133204300246e-01 6.732711895839073313e-02 -2.354290100435856194e-06 -2.937398961541121123e-01 -1.420274506710779601e-02 -2.937397566602150123e-01 -1.310106067102612126e-02
1.780053138783520561e-01 -5.118165052466287779e-02 -1.682823903634254066e+02 -2.464375719025485694e+02 -5.109653182717430880e-02 -2.277426655744993411e+02 3.961937741469249291e-02 3.961937741469249291e-02 4.928751438050971387e+02 5.933483663393218643e-01 6.646336885566743458e-02 -2.307729616821555270e-06 -2.966743213962773629e-01 -1.372254534078729861e-02 -2.966741831696609322e-01 -1.313957115491169031e-02
1.800665243391547377e-01 -5.058504872630132515e-02 -1.719384911780593939e+02 -2.487354799248060715e+02 -5.050080331885010293e-02 -2.301790215391614822e+02 3.913170823960681471e-02 3.913170823960681471e-02 4.974709598496121430e+02 5.995083565111695156e-01 6.563701583046524513e-02 -2.261029941379459447e-06 -2.997543153237402502e-01 -1.318291518107513050e-02 -2.997541782555847578e-01 -1.317470468715668981e-02
1.821516000286105552e-01 -5.001200379714510619e-02 -1.758410934706995761e+02 -2.511050289416174337e+02 -4.992859187227528805e-02 -2.327111980612534126e+02 3.866163207088470222e-02 3.866163207088470222e-02 5.022100578832348674e+02 6.059044544092377915e-01 6.483996737767402929e-02 -2.215316487885587322e-06 -3.029523631819553420e-01 -1.260768767953424074e-02 -3.029522272046188958e-01 -1.320897049320680222e-02
1.842608181244770882e-01 -4.945293992872980271e-02 -1.798857325356958370e+02 -2.535264824721008097e+02 -4.937034216856226593e-02 -2.353073182167120763e+02 3.820306287454305200e-02 3.820306287454305200e-02 5.070529649442016193e+02 6.124630727634315930e-01 6.406244011591824550e-02 -2.170783757295347137e-06 -3.062316712915587602e-01 -1.202459846238985303e-02 -3.062315363817157965e-01 -1.324510986112426535e-02
1.863944588069902375e-01 -4.890155277159935476e-02 -1.839780340880262486e+02 -2.559912776163197634e+02 -4.881976453337848881e-02 -2.379461998559729068e+02 3.775212315976443633e-02 3.775212315976443633e-02 5.119825552326395268e+02 6.191368717745724393e-01 6.329825135739010344e-02 -2.127926818892570784e-06 -3.095685697196825514e-01 -1.145973587111112635e-02 -3.095684358872862196e-01 -1.328611066177853503e-02
1.885528053200754284e-01 -4.834743660985044850e-02 -1.879904474737935516e+02 -2.584697740337473988e+02 -4.826647533870782880e-02 -2.405843670046929788e+02 3.730180799058311486e-02 3.730180799058311486e-02 5.169395480674947976e+02 6.258215406950964343e-01 6.253598708534097161e-02 -2.087095246180972620e-06 -3.129109030461937890e-01 -1.094316721131281464e-02 -3.129107703475482172e-01 -1.333448556035344255e-02
1.907361440350868187e-01 -4.778093827850056485e-02 -1.917954101634286417e+02 -2.609304830659210097e+02 -4.770084163273535099e-02 -2.431768230167763534e+02 3.684550737127494091e-02 3.684550737127494091e-02 5.218609661318420194e+02 6.324080864901786558e-01 6.176483554620525174e-02 -2.048414662438330849e-06 -3.162041747119018198e-01 -1.050314826656657125e-02 -3.162040432450893279e-01 -1.339239067291220740e-02
1.929447645171716574e-01 -4.719485775183160370e-02 -1.952799084414354525e+02 -2.633484212822620520e+02 -4.711567839464913393e-02 -2.456860978345639239e+02 3.637833668481031679e-02 3.637833668481031679e-02 5.266968425645241041e+02 6.388063968978242579e-01 6.097682378988750901e-02 -2.012187078793390677e-06 -3.194033285547249745e-01 -1.016449933832414346e-02 -3.194031984489121290e-01 -1.346182525639742431e-02
1.951789595943591582e-01 -4.658319832622048046e-02 -1.983411456792893546e+02 -2.656988677791692339e+02 -4.650500099583129016e-02 -2.480764685454897744e+02 3.589613859191091022e-02 3.589613859191091022e-02 5.313977355583384679e+02 6.449297896543719766e-01 6.016513337213545004e-02 -1.978413348053859980e-06 -3.224650234185428288e-01 -9.948047163640129018e-03 -3.224648948271859883e-01 -1.354425980764365108e-02
1.974390254294766112e-01 -4.594171817587152512e-02 -2.008942085247080911e+02 -2.679599606607328042e+02 -4.586457568262184564e-02 -2.503172421792505986e+02 3.539589082401364828e-02 3.539589082401364828e-02 5.359199213214656083e+02 6.507032316652866522e-01 5.932477831241382560e-02 -1.947131420517860706e-06 -3.253517427406277251e-01 -9.869320115569018767e-03 -3.253516158326433261e-01 -1.364059605639662484e-02
1.997252615949978716e-01 -4.526835927359863093e-02 -2.028783297889021355e+02 -2.701152608587456712e+02 -4.519234774029780993e-02 -2.523858013258719950e+02 3.487602106298946097e-02 3.487602106298946097e-02 5.402305217174913423e+02 6.560709192237823562e-01 5.845312780344943254e-02 -1.918233159608286775e-06 -3.280355846623047023e-01 -9.937557844765743109e-03 -3.280354596118911781e-01 -1.375116178280723703e-02
2.020379711509324716e-01 -4.456312784141343297e-02 -2.042599040864230346e+02 -2.721536599053856662e+02 -4.448832215631230713e-02 -2.542679803374887797e+02 3.433631052815847712e-02 3.433631052815847712e-02 5.443073198107713324e+02 6.609969895187943756e-01 5.754974321777914931e-02 -1.891532753061558257e-06 -3.304986177825846583e-01 -1.015487300009779853e-02 -3.304984947593971878e-01 -1.387559965492541833e-02
2.043774607258675713e-01 -4.382845021122084433e-02 -2.050371256322354441e+02 -2.740709993405135378e+02 -4.375491933611026091e-02 -2.559600912716673520e+02 3.377801795677432689e-02 3.377801795677432689e-02 5.481419986810270757e+02 6.654691187180686862e-01 5.661653713570868884e-02 -1.866757918896310240e-06 -3.327346801997629888e-01 -1.051526481584683960e-02 -3.327345593590343431e-01 -1.401278808176390812e-02
2.067440406012767962e-01 -4.306831537290387035e-02 -2.052416812199658978e+02 -2.758714144358443150e+02 -4.299611746030679305e-02 -2.574702818582986197e+02 3.320389051124178481e-02 3.320389051124178481e-02 5.517428288716886300e+02 6.695081198035478520e-01 5.565800954066970480e-02 -1.843683660862035216e-06 -3.347541784296720335e-01 -1.100618167040486907e-02 -3.347540599017739260e-01 -1.416125282434058628e-02
2.091380247992159491e-01 -4.228890002964828115e-02 -2.049359975098616928e+02 -2.775650400442236787e+02 -4.221807937505015623e-02 -2.588162376500852133e+02 3.261770099253036986e-02 3.261770099253036986e-02 5.551300800884473574e+02 6.731529097066287770e-01 5.468016554831773429e-02 -1.821713433558302058e-06 -3.365765709690778373e-01 -1.160678054264626183e-02 -3.365764548533143885e-01 -1.431862724757515873e-02
2.115597311735266106e-01 -4.149743675850393193e-02 -2.042136656545334858e+02 -2.791691569854058343e+02 -4.142802052695929854e-02 -2.600261877009269824e+02 3.202424350701135042e-02 3.202424350701135042e-02 5.583383139708116687e+02 6.764711429113128283e-01 5.369078972200131555e-02 -1.800489235986995800e-06 -3.382356850979719165e-01 -1.229033613347619951e-02 -3.382355714556564141e-01 -1.448220905817380368e-02
2.140094815046751087e-01 -4.070282272118549288e-02 -2.031922267657719487e+02 -2.807058706009688080e+02 -4.063481981007095734e-02 -2.611359155442131623e+02 3.142884021338292200e-02 3.142884021338292200e-02 5.614117412019376161e+02 6.795416563471610161e-01 5.269830687336092556e-02 -1.779882686298507516e-06 -3.397709393209767392e-01 -1.302362626071362078e-02 -3.397708281735805080e-01 -1.464854048206590958e-02
2.164876015983565050e-01 -3.991318656622434152e-02 -2.020102660170445006e+02 -2.822025976400262834e+02 -3.984658593989024583e-02 -2.621887236485291055e+02 3.083725439681573102e-02 3.083725439681573102e-02 5.644051952800525669e+02 6.824724005561915163e-01 5.171221656326222688e-02 -1.759047314296487911e-06 -3.412363089527153392e-01 -1.377225999639147477e-02 -3.412362002780957582e-01 -1.481453491542898161e-02
2.189944213879996548e-01 -3.913681379248842851e-02 -2.008154877584637177e+02 -2.836855522315639746e+02 -3.907158610414983302e-02 -2.632282930193425727e+02 3.025479322715968200e-02 3.025479322715968200e-02 5.673711044631279492e+02 6.853655737767230249e-01 5.074106650389727940e-02 -1.737732581090199509e-06 -3.426828931523723254e-01 -1.449838118440373302e-02 -3.426827868883615125e-01 -1.497648371016000943e-02
2.215302750413118416e-01 -3.838185007210443561e-02 -1.997565575879374080e+02 -2.851815384826587660e+02 -3.831794959675768886e-02 -2.642989335729007507e+02 2.968635879537804764e-02 2.968635879537804764e-02 5.703630769653175321e+02 6.883206235036648524e-01 4.979262869716631623e-02 -1.715766244386337337e-06 -3.441604157027058908e-01 -1.516418904737011630e-02 -3.441603117518324262e-01 -1.513063489677641919e-02
2.240955010710084794e-01 -3.765504647581147113e-02 -1.989852231320486169e+02 -2.867215033866611975e+02 -3.759241154836850951e-02 -2.654488216733082027e+02 2.913682232392062615e-02 2.913682232392062615e-02 5.734430067733223950e+02 6.914574629258192218e-01 4.887496188419902798e-02 -1.692574839239687453e-06 -3.457288332321550861e-01 -1.573634037418372364e-02 -3.457287314629096109e-01 -1.527428129642837557e-02
2.266904424498776272e-01 -3.696135313828283198e-02 -1.986258822981299090e+02 -2.883297871979542606e+02 -3.689991138655700220e-02 -2.667166050630852396e+02 2.860956486189575668e-02 2.860956486189575668e-02 5.766595743959085212e+02 6.948695964268933878e-01 4.799359335231348500e-02 -1.668139793182019119e-06 -3.474348979550886396e-01 -1.618815072865038840e-02 -3.474347982134466939e-01 -1.540521031960724770e-02
2.293154467303346600e-01 -3.630541098307786541e-02 -1.987908761842365664e+02 -2.900273901043158844e+02 -3.624508227153699219e-02 -2.681363795499073035e+02 2.810714224815256956e-02 2.810714224815256956e-02 5.800547802086317688e+02 6.986311363565732568e-01 4.715247653596917055e-02 -1.642420431260310418e-06 -3.493156660623405463e-01 -1.649329039006755537e-02 -3.493155681782866284e-01 -1.552089921457731544e-02
2.319708661686279982e-01 -3.568960457077097193e-02 -1.995617731912871875e+02 -2.918422225839502744e+02 -3.563030331042259941e-02 -2.697433073330349202e+02 2.763193543104967495e-02 2.763193543104967495e-02 5.836844451679005488e+02 7.028367474342497312e-01 4.635577848882706936e-02 -1.615460992492625243e-06 -3.514184699229662701e-01 -1.664370925172717688e-02 -3.514183737171248656e-01 -1.562192396316844541e-02
2.346570578538647034e-01 -3.511436895310773854e-02 -2.009824566860268078e+02 -2.937851921795994485e+02 -3.505601029843896654e-02 -2.715529294487424750e+02 2.718408406361757720e-02 2.718408406361757720e-02 5.875703843591988971e+02 7.075213221463269031e-01 4.560366953782645644e-02 -1.587373487862814973e-06 -3.537607557774060107e-01 -1.663318372649622359e-02 -3.537606610731634516e-01 -1.570801331169056556e-02
2.373743838420289687e-01 -3.457798846933003017e-02 -2.030514594056083126e+02 -2.958638259320361499e+02 -3.452049244619923712e-02 -2.735712115326825256e+02 2.676270958111310813e-02 2.676270958111310813e-02 5.917276518640722998e+02 7.127026165067812391e-01 4.489482016715102414e-02 -1.558450242848820729e-06 -3.563514016202936618e-01 -1.647034648391240003e-02 -3.563513082533906196e-01 -1.578078125190189585e-02
2.401232112951752762e-01 -3.407699288004272659e-02 -2.057257161904566942e+02 -2.980810060895778975e+02 -3.402028790269859271e-02 -2.757940673262073688e+02 2.636598207988684675e-02 2.636598207988684675e-02 5.961620121791557949e+02 7.183778315578747131e-01 4.422643592066790447e-02 -1.529005511799164442e-06 -3.591890079525010271e-01 -1.617610336681731334e-02 -3.591889157789373566e-01 -1.584327960849824662e-02
2.429039126259848469e-01 -3.360605868534607965e-02 -2.089222244917198736e+02 -3.004246205078636081e+02 -3.355008580615181230e-02 -2.781991024155811374e+02 2.599045902252761220e-02 2.599045902252761220e-02 6.008492410157272161e+02 7.244949802038854747e-01 4.359295935164370778e-02 -1.499394701021422457e-06 -3.622475811978373983e-01 -1.577642159628673407e-02 -3.622474901019427374e-01 -1.589839125981297105e-02
2.457168656478824487e-01 -3.315819121021853361e-02 -2.125122525574172698e+02 -3.028739554581221114e+02 -3.310290741026837569e-02 -2.807499996529217015e+02 2.563167594021947826e-02 2.563167594021947826e-02 6.057479109162442228e+02 7.309701996948747560e-01 4.298720611131811448e-02 -1.470017270682288083e-06 -3.654851899460287434e-01 -1.530820105628108094e-02 -3.654850998474373780e-01 -1.595002600003535623e-02
2.485624537309174820e-01 -3.272527512519651099e-02 -2.163374582610284165e+02 -3.053967383495394188e+02 -3.267065535106587065e-02 -2.833965048574713137e+02 2.528427681899278121e-02 2.528427681899278121e-02 6.107934766990788376e+02 7.376840843415956028e-01 4.240048843732686229e-02 -1.441230487305243372e-06 -3.688421313136588386e-01 -1.481211797791373401e-02 -3.688420421707978014e-01 -1.600198929077177937e-02
2.514410659636251433e-01 -3.229911087696858002e-02 -2.202201127438460446e+02 -3.079576965858245217e+02 -3.224514802236647104e-02 -2.860829927573612963e+02 2.494288333772074276e-02 2.494288333772074276e-02 6.159153931716490433e+02 7.445049822846235843e-01 4.182409502234856608e-02 -1.413402947623549326e-06 -3.722525793323514520e-01 -1.433268997214487243e-02 -3.722524911423117921e-01 -1.605842784775346130e-02
2.543530973210892943e-01 -3.187192511094138342e-02 -2.239781936279135834e+02 -3.105193448851550784e+02 -3.181862874531060648e-02 -2.887513762174373824e+02 2.460237144212779059e-02 2.460237144212779059e-02 6.210386897703101567e+02 7.512949955224216270e-01 4.124971688374725470e-02 -1.386773307518753736e-06 -3.756475849658186261e-01 -1.391336017348867617e-02 -3.756474977612108135e-01 -1.612321197378664001e-02
2.572989488394419877e-01 -3.143691392803278639e-02 -2.274358986629191008e+02 -3.130415949204909225e+02 -3.138430852932001108e-02 -2.913423612598920727e+02 2.425797382436718427e-02 2.425797382436718427e-02 6.260831898409818450e+02 7.579084589837244978e-01 4.066951664458593602e-02 -1.361679754915848718e-06 -3.789543156472678920e-01 -1.359192067987407236e-02 -3.789542294918622489e-01 -1.619922754376795088e-02
2.602790277970433164e-01 -3.098868706905949164e-02 -2.304450775007961454e+02 -3.154934715376098779e+02 -3.093680742300488132e-02 -2.938082875867658572e+02 2.390631016509131221e-02 2.390631016509131221e-02 6.309869430752197559e+02 7.642352617654121216e-01 4.007807865444637518e-02 -1.338087092333677538e-06 -3.821177159038648963e-01 -1.340122328137447437e-02 -3.821176308827060608e-01 -1.628929214931613273e-02
2.632937479025973526e-01 -3.052402034892300400e-02 -2.328921436089241297e+02 -3.178481903780026414e+02 -3.047290791849721278e-02 -2.961101194235282605e+02 2.354501496556281673e-02 2.354501496556281673e-02 6.356963807560052828e+02 7.701786633963186857e-01 3.947147633094536673e-02 -1.316080513848367154e-06 -3.850894154868079178e-01 -1.336191210797884991e-02 -3.850893316981593428e-01 -1.639466099544029457e-02
2.663435294904725748e-01 -3.004150161573570024e-02 -2.347088014921091883e+02 -3.200867411007463943e+02 -2.999120003010865079e-02 -2.982219979807289860e+02 2.317299406058543482e-02 2.317299406058543482e-02 6.401734822014927886e+02 7.756745074105830806e-01 3.884787390004043606e-02 -1.295588273430842731e-06 -3.878373361599236624e-01 -1.348282476517757150e-02 -3.878372537052915403e-01 -1.651544587802575986e-02
2.694287997235069176e-01 -2.954168081463642154e-02 -2.358787757341115707e+02 -3.221985653835632206e+02 -2.949223148166287348e-02 -3.001328071995496884e+02 2.279041222788126195e-02 2.279041222788126195e-02 6.443971307671264412e+02 7.806929705093047511e-01 3.820746406708509096e-02 -1.276377705269351274e-06 -3.903465662801497427e-01 -1.375919905337963899e-02 -3.903464852546523756e-01 -1.665038168305614519e-02
2.725499928035917119e-01 -2.902682137762470360e-02 -2.364401440163180723e+02 -3.241818180996224896e+02 -2.897825941399867489e-02 -3.018467380523952670e+02 2.239859888890019871e-02 2.239859888890019871e-02 6.483636361992449793e+02 7.852411866528331563e-01 3.755234148527623189e-02 -1.258268498587685602e-06 -3.926206728429926796e-01 -1.417270083804431265e-02 -3.926205933264165782e-01 -1.679687964863954552e-02
2.757075501903450965e-01 -2.850156709136391145e-02 -2.364859138010367303e+02 -3.260484291214696100e+02 -2.845391753943623050e-02 -3.033875347257866792e+02 2.200022412472582567e-02 2.200022412472582567e-02 6.520968582429392200e+02 7.893681469449036481e-01 3.688668799048187841e-02 -1.240972362924496406e-06 -3.946841514231397841e-01 -1.469240965842692065e-02 -3.946840734724518240e-01 -1.695126527033222891e-02
2.789019208281970919e-01 -2.797100505053572508e-02 -2.361555463083635402e+02 -3.278202141236939724e+02 -2.792427983460055510e-02 -3.047940280345790143e+02 2.159882429808743579e-02 2.159882429808743579e-02 6.556404282473879448e+02 7.931699949440356168e-01 3.621630790594809052e-02 -1.223949838971277003e-06 -3.965850738293750788e-01 -1.527977931088016217e-02 -3.965849974720178084e-01 -1.710961413475166684e-02
2.821335613822293364e-01 -2.744220865565086612e-02 -2.356273434898641312e+02 -3.295310278691778763e+02 -2.739640494953595254e-02 -3.061207639730341725e+02 2.119873441550577942e-02 2.119873441550577942e-02 6.590620557383557525e+02 7.967700047117969309e-01 3.554810667393050461e-02 -1.207135448804927469e-06 -3.983850771245325828e-01 -1.588710309557237604e-02 -3.983850023558984654e-01 -1.726714925319492236e-02
2.854029364831274229e-01 -2.692207635230648918e-02 -2.351000939411054560e+02 -3.312232873231914141e+02 -2.687717594113785829e-02 -3.074323954159107757e+02 2.080460046205670488e-02 2.080460046205670488e-02 6.624465746463828282e+02 8.003241429528846762e-01 3.488965556926165029e-02 -1.190021655099717727e-06 -4.001621446940035187e-01 -1.646665800546701086e-02 -4.001620714764423381e-01 -1.741970293571376560e-02
2.887105189816230877e-01 -2.641721392384495382e-02 -2.347734155064372317e+02 -3.329430552369706788e+02 -2.637318447484790149e-02 -3.087966955674287419e+02 2.042086013688702503e-02 2.042086013688702503e-02 6.658861104739413577e+02 8.039956615029496545e-01 3.424818212448725585e-02 -1.172520196454830213e-06 -4.019979024853659877e-01 -1.697339883995370100e-02 -4.019978307514748272e-01 -1.756364139656095558e-02
2.920567902128236026e-01 -2.593302979273947456e-02 -2.348261990534399501e+02 -3.347335072272048819e+02 -2.588982767333398299e-02 -3.102759583698588131e+02 2.005118687061756624e-02 2.005118687061756624e-02 6.694670144544097639e+02 8.079354297819022479e-01 3.362968395123602100e-02 -1.154472777201946792e-06 -4.039677852319999429e-01 -1.736955064385250005e-02 -4.039677148909511240e-01 -1.769617865132842513e-02
2.954422402708464790e-01 -2.547312295095754964e-02 -2.353971777262370324e+02 -3.366289939088114238e+02 -2.543069728318341979e-02 -3.119192064963140751e+02 1.969806136574127689e-02 1.969806136574127689e-02 6.732579878176228476e+02 8.122628108632247157e-01 3.303822452981244884e-02 -1.135772825747457861e-06 -4.061314744852655423e-01 -1.762862116566159959e-02 -4.061314054316123578e-01 -1.781561451109943406e-02
2.988673682942013521e-01 -2.503880824795574195e-02 -2.365666994896172639e+02 -3.386494588063062565e+02 -2.499710585962499829e-02 -3.137548720709655754e+02 1.936243578677685970e-02 1.936243578677685970e-02 6.772989176126125130e+02 8.170476463527711619e-01 3.247538004549496704e-02 -1.116472287807006593e-06 -4.085238910521857281e-01 -1.773853650116134426e-02 -4.085238231763855810e-01 -1.792146300338072484e-02
3.023326827623828428e-01 -2.462929817505394789e-02 -2.383516541232851580e+02 -3.408007889463213473e+02 -2.458826819049668433e-02 -3.157903244300522942e+02 1.904386518240938631e-02 1.904386518240938631e-02 6.816015778926426947e+02 8.223093554835947394e-01 3.194045687872770767e-02 -1.096694830411234396e-06 -4.111547445435610459e-01 -1.770274294301650217e-02 -4.111546777417973697e-01 -1.801459918622109677e-02
3.058387018041656691e-01 -2.424191296354450895e-02 -2.407012124089523581e+02 -3.430757227186758200e+02 -2.420151093133840470e-02 -3.180119775702433458e+02 1.874066642409649708e-02 1.874066642409649708e-02 6.861514454373516401e+02 8.280176770184233259e-01 3.143075707561852200e-02 -1.076619224612566875e-06 -4.140089043261410140e-01 -1.754099688254854433e-02 -4.140088385092116630e-01 -1.809739029423436396e-02
3.093859535181198162e-01 -2.387270449955850374e-02 -2.435095940866343085e+02 -3.454572999113260039e+02 -2.383289512083318004e-02 -3.203900390530538402e+02 1.845033335717708584e-02 1.845033335717708584e-02 6.909145998226520078e+02 8.341041549425481927e-01 3.094225302785456183e-02 -1.056498362410195562e-06 -4.170521423720964238e-01 -1.728584564173348340e-02 -4.170520774712740963e-01 -1.817338811155493408e-02
3.129749763058925494e-01 -2.351683080942421761e-02 -2.466232559160818596e+02 -3.479205802541102344e+02 -2.347758981544429205e-02 -3.228809996588695981e+02 1.816977778023901730e-02 1.816977778023901730e-02 6.958411605082204687e+02 8.404679873952841662e-01 3.046997602728690469e-02 -1.036591824715979102e-06 -4.202340577266270305e-01 -1.698029810059205336e-02 -4.202339936976420831e-01 -1.824709256766134102e-02
3.166063192188353637e-01 -2.316899717097681971e-02 -2.498578331706401912e+02 -3.504333950528604760e+02 -2.313031211580641316e-02 -3.254307903245695570e+02 1.789558096792517872e-02 1.789558096792517872e-02 7.008667901057209519e+02 8.469825732105518146e-01 3.000840931275788534e-02 -1.017174829195554962e-06 -4.234913497808249772e-01 -1.667239644950006469e-02 -4.234912866052759073e-01 -1.832326819841782750e-02
3.202805423185864364e-01 -2.282387372709446596e-02 -2.530167718390698326e+02 -3.529573516550895533e+02 -2.278574376117563013e-02 -3.279784002631647013e+02 1.762424069232942925e-02 1.762424069232942925e-02 7.059147033101791067e+02 8.535033134812857192e-01 2.955187797000653760e-02 -9.984717466263586835e-07 -4.267517190562616358e-01 -1.640970989297776961e-02 -4.267516567406428596e-01 -1.840627255100957260e-02
3.239982170522552885e-01 -2.247664167341250491e-02 -2.559133038403385854e+02 -3.554511643257615674e+02 -2.243907614281815538e-02 -3.304619079614769248e+02 1.735251444222123476e-02 1.735251444222123476e-02 7.109023286515231348e+02 8.598813806953188310e-01 2.909509912009176913e-02 -9.806297864162148692e-07 -4.299407517754874619e-01 -1.623366605489713274e-02 -4.299406903476594155e-01 -1.849947216630420249e-02
3.277599266428925517e-01 -2.212352329783465188e-02 -2.583934069321614402e+02 -3.578753718577268614e+02 -2.208653919215855521e-02 -3.328257993598520557e+02 1.707778317845660976e-02 1.707778317845660976e-02 7.157507437154537229e+02 8.659813723321035939e-01 2.863377720922808886e-02 -9.637029955071914096e-07 -4.329907466628128976e-01 -1.617427952133349348e-02 -4.329906861660517969e-01 -1.860479015584752538e-02
3.315662664959703743e-01 -2.176239839365738671e-02 -2.603578662978110856e+02 -3.602006766495878196e+02 -2.172601663363450328e-02 -3.350311274503736740e+02 1.679850655797392872e-02 1.679850655797392872e-02 7.204013532991756392e+02 8.717067935034790160e-01 2.816536064053520860e-02 -9.476693714100771409e-07 -4.358534562668475720e-01 -1.624677659948371017e-02 -4.358533967517395080e-01 -1.872268183691147211e-02
3.354178446226382948e-01 -2.139322389175065189e-02 -2.617795541729661863e+02 -3.624153984891718778e+02 -2.135746486558764631e-02 -3.370642276208239991e+02 1.651454090209933043e-02 1.651454090209933043e-02 7.248307969783437557e+02 8.770220465488689499e-01 2.768957298713184759e-02 -9.324677418939511038e-07 -4.385110817594207178e-01 -1.644922033988972798e-02 -4.385110232744344749e-01 -1.885219355057649732e-02
3.393152820805684922e-01 -2.101777711827140446e-02 -2.627041279186410065e+02 -3.645248653039913052e+02 -2.098265678424919220e-02 -3.389363216044724822e+02 1.622696951740158072e-02 1.622696951740158072e-02 7.290497306079826103e+02 8.819515453922025516e-01 2.720813767503345651e-02 -9.178522237107495222e-07 -4.409758301128219871e-01 -1.676303264275494018e-02 -4.409757726961012758e-01 -1.899102361172262318e-02
3.432592134332514977e-01 -2.063936780307694049e-02 -2.632450393992605200e+02 -3.665512456058919497e+02 -2.060489450399708225e-02 -3.406826317630785752e+02 1.593792271912060354e-02 1.593792271912060354e-02 7.331024912117838994e+02 8.865779827226434318e-01 2.672448984572669411e-02 -9.037374085932576268e-07 -4.432890476885253395e-01 -1.715542625806918201e-02 -4.432889913613217159e-01 -1.913585098191029898e-02
3.472502872286558073e-01 -2.026194448752730373e-02 -2.635610953826292189e+02 -3.685238905316208502e+02 -2.022811761849604636e-02 -3.423510809898615435e+02 1.564993677019545920e-02 1.564993677019545920e-02 7.370477810632417004e+02 8.910137877834812814e-01 2.624271716707884949e-02 -8.898294020274146143e-07 -4.455069491279164406e-01 -1.758371513036352529e-02 -4.455068938917406407e-01 -1.928244123651602984e-02
3.512891664982214501e-01 -1.988955045232990160e-02 -2.638339752258426074e+02 -3.704757981710686749e+02 -1.985636036906654120e-02 -3.439960174061737916e+02 1.536561665550458498e-02 1.536561665550458498e-02 7.409515963421373499e+02 8.953867606351094688e-01 2.576702108460170865e-02 -8.759767675563779967e-07 -4.476934344809982980e-01 -1.800172679163763653e-02 -4.476933803175547344e-01 -1.942632988715153886e-02
3.553765292772165796e-01 -1.952590071932056026e-02 -2.642469548842148583e+02 -3.724407433802388709e+02 -1.949332961030722164e-02 -3.456726667603196574e+02 1.508737312660011001e-02 1.508737312660011001e-02 7.448814867604777419e+02 8.998273544614006081e-01 2.530129641617811370e-02 -8.619814489837963742e-07 -4.499137303574198277e-01 -1.836546358123484352e-02 -4.499136772307003040e-01 -1.956342499496214679e-02
3.595130691475507123e-01 -1.917413159353232796e-02 -2.649608393879377104e+02 -3.744541366913298361e+02 -1.914215503307987662e-02 -3.474342309407963398e+02 1.481730750501324308e-02 1.481730750501324308e-02 7.489082733826596723e+02 9.044635153608652223e-01 2.484896339830830470e-02 -8.477534528356895676e-07 -4.522318098203039760e-01 -1.864045935732835946e-02 -4.522317576804326111e-01 -1.969100296428554983e-02
3.636994958042065185e-01 -1.883631939291015647e-02 -2.660906974910341773e+02 -3.765468336520472690e+02 -1.880490884187213663e-02 -3.493233134894171030e+02 1.455687677736165926e-02 1.455687677736165926e-02 7.530936673040945379e+02 9.093998548898404310e-01 2.441241795765022524e-02 -8.332756764348038154e-07 -4.546999786559634549e-01 -1.880636779283117663e-02 -4.546999274449202155e-01 -1.980800012034206539e-02
3.679365356465255088e-01 -1.851334761736529722e-02 -2.676914181142390703e+02 -3.787430970638196186e+02 -1.848247321347606595e-02 -3.513680801490072554e+02 1.430679933814835332e-02 1.430679933814835332e-02 7.574861941276392372e+02 9.147084628141681772e-01 2.399287633281362714e-02 -8.186069503583092270e-07 -4.573542817491398349e-01 -1.886002163702495127e-02 -4.573542314070840886e-01 -1.991529505069554451e-02
3.722249323956614564e-01 -1.820435565390692359e-02 -2.697405958463342017e+02 -3.810477755489899891e+02 -1.817398989630214859e-02 -3.535691572198890640e+02 1.406660978660112006e-02 1.406660978660112006e-02 7.620955510979799783e+02 9.203948264633428078e-01 2.358962227358214758e-02 -8.038566260609675682e-07 -4.601974627587180344e-01 -1.881567784486549294e-02 -4.601974132316714039e-01 -2.001510732013342744e-02
3.765654477396007671e-01 -1.790686512267470817e-02 -2.721403274730867565e+02 -3.834435496910288634e+02 -1.787698618686401827e-02 -3.558976377527289401e+02 1.383471225911749904e-02 1.383471225911749904e-02 7.668870993820577269e+02 9.263918291230884838e-01 2.320008221526841108e-02 -7.891755197643378891e-07 -4.631959633149946298e-01 -1.870264905658872850e-02 -4.631959145615442419e-01 -2.011053347766426913e-02
3.809588620072369425e-01 -1.761742557276793283e-02 -2.747378934224804539e+02 -3.858971630818550693e+02 -1.758801924861792473e-02 -3.583033019490459878e+02 1.360882366886966011e-02 1.360882366886966011e-02 7.717943261637101386e+02 9.325798112930203665e-01 2.282055068056647318e-02 -7.747091471602226441e-07 -4.662899536513770982e-01 -1.856030501729155277e-02 -4.662899056465101832e-01 -2.020518025202602819e-02
3.854059748730874757e-01 -1.733236665327090795e-02 -2.773548852465387995e+02 -3.883684087061766945e+02 -1.730342666834083776e-02 -3.607263677717924679e+02 1.338649614700018232e-02 1.338649614700018232e-02 7.767368174123533890e+02 9.388154999924838151e-01 2.244704752508285689e-02 -7.605849397603553988e-07 -4.694077972606588989e-01 -1.843127346018098855e-02 -4.694077499962419076e-01 -2.030269629529888806e-02
3.899076060943419408e-01 -1.704869380742385365e-02 -2.798241476563587185e+02 -3.908235748075751417e+02 -1.702022033907938173e-02 -3.631140775646022121e+02 1.316574881298495682e-02 1.316574881298495682e-02 7.816471496151502834e+02 9.449732159747478155e-01 2.207635800817785848e-02 -7.469215935994376751e-07 -4.724866545057331835e-01 -1.835437154507818178e-02 -4.724866079873739078e-01 -2.040649365916642408e-02
3.944645962820444995e-01 -1.676436611743159499e-02 -2.820155179611772951e+02 -3.932376296457314311e+02 -1.673636362921734552e-02 -3.654263513726655788e+02 1.294522708071970361e-02 1.294522708071970361e-02 7.864752592914628622e+02 9.509575051160231718e-01 2.170628211540400962e-02 -7.337853222027281039e-07 -4.754787983156956166e-01 -1.835778611089607451e-02 -4.754787525580115859e-01 -2.051897153998908513e-02
3.990778077083337871e-01 -1.647830896834644177e-02 -2.838517901993187138e+02 -3.955924643471083755e+02 -1.645078395412662153e-02 -3.676367356969104776e+02 1.272417402668065030e-02 1.272417402668065030e-02 7.911849286942167510e+02 9.567038436411066105e-01 2.133557415335659430e-02 -7.211757913284673413e-07 -4.783519667990459578e-01 -1.845431062990575410e-02 -4.783519218205533052e-01 -2.064082223318108519e-02
4.037481251517932024e-01 -1.619035735731739339e-02 -2.853173893310278686e+02 -3.978757198213395441e+02 -1.616331620125733767e-02 -3.697327395899566227e+02 1.250238041475208207e-02 1.250238041475208207e-02 7.957514396426790881e+02 9.621787047916782187e-01 2.096385694250186074e-02 -7.090228172155249726e-07 -4.810893965776351644e-01 -1.863933377781052877e-02 -4.810893523958391094e-01 -2.077073373246126828e-02
4.084764567831039583e-01 -1.590139852443094720e-02 -2.864635907735000728e+02 -4.000871579835019247e+02 -1.587484521693681774e-02 -3.717218527503137011e+02 1.228032483127269175e-02 1.228032483127269175e-02 8.001743159670038494e+02 9.673956965968379951e-01 2.059186646213340827e-02 -6.972117957854720558e-07 -4.836978916719339439e-01 -1.889228845566641793e-02 -4.836978482984189975e-01 -2.090590683047310883e-02
4.132637350933441311e-01 -1.561343287583871232e-02 -2.874047011410523282e+02 -4.022461035752468206e+02 -1.558736679186980244e-02 -3.736370886531502151e+02 1.205927485180249316e-02 1.205927485180249316e-02 8.044922071504936412e+02 9.724315015819828822e-01 2.022163893338379398e-02 -6.856200859502111539e-07 -4.862157933549538513e-01 -1.918103860774151084e-02 -4.862157507909914411e-01 -2.104300472881140069e-02
4.181109178674388138e-01 -1.532909338802208865e-02 -2.882950864572757155e+02 -4.043870855542355116e+02 -1.530350811412246187e-02 -3.755299596092556271e+02 1.184097234660220002e-02 1.184097234660220002e-02 8.087741711084710232e+02 9.774094522882489366e-01 1.985600131488574061e-02 -6.741372688167010310e-07 -4.887047679097099584e-01 -1.946798372028091251e-02 -4.887047261441244683e-01 -2.117875211295207685e-02
4.230189892054410095e-01 -1.505091038440087466e-02 -2.892918774520780403e+02 -4.065488792613851956e+02 -1.502579410391811053e-02 -3.774558819226525088e+02 1.162712252114682897e-02 1.162712252114682897e-02 8.130977585227703912e+02 9.824637060870179406e-01 1.949773279869077350e-02 -6.626826845804319715e-07 -4.912318940332583428e-01 -1.971839774372154130e-02 -4.912318530435089703e-01 -2.131050302192019283e-02
4.279889605945126907e-01 -1.478054317139158511e-02 -2.905175773026330717e+02 -4.087589098232488709e+02 -1.475588056613841292e-02 -3.794557543530996782e+02 1.141883431555095439e-02 1.141883431555095439e-02 8.175178196464977418e+02 9.876928298020063446e-01 1.914863732150424991e-02 -6.512034736091367625e-07 -4.938464551448100703e-01 -1.990660570904004278e-02 -4.938464149010031723e-01 -2.143628947433449949e-02
4.330218720346788452e-01 -1.451852688995848573e-02 -2.920356179508460173e+02 -4.110284884712078224e+02 -1.449430158025398485e-02 -3.815483796930777771e+02 1.121645695188007268e-02 1.121645695188007268e-02 8.220569769424156448e+02 9.931417409545277852e-01 1.880927981121255366e-02 -6.396825613053000494e-07 -4.965709100072091542e-01 -2.002126840463534091e-02 -4.965708704772638926e-01 -2.155526825170421892e-02
4.381187932216465963e-01 -1.426454575727538303e-02 -2.938475440603780271e+02 -4.133593382263172202e+02 -1.424074222849048069e-02 -3.837354054034385626e+02 1.101980314203402853e-02 1.101980314203402853e-02 8.267186764526344405e+02 9.988155921768242518e-01 1.847936442002070037e-02 -6.281609580904656754e-07 -4.994078349344826528e-01 -2.006725169241406481e-02 -4.994077960884121259e-01 -2.166825824974564010e-02
4.432808247902226828e-01 -1.401773474549242345e-02 -2.959002322973468608e+02 -4.157490380628063349e+02 -1.399433962897555540e-02 -3.860068795994399125e+02 1.082836455861662869e-02 1.082836455861662869e-02 8.314980761256126698e+02 1.004694057613919389e+00 1.815809020890104750e-02 -6.167187705446319854e-07 -5.023470669940880429e-01 -2.006390380306697502e-02 -5.023470288069596945e-01 -2.177775200038824244e-02
4.485090996221165471e-01 -1.377677744284851354e-02 -2.980967631726194327e+02 -4.181886270645024410e+02 -1.375378048618526410e-02 -3.883409116941589332e+02 1.064134017273804349e-02 1.064134017273804349e-02 8.363772541290048821e+02 1.010728864089580181e+00 1.784418343820404901e-02 -6.054508210488213632e-07 -5.053644695907707485e-01 -2.004046398983853894e-02 -5.053644320447900906e-01 -2.188718774952838966e-02
4.538047842222004413e-01 -1.353975820280186454e-02 -3.003062990633720801e+02 -4.206511810457275260e+02 -1.351715331132964139e-02 -3.906957653913083846e+02 1.045746082419020742e-02 1.045746082419020742e-02 8.413023620914550520e+02 1.016820714818571059e+00 1.753558365672499772e-02 -5.944346880229891312e-07 -5.084103943230293687e-01 -2.002872344288863030e-02 -5.084103574092855293e-01 -2.199942796164313166e-02
4.591690801675959444e-01 -1.330476655205293200e-02 -3.023996912386783151e+02 -4.231021290347855484e+02 -1.328255160173006863e-02 -3.930236735230337786e+02 1.027540875336841950e-02 1.027540875336841950e-02 8.462042580695710967e+02 1.022853030606043934e+00 1.723013197119909953e-02 -5.837110976583967372e-07 -5.114265515852953747e-01 -2.005575788961093744e-02 -5.114265153030219668e-01 -2.211631157417899909e-02
4.646032256342891298e-01 -1.307050773968307204e-02 -3.042844453538818357e+02 -4.255137080929968079e+02 -1.304868316024470482e-02 -3.952879575528953069e+02 1.009426718745458189e-02 1.009426718745458189e-02 8.510274161859936157e+02 1.028735203779512997e+00 1.692631788840484250e-02 -5.732871791468252778e-07 -5.143676375363083197e-01 -2.013773059542570826e-02 -5.143676018897564983e-01 -2.223854318138661704e-02
4.701084970063304502e-01 -1.283691436541986759e-02 -3.059391482290488398e+02 -4.278831461173706430e+02 -1.281548060457425066e-02 -3.974831299318682909e+02 9.913982308442533670e-03 9.913982308442533670e-03 8.557662922347412859e+02 1.034454015395273707e+00 1.662405062242556381e-02 -5.631511392721901856e-07 -5.172270427043326180e-01 -2.027635137509744417e-02 -5.172270076976368536e-01 -2.236612932462681350e-02
4.756862105730638723e-01 -1.260459005081643845e-02 -3.073987196078804232e+02 -4.302190180091071170e+02 -1.258354609338721043e-02 -3.996214712820711839e+02 9.734940879000964983e-03 9.734940879000964983e-03 8.604380360182142340e+02 1.040038592155343888e+00 1.632395316550097272e-02 -5.532614137000143479e-07 -5.200193304436935282e-01 -2.045973083609519544e-02 -5.200192960776719442e-01 -2.249784964306490373e-02
4.813377243202531242e-01 -1.237454010513665097e-02 -3.087451552506922212e+02 -4.325354301023044172e+02 -1.235388260046280280e-02 -4.017268637878347022e+02 9.557772515187162865e-03 9.557772515187162865e-03 8.650708602046088345e+02 1.045544419028541228e+00 1.602703401424721355e-02 -5.435522734254176987e-07 -5.227722432440562450e-01 -2.066498393157282717e-02 -5.227722095142706138e-01 -2.263134431019434359e-02
4.870644398214268311e-01 -1.214765064123409129e-02 -3.100723207896062377e+02 -4.348418221919784514e+02 -1.212737410793273025e-02 -4.038211338366702421e+02 9.383001843695172942e-03 9.383001843695172942e-03 8.696836443839569029e+02 1.051020256626631788e+00 1.573412143458360890e-02 -5.339485848295352967e-07 -5.255101614162587254e-01 -2.086576189437170520e-02 -5.255101283133158940e-01 -2.276361338168288520e-02
4.928678042362698020e-01 -1.192501843301276704e-02 -3.114814725416286478e+02 -4.371595816802526429e+02 -1.190511500789921510e-02 -4.059370339171865112e+02 9.211351765955003851e-03 9.211351765955003851e-03 8.743191633605052857e+02 1.056544451959779529e+00 1.544638763662931763e-02 -5.244059751579779770e-07 -5.282722584704849789e-01 -2.103906105325461726e-02 -5.282722259798897646e-01 -2.289270718461013446e-02
4.987493124234270714e-01 -1.170762657633282050e-02 -3.130537645623932690e+02 -4.395164771690697307e+02 -1.168808643891889633e-02 -4.081095474916516537e+02 9.043524420136880848e-03 9.043524420136880848e-03 8.790329543381394615e+02 1.062204249277247659e+00 1.516499161427472750e-02 -5.149195531383375542e-07 -5.311021565352130880e-01 -2.117141055216737247e-02 -5.311021246386238293e-01 -2.301825796604935193e-02
5.047105091756856066e-01 -1.149571739348468485e-02 -3.148161540509034353e+02 -4.419256761275853478e+02 -1.147653035454272372e-02 -4.103535358181467814e+02 8.879715528974891497e-03 8.879715528974891497e-03 8.838513522551706956e+02 1.068037942104235194e+00 1.489026432524001575e-02 -5.055060865553660669e-07 -5.340190023735646996e-01 -2.126200181080902321e-02 -5.340189710521175970e-01 -2.314086217052245542e-02
5.107529915861438452e-01 -1.128856106433660279e-02 -3.167283334659352363e+02 -4.443738754655522598e+02 -1.126971851761282041e-02 -4.126520251792395584e+02 8.719422046494042233e-03 8.719422046494042233e-03 8.887477509311045196e+02 1.074004019139614741e+00 1.462138173725704808e-02 -4.961869661473125329e-07 -5.370020403316574376e-01 -2.132197555799444921e-02 -5.370020095698073703e-01 -2.326139727039821387e-02
5.168784115546921631e-01 -1.108515542283837300e-02 -3.187136278436151997e+02 -4.468419515958398165e+02 -1.106665093582859943e-02 -4.149778077893043360e+02 8.561968588520504561e-03 8.561968588520504561e-03 8.936839031916796330e+02 1.080036913069138294e+00 1.435724307965064936e-02 -4.869971701446765736e-07 -5.400184867477608730e-01 -2.137050752961112618e-02 -5.400184565345691468e-01 -2.338148367794007712e-02
5.230884784448982527e-01 -1.088477147029695384e-02 -3.206941491440583150e+02 -4.493210291899611661e+02 -1.086660026508970943e-02 -4.173119159089130221e+02 8.406902495509663634e-03 8.406902495509663634e-03 8.986420583799223323e+02 1.086093766376720060e+00 1.409712486842972824e-02 -4.779824473445114657e-07 -5.430469128601291828e-01 -2.142857391498900060e-02 -5.430468831883600300e-01 -2.350343406314617245e-02
5.293849619022480413e-01 -1.068687036730429918e-02 -3.226055650277840527e+02 -4.518045531563075201e+02 -1.066902885991664884e-02 -4.196393203109596470e+02 8.253886581729636893e-03 8.253886581729636893e-03 9.036091063126150402e+02 1.092140638920689355e+00 1.384048714372404856e-02 -4.691731504418345703e-07 -5.460703485952894676e-01 -2.151233038450926435e-02 -5.460703194603446775e-01 -2.362901219213792148e-02
5.357696948456177610e-01 -1.049082594808308996e-02 -3.243983673293398624e+02 -4.542734505936847427e+02 -1.047331173187304384e-02 -4.219369267225525277e+02 8.102457429470327765e-03 8.102457429470327765e-03 9.085469011873694853e+02 1.098119299239153301e+00 1.358655931989419079e-02 -4.605605173537327234e-07 -5.490596782201124793e-01 -2.162852303976649238e-02 -5.490596496195766507e-01 -2.375813017296746904e-02
5.422445766448765747e-01 -1.029639053925618733e-02 -3.260644489715851932e+02 -4.567139592209949797e+02 -1.027920151950477597e-02 -4.241922103959546462e+02 7.952391582192238489e-03 7.952391582192238489e-03 9.134279184419899593e+02 1.103995722422224102e+00 1.333495632808707164e-02 -4.521132826490664554e-07 -5.519978892793983016e-01 -2.177270954286412985e-02 -5.519978612111120508e-01 -2.388949176657055584e-02
5.488115764986444267e-01 -1.010419590690082685e-02 -3.276573936964595077e+02 -4.591431322783833480e+02 -1.008732860953032336e-02 -4.264272167399549289e+02 7.804118954080269295e-03 7.804118954080269295e-03 9.182862645567666959e+02 1.109823940957777699e+00 1.308638040304047241e-02 -4.438101360841241545e-07 -5.549119980200034608e-01 -2.193205938580183520e-02 -5.549119704788888496e-01 -2.402220288106824905e-02
5.554727370274595843e-01 -9.915011651946404464e-03 -3.292521316068109627e+02 -4.615834266324701503e+02 -9.898460946431455326e-03 -4.286716312446161510e+02 7.658165179829785375e-03 7.658165179829785375e-03 9.231668532649403005e+02 1.115676774888161527e+00 1.284169083099902416e-02 -4.356278700722058462e-07 -5.578384144665766708e-01 -2.209003032958621951e-02 -5.578383874440807633e-01 -2.415516983360811720e-02
5.622301780989703568e-01 -9.729158768542120472e-03 -3.309039190640152697e+02 -4.640406223504623426e+02 -9.712918756086222349e-03 -4.309384858907430385e+02 7.514713861324458927e-03 7.514713861324458927e-03 9.280812447009246853e+02 1.121583562437017401e+00 1.260117476238380337e-02 -4.275372318331394790e-07 -5.607918077327431750e-01 -2.223249205318492822e-02 -5.607917812185087003e-01 -2.428684347843712218e-02
5.690861009032603945e-01 -9.546664923321027119e-03 -3.326399938948511590e+02 -4.665133724338335810e+02 -9.530729583185224008e-03 -4.332307562309358104e+02 7.373756414309902765e-03 7.373756414309902765e-03 9.330267448676671620e+02 1.127549519628317176e+00 1.236480814473921337e-02 -4.195220486579808628e-07 -5.637747858308960192e-01 -2.235244189339569490e-02 -5.637747598141585881e-01 -2.441628164539822940e-02
5.760427922980685400e-01 -9.367660262836344578e-03 -3.344707548224855032e+02 -4.690130564489584231e+02 -9.352023392867680335e-03 -4.355593524119117887e+02 7.235412634008647759e-03 7.235412634008647759e-03 9.380261128979168461e+02 1.133603954613325415e+00 1.213279807766991930e-02 -4.115980808102667177e-07 -5.668020028368488950e-01 -2.245205701218170799e-02 -5.668019773066627076e-01 -2.454435598411804434e-02
5.831026294454845216e-01 -9.192183618009002952e-03 -3.363829812813740432e+02 -4.715532061073271279e+02 -9.176839126292213669e-03 -4.379334130399053606e+02 7.099757696989610935e-03 7.099757696989610935e-03 9.431064122146542559e+02 1.139773655581605594e+00 1.190528517862753793e-02 -4.037984904269507467e-07 -5.698868528448001181e-01 -2.254160715752802358e-02 -5.698868277908027968e-01 -2.467309258804901984e-02
5.902680847637135075e-01 -9.019270653195533491e-03 -3.383019800554952212e+02 -4.740997837677154507e+02 -9.004214327897809567e-03 -4.403137712270900010e+02 6.966090314474279385e-03 6.966090314474279385e-03 9.481995675354309014e+02 1.145959871673734254e+00 1.168110748546772812e-02 -3.961200532136735468e-07 -5.729799604214281805e-01 -2.263319801253577471e-02 -5.729799358368671269e-01 -2.480244120790561779e-02
5.975417312197353059e-01 -8.848524978268755906e-03 -3.401810406388756292e+02 -4.766427827129351726e+02 -8.833753449859586826e-03 -4.426852024762467295e+02 6.834141246573448465e-03 6.834141246573448465e-03 9.532855654258703453e+02 1.152125963688824362e+00 1.145982540611648060e-02 -3.885743292226144181e-07 -5.760630059645290846e-01 -2.273745230387779273e-02 -5.760629818444121808e-01 -2.493329356672736863e-02
6.049262479911456936e-01 -8.680013682357353225e-03 -3.420104820484837660e+02 -4.791911545620366724e+02 -8.665523478816402822e-03 -4.450536120720903455e+02 6.703982790231029741e-03 6.703982790231029741e-03 9.583823091240733447e+02 1.158289235865883171e+00 1.124156678857821459e-02 -3.811724853547479656e-07 -5.791446415936943870e-01 -2.285861002289863927e-02 -5.791446179329415855e-01 -2.506660300469125066e-02
6.124244265282117183e-01 -8.513637093638986436e-03 -3.437898884988929922e+02 -4.817392930438326175e+02 -8.499424847427460017e-03 -4.474143305475246279e+02 6.575522869672260733e-03 6.575522869672260733e-03 9.634785860876652350e+02 1.164436650564505626e+00 1.102617237513030257e-02 -3.738993442561032528e-07 -5.822183484886906957e-01 -2.299338474625079246e-02 -5.822183252822528132e-01 -2.520163760515264223e-02
6.200391770502056143e-01 -8.349548101300695302e-03 -3.455475487059523516e+02 -4.842904152109849747e+02 -8.335610084532537462e-03 -4.497742416343266996e+02 6.448841757615475859e-03 6.448841757615475859e-03 9.685808304219699494e+02 1.170583167462100560e+00 1.081376458091688753e-02 -3.667388692195142401e-07 -5.852916064890874015e-01 -2.313401939638357746e-02 -5.852915837310502800e-01 -2.533752549232989870e-02
6.277735355134692607e-01 -8.187753065643694345e-03 -3.473087216771966155e+02 -4.868401967596501549e+02 -8.174085366748379267e-03 -4.521335775919047251e+02 6.323916816631604959e-03 6.323916816631604959e-03 9.736803935193003099e+02 1.176727040587595141e+00 1.060429658910850420e-02 -3.596664166205047981e-07 -5.883635426099925736e-01 -2.327012248172833156e-02 -5.883635202937975706e-01 -2.547269106175430176e-02
6.356306710924183312e-01 -8.028998997632872878e-03 -3.491373858965936279e+02 -4.894293799644456726e+02 -8.015596350750850071e-03 -4.545354091039637296e+02 6.201309659178898433e-03 6.201309659178898433e-03 9.788587599288913452e+02 1.182978881354686429e+00 1.039870521067789641e-02 -3.526999467782758330e-07 -5.914894625606735845e-01 -2.339689432243987136e-02 -5.914894406773432145e-01 -2.560849128445160175e-02
6.436138942188908141e-01 -7.872738137377635961e-03 -3.510093926490854415e+02 -4.920294373566000559e+02 -7.859596238248672470e-03 -4.569526732423675526e+02 6.080590824519189336e-03 6.080590824519189336e-03 9.840588747132001117e+02 1.189267450409319693e+00 1.019626822566283009e-02 -3.458171848560883230e-07 -5.946337466624839196e-01 -2.351319507732884881e-02 -5.946337252046598465e-01 -2.574342396370405198e-02
6.517266652299278373e-01 -7.718953797228436664e-03 -3.529174004088922061e+02 -4.946459340625665959e+02 -7.706068444961654273e-03 -4.593888429675527618e+02 5.961764746086820402e-03 5.961764746086820402e-03 9.892918681251331918e+02 1.195603176490160902e+00 9.996998647427521312e-03 -3.390301832245456429e-07 -5.978016092844200546e-01 -2.362419566042489594e-02 -5.978015882450804508e-01 -2.587845201238169260e-02
6.599726036793022166e-01 -7.567596569873295473e-03 -3.548449581634170045e+02 -4.972851072265696075e+02 -7.554963711322232496e-03 -4.618465781340689773e+02 5.844821861882266122e-03 5.844821861882266122e-03 9.945702144531392150e+02 1.201995632727916874e+00 9.800889667240249292e-03 -3.323527470637594988e-07 -6.009978369914065199e-01 -2.373676985817747484e-02 -6.009978163639584370e-01 -2.601477518355308979e-02
6.683554983739679045e-01 -7.418355221247566883e-03 -3.567605676921381246e+02 -4.999344409403616396e+02 -7.405971426163312013e-03 -4.643108722999994029e+02 5.729532144047920147e-03 5.729532144047920147e-03 9.998688818807232792e+02 1.208406852300933698e+00 9.607558883146637835e-03 -3.257838969502787402e-07 -6.042034463714129888e-01 -2.385660912403898826e-02 -6.042034261504668491e-01 -2.615252815543485029e-02
6.768793182031612732e-01 -7.270960525997760028e-03 -3.586432236725286202e+02 -5.025798887891226059e+02 -7.258822831259764859e-03 -4.667670339893116989e+02 5.615688856613529865e-03 5.615688856613529865e-03 1.005159777578245212e+03 1.214798859057292679e+00 9.416660014029699585e-03 -3.193137827541235177e-07 -6.073994493476873036e-01 -2.398455064527557287e-02 -6.073994295286463396e-01 -2.629112466860714092e-02
6.855482238352487157e-01 -7.125864296570353328e-03 -3.605311091811061601e+02 -5.052520900025598394e+02 -7.113968899588436756e-03 -4.692459650554147856e+02 5.503638128208411702e-03 5.503638128208411702e-03 1.010504180005119679e+03 1.221251939846580425e+00 9.228772574323999486e-03 -3.129538402317567505e-07 -6.106259893465288968e-01 -2.411820675990733465e-02 -6.106259699232902127e-01 -2.643171243903691403e-02
6.943665803656867697e-01 -6.982716057444565520e-03 -3.624151369398905445e+02 -5.079264970002740256e+02 -6.971059702734570991e-03 -4.717261306430543186e+02 5.393089787351732639e-03 5.393089787351732639e-03 1.015852994000548051e+03 1.227708076055602726e+00 9.043403704932076459e-03 -3.066783666591477972e-07 -6.138540570605657276e-01 -2.425171785018716969e-02 -6.138540380278013631e-01 -2.657233584495242995e-02
7.033389710087731839e-01 -6.841699547624554775e-03 -3.643215365677189652e+02 -5.106151526073408604e+02 -6.830278635130940419e-03 -4.742213587415040479e+02 5.284173608700811625e-03 5.284173608700811625e-03 1.021230305214681721e+03 1.234201891689876041e+00 8.860767107291223077e-03 -3.004877670044386237e-07 -6.171009644932134997e-01 -2.438177060375371075e-02 -6.171009458449380203e-01 -2.671315076396537508e-02
7.124702119363601760e-01 -6.703010838541058336e-03 -3.662717099394356524e+02 -5.133357094716658366e+02 -6.691821399058130865e-03 -4.767493638077609717e+02 5.177045996079999643e-03 5.177045996079999643e-03 1.026671418943331673e+03 1.240779940678983229e+00 8.681126663972242585e-03 -2.943888186247293932e-07 -6.203899886099122352e-01 -2.450756506193584039e-02 -6.203899703394916143e-01 -2.685490948526444641e-02
7.217653683785456575e-01 -6.566331054132725983e-03 -3.682413464083603571e+02 -5.160701586456203813e+02 -6.555369716508423900e-03 -4.792917026036396919e+02 5.071461682913056164e-03 5.071461682913056164e-03 1.032140317291240763e+03 1.247394252587101793e+00 8.504071412303361790e-03 -2.883735783710866593e-07 -6.236971441916737691e-01 -2.463144836875180710e-02 -6.236971262935508964e-01 -2.699706294361874787e-02
7.312297721147489327e-01 -6.431601215684722150e-03 -3.702203723594924440e+02 -5.188201368000832190e+02 -6.420864745508381675e-03 -4.818482102513770542e+02 4.967385108719129562e-03 4.967385108719129562e-03 1.037640273600166438e+03 1.254045518674865800e+00 8.329544942349428882e-03 -2.824463775214939173e-07 -6.270227768685033842e-01 -2.475716562656127967e-02 -6.270227593374329000e-01 -2.714018015026292349e-02
7.408690404987389178e-01 -6.298872442790691764e-03 -3.722097168659039994e+02 -5.215955065132536674e+02 -6.288357518231715848e-03 -4.844271309168714765e+02 4.864865865590437335e-03 4.864865865590437335e-03 1.043191013026507335e+03 1.260756456173428797e+00 8.157633680733650944e-03 -2.766129306379525796e-07 -6.303782452560913185e-01 -2.488700283804415672e-02 -6.303782280867143983e-01 -2.728502559594456547e-02
7.506890971783762856e-01 -6.167855505479231254e-03 -3.741888619345936604e+02 -5.243761513693644929e+02 -6.157559320425070974e-03 -4.870088579339335411e+02 4.763673018630189791e-03 4.763673018630189791e-03 1.048752302738728986e+03 1.267475186302346346e+00 7.987947937263342041e-03 -2.708606632358892536e-07 -6.337376099633483806e-01 -2.502069769425285459e-02 -6.337375931511731730e-01 -2.743058963172614884e-02
7.606961946903557648e-01 -6.038745221299471680e-03 -3.761816187768254736e+02 -5.271798395133280337e+02 -6.028664591763940352e-03 -4.896115617922066008e+02 4.663956287290191120e-03 4.663956287290191120e-03 1.054359679026656067e+03 1.274248947859818015e+00 7.820738541414119088e-03 -2.651933001724837682e-07 -6.371244903900717960e-01 -2.515614996248774493e-02 -6.371244739299090076e-01 -2.757744429433040684e-02
7.708969391324559384e-01 -5.911709351660625333e-03 -3.782125780358040288e+02 -5.300231647744783459e+02 -5.901840792556986397e-03 -4.922525647690753772e+02 4.565839420992240556e-03 4.565839420992240556e-03 1.060046329548956692e+03 1.281122082204976254e+00 7.656211127443513648e-03 -2.596142801651923833e-07 -6.405610572163696892e-01 -2.529181963234608185e-02 -6.405610411024881268e-01 -2.772619058383756635e-02
7.812983171411170824e-01 -5.786033939386468240e-03 -3.802257213795238044e+02 -5.328479783470231723e+02 -5.776375172672803399e-03 -4.948756848631199432e+02 4.468766070384736985e-03 4.468766070384736985e-03 1.065695956694046345e+03 1.287947666793597845e+00 7.493431185657394022e-03 -2.540918021488500986e-07 -6.439738491681521459e-01 -2.542462583330434150e-02 -6.439738333967989226e-01 -2.787362200497655457e-02
7.919077254310604719e-01 -5.662460058987395933e-03 -3.822880464627012884e+02 -5.357234581600954471e+02 -5.653007547040460497e-03 -4.975478132531468418e+02 4.373316813623333126e-03 4.373316813623333126e-03 1.071446916320190894e+03 1.294900872312622964e+00 7.333374918202692841e-03 -2.486594118066771597e-07 -6.474504515909533797e-01 -2.555811756203198865e-02 -6.474504361563114818e-01 -2.802354310917434810e-02
8.027330031867079274e-01 -5.540478571544938703e-03 -3.843536104466814436e+02 -5.386095856990825723e+02 -5.531229678125100697e-03 -5.002291772773562002e+02 4.279096240948796967e-03 4.279096240948796967e-03 1.077219171398165145e+03 1.301877873419258647e+00 7.175378565990991539e-03 -2.432984273416107961e-07 -6.509389518118354756e-01 -2.569309918584633534e-02 -6.509389367096293233e-01 -2.817413066599865415e-02
8.137824676329847851e-01 -5.420242434293804507e-03 -3.864377717053076822e+02 -5.415255492258361301e+02 -5.411194250817380133e-03 -5.029378475148699295e+02 4.186228476227531539e-03 4.186228476227531539e-03 1.083051098451672260e+03 1.308926577930403568e+00 7.019652205828753704e-03 -2.380162528002170851e-07 -6.544633037396989650e-01 -2.583075612641572844e-02 -6.544632889652017838e-01 -2.832645708751993854e-02
8.250649531564983041e-01 -5.301638195245195889e-03 -3.885346632724326810e+02 -5.444645879327870261e+02 -5.292788007403427357e-03 -5.056673886771287130e+02 4.094623066553987507e-03 4.094623066553987507e-03 1.088929175865574052e+03 1.316029858742784997e+00 6.866043246962956655e-03 -2.328073092943549183e-07 -6.580149438225920688e-01 -2.597056397209318926e-02 -6.580149293713924985e-01 -2.848012404441442255e-02
8.365898543979577440e-01 -5.184604854531873856e-03 -3.906450414309003918e+02 -5.474239699904724148e+02 -5.175950043156521234e-03 -5.084156691420928951e+02 4.004229831744476886e-03 4.004229831744476886e-03 1.094847939980944830e+03 1.323181708248507560e+00 6.714466555776196430e-03 -2.276672323265046959e-07 -6.615908682564308751e-01 -2.611128823238672084e-02 -6.615908541242537799e-01 -2.863483583006494124e-02
8.483671737941044233e-01 -5.069202886493900939e-03 -3.927813420546125371e+02 -5.504140763529401283e+02 -5.060740710406273941e-03 -5.111930837457464918e+02 3.915096847319944097e-03 3.915096847319944097e-03 1.100828152705880257e+03 1.330409388106247537e+00 6.565003195633347007e-03 -2.225973473806228636e-07 -6.652047078707800098e-01 -2.625220672570417399e-02 -6.652046940531237684e-01 -2.879099530561169892e-02
8.604075741136114619e-01 -4.955258127450248851e-03 -3.949291756480859590e+02 -5.534211801913188538e+02 -4.946986162036596385e-03 -5.139861952462174486e+02 3.827086271490248628e-03 3.827086271490248628e-03 1.106842360382637708e+03 1.337677370246889819e+00 6.417420945312468997e-03 -2.175910421399691236e-07 -6.688386986305374649e-01 -2.639368451029970586e-02 -6.688386851234449093e-01 -2.894799191070360558e-02
8.727224366078529805e-01 -4.843000305246781927e-03 -3.971160650744363920e+02 -5.564759388313163981e+02 -4.834915722270480797e-03 -5.168243225739291802e+02 3.740381531419876508e-03 3.740381531419876508e-03 1.112951877662632796e+03 1.345062945381156450e+00 6.272029328248190060e-03 -2.126588232769814067e-07 -6.725314858917337268e-01 -2.653715405388341192e-02 -6.725314726905782248e-01 -2.910748451818141735e-02
8.853239254858574769e-01 -4.732114816755336913e-03 -3.993111124781742092e+02 -5.595492787982129812e+02 -4.724215344306665135e-03 -5.196789425247060308e+02 3.654735530592327555e-03 3.654735530592327555e-03 1.119098557596425962e+03 1.352491188856573157e+00 6.128412663790625513e-03 -2.077880910918821307e-07 -6.762456073271904122e-01 -2.668258758012544835e-02 -6.762455944282865783e-01 -2.926806709555864611e-02
8.982250595252105896e-01 -4.622737757373258753e-03 -4.015350684553058613e+02 -5.626619649882696876e+02 -4.615020865865754156e-03 -5.225702295348480675e+02 3.570257691709194988e-03 3.570257691709194988e-03 1.125323929976539375e+03 1.360015373072213762e+00 5.986755838177595761e-03 -2.029837369438550152e-07 -6.800076991368964041e-01 -2.682972790328023646e-02 -6.800076865361068812e-01 -2.943069823283369843e-02
9.114397917495351553e-01 -4.514658962760162778e-03 -4.037694109553248154e+02 -5.657939481288843808e+02 -4.507122496729611127e-03 -5.254789312758987307e+02 3.486780163502083488e-03 3.486780163502083488e-03 1.131587896257768762e+03 1.367584400680630585e+00 5.846775596983842804e-03 -1.982365527782438595e-07 -6.837922126465004746e-01 -2.697803869544018393e-02 -6.837922003403152926e-01 -2.959434221531263842e-02
9.249830982413081992e-01 -4.408068482679476478e-03 -4.060428145380247429e+02 -5.689738631878665274e+02 -4.400709942786334289e-03 -5.284328773556210308e+02 3.404453920734127389e-03 3.404453920734127389e-03 1.137947726375733055e+03 1.375271470252846351e+00 5.708726463449384676e-03 -1.935540894751772703e-07 -6.876357471421010725e-01 -2.712780851736291618e-02 -6.876357351264231754e-01 -2.976041150060922819e-02
9.388710773194973713e-01 -4.302756252329590844e-03 -4.083342166948750105e+02 -5.721818302323125636e+02 -4.295573515706158779e-03 -5.314125738341996339e+02 3.323113122900905533e-03 3.323113122900905533e-03 1.144363660464625127e+03 1.383025156698625580e+00 5.572329179149852069e-03 -1.889280594174899517e-07 -6.915125900779396373e-01 -2.727926464906712742e-02 -6.915125783493127898e-01 -2.992797762355057026e-02
9.531210604987441215e-01 -4.198827461493403850e-03 -4.106620332700484823e+02 -5.754380476994441551e+02 -4.191818211131850651e-03 -5.344373796993869519e+02 3.242842903377684410e-03 3.242842903377684410e-03 1.150876095398888310e+03 1.390896607215178715e+00 5.437727762156122774e-03 -1.843628794156965917e-07 -6.954483150529526814e-01 -2.743287347549771757e-02 -6.954483036075893576e-01 -3.009806684500188068e-02
9.677517368651720187e-01 -4.096122546477024007e-03 -4.130113508467306360e+02 -5.787280103954700508e+02 -4.089284746325376821e-03 -5.374931395349531158e+02 3.163517334379224201e-03 3.163517334379224201e-03 1.157456020790940102e+03 1.398848446844889404e+00 5.304710178017695010e-03 -1.798518364112851082e-07 -6.994242345878608491e-01 -2.758847124725282568e-02 -6.994242234224447019e-01 -3.026995553095509009e-02
9.827832927587716316e-01 -3.994593765762933374e-03 -4.153818160861773663e+02 -5.820514609770768857e+02 -3.987925450486262680e-03 -5.405795888998668488e+02 3.085100540601989731e-03 3.085100540601989731e-03 1.164102921954153771e+03 1.406880191174544104e+00 5.173216594163112386e-03 -1.753924174845732724e-07 -7.034401064759516764e-01 -2.774550329805387100e-02 -7.034400955872720518e-01 -3.044355226252605864e-02
9.982375689499297655e-01 -3.894458143469564735e-03 -4.178109892485434784e+02 -5.854459109108604480e+02 -3.887956983384494632e-03 -5.437331837853353136e+02 3.007760290812045833e-03 3.007760290812045833e-03 1.170891821821720896e+03 1.415086758915492071e+00 5.043528383296756561e-03 -1.709940232998662134e-07 -7.075433900734974246e-01 -2.790566751717759100e-02 -7.075433794577460356e-01 -3.062088515084593690e-02
1.014138237845315871e+00 -3.795345043475368153e-03 -4.202525670562906726e+02 -5.888663538424589206e+02 -3.789009339169020860e-03 -5.469099985827712089e+02 2.931208743012570558e-03 2.931208743012570558e-03 1.177732707684917841e+03 1.423353469543255256e+00 4.915162363436246205e-03 -1.666408133487308756e-07 -7.116767451172177905e-01 -2.806737043881021160e-02 -7.116767347716276282e-01 -3.079957182712403721e-02
1.030511003664290826e+00 -3.697512683385770736e-03 -4.227516068878676947e+02 -5.923587937871691338e+02 -3.691340289418901591e-03 -5.501545920205263656e+02 2.855647989163108847e-03 2.855647989163108847e-03 1.184717587574338268e+03 1.431796902988353049e+00 4.788458275676641882e-03 -1.623437848635201243e-07 -7.158984615731146528e-01 -2.823223114266336375e-02 -7.158984514941765243e-01 -3.098203400440492986e-02
1.047383829000692934e+00 -3.600814269590193410e-03 -4.252944573406435893e+02 -5.959101588990976097e+02 -3.594803297304542244e-03 -5.534541757402621442e+02 2.780962498375130765e-03 2.780962498375130765e-03 1.191820317798195219e+03 1.440383275297690613e+00 4.663221692803705409e-03 -1.580967308234248580e-07 -7.201916474642103827e-01 -2.840010818764129169e-02 -7.201916376488453064e-01 -3.116761855195574610e-02
1.064787191736691785e+00 -3.504824343568897858e-03 -4.278201705620805342e+02 -5.994604551388929394e+02 -3.498973612411899678e-03 -5.567503125134317088e+02 2.706824019723684093e-03 2.706824019723684093e-03 1.198920910277785879e+03 1.448960571942160325e+00 4.538902301095577331e-03 -1.538809185285239888e-07 -7.244802955247975351e-01 -2.856790254420626604e-02 -7.244802859710801624e-01 -3.135302100797134062e-02
1.082754376916745809e+00 -3.410151346077021795e-03 -4.304347753743084581e+02 -6.031162856027997350e+02 -3.404458652019817875e-03 -5.601464990439567373e+02 2.633703708737111359e-03 2.633703708737111359e-03 1.206232571205599470e+03 1.457798468838475081e+00 4.416290557104579281e-03 -1.497228229240688331e-07 -7.288992437149108827e-01 -2.874047809129384734e-02 -7.288992344192375405e-01 -3.154400942460864471e-02
1.101321808932232527e+00 -3.316392408612021427e-03 -4.330810681336605512e+02 -6.068217557299647069e+02 -3.310856228236188237e-03 -5.635882281839835741e+02 2.561289188318519646e-03 2.561289188318519646e-03 1.213643511459929414e+03 1.466754794319229838e+00 4.294862254093713937e-03 -1.456050185025124587e-07 -7.333774061997287985e-01 -2.891552244361062646e-02 -7.333773971596149188e-01 -3.173758030618303166e-02
1.120529430222394707e+00 -3.223763326485023627e-03 -4.358061935815799757e+02 -6.106249348968160575e+02 -3.218381777011589812e-03 -5.671220688012214168e+02 2.489746845513067693e-03 2.489746845513067693e-03 1.221249869793632115e+03 1.475950658688341965e+00 4.174896307239499456e-03 -1.415369500821473292e-07 -7.379753381317963878e-01 -2.909544026085100071e-02 -7.379753293441709827e-01 -3.193635677062754002e-02
1.140421133674343723e+00 -3.131727603039662425e-03 -4.385226577982184608e+02 -6.144400149194013920e+02 -3.126499691713515057e-03 -5.706643911970348881e+02 2.418663413517222784e-03 2.418663413517222784e-03 1.228880029838802784e+03 1.485168711760465943e+00 4.055700085115854225e-03 -1.374949821433135167e-07 -7.425843644169920488e-01 -2.927567569136492118e-02 -7.425843558802329714e-01 -3.213559556426782288e-02
1.161045257009182263e+00 -3.040803666662510694e-03 -4.413352625231217417e+02 -6.183729875926478599e+02 -3.035727535518079750e-03 -5.743180057951739172e+02 2.348439122011631609e-03 2.348439122011631609e-03 1.236745975185295720e+03 1.494676486996330933e+00 3.937944656169864617e-03 -1.335018241515434819e-07 -7.473382517870935660e-01 -2.946145209433946241e-02 -7.473382434981654665e-01 -3.234107802512702079e-02
1.182455148669888212e+00 -2.950641312863470749e-03 -4.441890317102279369e+02 -6.223704740114924334e+02 -2.945715691389213901e-03 -5.780308066554764537e+02 2.278803092381679815e-03 2.278803092381679815e-03 1.244740948022984867e+03 1.504338257683850655e+00 3.821175667814587489e-03 -1.295422058722564357e-07 -7.521691368850954573e-01 -2.965030136279277195e-02 -7.521691288419253274e-01 -3.254989812793496889e-02
1.204709816062109029e+00 -2.861348504234030067e-03 -4.471163738855416341e+02 -6.264664622884685059e+02 -2.856571942285271535e-03 -5.818355821704005848e+02 2.209838542610725008e-03 2.209838542610725008e-03 1.252932924576937012e+03 1.514239300449930603e+00 3.705532610388916157e-03 -1.256208563093740897e-07 -7.571196580247437913e-01 -2.984392303502877986e-02 -7.571196502249653015e-01 -3.276390381645841177e-02
1.227874668400109170e+00 -2.772788243920893455e-03 -4.501012786130334007e+02 -6.306468062120850391e+02 -2.768159519168900649e-03 -5.857183075066709534e+02 2.141439854283400720e-03 2.141439854283400720e-03 1.261293612424170078e+03 1.524343169351880523e+00 3.590838439558412948e-03 -1.217317543443999456e-07 -7.621715922343216265e-01 -3.004156333600047080e-02 -7.621715846759402613e-01 -3.298230123661540641e-02
1.252022367796842284e+00 -2.684859282353886743e-03 -4.531331638592561717e+02 -6.349026515091259171e+02 -2.680377340823266157e-03 -5.896701202899624832e+02 2.073528958324897132e-03 2.073528958324897132e-03 1.269805303018251834e+03 1.534626841988670609e+00 3.476962287680880094e-03 -1.178704444632557575e-07 -7.673134283130402800e-01 -3.024273111119876040e-02 -7.673134209943353046e-01 -3.320458669378890948e-02
1.277233803468756479e+00 -2.597870250305804249e-03 -4.562954814009691518e+02 -6.393195917653251854e+02 -2.593533522640922157e-03 -5.937738680099910198e+02 2.006344139544176744e-03 2.006344139544176744e-03 1.278639183530650371e+03 1.545305906270886265e+00 3.364303695526447979e-03 -1.140504267623169096e-07 -7.726529602170345568e-01 -3.045160744758318438e-02 -7.726529531354431324e-01 -3.343541482498656181e-02
1.303599204768434383e+00 -2.511472903697962653e-03 -4.595245646892583977e+02 -6.438359342289343203e+02 -2.507280401917233621e-03 -5.979693099781718502e+02 1.939616517186549573e-03 1.939616517186549573e-03 1.287671868457868641e+03 1.556223610771826582e+00 3.252411817570841513e-03 -1.102564487020055032e-07 -7.781118122320036523e-01 -3.066514201418428162e-02 -7.781118053859132910e-01 -3.367139976748224212e-02
1.331219408836837870e+00 -2.425622605858624228e-03 -4.628222519408409994e+02 -6.484559005117098422e+02 -2.421573416532802388e-03 -6.022601909649949903e+02 1.873311612530832162e-03 1.873311612530832162e-03 1.296911801023419684e+03 1.567389701713097550e+00 3.141228837049958242e-03 -1.064865521856137000e-07 -7.836948574686294355e-01 -3.088352818973501973e-02 -7.836948508565487748e-01 -3.391275259407035975e-02
1.360207297399638415e+00 -2.340400538382727581e-03 -4.662232613053084833e+02 -6.532169223375213960e+02 -2.336493612780689722e-03 -6.066824754415176812e+02 1.807492050135925746e-03 1.807492050135925746e-03 1.306433844675042792e+03 1.578897749743942480e+00 3.030859741596855436e-03 -1.027442911377260288e-07 -7.894488812517541643e-01 -3.110860495409592183e-02 -7.894488748719712401e-01 -3.416149714106386792e-02
1.390689413738294355e+00 -2.255740686620128811e-03 -4.697262035710980399e+02 -6.581207424440843852e+02 -2.251975086991689270e-03 -6.112373873405044833e+02 1.742106724024523922e-03 1.742106724024523922e-03 1.316241484888168770e+03 1.590750885504635281e+00 2.921218795320349240e-03 -9.902679157615253879e-08 -7.953754489013327156e-01 -3.134050952206963309e-02 -7.953754427523176407e-01 -3.441771235858647610e-02
1.422807763849379237e+00 -2.171610163457151493e-03 -4.733372197888191408e+02 -6.631771228700757774e+02 -2.167985007308145286e-03 -6.159338693907927791e+02 1.677130180226739332e-03 1.677130180226739332e-03 1.326354245740151555e+03 1.602972348683745940e+00 2.812263298368867116e-03 -9.533262088434781448e-08 -8.014861802615598219e-01 -3.157974550225481347e-02 -8.014861743418729700e-01 -3.468190785610863330e-02
1.456721793412865118e+00 -2.088042403598862687e-03 -4.770820654507797940e+02 -6.684155109381166540e+02 -2.084556750190199887e-03 -6.207999812553922538e+02 1.612588647349567483e-03 1.612588647349567483e-03 1.336831021876233308e+03 1.615635346805776473e+00 2.704037363934443626e-03 -9.166318210960838287e-08 -8.078176790947835251e-01 -3.182751862869942494e-02 -8.078176734028882366e-01 -3.495563243612074406e-02
1.492610511875782864e+00 -2.004930427665271939e-03 -4.809436719628703827e+02 -6.738223909103039659e+02 -2.001583515238387467e-03 -6.258220576147908787e+02 1.548399454669578679e-03 1.548399454669578679e-03 1.347644781820607932e+03 1.628704303668210507e+00 2.596402350806840433e-03 -8.801379699520308168e-08 -8.143521572994535385e-01 -3.208316186061144909e-02 -8.143521518341052534e-01 -3.523812139592807924e-02
1.530674703405736858e+00 -1.922288489235125797e-03 -4.849377623695700663e+02 -6.794175417950377778e+02 -1.919079535681542928e-03 -6.310187091665663957e+02 1.484573002909164545e-03 1.484573002909164545e-03 1.358835083590075556e+03 1.642227343681088136e+00 2.489375502208162477e-03 -8.438516943583834316e-08 -8.211136770806192198e-01 -3.234797629588156281e-02 -8.211136718405440682e-01 -3.553046836804382019e-02
1.571139117705580679e+00 -1.840171527595533488e-03 -4.890933503765867840e+02 -6.852341142235273992e+02 -1.837099654037383737e-03 -6.364215272470125910e+02 1.421152580336352287e-03 1.421152580336352287e-03 1.370468228447054798e+03 1.656287125900846480e+00 2.383029684114169010e-03 -8.077958242304716955e-08 -8.281435679666623306e-01 -3.262303382303074345e-02 -8.281435629504232399e-01 -3.583437912954381271e-02
1.614254467621440092e+00 -1.758335968487133565e-03 -4.933265970929240325e+02 -6.911916819917146313e+02 -1.755400706881078037e-03 -6.419518528181375814e+02 1.357949407128523824e-03 1.357949407128523824e-03 1.382383363983429263e+03 1.670678581183348221e+00 2.277048127887756207e-03 -7.718647396357616646e-08 -8.353392953848393088e-01 -3.290481414224503270e-02 -8.353392905916741107e-01 -3.614549396915517354e-02
1.660298972313143162e+00 -1.677462979855084014e-03 -4.978885236549638194e+02 -6.975495275069632726e+02 -1.674662723549748700e-03 -6.478603839521400687e+02 1.295489658572480983e-03 1.295489658572480983e-03 1.395099055013926545e+03 1.686054197106527264e+00 2.172313176647504718e-03 -7.363564112378566601e-08 -8.430271031259780612e-01 -3.320587759359407837e-02 -8.430270985532636319e-01 -3.647788643254949031e-02
1.709579075771010093e+00 -1.596920528759174403e-03 -5.025318174157609405e+02 -7.040622342517470997e+02 -1.594254725429538949e-03 -6.539083731883255268e+02 1.233285521989611671e-03 1.233285521989611671e-03 1.408124468503494199e+03 1.701792815352882071e+00 2.068006949945170973e-03 -7.009939976828683793e-08 -8.508964120296060862e-01 -3.351404237440581968e-02 -8.508964076764410356e-01 -3.681812537750621395e-02
1.762428850887697296e+00 -1.517268826372895462e-03 -5.074586511538059881e+02 -7.109394111178474986e+02 -1.514735989113113806e-03 -6.602983761335399322e+02 1.171769424636504584e-03 1.171769424636504584e-03 1.421878822235694997e+03 1.718421449353647157e+00 1.964854483068035913e-03 -6.660230321810667304e-08 -8.592107288128670861e-01 -3.383965349221717406e-02 -8.592107246768235784e-01 -3.717760768998286391e-02
1.819207495364619565e+00 -1.438254454356828992e-03 -5.125229054651089200e+02 -7.180365461994585985e+02 -1.435853518993170227e-03 -6.668897343267598217e+02 1.110745790332387430e-03 1.110745790332387430e-03 1.436073092398917197e+03 1.735574128949408435e+00 1.862527872694440039e-03 -6.313325844540818221e-08 -8.677870683953635700e-01 -3.417553905324766106e-02 -8.677870644747042173e-01 -3.754842088139156986e-02
1.880294287442067391e+00 -1.360242113808046325e-03 -5.178252881842530542e+02 -7.254594588501234966e+02 -1.357971407589232248e-03 -6.737845028698801570e+02 1.050496184769751954e-03 1.050496184769751954e-03 1.450918917700246993e+03 1.753516391305391053e+00 1.761499227068193162e-03 -5.970825747562621870e-08 -8.767581993607015400e-01 -3.452690876628591865e-02 -8.767581956526955267e-01 -3.793630691037776226e-02
1.946080473928930132e+00 -1.283381878181640359e-03 -5.233528282881237601e+02 -7.331987046601877864e+02 -1.281239478918116091e-03 -6.809729763609290103e+02 9.911363401052838799e-04 9.911363401052838799e-04 1.466397409320375573e+03 1.772222833145461252e+00 1.661962554550322664e-03 -5.633392244705639440e-08 -8.861114200712206790e-01 -3.489347727684361661e-02 -8.861114165727306258e-01 -3.834074808997617323e-02
2.016957903271166419e+00 -1.207938299827365390e-03 -5.291272503607167437e+02 -7.412781365829529250e+02 -1.205921842095425064e-03 -6.884780129395310269e+02 9.328708390603857644e-04 9.328708390603857644e-04 1.482556273165905850e+03 1.791753161326716137e+00 1.564260993345591155e-03 -5.302182470386449381e-08 -8.958765839561946276e-01 -3.527615392773722491e-02 -8.958765806633580686e-01 -3.876299660606676717e-02
2.093304861657969695e+00 -1.134038998655675272e-03 -5.350645017438987452e+02 -7.496111242706392659e+02 -1.132145904533295036e-03 -6.962158230714601359e+02 8.757981696425758177e-04 8.757981696425758177e-04 1.499222248541278532e+03 1.811889264243728315e+00 1.468559667698574305e-03 -4.977759068069593154e-08 -9.059446352132565217e-01 -3.567077697748761295e-02 -9.059446321218641573e-01 -3.919835347315043378e-02
2.175470491957367081e+00 -1.062213939104860502e-03 -5.412983014859587456e+02 -7.583329861433074939e+02 -1.060440746212020727e-03 -7.043176515584666504e+02 8.203275267433026569e-04 8.203275267433026569e-04 1.516665972286614988e+03 1.832972620460385338e+00 1.375544697429004985e-03 -4.662446589421935988e-08 -9.164863131257938722e-01 -3.608406751258500661e-02 -9.164863102301926689e-01 -3.965420598587590661e-02
2.263760163733009811e+00 -9.926436389175005877e-04 -5.477417302647224915e+02 -7.673518137935491268e+02 -9.909865827863626950e-04 -7.126949417773065534e+02 7.665984803360887832e-04 7.665984803360887832e-04 1.534703627587098254e+03 1.854772939301711832e+00 1.285450168689027204e-03 -4.357037040731625171e-08 -9.273864723568128188e-01 -3.651139159995785144e-02 -9.273864696508559158e-01 -4.012555716886632984e-02
2.358424805892701315e+00 -9.256616916113835462e-04 -5.544008435514707571e+02 -7.766673587901940436e+02 -9.241164522265880995e-04 -7.213483971938817376e+02 7.148684082259418879e-04 7.148684082259418879e-04 1.553334717580388087e+03 1.877291776840152471e+00 1.198707577712261954e-03 -4.062997111726207113e-08 -9.386458909434423070e-01 -3.695309291840220139e-02 -9.386458884200762354e-01 -4.061248716498445238e-02
2.459657033634705225e+00 -8.615070907813864943e-04 -5.612266761336819627e+02 -7.862225008654718295e+02 -8.600689480268997869e-04 -7.302237382160784591e+02 6.653220816884360556e-04 6.653220816884360556e-04 1.572445001730943659e+03 1.900388117579148384e+00 1.115626818829052076e-03 -3.781373327580204847e-08 -9.501940611380569335e-01 -3.740617051203031646e-02 -9.501940587895741919e-01 -4.111191187677383507e-02
2.567595655563507773e+00 -8.004261398806492966e-04 -5.682071312254820441e+02 -7.959962121945387707e+02 -7.990899626719021607e-04 -7.393018714108756058e+02 6.181496671832600485e-04 6.181496671832600485e-04 1.591992424389077541e+03 1.924012240637396065e+00 1.036526752006979328e-03 -3.513246687088221488e-08 -9.620061225006758532e-01 -3.786970288122160078e-02 -9.620061203186980325e-01 -4.162276416069123769e-02
2.682338115609762763e+00 -7.425932110379984338e-04 -5.753230265098328573e+02 -8.059600369494809229e+02 -7.413535773367649177e-04 -7.485565371251346960e+02 5.734857917157469868e-04 5.734857917157469868e-04 1.611920073898961846e+03 1.948095781734487053e+00 9.616331111533772333e-04 -3.259382362883643325e-08 -9.740478928915698997e-01 -3.834240370333013431e-02 -9.740478908672435265e-01 -4.214357387079050582e-02
2.803958393736257548e+00 -6.881265277973483115e-04 -5.825730523276602071e+02 -8.161039268762494885e+02 -6.869778183228906435e-04 -7.579792815697675223e+02 5.314217194127907528e-04 5.314217194127907528e-04 1.632207853752498977e+03 1.972616705090604272e+00 8.910989181480038048e-04 -3.020298852644565952e-08 -9.863083544211527220e-01 -3.882390016121180232e-02 -9.863083525453021361e-01 -4.267387334316410930e-02
2.932526725452886396e+00 -6.369969915030799677e-04 -5.898728354139276462e+02 -8.263325767546957650e+02 -6.359336354327880777e-04 -7.674791382796857988e+02 4.919349924408387888e-04 4.919349924408387888e-04 1.652665153509391530e+03 1.997338324289221312e+00 8.248865200855084491e-04 -2.795868071393728017e-08 -9.986691638810819560e-01 -3.930955265267136595e-02 -9.986691621446106559e-01 -4.320854509013573319e-02
3.068127610135964023e+00 -5.892453590849901094e-04 -5.972912071642547289e+02 -8.367101405254645670e+02 -5.882617175046710991e-04 -7.771191446250476247e+02 4.550570669222956440e-04 4.550570669222956440e-04 1.673420281050929134e+03 2.022424691215765069e+00 7.630486571967883122e-04 -2.586267568672149684e-08 -1.011212347214182294e+00 -3.980256083316226212e-02 -1.011212345607882535e+00 -4.375113374395254995e-02
3.210873706785042803e+00 -5.447238499059100765e-04 -6.047382157489773817e+02 -8.471375867277718044e+02 -5.438145307727642761e-04 -7.868044358380568610e+02 4.206737800161927925e-04 4.206737800161927925e-04 1.694275173455543609e+03 2.047628880565925957e+00 7.053938874385669820e-04 -2.390849088238322419e-08 -1.023814441767896488e+00 -4.029820591810171632e-02 -1.023814440282962979e+00 -4.429631848111818121e-02
3.360914710114393245e+00 -5.033590795718409679e-04 -6.122750867166572561e+02 -8.576737924684356358e+02 -5.025188130810398631e-04 -7.965925728779653809e+02 3.887284804071662733e-04 3.887284804071662733e-04 1.715347584936871272e+03 2.073100776594806849e+00 6.518272238920207054e-04 -2.209288908551196872e-08 -1.036550389669574912e+00 -4.079931601155430826e-02 -1.036550388297403424e+00 -4.484732367839087963e-02
3.518441553360023288e+00 -4.649130057895311933e-04 -6.197561579080090723e+02 -8.681638099626700296e+02 -4.641369196121863439e-04 -8.063343897769238993e+02 3.590373172628683052e-04 3.590373172628683052e-04 1.736327619925340059e+03 2.098452184797652720e+00 6.020403762618548732e-04 -2.040542705909641029e-08 -1.049226093666192572e+00 -4.129838268071307772e-02 -1.049226092398826360e+00 -4.539577104127766327e-02
3.683687005795827307e+00 -4.292765970151569033e-04 -6.272567276148697601e+02 -8.786828281455657361e+02 -4.285600007464050298e-04 -8.161029615644898740e+02 3.315160800916286030e-04 3.315160800916286030e-04 1.757365656291131472e+03 2.123873307818502809e+00 5.558921361064668052e-04 -1.884130758055039494e-08 -1.061936655079471992e+00 -4.179908921660670240e-02 -1.061936653909251405e+00 -4.594576631491088109e-02
3.856923940526868932e+00 -3.963475079986655586e-04 -6.349168551045355571e+02 -8.893753557672208672e+02 -3.956858823604812877e-04 -8.260380357850384598e+02 3.060856605630030538e-04 3.060856605630030538e-04 1.778750711534441734e+03 2.149727657218673205e+00 5.132498304152282448e-04 -1.739603598306489371e-08 -1.074863829689790551e+00 -4.230874956261562042e-02 -1.074863828609336602e+00 -4.650519707632261995e-02
4.038462416263060462e+00 -3.658918196109193599e-04 -6.426367114443579567e+02 -9.001360684259983600e+02 -3.652810355545320982e-04 -8.360380958169635051e+02 2.825654534847986789e-04 2.825654534847986789e-04 1.800272136851996720e+03 2.175751206098829105e+00 4.738106311387700088e-04 -1.605934014317800340e-08 -1.087875604046844691e+00 -4.282207880183673543e-02 -1.087875603049414552e+00 -4.706833845916021108e-02
4.228646433708256325e+00 -3.375600032762313780e-04 -6.499751907150406396e+02 -9.105033629865512239e+02 -3.369965152648654399e-04 -8.456576890926578471e+02 2.606855388656998665e-04 2.606855388656998665e-04 1.821006725973102448e+03 2.200784777958181504e+00 4.371219346591412118e-04 -1.481588964629411887e-08 -1.100392389899286671e+00 -4.331646960533473006e-02 -1.100392388979090752e+00 -4.761014457040314146e-02
4.427850924999102489e+00 -3.114766273862712279e-04 -6.575936509704587252e+02 -9.211670297022391196e+02 -3.109566820708147949e-04 -8.555628008499791122e+02 2.405420445365735141e-04 2.405420445365735141e-04 1.842334059404478239e+03 2.226561333273536558e+00 4.033449065578963849e-04 -1.367113106277324862e-08 -1.113280667485859077e+00 -4.382594903479988813e-02 -1.113280666636768279e+00 -4.816809287995640204e-02
4.636479280628705624e+00 -2.873545700799223692e-04 -6.651771658212554712e+02 -9.317979302601560221e+02 -2.868748932905215276e-04 -8.654357482210654098e+02 2.219132680912179413e-04 2.219132680912179413e-04 1.863595860520312044e+03 2.252254279833360684e+00 3.721078027650135279e-04 -1.261246683052802756e-08 -1.126127140700012630e+00 -4.433430842266609939e-02 -1.126127139916680342e+00 -4.872431049754066129e-02
4.854961533624194914e+00 -2.650037785385055112e-04 -6.725632368619978934e+02 -9.422248916851839340e+02 -2.645614134372723360e-04 -8.751115081628236112e+02 2.046524242276679870e-04 2.046524242276679870e-04 1.884449783370367868e+03 2.277434133990768661e+00 3.431644866053819342e-04 -1.163155783553433166e-08 -1.138717067717786691e+00 -4.483326521680012361e-02 -1.138717066995384330e+00 -4.926953163306194844e-02
5.083753201805744304e+00 -2.445189875018883045e-04 -6.805144886655831442e+02 -9.532482376322761866e+02 -2.441108190590944116e-04 -8.853620786718411182e+02 1.888326479742490429e-04 1.888326479742490429e-04 1.906496475264552373e+03 2.304109886134298346e+00 3.166375840386337370e-04 -1.073254360231801914e-08 -1.152054943733708203e+00 -4.536213301995249692e-02 -1.152054943067149173e+00 -4.984718345256314298e-02
5.323334722426276144e+00 -2.254989148294475761e-04 -6.881189618629670122e+02 -9.639106087740664179e+02 -2.251224979410215222e-04 -8.952640295219655400e+02 1.741440618745066491e-04 1.741440618745066491e-04 1.927821217548132836e+03 2.329878486141447880e+00 2.920074932541460761e-04 -9.897829719828772296e-09 -1.164939243685432668e+00 -4.587403223459404766e-02 -1.164939243070723940e+00 -5.040534220570647844e-02
5.574211384433898964e+00 -2.079393399698198223e-04 -6.957504027762732903e+02 -9.746041083893578616e+02 -2.075922365036093268e-04 -9.051956033107771873e+02 1.605834010040918611e-04 1.605834010040918611e-04 1.949208216778715723e+03 2.355724309628401070e+00 2.692687378281603014e-04 -9.127220175810549213e-09 -1.177862155381039777e+00 -4.638819823601116749e-02 -1.177862154814200535e+00 -5.096528244863032103e-02
5.836913658873376320e+00 -1.917419787004319420e-04 -7.034644008044799648e+02 -9.853876659142990775e+02 -1.914219146803952231e-04 -9.152135592353647553e+02 1.480747440700549110e-04 1.480747440700549110e-04 1.970775331828598155e+03 2.381794972647816699e+00 2.482940052195708471e-04 -8.416401606481993770e-09 -1.190897486846592024e+00 -4.690772790091586597e-02 -1.190897486323908350e+00 -5.153022602418635967e-02
6.111997837247349352e+00 -1.767195996036363410e-04 -7.108395349410029667e+02 -9.958164240174339739e+02 -1.764246135214221731e-04 -9.248891566089461094e+02 1.364735180180826318e-04 1.364735180180826318e-04 1.991632848034867948e+03 2.406974882411995864e+00 2.288408790829974608e-04 -7.757158223865489503e-09 -1.203487441687728809e+00 -4.741073456389047203e-02 -1.203487441205997932e+00 -5.207604953176148826e-02
6.400046903544740040e+00 -1.629600136576897507e-04 -7.187972291011629977e+02 -1.006863004035827771e+03 -1.626879975135734333e-04 -9.351597863040532275e+02 1.258474998549834168e-04 1.258474998549834168e-04 2.013726008071655542e+03 2.433703295184460824e+00 2.110229973267686691e-04 -7.153335167122658260e-09 -1.216851648036450850e+00 -4.794525599796915089e-02 -1.216851647592230412e+00 -5.265552613381996316e-02
6.701671583159408030e+00 -1.502411168350153091e-04 -7.266751247810344694e+02 -1.017828526697778670e+03 -1.499903333393516646e-04 -9.453518439176775701e+02 1.160251865173416797e-04 1.160251865173416797e-04 2.035657053395557341e+03 2.460227382962927756e+00 1.945527871732537347e-04 -6.595189973297863555e-09 -1.230113691891011163e+00 -4.847698743689021761e-02 -1.230113691481463878e+00 -5.323076538875849001e-02
7.017511528129986687e+00 -1.384701444276785780e-04 -7.343566207803369252e+02 -1.028589358777555844e+03 -1.382390111491530414e-04 -9.553462530473782408e+02 1.069349367934264582e-04 1.069349367934264582e-04 2.057178717555111689e+03 2.486237280288943197e+00 1.793101186757579306e-04 -6.078651028612632133e-09 -1.243118640521929885e+00 -4.899997773886357461e-02 -1.243118640144471598e+00 -5.379508583059314231e-02
7.348236611607034341e+00 -1.275796654642961144e-04 -7.418304700978591200e+02 -1.039132706963638384e+03 -1.273667125393950948e-04 -9.651308146127740883e+02 9.852467241468126154e-05 9.852467241468126154e-05 2.078265413927276768e+03 2.511701248063120229e+00 1.652076649098577828e-04 -5.600757683945281780e-09 -1.255850624379329261e+00 -4.951373453104836175e-02 -1.255850624031560114e+00 -5.434782048699316609e-02
7.694548314804565692e+00 -1.175069269836561184e-04 -7.490861749454288656e+02 -1.049446548157446614e+03 -1.173107893097747261e-04 -9.746940747769324389e+02 9.074592783111360187e-05 9.074592783111360187e-05 2.098893096314893228e+03 2.536589480162845689e+00 1.521641568356078573e-04 -5.158754865501606724e-09 -1.268294740401732179e+00 -5.001782257301624207e-02 -1.268294740081422844e+00 -5.488834703620269068e-02
8.057181197146181972e+00 -1.083101820646849273e-04 -7.571506863196178756e+02 -1.060621662242649791e+03 -1.081293973241731498e-04 -9.850863419817486601e+02 8.364367728188991250e-05 8.364367728188991250e-05 2.121243324485299581e+03 2.563635218059925780e+00 1.402550039724305029e-04 -4.755194636544187038e-09 -1.281817609325200502e+00 -5.056613661372899582e-02 -1.281817609029962890e+00 -5.547580899350648687e-02
8.436904445393944130e+00 -9.977508202628269744e-05 -7.647545602251726677e+02 -1.071310336659754739e+03 -9.960854567048935636e-05 -9.950098189258220600e+02 7.705240284319282500e-05 7.705240284319282500e-05 2.142620673319509478e+03 2.589461261750326315e+00 1.292026682098786788e-04 -4.380674225284038554e-09 -1.294730631147132938e+00 -5.109244831671039266e-02 -1.294730630875163158e+00 -5.603718255336642001e-02
8.834523500847938138e+00 -9.190886623055218745e-05 -7.724143704603454808e+02 -1.082061360353913415e+03 -9.175546166954950489e-05 -1.004992917459903197e+03 7.097768348525441810e-05 7.097768348525441810e-05 2.164122720707826829e+03 2.615442646029676688e+00 1.190165006634983443e-04 -4.035509629450393140e-09 -1.307721323265363278e+00 -5.162408585826232937e-02 -1.307721323014838344e+00 -5.660225344856159579e-02
9.250881765769570109e+00 -8.462045746847911330e-05 -7.796745920378328947e+02 -1.092389420960352936e+03 -8.447922011043206675e-05 -1.014568539976824582e+03 6.534919034590929603e-05 6.534919034590929603e-05 2.184778841920705872e+03 2.640363930856874486e+00 1.095785749171623798e-04 -3.715703466429379192e-09 -1.320181965659092738e+00 -5.213724240851680403e-02 -1.320181965428437243e+00 -5.714474494709567698e-02
9.686862391444771347e+00 -7.793978894676796912e-05 -7.874036008451503221e+02 -1.103219365936450004e+03 -7.780970427734151004e-05 -1.024626866516677637e+03 6.019002985168958613e-05 6.019002985168958613e-05 2.206438731872900007e+03 2.666541627448909324e+00 1.009276330064773586e-04 -3.422568268234136945e-09 -1.333270813936897170e+00 -5.267787985691631258e-02 -1.333270813724454662e+00 -5.771482532328191944e-02
1.014339015107741027e+01 -7.179886821999877686e-05 -7.954005131585651043e+02 -1.114338118566687854e+03 -7.167903521435626819e-05 -1.034962684891540903e+03 5.544769679907107893e-05 5.544769679907107893e-05 2.228676237133375707e+03 2.693441768996561070e+00 9.297563426726469652e-05 -3.153120466694217546e-09 -1.346720884693981990e+00 -5.323577593659845064e-02 -1.346720884498280535e+00 -5.830098581219091136e-02
1.062143340119719248e+01 -6.611078445626390602e-05 -8.030194879302229083e+02 -1.125056597780737093e+03 -6.600044715658380599e-05 -1.044912918399387308e+03 5.105507487380383759e-05 5.105507487380383759e-05 2.250113195561474186e+03 2.719338816973870365e+00 8.561003751563244825e-05 -2.903545932671716692e-09 -1.359669408667129709e+00 -5.377720476491253815e-02 -1.359669408486935183e+00 -5.886593253296890094e-02
1.112200613561059548e+01 -6.088394761520452583e-05 -8.109079571852721529e+02 -1.136066671182545406e+03 -6.078233604286410323e-05 -1.055143172130434778e+03 4.701865608095847119e-05 4.701865608095847119e-05 2.272133342365090812e+03 2.745964961720094522e+00 7.884172777923451406e-05 -2.674213444640494437e-09 -1.372982481025992074e+00 -5.433670888721102432e-02 -1.372982480860047261e+00 -5.944720508655353813e-02
1.164617013619385411e+01 -5.608190726880783874e-05 -8.191044960399053707e+02 -1.147409900281711998e+03 -5.598831230417390214e-05 -1.065693382439919333e+03 4.331028957173947474e-05 4.331028957173947474e-05 2.294819800563423996e+03 2.773424136422869779e+00 7.262350075492506008e-05 -2.463523746695474814e-09 -1.386712068364288397e+00 -5.491683504001074884e-02 -1.386712068211434890e+00 -6.004712628917861089e-02
1.219503722506606280e+01 -5.161231235256324090e-05 -8.264638975862122834e+02 -1.157860760726696071e+03 -5.152617898591299231e-05 -1.075384785428669829e+03 3.985866108156813954e-05 3.985866108156813954e-05 2.315721521453392143e+03 2.798648875716980289e+00 6.683577715433282340e-05 -2.267422025787937342e-09 -1.399324437999158732e+00 -5.545712506012151488e-02 -1.399324437858490144e+00 -6.059932448336052130e-02
1.276977162291000134e+01 -4.751884950208742990e-05 -8.343480251725458174e+02 -1.168877230189242709e+03 -4.743954985504828393e-05 -1.085619644634857650e+03 3.669750271529211494e-05 3.669750271529211494e-05 2.337754460378485419e+03 2.825288392726339470e+00 6.153511774652838801e-05 -2.087827294999203283e-09 -1.412644196492678361e+00 -5.603043430238367067e-02 -1.412644196363169735e+00 -6.118289704802881007e-02
1.337159241843930246e+01 -4.374538787666258063e-05 -8.422105844432683170e+02 -1.179874637844801100e+03 -4.367238775415249464e-05 -1.095835606430720190e+03 3.378346766586669693e-05 3.378346766586669693e-05 2.359749275689602200e+03 2.851879276685286069e+00 5.664883820821589361e-05 -1.922275480888783059e-09 -1.425939638461864334e+00 -5.660829560298322183e-02 -1.425939638342643034e+00 -6.176623554571832042e-02
1.400177615424875910e+01 -4.026403102650978415e-05 -8.499624283525226929e+02 -1.190757588789638930e+03 -4.019684279548011243e-05 -1.105940915140955212e+03 3.109501299430942445e-05 3.109501299430942445e-05 2.381515177579277861e+03 2.878182821553465498e+00 5.214081513444985985e-05 -1.769541938133545561e-09 -1.439091410886462974e+00 -5.718649343444347222e-02 -1.439091410776732749e+00 -6.234424766717084482e-02
1.466165953453220716e+01 -3.703604180460535962e-05 -8.571107107588838971e+02 -1.200996579757161498e+03 -3.697424247647727375e-05 -1.115426563958573524e+03 2.860222376085246596e-05 2.860222376085246596e-05 2.401993159514322997e+03 2.902874453966687973e+00 4.796088677228632006e-05 -1.627925209868815923e-09 -1.451437227084273918e+00 -5.773914005591200549e-02 -1.451437226983343987e+00 -6.288830573106243826e-02
1.535264226041133817e+01 -3.411954635935775639e-05 -8.660191258301437074e+02 -1.213131966885215434e+03 -3.406261601384633092e-05 -1.126734455616343666e+03 2.634998617898763848e-05 2.634998617898763848e-05 2.426263933770430867e+03 2.932309060995579753e+00 4.418431824501875988e-05 -1.499982593333156521e-09 -1.466154530590768390e+00 -5.839406555280067523e-02 -1.466154530497789876e+00 -6.353629517795277015e-02
1.607618999888940792e+01 -3.136862619500005006e-05 -8.727898429024529605e+02 -1.222973610754648917e+03 -3.131628833719562126e-05 -1.135836980161652491e+03 2.422561551514959389e-05 2.422561551514959389e-05 2.445947221509297833e+03 2.956005208502292092e+00 4.062215885417418435e-05 -1.379299471881272480e-09 -1.478002604336625003e+00 -5.894220078460227219e-02 -1.478002604251146046e+00 -6.406105706269463185e-02
1.683383749172745780e+01 -2.884995939131034746e-05 -8.800306119145955108e+02 -1.233324995810355858e+03 -2.880182632759668431e-05 -1.145428854888211845e+03 2.228060272533407255e-05 2.228060272533407255e-05 2.466649991620711717e+03 2.980975741491158182e+00 3.736074879173117671e-05 -1.268809328399843713e-09 -1.490487870824191763e+00 -5.952475903524677425e-02 -1.490487870745579091e+00 -6.461477490425683590e-02
1.762719181083737041e+01 -2.655446231304902247e-05 -8.882262137766040269e+02 -1.244710911834368289e+03 -2.651016153154742066e-05 -1.156014004292022037e+03 2.050793396910769226e-05 2.050793396910769226e-05 2.489421823668736579e+03 3.008532260032033001e+00 3.438832749064505231e-05 -1.168115306405561600e-09 -1.504266130088370623e+00 -6.016930505318437983e-02 -1.504266130016016501e+00 -6.522608264821332102e-02
1.845793576709684558e+01 -2.443948772725854793e-05 -8.964133929852114306e+02 -1.256095059171584808e+03 -2.439871787165353589e-05 -1.166596437811269652e+03 1.887467405685016084e-05 1.887467405685016084e-05 2.512190118343169615e+03 3.036082838062780898e+00 3.164966859148008013e-05 -1.075342949234675995e-09 -1.518041419097978517e+00 -6.082488184274147114e-02 -1.518041419031390449e+00 -6.583891710607976677e-02
1.932783147981688643e+01 -2.244396285147378173e-05 -9.022158196189732280e+02 -1.264912239557042767e+03 -2.240652441528769289e-05 -1.174711943957868925e+03 1.733365700465716887e-05 1.733365700465716887e-05 2.529824479114085534e+03 3.057214462683755407e+00 2.906568285999593541e-05 -9.878034407856667560e-10 -1.528607231403025235e+00 -6.136232899876749303e-02 -1.528607231341877704e+00 -6.631410772879545168e-02
2.023872411443312913e+01 -2.069854389020835050e-05 -9.128898032380519680e+02 -1.278998209397331038e+03 -2.066401956349082233e-05 -1.187887422900815636e+03 1.598578978300619965e-05 1.598578978300619965e-05 2.557996418794662077e+03 3.091516147847452878e+00 2.680557463686175391e-05 -9.112568267240358225e-10 -1.545758073980115110e+00 -6.218098367004118443e-02 -1.545758073923726439e+00 -6.707747486876647347e-02
2.119254579634909064e+01 -1.901305681586210999e-05 -9.191050291598228341e+02 -1.288273748232397338e+03 -1.898134636157835473e-05 -1.196441472502326178e+03 1.468419933923234642e-05 1.468419933923234642e-05 2.576547496464794676e+03 3.113791911395296541e+00 2.462306205599258866e-05 -8.373231802890001142e-10 -1.556895955749441951e+00 -6.276950527054325768e-02 -1.556895955697648271e+00 -6.758165686006231687e-02
2.219131970923321973e+01 -1.751381592933022723e-05 -9.286274938624875404e+02 -1.301136464415753380e+03 -1.748460857518389650e-05 -1.208439107523130588e+03 1.352644227670724396e-05 1.352644227670724396e-05 2.602272928831506761e+03 3.145031538868199306e+00 2.268173238266062638e-05 -7.715749724778587812e-10 -1.572515769481805270e+00 -6.355796326577664579e-02 -1.572515769434099653e+00 -6.828324679580746737e-02
2.323716438646269111e+01 -1.608189634785409520e-05 -9.345548742382752607e+02 -1.310116727203668916e+03 -1.605507955892764379e-05 -1.216707360724103864e+03 1.242066780800340300e-05 1.242066780800340300e-05 2.620233454407337831e+03 3.166566898243841965e+00 2.082756570369038952e-05 -7.087664248656675453e-10 -1.583283449165723278e+00 -6.416498937003418945e-02 -1.583283449121920983e+00 -6.877632280811062093e-02
2.433229820481675176e+01 -1.478437506853428302e-05 -9.419132855985444621e+02 -1.320655593384828990e+03 -1.475972454545746545e-05 -1.226470937172468211e+03 1.141868445790426049e-05 1.141868445790426049e-05 2.641311186769657979e+03 3.191996011964645774e+00 1.914743776050055964e-05 -6.518608692069181599e-10 -1.595998006022587345e+00 -6.487178611371108294e-02 -1.595998005982322887e+00 -6.935706818399607620e-02
2.547904408995127667e+01 -1.359398102481302582e-05 -9.495526000825236679e+02 -1.331510629546942937e+03 -1.357131794588136845e-05 -1.236536439803471012e+03 1.049943015071307395e-05 1.049943015071307395e-05 2.663021259093885874e+03 3.218213160167519238e+00 1.760603079906264496e-05 -5.996571123923767558e-10 -1.609106580120778451e+00 -6.561682429678709905e-02 -1.609106580083759619e+00 -6.995823646423120212e-02
2.667983444363553502e+01 -1.249974237416219974e-05 -9.572922532842490000e+02 -1.342487454221329699e+03 -1.247890622543236383e-05 -1.246717065415534989e+03 9.654431659902205302e-06 9.654431659902205302e-06 2.684974908442659398e+03 3.244732421811108658e+00 1.618913675011144184e-05 -5.516729668426878057e-10 -1.622366210939589548e+00 -6.639243508663017490e-02 -1.622366210905554329e+00 -7.056959699653331253e-02
2.793721630320246163e+01 -1.148219884175366818e-05 -9.639100169160410587e+02 -1.352257932921023894e+03 -1.146306154442431675e-05 -1.255738182507582223e+03 8.868657989006618997e-06 8.868657989006618997e-06 2.704515865842047788e+03 3.268236445216788244e+00 1.487155058072932579e-05 -5.070492956712435057e-10 -1.634118222639655560e+00 -6.713115757460312583e-02 -1.634118222608394122e+00 -7.111906277167794055e-02
2.925385674415631243e+01 -1.056734386694626383e-05 -9.728612994950070743e+02 -1.364582568535165819e+03 -1.054973409497839017e-05 -1.267208020845211422e+03 8.162190358790249905e-06 8.162190358790249905e-06 2.729165137070331639e+03 3.298117040990540705e+00 1.368694718444797311e-05 -4.669414741563133057e-10 -1.649058520524037119e+00 -6.803430876232230418e-02 -1.649058520495270352e+00 -7.181225395409203405e-02
3.063254853739741890e+01 -9.785112363499588270e-06 -9.894177074011957984e+02 -1.385209618535782056e+03 -9.768809040300978905e-06 -1.286640533165171519e+03 7.558159169141142285e-06 7.558159169141142285e-06 2.770419237071564112e+03 3.348727233164017658e+00 1.267411607027323290e-05 -4.326866139167252504e-10 -1.674363616608641969e+00 -6.941583114947041944e-02 -1.674363616582008829e+00 -7.296434178118828273e-02
3.207621607306366940e+01 -8.907330683082885414e-06 -9.850760591463035780e+02 -1.383086315749362711e+03 -8.892492437657930699e-06 -1.284244896173559937e+03 6.880288538829641389e-06 6.880288538829641389e-06 2.766172631498725423e+03 3.342524210653785133e+00 1.153745396165359035e-05 -3.941470167749052925e-10 -1.671262105351133398e+00 -6.961329673899976922e-02 -1.671262105326892566e+00 -7.287759826680849373e-02
3.358792156355409020e+01 -8.218509717343221724e-06 -9.973917000759961411e+02 -1.399141459526526432e+03 -8.204821806945141702e-06 -1.299284668233897946e+03 6.348382931136812852e-06 6.348382931136812852e-06 2.798282919053052865e+03 3.381708649205700912e+00 1.064556040498628360e-05 -3.639722145194878129e-10 -1.690854324625212568e+00 -7.082873448685875206e-02 -1.690854324602850456e+00 -7.379124059301106486e-02
3.517087153889189466e+01 -7.534648435969592131e-06 -1.001861030221986766e+03 -1.406653261134412105e+03 -7.522102251279120395e-06 -1.306127626029970315e+03 5.820287197969668102e-06 5.820287197969668102e-06 2.813306522268824210e+03 3.399561049499521648e+00 9.760048828474109149e-06 -3.339801292665155609e-10 -1.699780524770258650e+00 -7.162319027672200966e-02 -1.699780524749760824e+00 -7.424323533352894522e-02
3.682842364820457703e+01 -6.930148606275372390e-06 -1.010425697471134868e+03 -1.418661983302974704e+03 -6.918611836836779906e-06 -1.317279904603500881e+03 5.353488380938827029e-06 5.353488380938827029e-06 2.837323966605949408e+03 3.428635869746199383e+00 8.977323798767816455e-06 -3.074885604719679433e-10 -1.714317934891948836e+00 -7.271213607314915006e-02 -1.714317934873099691e+00 -7.494893687587125819e-02
3.856409378174787150e+01 -6.368484885998475033e-06 -1.017936485515046684e+03 -1.429546961200154101e+03 -6.357885978950438199e-06 -1.327350749055101915e+03 4.919766544929925786e-06 4.919766544929925786e-06 2.859093922400308202e+03 3.454901031934194400e+00 8.250061591849613976e-06 -2.828718128384695216e-10 -1.727450515984414681e+00 -7.379244383166400079e-02 -1.727450515967097200e+00 -7.560078487370429368e-02
4.038156352858037934e+01 -5.863306869217508402e-06 -1.027887699270864459e+03 -1.443136295458335780e+03 -5.853551632397676932e-06 -1.340009769830802270e+03 4.529672029192294356e-06 4.529672029192294356e-06 2.886272590916671561e+03 3.487910193079283072e+00 7.595956147533967080e-06 -2.607446556848844813e-10 -1.743955096555581452e+00 -7.508545746078214289e-02 -1.743955096539641536e+00 -7.641040139099565531e-02
4.228468798570753506e+01 -5.387121044085597076e-06 -1.035284833676454582e+03 -1.453963889350277668e+03 -5.378160972065848246e-06 -1.350016422282562417e+03 4.161959427737810185e-06 4.161959427737810185e-06 2.907927778700555336e+03 3.514021129906835572e+00 6.979378610150830898e-06 -2.398779957841283584e-10 -1.757010564968059185e+00 -7.628789267727378864e-02 -1.757010564953417786e+00 -7.707749737953088764e-02
4.427750393525924721e+01 -4.952220186860829370e-06 -1.043413783087023148e+03 -1.465629055224573449e+03 -4.943986391431640247e-06 -1.360821065005014134e+03 3.826130787306346055e-06 3.826130787306346055e-06 2.931258110449146898e+03 3.542217029259033811e+00 6.416264974816765158e-06 -2.208261980896948038e-10 -1.771108514642972143e+00 -7.761090323928007684e-02 -1.771108514629516906e+00 -7.780150789924036858e-02
4.636423840704600963e+01 -4.542363528245631678e-06 -1.048717881784219799e+03 -1.474229296538709832e+03 -4.534814083578120873e-06 -1.368683603330456663e+03 3.509634166629254727e-06 3.509634166629254727e-06 2.948458593077419664e+03 3.562760776471175728e+00 5.885564810740286533e-06 -2.028602685826765546e-10 -1.781380388247925994e+00 -7.883195759494884824e-02 -1.781380388235587864e+00 -7.836720190548930598e-02
4.854931764465584365e+01 -4.193728582269872212e-06 -1.062596442057607419e+03 -1.492311536399456600e+03 -4.186761647350147098e-06 -1.385623466578694661e+03 3.240440199858904701e-06 3.240440199858904701e-06 2.984623072798913199e+03 3.606948953532070234e+00 5.434189986510695103e-06 -1.876261587088990012e-10 -1.803474476777421565e+00 -8.070894644976180088e-02 -1.803474476766035117e+00 -7.947269630791573003e-02
5.083737649411040138e+01 -3.830137847914714840e-06 -1.062310347563995947e+03 -1.494839238765316168e+03 -3.823777796328879234e-06 -1.387657811998212537e+03 2.959655499817764411e-06 2.959655499817764411e-06 2.989678477530632335e+03 3.612334832835048193e+00 4.963366549410505501e-06 -1.716584529617271645e-10 -1.806167416427919559e+00 -8.173968369650119747e-02 -1.806167416417524096e+00 -7.972651587519143102e-02
5.323326823499476035e+01 -3.520701657635924381e-06 -1.070518296831766520e+03 -1.506778411345310587e+03 -3.514858442735136324e-06 -1.398699469994470519e+03 2.720715833068927940e-06 2.720715833068927940e-06 3.013556822690621175e+03 3.641185637492703631e+00 4.562717054494071549e-06 -1.581121957065911382e-10 -1.820592818755903286e+00 -8.344746749419100496e-02 -1.820592818746351815e+00 -8.051991191467178233e-02
5.574207487491413815e+01 -3.233993706508111890e-06 -1.077833910182877844e+03 -1.517792958034272488e+03 -3.228629350089137775e-06 -1.408847538863748014e+03 2.499325192936806426e-06 2.499325192936806426e-06 3.035585916068544975e+03 3.667721485287703587e+00 4.191493047545309960e-06 -1.455591084197976132e-10 -1.833860742652621667e+00 -8.521490826625741088e-02 -1.833860742643851793e+00 -8.127885121429992421e-02
5.836911792911337216e+01 -2.969098300869245809e-06 -1.084485521131877704e+03 -1.528136345661015639e+03 -2.964176363098953618e-06 -1.418344537017620723e+03 2.294777085584735880e-06 2.294777085584735880e-06 3.056272691322031278e+03 3.692574774883116362e+00 3.848510079718211423e-06 -1.339600697005610806e-10 -1.846287387449605299e+00 -8.706689087450886211e-02 -1.846287387441558181e+00 -8.201886140255910951e-02
6.111996970812420926e+01 -2.728839353072058315e-06 -1.092602954608059008e+03 -1.540178100130930488e+03 -2.724318769239634211e-06 -1.429456928529380320e+03 2.109258621803032553e-06 2.109258621803032553e-06 3.080356200261860977e+03 3.721650048173628988e+00 3.537437550727574041e-06 -1.234489365158944056e-10 -1.860825024094206359e+00 -8.917226464170463496e-02 -1.860825024086814494e+00 -8.287549219423505364e-02
6.400046513738307397e+01 -2.505182534281912176e-06 -1.099214673348035376e+03 -1.550627657550674030e+03 -2.501035527632374980e-06 -1.439035196274548298e+03 1.936556486757689324e-06 1.936556486757689324e-06 3.101255315101348060e+03 3.746745392290838694e+00 3.247854091129853830e-06 -1.136593251647393808e-10 -1.873372696152201033e+00 -9.132747635451898827e-02 -1.873372696145419347e+00 -8.366505533658907812e-02
6.701671413389014731e+01 -2.306150463947190807e-06 -1.109557559841884995e+03 -1.565320207932768881e+03 -2.302336084420523473e-06 -1.452659528275000412e+03 1.782881932019074131e-06 1.782881932019074131e-06 3.130640415865537761e+03 3.782399219390111256e+00 2.990179842530891573e-06 -1.049712698559587329e-10 -1.891199609701293971e+00 -9.395248866481191452e-02 -1.891199609695055628e+00 -8.472193287156175312e-02
7.017511456616259125e+01 -2.112196420666900391e-06 -1.112993109138507180e+03 -1.572412548708074837e+03 -2.108705903513622729e-06 -1.459002833899449570e+03 1.633107883134430681e-06 1.633107883134430681e-06 3.144825097416149674e+03 3.799103368042128892e+00 2.739039290053413434e-06 -9.646681260044692884e-11 -1.899551684026774323e+00 -9.622852192111255865e-02 -1.899551684021064446e+00 -8.537242978369699586e-02
7.348236582497136737e+01 -1.922125345813239002e-06 -1.107584220381772411e+03 -1.569695850498410209e+03 -1.918951840095712571e-06 -1.455959593052177070e+03 1.486305395567055362e-06 1.486305395567055362e-06 3.139391700996820418e+03 3.791366750378237338e+00 2.492872830829475440e-06 -8.809473260501451233e-11 -1.895683375194310738e+00 -9.795969267762710819e-02 -1.895683375189118669e+00 -8.548471838020549329e-02
7.694548303364732078e+01 -1.810194746494402804e-06 -1.149533838883792896e+03 -1.620161072169889849e+03 -1.807209792966466268e-06 -1.503718661666177013e+03 1.399991223572461044e-06 1.399991223572461044e-06 3.240322144339779697e+03 3.916045541243375006e+00 2.348179998661013388e-06 -8.337414698995726643e-11 -1.958022770626571596e+00 -1.039740639472258449e-01 -1.958022770621687503e+00 -8.871058147617166822e-02
8.057181192809824211e+01 -1.632485991936689206e-06 -1.131298798371251678e+03 -1.603264107413946476e+03 -1.629796879270233636e-06 -1.487099876423780870e+03 1.262696137610525957e-06 1.262696137610525957e-06 3.206528214827892953e+03 3.872972780791249736e+00 2.117943055203432845e-06 -7.548770769235619919e-11 -1.936486390400026014e+00 -1.050476590428017221e-01 -1.936486390395624868e+00 -8.806406469612948484e-02
8.436904443809967802e+01 -1.515373743057543046e-06 -1.153359332078075113e+03 -1.631811749083380391e+03 -1.512881003924647599e-06 -1.513866383252077185e+03 1.172320203494019155e-06 1.172320203494019155e-06 3.263623498166760783e+03 3.943012014976456037e+00 1.966420155836602036e-06 -7.044361439728053740e-11 -1.971506007492308532e+00 -1.100186357682771676e-01 -1.971506007488228018e+00 -9.011265311555817503e-02
8.834523500290913489e+01 -1.377406117628905228e-06 -1.145941771944938182e+03 -1.627270855938605564e+03 -1.375143334705642437e-06 -1.509022981947798371e+03 1.065748051868732391e-06 1.065748051868732391e-06 3.254541711877211128e+03 3.930677427757400366e+00 1.787710269919198601e-06 -6.435086126840330877e-11 -1.965338713882405219e+00 -1.125496973274734136e-01 -1.965338713878700183e+00 -9.025767902873677029e-02
9.250881765581175387e+01 -1.264557291212624019e-06 -1.152463588874341895e+03 -1.638631772186360422e+03 -1.262483118815648200e-06 -1.519336715905069468e+03 9.786169068149341678e-07 9.786169068149341678e-07 3.277263544372720844e+03 3.957891912272596624e+00 1.641613033806487212e-06 -5.942397337744539511e-11 -1.978945956139695150e+00 -1.167398750600718987e-01 -1.978945956136298312e+00 -9.138904785192057678e-02
9.686862391383557735e+01 -1.160236525955579120e-06 -1.158057204883097256e+03 -1.649128333842374559e+03 -1.158336691868848276e-06 -1.528801015254777667e+03 8.980688455762496298e-07 8.980688455762496298e-07 3.298256667684749118e+03 3.982929192681847308e+00 1.506553518084684717e-06 -5.486726445874540212e-11 -1.991464596344035831e+00 -1.212202024291537950e-01 -1.991464596340923654e+00 -9.252276130876593840e-02
1.014339015105832971e+02 -1.062987897369380546e-06 -1.161533559729228045e+03 -1.657414635828281007e+03 -1.061250510072663940e-06 -1.536131616235683168e+03 8.229758322075458324e-07 8.229758322075458324e-07 3.314829271656562014e+03 4.002440990555704126e+00 1.380639036812292001e-06 -5.061166200730899696e-11 -2.001220495280699119e+00 -1.258844535519198782e-01 -2.001220495277852063e+00 -9.358039784258356808e-02
1.062143340119150423e+02 -9.737080440598738478e-07 -1.164646600118219112e+03 -1.665496137674192596e+03 -9.721197890901709729e-07 -1.543239461088283861e+03 7.540357868184526868e-07 7.540357868184526868e-07 3.330992275348385192e+03 4.021414281662285539e+00 1.265041626293134994e-06 -4.670439235290453649e-11 -2.010707140833746021e+00 -1.309470225975407631e-01 -2.010707140831142770e+00 -9.468710134173087545e-02
1.112200613560898717e+02 -9.018355586983742324e-07 -1.183386111775628251e+03 -1.691840920354144600e+03 -9.003680368854542336e-07 -1.567697928461456058e+03 6.985878140301448657e-07 6.985878140301448657e-07 3.383681840708289201e+03 4.085724643527115063e+00 1.172083618778234012e-06 -4.363408013098333127e-11 -2.042862321765964051e+00 -1.384256471395159671e-01 -2.042862321763557532e+00 -9.700083729716721392e-02
1.164617013619343737e+02 -8.258846420424620645e-07 -1.185915355495500989e+03 -1.699824288166377983e+03 -8.245439858288219506e-07 -1.574637627326136680e+03 6.399399567216299287e-07 6.399399567216299287e-07 3.399648576332755965e+03 4.104369743058231990e+00 1.073743916934919441e-06 -4.030989538288468831e-11 -2.052184871531314680e+00 -1.445331109440238515e-01 -2.052184871529115995e+00 -9.825654764866081914e-02
1.219503722506598251e+02 -7.809604808535059935e-07 -1.234969476315515749e+03 -1.762340915307803698e+03 -7.796968569712102578e-07 -1.633365198429931070e+03 6.053992526439990384e-07 6.053992526439990384e-07 3.524681830615607396e+03 4.258334029572835355e+00 1.015874291000573340e-06 -3.856902599631159741e-11 -2.129167014788490242e+00 -1.576555537923326755e-01 -2.129167014786417678e+00 -1.030857824467748540e-01
1.276977162291001520e+02 -6.905909687364924570e-07 -1.186286909011848138e+03 -1.711194933115385311e+03 -6.894761359973852784e-07 -1.584037537936046647e+03 5.354562955479577486e-07 5.354562955479577486e-07 3.422389866230770622e+03 4.130132569232827677e+00 8.985435570603053413e-07 -3.436983557335510567e-11 -2.065066284618243930e+00 -1.578906711304308430e-01 -2.065066284616413839e+00 -1.007219418697604812e-01
1.337159241843934296e+02 -6.284345287947933389e-07 -1.179300493771695301e+03 -1.708879000092292472e+03 -6.274231483595899709e-07 -1.581087196540234117e+03 4.874323594617344401e-07 4.874323594617344401e-07 3.417758000184584944e+03 4.123111315664149679e+00 8.180089318031566843e-07 -3.160805585680981139e-11 -2.061555657833736177e+00 -1.644343987418132591e-01 -2.061555657832074839e+00 -1.015621914031516054e-01
1.400177615424880457e+02 -5.844524633998221133e-07 -1.203164951453743470e+03 -1.743471923414214416e+03 -5.835155018503439049e-07 -1.613092000549482236e+03 4.535421421153188354e-07 4.535421421153188354e-07 3.486943846828428832e+03 4.207543781848360531e+00 7.612054087419075197e-07 -2.978989241263222145e-11 -2.103771890925719479e+00 -1.766820599167891193e-01 -2.103771890924180266e+00 -1.049605417097844856e-01
1.466165953453225939e+02 -5.340650534957537382e-07 -1.201618689619995166e+03 -1.748452683640330633e+03 -5.332121398925117592e-07 -1.616953354989126410e+03 4.146254659119037742e-07 4.146254659119037742e-07 3.496905367280661267e+03 4.218493343055539135e+00 6.959478968286116475e-07 -2.757145763368970235e-11 -2.109246671529171557e+00 -1.857796415539845203e-01 -2.109246671527769568e+00 -1.065162397368007441e-01
1.535264226041139466e+02 -4.940141946528156855e-07 -1.217363810800970441e+03 -1.774742300106152243e+03 -4.932288118282008687e-07 -1.640917680470118057e+03 3.837472216494420340e-07 3.837472216494420340e-07 3.549484600212304485e+03 4.282138752746271315e+00 6.441872403229346929e-07 -2.589000221698589398e-11 -2.141069376374427513e+00 -1.990182660672206727e-01 -2.141069376373135658e+00 -1.096727872556875344e-01
1.607618999888946405e+02 -4.271328302912734375e-07 -1.137833420098824945e+03 -1.685761365526111604e+03 -4.264557475358857166e-07 -1.555874281413574863e+03 3.318431953473154656e-07 3.318431953473154656e-07 3.371522731052223207e+03 4.060484309063320474e+00 5.570724537956310200e-07 -2.257456404769250113e-11 -2.030242154532776677e+00 -1.944647888425588000e-01 -2.030242154531660237e+00 -1.048493492573759345e-01
1.683383749172751607e+02 -4.107873334564523981e-07 -1.206827594884281780e+03 -1.778267640657334823e+03 -4.101404846077812392e-07 -1.642235554935951996e+03 3.194433337879372857e-07 3.194433337879372857e-07 3.556535281314669646e+03 4.287745863454121675e+00 5.363515464104551775e-07 -2.219438420605019993e-11 -2.143872931728127096e+00 -2.208661481298005436e-01 -2.143872931727060838e+00 -1.130217084271340350e-01
1.762719181083743365e+02 -3.795917635788149509e-07 -1.220011984851406396e+03 -1.803734673249022535e+03 -3.789975839723353909e-07 -1.665140084354007968e+03 2.953990642263085200e-07 2.953990642263085200e-07 3.607469346498045070e+03 4.349020946870472137e+00 4.960487324479648664e-07 -2.089433928161692467e-11 -2.174510473436216174e+00 -2.376642254854166303e-01 -2.174510473435236069e+00 -1.166624187342168301e-01
1.845793576709690740e+02 -3.573261623135416713e-07 -1.259693953914384110e+03 -1.863687360751780716e+03 -3.567708807277663147e-07 -1.720355925201514765e+03 2.783406298371739022e-07 2.783406298371739022e-07 3.727374721503561432e+03 4.495257929713322831e+00 4.674885394822487920e-07 -2.011299565081213741e-11 -2.247628964857576683e+00 -2.629502262236392274e-01 -2.247628964856661415e+00 -1.231531324256780746e-01
1.932783147981695322e+02 -3.119885245211391607e-07 -1.191083312774103888e+03 -1.787639356535547904e+03 -3.115060631914418609e-07 -1.647577292905966488e+03 2.431106852281780311e-07 2.431106852281780311e-07 3.575278713071095808e+03 4.305791030918647344e+00 4.083448546502986342e-07 -1.779771700950928741e-11 -2.152895515460121256e+00 -2.621279294431727580e-01 -2.152895515459323672e+00 -1.194859608725038214e-01
2.023872411443319663e+02 -2.899462455510217822e-07 -1.210658142361645787e+03 -1.824223293295024177e+03 -2.895014856407242873e-07 -1.680575340206048395e+03 2.261602037877685170e-07 2.261602037877685170e-07 3.648446586590048355e+03 4.394066335286733072e+00 3.799450361582428574e-07 -1.693433804332394322e-11 -2.197033167644101503e+00 -2.858577429622470856e-01 -2.197033167643366536e+00 -1.246611007612698496e-01
2.119254579634915956e+02 -2.656462622874245827e-07 -1.209743116119853994e+03 -1.835698313976837653e+03 -2.652421124668562342e-07 -1.689868190260454867e+03 2.074010624185245697e-07 2.074010624185245697e-07 3.671396627953675306e+03 4.420292436213608234e+00 3.484915967142539533e-07 -1.587399270121439509e-11 -2.210146218107472471e+00 -3.059296482848259391e-01 -2.210146218106804117e+00 -1.281321195845515348e-01
2.219131970923329220e+02 -2.387076678255520913e-07 -1.181746126243850313e+03 -1.812150783481638427e+03 -2.383473832610731532e-07 -1.666320927161872078e+03 1.865162753325104256e-07 1.865162753325104256e-07 3.624301566963276855e+03 4.360290973928930391e+00 3.134457048446631853e-07 -1.456740645913541338e-11 -2.180145486965062496e+00 -3.188374896707169004e-01 -2.180145486964465196e+00 -1.289260219734681412e-01
2.323716438646276572e+02 -2.259696576689740000e-07 -1.224267013116510952e+03 -1.884612699871351651e+03 -2.256325867293190579e-07 -1.732242164621115080e+03 1.768343500596337726e-07 1.768343500596337726e-07 3.769225399742703303e+03 4.536011627813882008e+00 2.972605534324026406e-07 -1.423199741413701433e-11 -2.268005813907499668e+00 -3.586218647300603024e-01 -2.268005813906941004e+00 -1.381211394745487098e-01
2.433229820481682850e+02 -1.993621309058171699e-07 -1.170425616529030094e+03 -1.827068019096834632e+03 -1.990672869803540772e-07 -1.676882935957029304e+03 1.561207752285276660e-07 1.561207752285276660e-07 3.654136038193669265e+03 4.392450009411724920e+00 2.624747287082426206e-07 -1.281669528839445024e-11 -2.196225004706352735e+00 -3.649136491456024811e-01 -2.196225004705862460e+00 -1.363692034378285733e-01
2.547904408995135555e+02 -1.853528785096902569e-07 -1.186258429341111651e+03 -1.867038030091751125e+03 -1.850822593201698538e-07 -1.712102743116083730e+03 1.453743235638549262e-07 1.453743235638549262e-07 3.734076060183502250e+03 4.487901764980893660e+00 2.444780822944076952e-07 -1.229938972023572685e-11 -2.243950882490896692e+00 -4.009417263122020958e-01 -2.243950882490446830e+00 -1.435046849776946409e-01
2.667983444363561603e+02 -1.700284297290953487e-07 -1.183324255889809365e+03 -1.882783594948596146e+03 -1.697834426759606089e-07 -1.724602425654411718e+03 1.335508939819804479e-07 1.335508939819804479e-07 3.765567189897192293e+03 4.523718935887631076e+00 2.246559272921584685e-07 -1.163494215232076601e-11 -2.261859467944223656e+00 -4.324515576742791745e-01 -2.261859467943815538e+00 -1.488534813903460707e-01
2.793721630320254690e+02 -1.516889781469535217e-07 -1.144103497669652370e+03 -1.846451730533021646e+03 -1.514730915769711646e-07 -1.688866945585596113e+03 1.192760247198634670e-07 1.192760247198634670e-07 3.692903461066043292e+03 4.432196765111946490e+00 2.006837765431344204e-07 -1.065957449170520100e-11 -2.216098382556333402e+00 -4.484711320822413194e-01 -2.216098382555973245e+00 -1.495196431139469706e-01
2.925385674415639983e+02 -1.456949691198270002e-07 -1.197289805177975040e+03 -1.951597780568639564e+03 -1.454916540956708682e-07 -1.783246061757237840e+03 1.148600274881698793e-07 1.148600274881698793e-07 3.903195561137279128e+03 4.685453752089127732e+00 1.933471414502718880e-07 -1.069605096298734549e-11 -2.342726876044903150e+00 -5.174276471578921344e-01 -2.342726876044563866e+00 -1.644970497254064357e-01
3.063254853739750843e+02 -1.271157831116226025e-07 -1.128825501329153212e+03 -1.871887788367778057e+03 -1.269407174288991073e-07 -1.707480001903949415e+03 1.003028253902444061e-07 1.003028253902444061e-07 3.743775576735556115e+03 4.488203883759939394e+00 1.688704714215103197e-07 -9.564926690278418721e-12 -2.244101941880262796e+00 -5.207969263894386414e-01 -2.244101941879969697e+00 -1.613066274170182335e-01
3.207621607306376177e+02 -1.253993308146185873e-07 -1.210258644274757216e+03 -2.034802394166850263e+03 -1.252310374683403389e-07 -1.853566138077450660e+03 9.930372764391260952e-08 9.930372764391260952e-08 4.069604788333700526e+03 4.880187636343956470e+00 1.672996959190770976e-07 -9.945658393627964136e-12 -2.440093818172258899e+00 -6.236221966904064162e-01 -2.440093818171978235e+00 -1.839086034315186580e-01
3.358792156355418683e+02 -1.010265674821132861e-07 -1.049849297706475909e+03 -1.799491044954682366e+03 -1.008921208616033429e-07 -1.636148308583697144e+03 7.994291692329304694e-08 7.994291692329304694e-08 3.598982089909364731e+03 4.306243759892638856e+00 1.346628036299516043e-07 -8.089561185517843005e-12 -2.153121879946546358e+00 -5.619976159406454563e-01 -2.153121879946319428e+00 -1.640195585407011603e-01
3.517087153889199840e+02 -1.016187658979349020e-07 -1.142966928378122020e+03 -1.997547082321753351e+03 -1.014878621504336115e-07 -1.812864431615921376e+03 8.078348398853215154e-08 8.078348398853215154e-08 3.995094164643506701e+03 4.781382491477792485e+00 1.361950024382534079e-07 -8.646074390618473981e-12 -2.390691245739115622e+00 -6.920252802973800854e-01 -2.390691245738896242e+00 -1.922164803263116395e-01
3.682842364820468788e+02 -9.885053993553685052e-08 -1.197482496658953096e+03 -2.144074406140571682e+03 -9.872713228709679842e-08 -1.941449266814418024e+03 7.890112840843008959e-08 7.890112840843008959e-08 4.288148812281143364e+03 5.129886183427847079e+00 1.331204737439614375e-07 -8.865594166731893143e-12 -2.564943091714128709e+00 -8.090478376304032215e-01 -2.564943091713923540e+00 -2.161129410279253593e-01
3.856409378174798803e+02 -8.297591382363398309e-08 -1.082896192980853812e+03 -1.978179632158222148e+03 -8.287424900756789009e-08 -1.787944994098206962e+03 6.626911567211438647e-08 6.626911567211438647e-08 3.956359264316444296e+03 4.725493615800639091e+00 1.118196690914549895e-07 -7.622483808860788834e-12 -2.362746807900490076e+00 -7.766857549807038019e-01 -2.362746807900319546e+00 -2.037412771782544929e-01
4.038156352858049445e+02 -8.657505543139339729e-08 -1.205551317391325256e+03 -2.285035820206960580e+03 -8.647348728735026535e-08 -2.058498550864203480e+03 6.958370330924842450e-08 6.958370330924842450e-08 4.570071640413921159e+03 5.456083048792450541e+00 1.175490347957622880e-07 -8.501855835074524191e-12 -2.728041524396393136e+00 -9.905915795561484050e-01 -2.728041524396225270e+00 -2.491722248956781405e-01
4.228468798570765443e+02 -6.342612870000491805e-08 -9.600741559076271869e+02 -1.830992994900569329e+03 -6.335244321490520512e-08 -1.648580387764983016e+03 5.082376906729527361e-08 5.082376906729527361e-08 3.661985989801138658e+03 4.363587599236916859e+00 8.580942733026421905e-08 -6.236228448784426473e-12 -2.181793799618584107e+00 -7.997629244922492830e-01 -2.181793799618458429e+00 -2.003962810245949466e-01
4.427750393525937511e+02 -6.029978086043711128e-08 -9.740582349881919981e+02 -1.922965411477910266e+03 -6.023250934398725294e-08 -1.726257867801665270e+03 4.853581389430983504e-08 4.853581389430983504e-08 3.845930822955820531e+03 4.578351314852642240e+00 8.201350045207460815e-08 -6.247826642836761430e-12 -2.289175657426435251e+00 -9.057162433271943591e-01 -2.289175657426321120e+00 -2.201467864924634699e-01
4.636423840704614463e+02 -5.649269610316878907e-08 -9.713340079317580376e+02 -1.989914041839339006e+03 -5.643225070673907108e-08 -1.780866898239919237e+03 4.566547810574428048e-08 4.566547810574428048e-08 3.979828083678678013e+03 4.732113315443092993e+00 7.722289353431186226e-08 -6.146646445622536608e-12 -2.366056657721648637e+00 -1.003052985722332924e+00 -2.366056657721546497e+00 -2.374764990447671420e-01
4.854931764465598576e+02 -5.231238456846963432e-08 -9.551775743249806965e+02 -2.035155733840118501e+03 -5.225880365293864788e-08 -1.815624244782810365e+03 4.246023748853271474e-08 4.246023748853271474e-08 4.070311467680237001e+03 4.833204124890026598e+00 7.185577406339563080e-08 -5.961612988871820670e-12 -2.416602062445102561e+00 -1.091828176942156947e+00 -2.416602062445013299e+00 -2.525494603011996242e-01
5.083737649411054349e+02 -4.055184465039621525e-08 -8.101018581844541586e+02 -1.727698585626346130e+03 -4.051181633575112168e-08 -1.541216377865289587e+03 3.287152250347200108e-08 3.287152250347200108e-08 3.455397171252692260e+03 4.100270543127981782e+00 5.561509092269093689e-08 -4.736511148067715214e-12 -2.050135271564060169e+00 -9.650274881231404311e-01 -2.050135271563990891e+00 -2.200081804974921007e-01
5.323326823499490956e+02 -4.191564620514289882e-08 -8.648897085532748861e+02 -1.985112608761937281e+03 -4.187658930332723292e-08 -1.760966975220264885e+03 3.425369438174888057e-08 3.425369438174888057e-08 3.970225217523874562e+03 4.701633212183254251e+00 5.803824143735050758e-08 -5.195872995893401535e-12 -2.350816606091692407e+00 -1.189857651786873749e+00 -2.350816606091627126e+00 -2.646432396972785428e-01
5.574207487491429447e+02 -3.631114746040175804e-08 -7.994269327776225964e+02 -1.895371535896278147e+03 -3.627915072776659056e-08 -1.677407405796048579e+03 2.975737577071808795e-08 2.975737577071808795e-08 3.790743071792556293e+03 4.483981413109204617e+00 5.044496385923481836e-08 -4.690687674343217735e-12 -2.241990706554655599e+00 -1.199163690188740583e+00 -2.241990706554602308e+00 -2.619525940639218509e-01
5.836911792911354269e+02 -3.686700157212983243e-08 -8.308369938091946096e+02 -2.137156739631444452e+03 -3.683619925533870433e-08 -1.880810546604461706e+03 3.042994174428927307e-08 3.042994174428927307e-08 4.274313479262888904e+03 5.043331553034840375e+00 5.165083367449206470e-08 -4.986629966027451649e-12 -2.521665776517469038e+00 -1.420872721350645573e+00 -2.521665776517420188e+00 -3.053381244358088775e-01
6.111996970812439258e+02 -3.272067421245076660e-08 -7.757602199085107486e+02 -2.094232247773485142e+03 -3.269498925194303071e-08 -1.837280794488776337e+03 2.711012457961966854e-08 2.711012457961966854e-08 4.188464495546970284e+03 4.934587358430614579e+00 4.604650184604146714e-08 -4.605769870656888195e-12 -2.467293679215348146e+00 -1.460837528646127925e+00 -2.467293679215307289e+00 -3.092374709551755640e-01
6.400046513738326439e+02 -3.158523066404296866e-08 -7.683283902159548688e+02 -2.238952414306565061e+03 -3.156167038904850172e-08 -1.955095661846052053e+03 2.631018786468877206e-08 2.631018786468877206e-08 4.477904828613130121e+03 5.263057700131031247e+00 4.472995813192206357e-08 -4.603306902611129626e-12 -2.631528850065552039e+00 -1.619234291407605886e+00 -2.631528850065515623e+00 -3.389023602309721439e-01
6.701671413389035479e+02 -2.818606720284261939e-08 -7.145046993412998972e+02 -2.206779151346586332e+03 -2.816640003503404438e-08 -1.920588914834948810e+03 2.357166644374002083e-08 2.357166644374002083e-08 4.413558302693172664e+03 5.178793089641282599e+00 4.010173287855838656e-08 -4.259087799797353798e-12 -2.589396544820671053e+00 -1.662853013560624094e+00 -2.589396544820641299e+00 -3.438022697279401463e-01
7.017511456616281293e+02 -2.177617098241712877e-08 -5.932694018085811649e+02 -1.877916589156018517e+03 -2.176293806089344125e-08 -1.632163662029820443e+03 1.826920104546008049e-08 1.826920104546008049e-08 3.755833178312037035e+03 4.406856283412198927e+00 3.109766757557517451e-08 -3.481343536925196524e-12 -2.203428141706119003e+00 -1.519911237862239917e+00 -2.203428141706099463e+00 -3.081345616588982983e-01
7.348236582497160043e+02 -1.994467404285805352e-08 -5.553812898499328412e+02 -1.903523749367117489e+03 -1.993349443157204071e-08 -1.647528429280910359e+03 1.681855923113131131e-08 1.681855923113131131e-08 3.807047498734234978e+03 4.457888641773912752e+00 2.865374485426443891e-08 -3.300935753066372908e-12 -2.228944320886971919e+00 -1.595756769911450323e+00 -2.228944320886956376e+00 -3.203510404791101718e-01
7.694548303364756521e+02 -1.775223414947119016e-08 -5.048344138285931990e+02 -1.874597984030086536e+03 -1.774324594777472561e-08 -1.616181549066264779e+03 1.504686708339966102e-08 1.504686708339966102e-08 3.749195968060173072e+03 4.382407390082669885e+00 2.565792267976704049e-08 -3.049237678298311517e-12 -2.191203695041345600e+00 -1.632998254284044881e+00 -2.191203695041334942e+00 -3.244683604021698642e-01
8.057181192809850927e+02 -2.019274337684454633e-08 -5.688795146296918119e+02 -2.353601253716819429e+03 -2.018149030410375516e-08 -2.019418274636528622e+03 1.714675341154907132e-08 1.714675341154907132e-08 4.707202507433638857e+03 5.480105342746177222e+00 2.924813424698235466e-08 -3.390456719782974504e-12 -2.740052671373103266e+00 -1.973715906261605646e+00 -2.740052671373088611e+00 -3.955973264858742011e-01
8.436904443809994518e+02 -1.685003839948543179e-08 -4.857864738379373648e+02 -2.170657736130832745e+03 -1.684174474487741611e-08 -1.856623877704994356e+03 1.437737753596445301e-08 1.437737753596445301e-08 4.341315472261665491e+03 5.048290618899620164e+00 2.454431888563827053e-08 -2.949127845838109761e-12 -2.524145309449819852e+00 -1.904827054744202997e+00 -2.524145309449810082e+00 -3.772889786131580769e-01
8.834523500290941911e+02 -1.461342439125217246e-08 -4.246884065212657333e+02 -2.080959270885132355e+03 -1.460692381353751075e-08 -1.773753487872517098e+03 1.252705928840155567e-08 1.252705928840155567e-08 4.161918541770264710e+03 4.832128379966544429e+00 2.140238762336057293e-08 -2.638557302038583059e-12 -2.416064189983278876e+00 -1.883758773695111133e+00 -2.416064189983272215e+00 -3.701160917096549263e-01
9.250881765581204945e+02 -9.801774914790838108e-09 -2.609241598377346349e+02 -1.562923819799993680e+03 -9.798943818329003070e-09 -1.323494420995689552e+03 8.524703680131500618e-09 8.524703680131500618e-09 3.125847639599987360e+03 3.626586200889383438e+00 1.459967140564162938e-08 -1.946162312794144276e-12 -1.813293100444689276e+00 -1.558866637576406866e+00 -1.813293100444691719e+00 -2.993187316491785488e-01
9.686862391383589284e+02 -1.066482585295062748e-08 -2.967597065852447713e+02 -1.860163172579139427e+03 -1.066091679480939559e-08 -1.573132278693023636e+03 9.241056992717768043e-09 9.241056992717768043e-09 3.720326345158278855e+03 4.304318291486646686e+00 1.581688478669590657e-08 -2.033459955451882463e-12 -2.152159145743324231e+00 -1.767117603149295224e+00 -2.152159145743323343e+00 -3.429210036391444061e-01
1.014339015105836438e+03 -1.180901555701525679e-08 -3.610101563004149057e+02 -2.247536115162744409e+03 -1.180417544350576021e-08 -1.901099475340586196e+03 1.018498336394401721e-08 1.018498336394401721e-08 4.495072230325488817e+03 5.191930443286415731e+00 1.741892286697496847e-08 -2.190325920707623374e-12 -2.595965221643211862e+00 -2.073446542401541581e+00 -2.595965221643207865e+00 -4.050132439923181393e-01
1.062143340119154118e+03 -1.329320492572846807e-08 -4.578925116789493472e+02 -2.760426479622245552e+03 -1.328783056006187396e-08 -2.337105948313476347e+03 1.141912931731172165e-08 1.141912931731172165e-08 5.520852959244491103e+03 6.372172214689188152e+00 1.951630099457053289e-08 -2.455519644081743469e-12 -3.186086107344602958e+00 -2.550253816594692857e+00 -3.186086107344594076e+00 -4.978939974752070174e-01
1.112200613560902639e+03 -8.300131342265316548e-09 -2.324921957989994610e+02 -1.929230819730785242e+03 -8.296819104263634658e-09 -1.620258413981227932e+03 7.220049767629666093e-09 7.220049767629666093e-09 3.858461639461570485e+03 4.440281214254953035e+00 1.236589475917159836e-08 -1.569291065754410529e-12 -2.220140607127477850e+00 -1.789946058041159471e+00 -2.220140607127476517e+00 -3.488542092542252782e-01
1.164617013619347745e+03 -8.424155999245869320e-09 -2.614741569225121793e+02 -2.141638896482864766e+03 -8.420925520222710619e-09 -1.799156036224038871e+03 7.311796421309204084e-09 7.311796421309204084e-09 4.283277792965729532e+03 4.926122496607690415e+00 1.251836146254245714e-08 -1.598363617742475168e-12 -2.463061248303847872e+00 -2.003176224019423746e+00 -2.463061248303845208e+00 -3.896056036966538128e-01
1.219503722506602344e+03 -6.830134051940475882e-09 -2.019610508028925437e+02 -1.913221665316438248e+03 -6.827147421638321395e-09 -1.602526313097935372e+03 5.939642143170874450e-09 5.939642143170874450e-09 3.826443330632876496e+03 4.391239604349739700e+00 1.017249743091749974e-08 -1.268154198300779781e-12 -2.195619802174872959e+00 -1.729275173945670874e+00 -2.195619802174869850e+00 -3.389279238637509239e-01
1.276977162291005698e+03 -3.963250024437364513e-09 -9.171125387035175436e+01 -1.220152863697998100e+03 -3.959923095572768751e-09 -1.016448672702817589e+03 3.435888163017582879e-09 3.435888163017582879e-09 2.440305727395996200e+03 2.782228141316008596e+00 5.881795552135707058e-09 -5.939170476607389542e-13 -1.391114070658008961e+00 -8.212888812695077201e-01 -1.391114070658004298e+00 -1.740020634291626622e-01
1.337159241843938844e+03 -1.131045558682554204e-08 -4.070542919721072508e+02 -3.834811595303929607e+03 -1.130977263083632411e-08 -3.212398793618648142e+03 9.903430134156081673e-09 9.903430134156081673e-09 7.669623190607859215e+03 8.825545561333097311e+00 1.697941711057908581e-08 -2.493635189498297828e-12 -4.412772780666543326e+00 -4.284967045176125033e+00 -4.412772780666548655e+00 -8.013720067623011367e-01
