# Transfer functions T_i(k) for adiabatic (AD) mode (normalized to initial curvature=1)
# d_i   stands for (delta rho_i/rho_i)(k,z) with above normalization
# d_tot stands for (delta rho_tot/rho_tot)(k,z) with rho_Lambda NOT included in rho_tot
# (note that this differs from the transfer function output from CAMB/CMBFAST, which gives the same
#  quantities divided by -k^2 with k in Mpc^-1; use format=camb to match CAMB)
# t_i   stands for theta_i(k,z) with above normalization
# t_tot stands for (sum_i [rho_i+p_i] theta_i)/(sum_i [rho_i+p_i]))(k,z)
# If some neutrino species are massless, or degenerate, the d_ncdm and t_ncdm columns may be missing below.
# 1:k (h/Mpc)              2:d_g                    3:d_b                    4:d_cdm                  5:d_ur        6:d_ncdm[0]              7:d_ncdm[1]              8:d_ncdm[2]              9:d_tot                 10:phi     11:psi                   12:h                     13:h_prime               14:eta                   15:eta_prime     16:t_g                   17:t_b                   18:t_ur        19:t_ncdm[0]             20:t_ncdm[1]             21:t_ncdm[2]             22:t_tot
7.016026248427303308e-06 -8.161472324921481233e-05 -6.121389785029411081e-05 -6.121389813998122191e-05 -8.161466561267736964e-05 -6.124715418079862644e-05 5.995884560987748690e-01 5.985787167861090774e-01 1.224277962799624438e-04 3.673065331433086786e-08 1.000011720527506531e+00 3.635831649709595865e-09 -1.720670961044597854e-12 -2.739565825318710086e-16 -1.763994269327903272e-12 -3.818509823535690977e-15
7.346681378602682049e-06 -9.421285823411369850e-05 -7.066325784512414215e-05 -7.066325821180626356e-05 -9.421278516710910331e-05 -7.070164716250380225e-05 5.995884394081397728e-01 5.985787049641086988e-01 1.413265164236125271e-04 4.240062367839623720e-08 1.000011670325450686e+00 3.632232442066241429e-09 -2.177905210919746988e-12 -3.467579537891739567e-16 -2.232767889455818858e-12 -4.833227689387256502e-15
7.692919804968807398e-06 -1.080263040297197200e-04 -8.102427190672713015e-05 -8.102427236771700544e-05 -1.080262120362596428e-04 -8.106828922512577292e-05 5.995883996960651441e-01 5.985786709744087553e-01 1.620485447354340109e-04 4.861762391409142196e-08 1.000011615276846344e+00 3.628285294260816431e-09 -2.738154350370153315e-12 -4.359610725207034989e-16 -2.807160772018869314e-12 -6.076565494932651863e-15
8.055475945648996308e-06 -1.231722887906267264e-04 -9.238489740660016402e-05 -9.238489798293184388e-05 -1.231721736320824591e-04 -9.243508545817113022e-05 5.995883603930678429e-01 5.985786380588433708e-01 1.847697959658636878e-04 5.543442783626554291e-08 1.000011554918287970e+00 3.623958236279059104e-09 -3.423271146500366921e-12 -5.450397411344127720e-16 -3.509577849552845110e-12 -7.597019765935866496e-15
8.435118830826382119e-06 -1.397793409531330273e-04 -1.048415744292429091e-04 -1.048415751463830015e-04 -1.397791974905388738e-04 -1.048985282576686849e-04 5.995883176135639037e-01 5.985786027752203475e-01 2.096831502927660031e-04 6.290890362612155650e-08 1.000011488734600995e+00 3.619213281669914378e-09 -4.259622965137027632e-12 -6.782056427022203769e-16 -4.367055512973468416e-12 -9.453111554124333636e-15
8.832653733960031304e-06 -1.579883829075096199e-04 -1.185000475584435458e-04 -1.185000484472106331e-04 -1.579882049225239020e-04 -1.185644195558212087e-04 5.995882695780498928e-01 5.985785631852742483e-01 2.370000968944212662e-04 7.110450229555852214e-08 1.000011416166491696e+00 3.614011021446404718e-09 -5.279020548336937396e-12 -8.405155409324621991e-16 -5.412208530756355512e-12 -1.171543675163297748e-14
9.248923879877925496e-06 -1.779539254849091224e-04 -1.334762635764906783e-04 -1.334762646741608101e-04 -1.779537054506085281e-04 -1.335487690041489771e-04 5.995882159206114004e-01 5.985785189497889736e-01 2.669525293483216203e-04 8.009079627470592717e-08 1.000011336596673406e+00 3.608306431253752217e-09 -6.519825599406867054e-12 -1.038074958564154842e-15 -6.684368886699343577e-12 -1.446913109572341059e-14
9.684812233369864367e-06 -1.998453791955563652e-04 -1.498973571211285861e-04 -1.498973584727560007e-04 -1.998451080151993325e-04 -1.499787801613520989e-04 5.995881627657450030e-01 5.985784760614686340e-01 2.997947169455120013e-04 8.994406875372644122e-08 1.000011249353415677e+00 3.602051590810962739e-09 -8.028290076884591638e-12 -1.278236189156865598e-15 -8.230956081873341436e-12 -1.781683771412501662e-14
1.014124337207417699e-05 -2.238484837269845906e-04 -1.679027254607475656e-04 -1.679027271208111724e-04 -2.238481503986651088e-04 -1.679939258469612606e-04 5.995881025874425507e-01 5.985784277546635224e-01 3.358054542416223447e-04 1.007479652258069023e-07 1.000011153691386934e+00 3.595193450937159376e-09 -9.860149206213061107e-12 -1.569920752210625449e-15 -1.010912440763568299e-11 -2.188226550668529612e-14
1.061918544763084319e-05 -2.501668852685449561e-04 -1.876452147214586683e-04 -1.876452167556545052e-04 -2.501664765120796487e-04 -1.877471350060656158e-04 5.995880311638075444e-01 5.985783691915865790e-01 3.752904335113090104e-04 1.125942009462485962e-07 1.000011048800242497e+00 3.587673583416534796e-09 -1.208258737574764386e-11 -1.923759838890897021e-15 -1.238774703679408769e-11 -2.681449727194467571e-14
1.111965223926092733e-05 -2.790238635950252318e-04 -2.092924190338133188e-04 -2.092924215215523917e-04 -2.790233633678616126e-04 -2.094060925541395713e-04 5.995879500735987744e-01 5.985783025557985804e-01 4.185848430431047835e-04 1.255833380098419956e-07 1.000010933788101575e+00 3.579428150102179702e-09 -1.477652443247541442e-11 -2.352690840575475433e-15 -1.514980023775460246e-11 -3.279313541000463245e-14
1.164370530412823039e-05 -3.106642231871928946e-04 -2.330281035376710911e-04 -2.330281065747673817e-04 -3.106636121269767416e-04 -2.331546631451257914e-04 5.995878654977467859e-01 5.985782339408274311e-01 4.660562131495347635e-04 1.398256387081463392e-07 1.000010807681507297e+00 3.570387672451748316e-09 -1.803944501516865973e-11 -2.872206675403917286e-15 -1.849523346472165700e-11 -4.003452251871480113e-14
1.219245622904435158e-05 -3.453563605551662947e-04 -2.590537604533105394e-04 -2.590537641553840179e-04 -3.453556153014564222e-04 -2.591944480764540588e-04 5.995877766974961887e-01 5.985781628066582094e-01 5.181075283107680358e-04 1.554420050087979341e-07 1.000010669414751918e+00 3.560475686320186671e-09 -2.198874719296622191e-11 -3.501045432747447125e-15 -2.254441936163494216e-11 -4.879921189112670090e-14
1.276706898829335786e-05 -3.833945323192660412e-04 -2.875903168655868317e-04 -2.875903213718796858e-04 -3.833936247086801785e-04 -2.877464939868728568e-04 5.995876732353738747e-01 5.985780786493433148e-01 5.751806427437593716e-04 1.725650071697053366e-07 1.000010517802043974e+00 3.549607015976390913e-09 -2.676581151053671458e-11 -4.261614320365176583e-15 -2.744230129195784459e-11 -5.940094193405088640e-14
1.336876241257729301e-05 -4.251013599633657498e-04 -3.188800213455924041e-04 -3.188800268242237331e-04 -4.251002560174202416e-04 -3.190531804867616271e-04 5.995875604528293490e-01 5.985779873678541696e-01 6.377600536484474662e-04 1.913399991476491067e-07 1.000010351564076805e+00 3.537690403665254805e-09 -3.254081965848151385e-11 -5.181135014226781936e-15 -3.336338958065170288e-11 -7.221743790291649242e-14
1.399881277431950218e-05 -4.708305428803174586e-04 -3.531884884912477171e-04 -3.531884951446081968e-04 -4.708292016554240498e-04 -3.533802657885721761e-04 5.995874330807968722e-01 5.985778834552633043e-01 7.063769902892163936e-04 2.119263629689352068e-07 1.000010169285020512e+00 3.524623888041585311e-09 -3.951868593626374382e-11 -6.292077238633208534e-15 -4.051775920645709298e-11 -8.770342227095246310e-14
1.465855649480956665e-05 -5.209698648253110066e-04 -3.908069653986766885e-04 -3.908069734710762624e-04 -5.209682369431557596e-04 -3.910191543860761800e-04 5.995872970493179022e-01 5.985777736416413308e-01 7.816139469421525248e-04 2.344988512777694498e-07 1.000009969424356271e+00 3.510297253514615686e-09 -4.794598458631913895e-11 -7.634025777518917962e-15 -4.915827197930944604e-11 -1.064062131229979851e-13
1.534939297893202391e-05 -5.759444554428009861e-04 -4.320547919670897482e-04 -4.320548017522806350e-04 -5.759424814777733097e-04 -4.322893586652473848e-04 5.995871486106170156e-01 5.985776536272112702e-01 8.641096035045612699e-04 2.592490813712712137e-07 1.000009750285960397e+00 3.494588992495054117e-09 -5.811959078878127732e-11 -9.253821747947868128e-15 -5.958925358518521464e-11 -1.289845478998628911e-13
1.607278758349176535e-05 -6.362203885348884569e-04 -4.772821163331693772e-04 -4.772821281854483012e-04 -6.362179968410548074e-04 -4.775412157803739840e-04 5.995869834215760141e-01 5.985775198061737967e-01 9.545642563708966024e-04 2.863871576487845377e-07 1.000009510002990210e+00 3.477365372852818764e-09 -7.039665300535573340e-11 -1.120860462678396308e-14 -7.217693012839868558e-11 -1.562311281755463462e-13
1.683027472543225631e-05 -7.023086237177608281e-04 -5.268728715697233549e-04 -5.268728859156718292e-04 -7.023057280061518548e-04 -5.271588659261074129e-04 5.995868023538951652e-01 5.985773732815746762e-01 1.053745771831343658e-03 3.161434511538382253e-07 1.000009246540858987e+00 3.458480881923343015e-09 -8.520697011065866288e-11 -1.356682826653307379e-14 -8.736198281471201799e-11 -1.890998204060199468e-13
1.762346113653963237e-05 -7.747693119134578662e-04 -5.812480292453066182e-04 -5.812480465982004796e-04 -7.747658083457850155e-04 -5.815635076138176264e-04 5.995866036352318629e-01 5.985772121979490157e-01 1.162496093196400959e-03 3.487705599662955917e-07 1.000008957662088305e+00 3.437774786840940006e-09 -1.030677420972519360e-10 -1.641042247770604857e-14 -1.056746347967585332e-10 -2.287383306341345886e-13
1.845402927153620386e-05 -8.542165247125261228e-04 -6.408691756220546249e-04 -6.408691966009065271e-04 -8.542122881164447915e-04 -6.412169757525250108e-04 5.995863859046837163e-01 5.985770362574530656e-01 1.281738393201813054e-03 3.845454509503392010e-07 1.000008640916271396e+00 3.415073038315054364e-09 -1.246010003638175276e-10 -1.983938234658575923e-14 -1.277527978308648529e-10 -2.765274116649813713e-13
1.932374087679250330e-05 -9.413234287857214335e-04 -7.062424281642580006e-04 -7.062424535130196104e-04 -9.413183086537549142e-04 -7.066256602081287313e-04 5.995861472796528702e-01 5.985768431031405212e-01 1.412484907026039221e-03 4.237718121486097575e-07 1.000008293610597621e+00 3.390180385665041146e-09 -1.505553851130079805e-10 -2.397167380890896532e-14 -1.543638828723418588e-10 -3.341281853501729106e-13
2.023444072722755351e-05 -1.036827958761466851e-03 -7.779227322624697460e-04 -7.779227628773102698e-04 -1.036821773807073592e-03 -7.783448047765641154e-04 5.995858852702936614e-01 5.985766311432837439e-01 1.555845525754620540e-03 4.667826302121431201e-07 1.000007912804493637e+00 3.362888866676015951e-09 -1.818311442908494165e-10 -2.895148560622581946e-14 -1.864310383201213924e-10 -4.035388198962493172e-13
2.118806053932377554e-05 -1.141539030734183653e-03 -8.565185726310464362e-04 -8.565186095910448660e-04 -1.141531562689465868e-03 -8.569832210324197612e-04 5.995855978075315118e-01 5.985763988649519529e-01 1.713037219182089732e-03 5.139430161031251399e-07 1.000007495268202762e+00 3.332966258157213035e-09 -2.195112085119717814e-10 -3.495184750086857748e-14 -2.250646746784208837e-10 -4.871628366521755548e-13
2.218662306855666638e-05 -1.256343345328470506e-03 -9.426971372619192147e-04 -9.426971818634541367e-04 -1.256334331842503572e-03 -9.432084549572498922e-04 5.995852823692693345e-01 5.985761434892928889e-01 1.885394363726908273e-03 5.656533051393332777e-07 1.000007037449313296e+00 3.300156930818193378e-09 -2.648984795321835447e-10 -4.217805557984397248e-14 -2.716003677570626152e-10 -5.878911864035023360e-13
2.323224639993033648e-05 -1.382212844564936934e-03 -1.037189983182381856e-03 -1.037190036988286249e-03 -1.382201969609545434e-03 -1.037752455627807260e-03 5.995849371364778690e-01 5.985758644392537020e-01 2.074380073976572498e-03 6.223524529902365312e-07 1.000006535464394775e+00 3.264185384083064596e-09 -3.195593529502077734e-10 -5.088178656252426048e-14 -3.276444466803623222e-10 -7.092008022397126822e-13
2.432714844071979499e-05 -1.520212867287415231e-03 -1.140799242493886799e-03 -1.140799307383830261e-03 -1.520199750694682488e-03 -1.141417784433164080e-03 5.995845589772829110e-01 5.985755589686616585e-01 2.281598614767660523e-03 6.845217646450472845e-07 1.000005985061538150e+00 3.224747003831797069e-09 -3.853780457605288226e-10 -6.136270616698766229e-14 -3.951287805540798022e-10 -8.552732714055178715e-13
2.547365162494962516e-05 -1.671511083757956824e-03 -1.254404429670648432e-03 -1.254404507905434703e-03 -1.671495268175622606e-03 -1.255084425851140653e-03 5.995841432817631267e-01 5.985752229568472860e-01 2.508809015810869406e-03 7.526889808116952136e-07 1.000005381566701823e+00 3.181506116389685215e-09 -4.646205487295643825e-10 -7.398151094551904763e-14 -4.763766214579537037e-10 -1.031137448010492826e-12
2.667418783958794162e-05 -1.837387285782126050e-03 -1.378969912566588340e-03 -1.378970006865497516e-03 -1.837368221180919314e-03 -1.379717262244995390e-03 5.995836866021528877e-01 5.985748535140686943e-01 2.757940013730995031e-03 8.274327523547327616e-07 1.000004719856932622e+00 3.134097094285710255e-09 -5.600118498146471086e-10 -8.917113425926282005e-14 -5.741817800818729361e-10 -1.242840666692657793e-12
2.793130358290468561e-05 -2.019244097740966696e-03 -1.515553099733167250e-03 -1.515553213365483697e-03 -2.019221122526352209e-03 -1.516374265305046399e-03 5.995831869405832126e-01 5.985744493808154987e-01 3.031106426730967394e-03 9.093875500299131527e-07 1.000003994322715695e+00 3.082116434825181626e-09 -6.748286619275261061e-10 -1.074526268133920493e-13 -6.919037971358130248e-10 -1.497654793062169761e-12
2.924766536593587397e-05 -2.218618685280963378e-03 -1.665313406756943962e-03 -1.665313543663455697e-03 -2.218591002995783969e-03 -1.666215466878993336e-03 5.995826397007084640e-01 5.985740073456324861e-01 3.330627087326911394e-03 9.992490574194103472e-07 1.000003198807984717e+00 3.025131575115794079e-09 -8.130102419028326344e-10 -1.294588152705221171e-13 -8.335823038087450025e-10 -1.804323742826583780e-12
3.062606536851101359e-05 -2.437195576690181793e-03 -1.829522096671371088e-03 -1.829522261583643511e-03 -2.437162230157795696e-03 -1.830512804239607487e-03 5.995820386602765950e-01 5.985735214448727470e-01 3.659044523167287021e-03 1.097780075768638071e-06 1.000002326562864141e+00 2.962653157673078397e-09 -9.792947023304724831e-10 -1.559389921121531699e-13 -1.004074512621514299e-09 -2.173361368941388635e-12
3.206942736184088306e-05 -2.676820707785183655e-03 -2.009573079996441938e-03 -2.009573278605064975e-03 -2.676780545889621832e-03 -2.010660925450167506e-03 5.995813791003093973e-01 5.985729879394272590e-01 4.019146557210129950e-03 1.205816989260417173e-06 1.000001370187194816e+00 2.894152899934927431e-09 -1.179378148035024126e-09 -1.877992113044209078e-13 -1.209220449953046981e-09 -2.617408773789959519e-12
3.358081291022823391e-05 -2.939516767147548268e-03 -2.206994745353750825e-03 -2.206994984511316971e-03 -2.939468404686136800e-03 -2.208189025733595968e-03 5.995806569560530042e-01 5.985724043650554327e-01 4.413989969022633943e-03 1.324276863598166832e-06 1.000000321577915630e+00 2.819056925587880813e-09 -1.420107710811475249e-09 -2.261376548856611202e-13 -1.456041549067153834e-09 -3.151664023714107574e-12
3.516342786505619224e-05 -3.227499948153092491e-03 -2.423462912668786391e-03 -2.423463200603840663e-03 -3.227441720801522800e-03 -2.424773806873630703e-03 5.995798641117072725e-01 5.985717630905692532e-01 4.846926401207681326e-03 1.454165245454936751e-06 9.999991718307390531e-01 2.736725652627134908e-09 -1.709718234155485675e-09 -2.722547133330167396e-13 -1.752979268738984802e-09 -3.794399577653697818e-12
3.682062916482884102e-05 -3.543198340234192389e-03 -2.660815087694901222e-03 -2.660815434321095983e-03 -3.543128244565818975e-03 -2.662253738552139426e-03 5.995789961565971549e-01 5.985710617746455853e-01 5.321630868642191967e-03 1.596584668583458277e-06 9.999979112027500561e-01 2.646466680459133174e-09 -2.058105501294422528e-09 -3.277432448588094380e-13 -2.110181947531191830e-09 -4.567581814864229661e-12
3.855593195568782591e-05 -3.889271918733938019e-03 -2.921066018838365270e-03 -2.921066436058734200e-03 -3.889187548148439946e-03 -2.922644622394378940e-03 5.995780434974194995e-01 5.985702915272084201e-01 5.842132872117468401e-03 1.752744043807596746e-06 9.999965290016999964e-01 2.547515488345496373e-09 -2.477170619993964383e-09 -3.944831441509700450e-13 -2.539849380294277156e-09 -5.497618501137072537e-12
4.037301704750867638e-05 -4.268634501475223643e-03 -3.206424830962292718e-03 -3.206425333099402388e-03 -4.268532961141898070e-03 -3.208156733726488189e-03 5.995769991070148963e-01 5.985694471841783715e-01 6.412850666198804776e-03 1.923968887214101581e-06 9.999950135113104821e-01 2.439038115872349084e-09 -2.981216239860596875e-09 -4.747609404423696141e-13 -3.056646962643893289e-09 -6.616253825295088193e-12
4.227573872139197734e-05 -4.684477637585207979e-03 -3.519313752941409350e-03 -3.519314357213686097e-03 -4.684355447700089096e-03 -3.521213557575312778e-03 5.995758540220987864e-01 5.985685214033235058e-01 7.038628714427372195e-03 2.111712586271154475e-06 9.999933518818794331e-01 2.320120236263978670e-09 -3.587436542176651402e-09 -5.713140318646762984e-13 -3.678203213665259634e-09 -7.961646314328835749e-12
4.426813290511037599e-05 -5.140296730793364986e-03 -3.862388679328416022e-03 -3.862389406434855749e-03 -5.140149708561096188e-03 -3.864472359478179735e-03 5.995745984777035575e-01 5.985675061299035038e-01 7.724778812869711499e-03 2.317568727662337632e-06 9.999915300273493068e-01 2.189758865337880434e-09 -4.316499666399183234e-09 -6.874262526308865974e-13 -4.425707571321231752e-09 -9.579662430596400883e-12
4.635442573385247899e-05 -5.639919536491080909e-03 -4.238561705703894691e-03 -4.238562580559751720e-03 -5.639742649859791519e-03 -4.240846730659970400e-03 5.995732214603198829e-01 5.985663928676311363e-01 8.477125161119503441e-03 2.543284621725558551e-06 9.999895325139990243e-01 2.046854593620829890e-09 -5.193242591328052025e-09 -8.270865719256213965e-13 -5.324628538847575027e-09 -1.152543113639238976e-11
4.853904251442220998e-05 -6.187537252287292518e-03 -4.651025857203575087e-03 -4.651026909729112299e-03 -6.187324457902931840e-03 -4.653531326965402483e-03 5.995717129023230285e-01 5.985651733037276045e-01 9.302053819458224598e-03 2.790776113169351203e-06 9.999873424135050648e-01 1.890207484079126805e-09 -6.247524689528226592e-09 -9.950224658325179716e-13 -6.405576333104439971e-09 -1.386521136247891419e-11
5.082661711190781650e-05 -6.787738357332942507e-03 -5.103282138825337294e-03 -5.103283405007725398e-03 -6.787482387668978580e-03 -5.106028930430382348e-03 5.995700577397143904e-01 5.985638349182954565e-01 1.020656681001545080e-02 3.062143874942180575e-06 9.999849411713879199e-01 1.718498065565381644e-09 -7.515226690167381082e-09 -1.196962174458778537e-12 -7.705339023881388238e-09 -1.667863542853749029e-11
5.322200177873104532e-05 -7.445545588257905523e-03 -5.599169300157819801e-03 -5.599170823245075944e-03 -7.445237711095837110e-03 -5.602180225858134285e-03 5.995682433694665692e-01 5.985623676666580462e-01 1.119834164649015189e-02 3.359691179222280158e-06 9.999823084409092955e-01 1.530283043607026434e-09 -9.039471916272289356e-09 -1.439761397162418621e-12 -9.268127056367878529e-09 -2.006140215985400528e-11
5.573027744692502986e-05 -8.166456090078211272e-03 -6.142896367345240284e-03 -6.142898199392223153e-03 -8.166085803990377756e-03 -6.146196345459141799e-03 5.995662544040678554e-01 5.985607595219101240e-01 1.228579639878444631e-02 3.685943471791169405e-06 9.999794219348157043e-01 1.323984162569525456e-09 -1.087207200092402639e-08 -1.731734857426439360e-12 -1.114706777549266729e-08 -2.412851188366145628e-11
5.835676450547240502e-05 -8.956485126639476824e-03 -6.739078359915428099e-03 -6.739080563426428500e-03 -8.956039816993621033e-03 -6.742694598764981638e-03 5.995640736897656087e-01 5.985589961332354880e-01 1.347816112685285700e-02 4.043669790484131664e-06 9.999762572149634154e-01 1.097870722902264464e-09 -1.307529969429037014e-08 -2.082766092472655002e-12 -1.340599994007340273e-08 -2.901815365383467279e-11
6.110703408556359144e-05 -9.822213633560453877e-03 -7.392775451660942021e-03 -7.392778101783618883e-03 -9.821678144600030219e-03 -7.396737647599046887e-03 5.995616826930584287e-01 5.985570623282278069e-01 1.478555620356723777e-02 4.435906246799542519e-06 9.999727874864815513e-01 8.500484622732304017e-10 -1.572397611742253437e-08 -2.504738169396873456e-12 -1.612162821564902731e-08 -3.489636552184923523e-11
6.398691987771303036e-05 -1.077083985185395276e-02 -8.109535896592459311e-03 -8.109539083716994085e-03 -1.077019595871965031e-02 -8.113876446500481454e-03 5.995590613722117102e-01 5.985549425046815530e-01 1.621907816743398817e-02 4.865981779307626857e-06 9.999689833999642063e-01 5.784458057589043284e-10 -1.890797448086425165e-08 -3.012124191656027510e-12 -1.938610979843093527e-08 -4.196263796997215536e-11
6.700253050579889705e-05 -1.181023529778555715e-02 -8.895443093423792413e-03 -8.895446926143569383e-03 -1.180946111612951599e-02 -8.900197321989260224e-03 5.995561876259334344e-01 5.985526182401205153e-01 1.779089385228713877e-02 5.337546387797429808e-06 9.999648127638094408e-01 2.807936555177626058e-10 -2.273529893894751037e-08 -3.622025954779601193e-12 -2.331015859102666783e-08 -5.045663061230879607e-11
7.016026248427330921e-05 -1.294900548938323660e-02 -9.757167177824998400e-03 -9.757171786630011376e-03 -1.294807472705250019e-02 -9.762373580223431338e-03 5.995530367763455271e-01 5.985500694824534840e-01 1.951434357326002275e-02 5.854602094494687571e-06 9.999602403088394542e-01 -4.538961539547489107e-11 -2.733567678110491868e-08 -4.355123516353843899e-12 -2.802677094958303385e-08 -6.066624041000761559e-11
7.346681378602710848e-05 -1.419655569612364616e-02 -1.070202162094962758e-02 -1.070202716285119718e-02 -1.419543674927016899e-02 -1.070772212112613107e-02 5.995495828604333610e-01 5.985472757572539715e-01 2.140405432570239436e-02 6.421536857749768606e-06 9.999552273859251272e-01 -4.028205970167364619e-10 -3.286490766228984388e-08 -5.236458687928091144e-12 -3.369569591350069944e-08 -7.293727760778984520e-11
7.692919804968837891e-05 -1.556316187429687171e-02 -1.173802522253248812e-02 -1.173803188607178832e-02 -1.556181679644326292e-02 -1.174426544630034416e-02 5.995457963591889206e-01 5.985442125914663958e-01 2.347606377214357665e-02 7.043161804726130539e-06 9.999497316365545396e-01 -7.944660966751979293e-10 -3.951016196659272256e-08 -6.295710328267396363e-12 -4.050879745248925588e-08 -8.768507482419464198e-11
8.055475945649029172e-05 -1.706004740139607442e-02 -1.287397013601393296e-02 -1.287397814781107534e-02 -1.705843061441636097e-02 -1.288079969947887940e-02 5.995416455491592300e-01 5.985408544297577960e-01 2.574795629562215069e-02 7.724751996793068548e-06 9.999437066428240595e-01 -1.223575353135906009e-09 -4.749618419024533011e-08 -7.568814529606789484e-12 -4.869648620462223321e-08 -1.054084149200394718e-10
8.435118830826415662e-05 -1.869946562196598758e-02 -1.411949639650199664e-02 -1.411950602893199264e-02 -1.869752238171276670e-02 -1.412696920834498673e-02 5.995370949662977011e-01 5.985371724297373630e-01 2.823901205786398527e-02 8.472091164918593980e-06 9.999371015384397321e-01 -1.693699285669209043e-09 -5.709284873690528856e-08 -9.098879031907944776e-12 -5.853543124919180852e-08 -1.267062237371089078e-10
8.832653733960066540e-05 -2.049478867954171446e-02 -1.548517368479381158e-02 -1.548518526518378145e-02 -2.049245324455876288e-02 -1.549334826116188432e-02 5.995321066208174621e-01 5.985331358312235839e-01 3.097037053036756291e-02 9.291520700326029778e-06 9.999298605722937161e-01 -2.208713879051700948e-09 -6.862417338397042288e-08 -1.093766257893735744e-11 -7.035780478987154174e-08 -1.522975840155634627e-10
9.248923879877960733e-05 -2.246060272567481156e-02 -1.698259090033658186e-02 -1.698260482196417565e-02 -2.245779616969444462e-02 -1.699153069020484588e-02 5.995266384096177292e-01 5.985287103737715331e-01 3.396520964392835129e-02 1.018999342004921866e-05 9.999219227021726164e-01 -2.772858870662122521e-09 -8.247913884131453972e-08 -1.314728787372533749e-11 -8.456236191515009184e-08 -1.830457329569145557e-10
9.684812233369901636e-05 -2.461280990689984280e-02 -1.862445441231778617e-02 -1.862447114776081755e-02 -2.460943747116950062e-02 -1.863422813061992728e-02 5.995206445055402122e-01 5.985238589028747391e-01 3.724894229552163510e-02 1.117513245611229704e-05 9.999132210340868632e-01 -3.390759329531898592e-09 -9.912461684613148506e-08 -1.580241788453743166e-11 -1.016277131592809919e-07 -2.199867878473914212e-10
1.014124337207421528e-04 -2.696873704264611191e-02 -2.042469571717677249e-02 -2.042471583406691230e-02 -2.696468500414221647e-02 -2.043537768130623128e-02 5.995140741567787090e-01 5.985185399819737961e-01 4.084943166813382459e-02 1.225529585810781397e-05 9.999036822768083699e-01 -4.067471765522954048e-09 -1.191209228502001027e-07 -1.899252779854058117e-11 -1.221282207127740668e-07 -2.643641863688046589e-10
1.061918544763088148e-04 -2.954725142215090805e-02 -2.239858953520093218e-02 -2.239861371592654846e-02 -2.954238324437096982e-02 -2.241026000061965492e-02 5.995068725310442881e-01 5.985127092043628361e-01 4.479722743185309691e-02 1.343964734057859659e-05 9.998932261805907329e-01 -4.808502450546240759e-09 -1.431403083089531786e-07 -2.282527345726656571e-11 -1.467530298115148341e-07 -3.176698547341763340e-10
1.111965223926096764e-04 -3.236888307372184220e-02 -2.456288316670808200e-02 -2.456291223059629131e-02 -3.236303497056117889e-02 -2.457562865270486799e-02 5.994989789357667576e-01 5.985063170717251912e-01 4.912582446119258262e-02 1.473823392404440444e-05 9.998817647986569801e-01 -5.619866830297372355e-09 -1.719892684591195830e-07 -2.742974921863429173e-11 -1.763288401950688742e-07 -3.816935810700918422e-10
1.164370530412827071e-04 -3.545595411965647703e-02 -2.693593841503056849e-02 -2.693597334602401694e-02 -3.544892962068026815e-02 -2.694985201396560281e-02 5.994903277590144519e-01 5.984993101234794555e-01 5.387194669204803388e-02 1.616207093419780468e-05 9.998692018861872199e-01 -6.508112314745006947e-09 -2.066351140476815099e-07 -3.296043639206249278e-11 -2.118471480755944730e-07 -4.585819419123467509e-10
1.219245622904439495e-04 -3.883271424341821348e-02 -2.953788700590444585e-02 -2.953792898674722708e-02 -3.882427762779606939e-02 -2.955306866467141344e-02 5.994808461096714503e-01 5.984916290240105408e-01 5.907585797349445417e-02 1.772323529586271218e-05 9.998554319844742411e-01 -7.480378405338175009e-09 -2.482376313271468227e-07 -3.960362142715641790e-11 -2.544968068872728523e-07 -5.509088642052118042e-10
1.276706898829340394e-04 -4.252548182340761679e-02 -3.239080111400587103e-02 -3.239085156404204052e-02 -4.251535046923582417e-02 -3.240735786990699835e-02 5.994704549244425085e-01 5.984832092007352777e-01 6.478170312808408104e-02 1.943496765592049054e-05 9.998403397125242842e-01 -8.544438074188839107e-09 -2.981872468620432322e-07 -4.758184789958184975e-11 -3.057029411620292159e-07 -6.617598831938454481e-10
1.336876241257733977e-04 -4.656279019193781260e-02 -3.551888016198400527e-02 -3.551894078637220925e-02 -4.655062527715460308e-02 -3.553692632106027899e-02 5.994590675037936300e-01 5.984739798813846212e-01 7.103788157274441850e-02 2.131178439718272181e-05 9.998237986779130448e-01 -9.708738979060780382e-09 -3.581502270384032997e-07 -5.716240920805147328e-11 -3.671734013926735957e-07 -7.948327542702970431e-10
1.399881277431955131e-04 -5.097553741465931515e-02 -3.894865560887819655e-02 -3.894872845475012141e-02 -5.096093285517185739e-02 -3.896831283925562828e-02 5.994465889548604709e-01 5.984638635114086780e-01 7.789745690950024282e-02 2.336960038397989012e-05 9.998056706134017535e-01 -1.098247298441548438e-08 -4.301228472553616868e-07 -6.866583474669692722e-11 -4.409542110262757728e-07 -9.545575643844846381e-10
1.465855649480961916e-04 -5.579713825360229501e-02 -4.270921541321592851e-02 -4.270930293770507785e-02 -5.577960750336575374e-02 -4.273061272886480993e-02 5.994329155636882733e-01 5.984527752145606394e-01 8.541860587541015570e-02 2.562586345930945359e-05 9.997858041507868831e-01 -1.237561741531225456e-08 -5.164959455572710829e-07 -8.247596819105737764e-11 -5.294956682346447813e-07 -1.146239892429331531e-09
1.534939297893208015e-04 -6.106367600487151021e-02 -4.683245002079191449e-02 -4.683255517383309863e-02 -6.104263635045090869e-02 -4.685572362261069407e-02 5.994179338663195855e-01 5.984406220436171431e-01 9.366511034766619725e-02 2.809970186508418233e-05 9.997640336676197892e-01 -1.389899411316220612e-08 -6.201317689791007786e-07 -9.905302904992895164e-11 -6.357311043922836923e-07 -1.376231453511862044e-09
1.607278758349182295e-04 -6.681405165889056641e-02 -5.135332197261260195e-02 -5.135344829458326349e-02 -6.678880540694875911e-02 -5.137861490362676670e-02 5.994015198172439884e-01 5.984273022293639110e-01 1.027068965891665270e-01 3.081208578064227610e-05 9.997401781002618337e-01 -1.556433858523502625e-08 -7.444555507415687043e-07 -1.189480654673675422e-10 -7.631706362866875669e-07 -1.652133188724189612e-09
1.683027472543232000e-04 -7.309012668439238136e-02 -5.631016136459352645e-02 -5.631031310387112077e-02 -7.305983882617021752e-02 -5.633762293074092570e-02 5.993835378403430392e-01 5.984127044155751474e-01 1.126206262077422415e-01 3.378600430889405315e-05 9.997140393287407001e-01 -1.738434937418910373e-08 -8.935642964296708911e-07 -1.428211665215189378e-10 -9.160126271577886409e-07 -1.983036765932842360e-09
1.762346113653969946e-04 -7.993685503811387427e-02 -6.174498962900426546e-02 -6.174517188195031980e-02 -7.990052675955680583e-02 -6.177477452347363007e-02 5.993638398421374802e-01 5.983967067567430576e-01 1.234903437639006396e-01 3.704665941048474983e-05 9.996854006739177567e-01 -1.937274930674542495e-08 -1.072356150749278846e-06 -1.714621428754794597e-10 -1.099276085856790310e-06 -2.379811482262492264e-09
1.845402927153627366e-04 -8.740239919712405881e-02 -6.770387431132995903e-02 -6.770409319183127994e-02 -8.735883620771268954e-02 -6.773614137121786172e-02 5.993422639768717364e-01 5.983791758518947068e-01 1.354081863836625599e-01 4.062167841130983188e-05 9.996540254168742035e-01 -2.154435718621480242e-08 -1.286683766470912501e-06 -2.058160365116772598e-10 -1.318957734319943388e-06 -2.855444643430941494e-09
1.932374087679258055e-04 -9.553822287317356721e-02 -7.423731784885002905e-02 -7.423758068761295015e-02 -9.548599812509027396e-02 -7.427222835057614714e-02 5.993186336643094858e-01 5.983599658787159825e-01 1.484751613752259003e-01 4.454134675366070307e-05 9.996196548724800568e-01 -2.391513424477957715e-08 -1.543536141680404673e-06 -2.470124454234381932e-10 -1.582218056482336061e-06 -3.425444828246885736e-09
2.023444072722763414e-04 -1.043991532629597874e-01 -8.140068348407322740e-02 -8.140099907093087395e-02 -1.043365622670681947e-01 -8.143839887736045724e-02 5.992927560441797530e-01 5.983389172874806761e-01 1.628019981418617479e-01 4.883886299228669067e-05 9.995820062664354522e-01 -2.650224630927687237e-08 -1.851253355751884947e-06 -2.964027045759818248e-10 -1.897601345960280995e-06 -4.108318806181191671e-09
2.118806053932385889e-04 -1.140434009212596411e-01 -8.925466191762766732e-02 -8.925504078746926417e-02 -1.139684095541258074e-01 -8.929534086299907580e-02 5.992644207106099241e-01 5.983158555484787700e-01 1.785100815749385283e-01 5.355061812223467862e-05 9.995407708275799719e-01 -2.932411722966889669e-08 -2.219780862635625533e-06 -3.555998840721674269e-10 -2.275295554403501315e-06 -4.926135036154454642e-09
2.218662306855675515e-04 -1.245325268146723480e-01 -9.786578260591209666e-02 -9.786623737687359659e-02 -1.244427095883486045e-01 -9.790957716276781075e-02 5.992333987039204501e-01 5.982905901942414673e-01 1.957324747537471932e-01 5.871650152247174354e-05 9.994956122137115262e-01 -3.240046495321706498e-08 -2.660969389711575271e-06 -4.265223487378340712e-10 -2.727438585262123265e-06 -5.905187529330973336e-09
2.323224639993043134e-04 -1.359313451786927918e-01 -1.073069735294015503e-01 -1.073075193340715522e-01 -1.358238096835392705e-01 -1.073540243425655238e-01 5.991994397679614170e-01 5.982629130251231331e-01 2.146150386681431044e-01 6.438023587397118325e-05 9.994461620803937185e-01 -3.575234850118901096e-08 -3.188923034584478559e-06 -5.114888365720086118e-10 -3.268478216232003479e-06 -7.076777169739990712e-09
2.432714844071989324e-04 -1.483077312037056616e-01 -1.176581748033116576e-01 -1.176588297402507977e-01 -1.481790359152267700e-01 -1.177086049885406188e-01 5.991622718557904070e-01 5.982325960676034837e-01 2.353176594805015953e-01 7.058974419829870011e-05 9.993920200525437947e-01 -3.940217978516188739e-08 -3.820420578571163408e-06 -6.132143627759466665e-10 -3.915594814408830058e-06 -8.478127557325716655e-09
2.547365162494972884e-04 -1.617323383954019644e-01 -1.290070102127148233e-01 -1.290077959565706089e-01 -1.615783886976657480e-01 -1.290609178061694617e-01 5.991215986163620499e-01 5.981993908875580246e-01 2.580155919131412179e-01 7.739755133330843888e-05 9.993327487469563231e-01 -4.337372608662069987e-08 -4.575390422302823218e-06 -7.349686521320246109e-10 -4.689195420322998906e-06 -1.015345811495511158e-08
2.667418783958805275e-04 -1.762781745014053991e-01 -1.414495229494016348e-01 -1.414504654174062459e-01 -1.760941063051693622e-01 -1.415069715058090427e-01 5.990770978702311123e-01 5.981630260911141583e-01 2.829009308348124918e-01 8.486122380936130210e-05 9.992678721459766766e-01 -4.769209590772344854e-08 -5.477480778186272723e-06 -8.806189240988896792e-10 -5.613490475254206430e-06 -1.215523513063195804e-08
2.793130358290480081e-04 -1.920200322400971160e-01 -1.550909809877581702e-01 -1.550921111969613408e-01 -1.918000707341851185e-01 -1.551519880821939368e-01 5.990284195372177489e-01 5.981232060150145635e-01 3.101842223939226817e-01 9.304385111700839745e-05 9.991968718552924900e-01 -5.238369272597623144e-08 -6.554709731706296668e-06 -1.054796761105393049e-09 -6.717164037243559795e-06 -1.454562747377489420e-08
2.924766536593599391e-04 -2.090337236270898014e-01 -1.700467589524554679e-01 -1.700481139807080433e-01 -2.087710231660558635e-01 -1.701112820714408280e-01 5.989751834365230065e-01 5.980796079197205906e-01 3.400962279614160866e-01 1.020145725553798735e-04 9.991191839530966234e-01 -5.747612538003584527e-08 -7.840230150007763285e-06 -1.262984713973542820e-09 -8.034149980988284493e-06 -1.739819160392255950e-08
3.062606536851113963e-04 -2.273950892698598514e-01 -1.864433033964181530e-01 -1.864449274877862661e-01 -2.270815537841447407e-01 -1.865112227494707398e-01 5.989169769142819177e-01 5.980318793606003158e-01 3.728898549755725322e-01 1.118491536815094460e-04 9.990341951155892186e-01 -6.299809380691321772e-08 -9.373212862216536098e-06 -1.511614270250185441e-09 -9.604526771032628480e-06 -2.079981549617446508e-08
3.206942736184100503e-04 -2.471787696249581334e-01 -2.044191892542973343e-01 -2.044211352848318286e-01 -2.468048249474113498e-01 -2.044902871325361970e-01 5.988533529744792805e-01 5.979796375072702341e-01 4.088422705696636572e-01 1.226306170302457010e-04 9.989412391705863037e-01 -6.897919399153317853e-08 -1.119983121692000024e-05 -1.808433165311601279e-09 -1.147554391610917845e-05 -2.485295116141336637e-08
3.358081291022836537e-04 -2.684566309372257153e-01 -2.241262762992254909e-01 -2.241286073554363267e-01 -2.680109835648143424e-01 -2.242002120689844391e-01 5.987838281174527877e-01 5.979224654030570463e-01 4.482572147108726535e-01 1.344499319909354625e-04 9.988395932901206198e-01 -7.544968917915718351e-08 -1.337442946620518374e-05 -2.162529643318194108e-09 -1.370279247962212521e-05 -2.967815838644314867e-08
3.516342786505633725e-04 -2.912958536124020670e-01 -2.457309737668508243e-01 -2.457337649944972002e-01 -2.907652147502718942e-01 -2.458072538906863613e-01 5.987078787363903087e-01 5.978599082551336874e-01 4.914675299889944005e-01 1.474067696255485849e-04 9.987284733795608327e-01 -8.244019390773721878e-08 -1.596082706151058251e-05 -2.584539100225110558e-09 -1.635153067349883702e-05 -3.541698883434387911e-08
3.682062916482898196e-04 -3.157566378225964976e-01 -2.694156247087185485e-01 -2.694189657301206964e-01 -3.151253833484973788e-01 -2.694935672068982657e-01 5.986249407495909391e-01 5.977914737568407189e-01 5.388379314602413928e-01 1.616103274307051005e-04 9.986070305774190636e-01 -8.998124400639066693e-08 -1.903374814587971913e-05 -3.087223740002774083e-09 -1.949817377404376099e-05 -4.223523420937290186e-08
3.855593195568798176e-04 -3.418893773608863151e-01 -2.953800190503335088e-01 -2.953840163874931202e-01 -3.411392139090084208e-01 -2.954587108978281029e-01 5.985344046611793534e-01 5.977166247361194173e-01 5.907680327749862403e-01 1.771802317359372236e-04 9.984743456472119361e-01 -9.810281729091777994e-08 -2.268050945525651126e-05 -3.685255753619069904e-09 -2.323195200036480611e-05 -5.032653294543477741e-08
4.037301704750884037e-04 -3.697314186487325460e-01 -3.238430492441947139e-01 -3.238478296710197157e-01 -3.688409505044668024e-01 -3.239212965038826275e-01 5.984356158371648693e-01 5.976347805115302947e-01 6.476956593420394315e-01 1.942475235761635297e-04 9.983294265318134464e-01 -1.068336716514203628e-07 -2.700275087845429336e-05 -4.396164213901071640e-09 -2.765673613018864634e-05 -5.991635967551209468e-08
4.227573872139214674e-04 -3.993031650150982714e-01 -3.550445192375651371e-01 -3.550502333639690700e-01 -3.982474549477373338e-01 -3.551207880857849553e-01 5.983278703299831358e-01 5.975453105139100218e-01 7.101004667279381399e-01 2.129557359873280177e-04 9.981712019237284350e-01 -1.162005877671590970e-07 -3.211843191123448589e-05 -5.240323855590572901e-09 -3.289301817378144100e-05 -7.126634643417705376e-08
4.426813290511055353e-04 -4.306036081795023840e-01 -3.892471225117383749e-01 -3.892539489860987745e-01 -4.293536957338927595e-01 -3.893194702488670389e-01 5.982104136237829106e-01 5.974475321419899787e-01 7.785078979721975490e-01 2.334620711912061236e-04 9.979985178867434303e-01 -1.262274283623207256e-07 -3.816390901292997175e-05 -6.241477270817126932e-09 -3.908002546007702477e-05 -8.467890840899665855e-08
4.635442573385266602e-04 -4.636052109010280198e-01 -4.267386030395232677e-01 -4.267467533556281722e-01 -4.621276055890513601e-01 -4.268045977296325844e-01 5.980824384063672117e-01 5.973407067945522009e-01 8.534935067112563445e-01 2.559386862823899542e-04 9.978101333053359667e-01 -1.369340412513198010e-07 -4.529614497927493809e-05 -7.426962360815990029e-09 -4.637792661709041033e-05 -1.005020753702932672e-07
4.853904251442240107e-04 -4.982482328575350561e-01 -4.678341154883213227e-01 -4.678438402485523007e-01 -4.965042997065106656e-01 -4.678907436596816405e-01 5.979430833205333640e-01 5.972240377277080459e-01 9.356876804971046013e-01 2.805740967979768749e-04 9.976047154922985660e-01 -1.483349540162078726e-07 -5.369483131546783051e-05 -8.829087272243847558e-09 -5.497006679926446092e-05 -1.191344139785745063e-07
5.082661711190801165e-04 -5.344342465802833786e-01 -5.128788042468660491e-01 -5.128903994716215164e-01 -5.323796856632453389e-01 -5.129223639200993778e-01 5.977914316476844458e-01 5.970966653400211488e-01 1.025780798943243033e+00 3.075747095167910973e-04 9.973808368594609952e-01 -1.604378746267349672e-07 -6.356466566830903844e-05 -1.048467617990734809e-08 -6.506514066011504015e-05 -1.410298124738202706e-07
5.322200177873124454e-04 -5.720192528714057589e-01 -5.622506172588113138e-01 -5.622644319484954023e-01 -5.696035393227747434e-01 -5.622765961966539328e-01 5.976265098258737307e-01 5.969576634945317206e-01 1.124528863896990805e+00 3.371664946309361078e-04 9.971369701793029172e-01 -1.732419694983678525e-07 -7.513732218490423958e-05 -1.243573714771014675e-08 -7.689917475262130592e-05 -1.667018744803545539e-07
5.573027744692524805e-04 -6.108063913164195613e-01 -6.163633784528138593e-01 -6.163798240414292140e-01 -6.079721745746993200e-01 -6.163663170886221065e-01 5.974472887994221049e-01 5.968060384704703125e-01 1.232759648082858428e+00 3.695968109592031410e-04 9.968714873907978946e-01 -1.867359127317518000e-07 -8.867297312483175408e-05 -1.473118349404474159e-08 -9.073714865370595796e-05 -1.967275776200009467e-07
5.835676450547263271e-04 -6.505381840834896234e-01 -6.756701394906832192e-01 -6.756896988508889201e-01 -6.472209415522854892e-01 -6.756434755403880610e-01 5.972526825533185368e-01 5.966407227996247675e-01 1.351379397701777840e+00 4.051363960019599615e-04 9.965826549161351799e-01 -2.008957437745032583e-07 -1.044616135297708666e-04 -1.742511872859787244e-08 -1.068740298152996503e-04 -2.317496298930559512e-07
6.110703408556383267e-04 -6.908893241864333401e-01 -7.406668345890791150e-01 -7.406900746818946280e-01 -6.870168531872761220e-01 -7.406027329188779040e-01 5.970415511946349785e-01 5.964605757027556798e-01 1.481380149363789256e+00 4.440815372408556225e-04 9.962686341381000732e-01 -2.156825422618742574e-07 -1.228229998435322924e-04 -2.058015787969121251e-08 -1.256349408782958033e-04 -2.724770506003694965e-07
6.398691987771329328e-04 -7.314593863926602824e-01 -8.118962670955671701e-01 -8.119238508919934816e-01 -7.269518132865480098e-01 -8.117854309387347866e-01 5.968127016658192341e-01 5.962643782438934448e-01 1.623847701783986963e+00 4.867564382392716672e-04 9.959274788989649352e-01 -2.310399066320055994e-07 -1.441060429701544992e-04 -2.426472876069689251e-08 -1.473741100960065324e-04 -3.196830434404494978e-07
6.700253050579916539e-04 -7.717674394375255709e-01 -8.899524519908524889e-01 -8.899851544538720516e-01 -7.665370358262245665e-01 -8.897839216028433640e-01 5.965648921270061411e-01 5.960508338889853874e-01 1.779970308907744103e+00 5.335157990522814038e-04 9.955571374110145921e-01 -2.468914512758933268e-07 -1.686858686143675415e-04 -2.855711206701414802e-08 -1.724721937839860482e-04 -3.741994651889545950e-07
7.016026248427357755e-04 -8.112475767292165463e-01 -9.754853499488367330e-01 -9.755240727121941013e-01 -8.051994665070461021e-01 -9.752462857530301843e-01 5.962968347654121759e-01 5.958185650095582098e-01 1.951048145424388203e+00 5.847476268818826029e-04 9.951554519996018700e-01 -2.631382114109613092e-07 -1.969597895369156870e-04 -3.354035297841930575e-08 -2.013314971882790598e-04 -4.369066257411969205e-07
7.346681378602739308e-04 -8.492481929262217788e-01 -1.069206021316213562e+00 -1.069251810658144120e+00 -8.422811743201963353e-01 -1.068881480327486644e+00 5.960072024870921581e-01 5.955661151193559766e-01 2.138503621316288239e+00 6.408763000054495951e-04 9.947201635390032770e-01 -2.796563477234322992e-07 -2.293397043541080054e-04 -3.930627382981211137e-08 -2.343685798036311758e-04 -5.087175768732699120e-07
7.692919804968866623e-04 -8.850351569386517570e-01 -1.171892233697150232e+00 -1.171946301989901018e+00 -8.770429644309671868e-01 -1.171464945204928609e+00 5.956946339161712789e-01 5.952919478641903739e-01 2.343892603979802036e+00 7.023659045548977155e-04 9.942489141695393107e-01 -2.962950952048639389e-07 -2.662420173115573286e-04 -4.595280259162013883e-08 -2.720037240755059245e-04 -5.905554031216030303e-07
8.055475945649059801e-04 -9.177999017567759488e-01 -1.284394571849110989e+00 -1.284458317182617604e+00 -9.086735879770169166e-01 -1.283844715532492131e+00 5.953577412757480314e-01 5.949944497762683637e-01 2.568916634365235208e+00 7.697238693624133734e-04 9.937392531259422457e-01 -3.128754066325839427e-07 -3.080739778784064671e-04 -5.358164165832762962e-08 -3.146467937141563800e-04 -6.833227608506424325e-07
8.435118830826447917e-04 -9.466757955297553373e-01 -1.407643076733692045e+00 -1.407718109361015602e+00 -9.363061791788975796e-01 -1.406948082445128811e+00 5.949951193918003867e-01 5.946719347876737727e-01 2.815436218722031203e+00 8.435049264665297076e-04 9.931886450980500491e-01 -3.291895185061192823e-07 -3.552154041197633488e-04 -6.230107743611783362e-08 -3.626791471491556821e-04 -7.878627768687166468e-07
8.832653733960100150e-04 -9.707614264598053433e-01 -1.542654472145376321e+00 -1.542742633883622094e+00 -9.590436097989880615e-01 -1.541788841302263124e+00 5.946053518700643581e-01 5.943226463235894430e-01 3.085485267767244189e+00 9.243154197630409387e-04 9.925944744875101478e-01 -3.450016713937320479e-07 -4.079979874281651703e-04 -7.221271550324818587e-08 -4.164315408562416134e-04 -9.049108059427203830e-07
9.248923879877996241e-04 -9.891573552990760021e-01 -1.690540005763000231e+00 -1.690643405861469217e+00 -9.759943935105912516e-01 -1.689475193207546688e+00 5.941870220528350233e-01 5.939447668036844652e-01 3.381286811722938435e+00 1.012818002255191658e-03 9.919540572838561054e-01 -3.600508185505101124e-07 -4.666782151710752863e-04 -8.342306615189313092e-08 -4.761583802296131662e-04 -1.035038572787955354e-06
9.684812233369939584e-04 -1.001011250438115452e+00 -1.852513991853443454e+00 -1.852635026762317283e+00 -9.863205659628515587e-01 -1.851218335597819342e+00 5.937387185804841039e-01 5.935364230533195506e-01 3.705270053524634566e+00 1.109736743973841790e-03 9.912646464782939315e-01 -3.740551903904514550e-07 -5.314108183026368696e-04 -9.602185402738490368e-08 -5.420093670050082869e-04 -1.178591555575599966e-06
1.014124337207425539e-03 -1.005579238404930909e+00 -2.029903070769580431e+00 -2.030044458005368924e+00 -9.892983422060918075e-01 -2.028341818096232707e+00 5.932590440395626441e-01 5.930956986992645952e-01 4.060088916010737847e+00 1.215862698908169032e-03 9.905234435474699062e-01 -3.867198402470626361e-07 -6.022184089437702991e-04 -1.100881211860756966e-07 -6.140004810622850216e-04 -1.335625162198234061e-06
1.061918544763092295e-03 -1.002299002512496928e+00 -2.224156261839020043e+00 -2.224321077203500252e+00 -9.843913902981089592e-01 -2.222291701120918894e+00 5.927466165321326752e-01 5.926206430493943245e-01 4.448642154407000504e+00 1.332059955536318060e-03 9.897276014288691748e-01 -3.977471610786803575e-07 -6.789645613364113808e-04 -1.256825206749634785e-07 -6.919874996443570571e-04 -1.505845457367888312e-06
1.111965223926101101e-03 -9.908732059874870712e-01 -2.436855902149019037e+00 -2.437047608122641318e+00 -9.713349714736300156e-01 -2.434647605852777286e+00 5.922000721739295592e-01 5.921092861351326953e-01 4.874095216245282636e+00 1.459272228558433420e-03 9.888742327423406531e-01 -4.068508849235048262e-07 -7.613343004492169504e-04 -1.428331660590935572e-07 -7.756467448961994714e-04 -1.688564830019838701e-06
1.164370530412831787e-03 -9.713638552551732142e-01 -2.669729455422426678e+00 -2.669951954335624933e+00 -9.502270248620915405e-01 -2.667134676420749528e+00 5.916180554967345184e-01 5.915596472239299519e-01 5.339903908671249866e+00 1.598530006130820811e-03 9.879604012042795258e-01 -4.137738422816707406e-07 -8.488254256484921391e-04 -1.615434835951510884e-07 -8.644694727246202788e-04 -1.882687076308254467e-06
1.219245622904444265e-03 -9.442834485197412198e-01 -2.924662415473149313e+00 -2.924920081198568944e+00 -9.216193238381620301e-01 -2.921636592773531493e+00 5.909992149271162676e-01 5.909697552591054448e-01 5.849840162397137888e+00 1.750958355335082046e-03 9.869831305047723768e-01 -4.183088835846180800e-07 -9.407646402145072428e-04 -1.817629232588227984e-07 -9.577780857006928028e-04 -2.086738004607099929e-06
1.276706898829345219e-03 -9.106842062057173282e-01 -3.203712147221874584e+00 -3.204009910994153998e+00 -8.865982971852363059e-01 -3.200209574686402991e+00 5.903421740865202327e-01 5.903376514233983352e-01 6.408019821988307996e+00 1.917785333452158222e-03 9.859393738881589986e-01 -4.203230686049045092e-07 -1.036348944006871674e-03 -2.034208704445587941e-07 -1.054773665485547046e-03 -2.298966022317603601e-06
1.336876241257739127e-03 -8.722142497557254792e-01 -3.509123071767007218e+00 -3.509466461710609941e+00 -8.468410857610588760e-01 -3.505097594486486390e+00 5.896455117880410324e-01 5.896614078784943036e-01 7.018932923421219883e+00 2.100351175539816057e-03 9.848260110961823965e-01 -4.197825636074999151e-07 -1.134735796555931455e-03 -2.263771769875857226e-07 -1.154624974677339417e-03 -2.517529353319375573e-06
1.399881277431960606e-03 -8.311437831271910603e-01 -3.843336945049923958e+00 -3.843732294458287235e+00 -8.046274336248301351e-01 -3.838742814605265341e+00 5.889068157095594946e-01 5.889382245501046942e-01 7.687464588916574471e+00 2.300114662014274801e-03 9.836383012177052354e-01 -4.167772625162994282e-07 -1.235173282439173395e-03 -2.504792882203042847e-07 -1.256607320918435135e-03 -2.740795308773129327e-06
1.465855649480967554e-03 -7.903220117725571203e-01 -4.209021673758888582e+00 -4.209476174150551309e+00 -7.627893080840834061e-01 -4.203814150352731538e+00 5.881245673317004874e-01 5.881663609359333300e-01 8.418952348301102617e+00 2.518670377929973971e-03 9.823730700946192718e-01 -4.115421323772313070e-07 -1.337198556901144503e-03 -2.755495480632673300e-07 -1.360297095146350112e-03 -2.967765942858479435e-06
1.534939297893214141e-03 -7.530498336851170205e-01 -4.609090314852656967e+00 -4.609612146040909408e+00 -7.245756016052561366e-01 -4.603226090647210889e+00 5.872976961269664731e-01 5.873447363366377516e-01 9.219224292081818817e+00 2.757760230167432582e-03 9.810280151950261374e-01 -4.044700506428194355e-07 -1.440884858401659347e-03 -3.014144416043763910e-07 -1.465819099372439897e-03 -3.198619411041898450e-06
1.607278758349188312e-03 -7.228455569305548556e-01 -5.046711764430695801e+00 -5.047310408470156773e+00 -6.934076169029874670e-01 -5.040149136002070485e+00 5.864240951556404235e-01 5.864714860022468557e-01 1.009462081694031355e+01 3.019279970622111911e-03 9.795992720445260149e-01 -3.961075449405754040e-07 -1.547125827834780433e-03 -3.279535976549510148e-07 -1.574129170029195000e-03 -3.435333622829885772e-06
1.683027472543238397e-03 -7.030939719352748973e-01 -5.525337585825276676e+00 -5.526024164482655543e+00 -6.725238934156388959e-01 -5.518036027878358674e+00 5.855013374593220910e-01 5.855447050582704982e-01 1.105204832896531109e+01 3.305295176680790852e-03 9.780826508299753641e-01 -3.871568178628550215e-07 -1.657934786563488401e-03 -3.551388119557460962e-07 -1.687300193744544364e-03 -3.682330579656109976e-06
1.762346113653976559e-03 -6.965852991778006542e-01 -6.048725976062680587e+00 -6.049513702845637830e+00 -6.645200811580574962e-01 -6.040645021875905130e+00 5.845266372727394577e-01 5.845624161486048243e-01 1.209902740569127566e+01 3.618055602190175992e-03 9.764736206308235467e-01 -3.783963022851600798e-07 -1.776694077079520387e-03 -3.831054233140879307e-07 -1.808754050104880622e-03 -3.947013545719812807e-06
1.845402927153634359e-03 -7.049712564881717158e-01 -6.620967254227413612e+00 -6.621872016267241534e+00 -6.708203708706431678e-01 -6.612064567784349478e+00 5.834967981119780767e-01 5.835224948012871504e-01 1.324374403253448307e+01 3.960010124038792177e-03 9.747672307054067176e-01 -3.706537991980592957e-07 -1.908280415254012428e-03 -4.122110395295181672e-07 -1.943359385141869974e-03 -4.240023895353208530e-06
1.932374087679265048e-03 -7.282128252269778335e-01 -7.246511458444478748e+00 -7.247552535411634800e+00 -6.911529849342333831e-01 -7.236740095587418153e+00 5.824082141760492659e-01 5.824226108740216956e-01 1.449510507082326960e+01 4.333822972995065789e-03 9.729581171945562712e-01 -3.646960332417576418e-07 -2.058961906323221545e-03 -4.431096948427191710e-07 -2.097297529233604560e-03 -4.575001219701754627e-06
2.023444072722770624e-03 -7.641228582030865635e-01 -7.930197695361024479e+00 -7.931398656759588661e+00 -7.231420872284231027e-01 -7.919502754998525518e+00 5.812568898109784499e-01 5.812601471578280332e-01 1.586279731351917732e+01 4.742390856013594183e-03 9.710405023696949689e-01 -3.611224354892650097e-07 -2.235966017247175731e-03 -4.767751870392920811e-07 -2.277597822127289118e-03 -4.967619487383142385e-06
2.118806053932393695e-03 -8.081616509798199566e-01 -8.677285641009724770e+00 -8.678675401473343598e+00 -7.621635548910861147e-01 -8.665600705268513337e+00 5.800385116773306704e-01 5.800321308097785566e-01 1.735735080294668720e+01 5.188861305816063786e-03 9.690082488809768080e-01 -3.602494013575959864e-07 -2.446635525240370684e-03 -5.145209810516450704e-07 -2.491275498000327434e-03 -5.433740640304463659e-06
2.218662306855683809e-03 -8.536474651993266605e-01 -9.493489301012928649e+00 -9.495103305047225106e+00 -8.016257171029788076e-01 -9.480733319592001607e+00 5.787485700387458021e-01 5.787351849627633271e-01 1.899020661009445021e+01 5.676652375869241894e-03 9.668549609610310736e-01 -3.620097581341445741e-07 -2.697170885172367732e-03 -5.579391641632695877e-07 -2.744084578543811315e-03 -5.986682752534247298e-06
2.323224639993051212e-03 -8.925334348900185732e-01 -1.038501231215768073e+01 -1.038689383768670638e+01 -8.338065591377449293e-01 -1.037108783597913764e+01 5.773824739460463595e-01 5.773654665905714189e-01 2.077378767537341275e+01 6.209473147678338384e-03 9.645740327066499864e-01 -3.658996527791176031e-07 -2.991088427702987430e-03 -6.087472690990980253e-07 -3.039035694579406838e-03 -6.633900358306161700e-06
2.432714844071997944e-03 -9.168260837364770044e-01 -1.135858782250701005e+01 -1.136078935899412734e+01 -8.512853233841392031e-01 -1.134338155620106647e+01 5.759358144795360124e-01 5.759187773134571975e-01 2.272157871798825468e+01 6.791348793632173871e-03 9.621590278462055501e-01 -3.709769028787929662e-07 -3.327715606271930849e-03 -6.685860587118031586e-07 -3.375018903422909861e-03 -7.373798038612732943e-06
2.547365162494981666e-03 -9.205147889708351627e-01 -1.242151675651021669e+01 -1.242410135358388956e+01 -8.488273924460368880e-01 -1.240490313888089347e+01 5.744043755273315899e-01 5.743904894077169754e-01 2.484820270716777912e+01 7.426641196365157092e-03 9.596034100470948180e-01 -3.760134633152445455e-07 -3.701262895008044975e-03 -7.387274788183374379e-07 -3.746063647774194091e-03 -8.193836431406042951e-06
2.667418783958814057e-03 -9.016958855619714441e-01 -1.358171350210458606e+01 -1.358475625013014287e+01 -8.253483464464227426e-01 -1.356356167909390820e+01 5.727843730417336854e-01 5.727758086816828742e-01 2.716951250026028575e+01 8.120079599950761479e-03 9.569010122379880690e-01 -3.797011013665236654e-07 -4.101163641371113888e-03 -8.197627718900243391e-07 -4.141898998620171558e-03 -9.071417950678574378e-06
2.793130358290488863e-03 -8.642306097249417007e-01 -1.484775196103351114e+01 -1.485134122468138784e+01 -7.853164350502735980e-01 -1.482793500722472935e+01 5.710724378078362307e-01 5.710699208938289084e-01 2.970268244936277569e+01 8.876788245808798702e-03 9.540459301447599127e-01 -3.809533251409649413e-07 -4.514332307341353129e-03 -9.113686835091679965e-07 -4.550373787477576121e-03 -9.978899353464635644e-06
2.924766536593608173e-03 -8.181189456320177023e-01 -1.622891319039854707e+01 -1.623315238134987126e+01 -7.388078732911755875e-01 -1.620731810529532524e+01 5.692654706255001473e-01 5.692681505620641458e-01 3.246630476269974253e+01 9.702316523096445391e-03 9.510323656237650303e-01 -3.792608260526720569e-07 -4.929588313478250675e-03 -1.012280770351846630e-06 -4.961854571426221362e-03 -1.089317309851787063e-05
3.062606536851120251e-03 -7.777950973102931709e-01 -1.773523920637495266e+01 -1.774024871668525805e+01 -6.995354870298815531e-01 -1.771177400287945147e+01 5.673604924086314005e-01 5.673662098258082098e-01 3.548049743337051609e+01 1.060267272904992161e-02 9.478545702844548559e-01 -3.749271959413272743e-07 -5.343629278431212895e-03 -1.120530103879100283e-06 -5.374832078053901410e-03 -1.180835176366356299e-05
3.206942736184094540e-03 -7.580317394686905130e-01 -1.937758613748728820e+01 -1.938350628254769248e+01 -6.807044448019986538e-01 -1.935218098869685477e+01 5.653542998299012634e-01 5.653602493467319023e-01 3.876701256509538496e+01 1.158435668952214649e-02 9.445065085224478851e-01 -3.690968518435375616e-07 -5.766665643508766051e-03 -1.234137062224655526e-06 -5.800776090823130809e-03 -1.274742083165141576e-05
3.358081291022776364e-03 -7.681042941754422371e-01 -2.116768183852517993e+01 -2.117467719262921122e+01 -6.895412600634682754e-01 -2.114028203857321131e+01 5.632432022101636626e-01 5.632468479431080866e-01 4.234935438525842244e+01 1.265439390189605426e-02 9.409816535296204876e-01 -3.634926592504931511e-07 -6.224632102037720195e-03 -1.352053652964114235e-06 -6.265282974396209174e-03 -1.376624308434787264e-05
3.516342786505356494e-03 -8.062209443841532597e-01 -2.311818653926793132e+01 -2.312645190588569122e+01 -7.225650526005836793e-01 -2.308873822819935739e+01 5.610228839041089266e-01 5.610228454670992404e-01 4.625290381177138244e+01 1.382037178607859601e-02 9.372729458124627877e-01 -3.598133750893879736e-07 -6.754622593389410581e-03 -1.475153165154056358e-06 -6.802629877733088609e-03 -1.494301638457596297e-05
3.682062916481788732e-03 -8.572882345354406741e-01 -2.524274974448212205e+01 -2.525251877216628671e+01 -7.644879098208398061e-01 -2.521118488811585578e+01 5.586883572757380678e-01 5.586849126061864679e-01 5.050503754433257342e+01 1.509046962646351693e-02 9.333726169999289057e-01 -3.590697117739236897e-07 -7.391986386371863019e-03 -1.606966704559945904e-06 -7.442959747567579748e-03 -1.635044420506044123e-05
3.855593195564623130e-03 -8.969715454794543463e-01 -2.755607882068152392e+01 -2.756763392806247381e+01 -7.931449105035573988e-01 -2.752230837899443472e+01 5.562343889186946999e-01 5.562293098691246662e-01 5.513526785612494763e+01 1.647349862315462821e-02 9.292727156131003197e-01 -3.608940590968450929e-07 -8.152039623012629146e-03 -1.753395455474977479e-06 -8.195839389245198475e-03 -1.801761545972911023e-05
4.037301704735909470e-03 -9.027078677100228710e-01 -3.007400640982954698e+01 -3.008769020945173622e+01 -7.902943294169230137e-01 -3.003793246376544346e+01 5.536559761623620624e-01 5.536516599393546123e-01 6.017538041890347245e+01 1.797894368807499005e-02 9.249655714270131890e-01 -3.635904645718334028e-07 -9.015472504952649208e-03 -1.921265849387370429e-06 -9.039316927938806021e-03 -1.990133089939565068e-05
4.227573872087749332e-03 -8.678385094732878891e-01 -3.281355000571151947e+01 -3.282977726888503156e+01 -7.538456048693338296e-01 -3.277510000320702233e+01 5.509485795997748347e-01 5.509468066613224524e-01 6.565955453777006312e+01 1.961699891922533134e-02 9.204437827353094681e-01 -3.648275409738273623e-07 -9.930497414444785717e-03 -2.116043463572687396e-06 -9.925961826982290445e-03 -2.189386204615564516e-05
4.426813290341235357e-03 -8.102832710171695707e-01 -3.579299911241065502e+01 -3.581226737890547440e+01 -7.033110476353104934e-01 -3.575217081751591053e+01 5.481084970181437921e-01 5.481094563265319630e-01 7.162453475781094880e+01 2.139862629134397023e-02 9.157007858396023492e-01 -3.629690035540983122e-07 -1.084064070007510761e-02 -2.339550100651248747e-06 -1.081142140027555390e-02 -2.388360998183403693e-05
4.635442572846592245e-03 -7.662963166715658359e-01 -3.903198344084803750e+01 -3.905488304552510925e+01 -6.709633016068865530e-01 -3.898887738187170982e+01 5.451323738133622143e-01 5.451346008066927373e-01 7.810976609105021851e+01 2.333560133369691827e-02 9.107302718776627559e-01 -3.582578664062062647e-07 -1.173069198949900326e-02 -2.589220985881751895e-06 -1.169457008619421805e-02 -2.584959708582477221e-05
4.853904249797961860e-03 -7.671250801031963551e-01 -4.255154354035349229e+01 -4.257877043034051212e+01 -6.794325030545240729e-01 -4.250636030664932719e+01 5.420165162978033413e-01 5.420179288492472658e-01 8.515754086068102424e+01 2.544055547007841728e-02 9.055254927834280876e-01 -3.529249899426293026e-07 -1.266024688657171535e-02 -2.860303637935843843e-06 -1.263907969958051082e-02 -2.792401319795796051e-05
5.082661706356216176e-03 -8.111996501107200386e-01 -4.637421176352244601e+01 -4.640658447143619014e+01 -7.199088094965970797e-01 -4.632721138312025744e+01 5.387564823431264527e-01 5.387559201794168695e-01 9.281316894287238028e+01 2.772702412360831051e-02 9.000790546924268831e-01 -3.497217265027491516e-07 -1.374401103742032768e-02 -3.150131264567012786e-06 -1.374377061780905109e-02 -3.034133360639982546e-05
5.322200164167804372e-03 -8.568065834977003359e-01 -5.052407113997935539e+01 -5.056255884245682353e+01 -7.528157188928926713e-01 -5.047553510002101262e+01 5.353470582900704544e-01 5.353451657102635819e-01 1.011251176849136471e+02 3.020947715823300850e-02 8.943828558711032217e-01 -3.496353239706317575e-07 -1.506647267843356716e-02 -3.462274247848627639e-06 -1.506305333072694916e-02 -3.325893788722268418e-05
5.573027707197872674e-03 -8.529735371076493378e-01 -5.502680942540117570e+01 -5.507256871571517109e+01 -7.405835088428235347e-01 -5.497706148512663304e+01 5.317829101017506055e-01 5.317814965157743323e-01 1.101451374314303422e+02 3.290335019073641759e-02 8.884286578673170620e-01 -3.507117692377643783e-07 -1.658756631314980273e-02 -3.806897411469158375e-06 -1.654007036960859767e-02 -3.657681410743991230e-05
5.835676351464490902e-03 -7.919789320725354465e-01 -5.990980166821846353e+01 -5.996422262789153024e+01 -6.893052967374768691e-01 -5.985931464597553742e+01 5.280596608887736521e-01 5.280599353606023616e-01 1.199284452557830605e+02 3.582510465679545480e-02 8.822092582976414077e-01 -3.496139902361530370e-07 -1.814967927811461657e-02 -4.196180509115427798e-06 -1.804328943710107463e-02 -3.997815290729052372e-05
6.110703155411770574e-03 -7.294999649937016217e-01 -6.520216609078681813e+01 -6.526691625730120450e+01 -6.514120429574831173e-01 -6.515168799316725767e+01 5.241738154808804895e-01 5.241751666222677075e-01 1.305338325146024090e+02 3.899227348333419996e-02 8.757182541459825886e-01 -3.450865813495669640e-07 -1.963888131678714205e-02 -4.637906677728417491e-06 -1.951750750774474547e-02 -4.326881250040109960e-05
6.398691361923487461e-03 -7.304975178703277949e-01 -7.093483634756634615e+01 -7.101190434619296354e+01 -6.685500084231807971e-01 -7.088542612805763099e+01 5.201219090298623282e-01 5.201226664718682224e-01 1.420238086923859271e+02 4.242350976355166448e-02 8.689492471543855956e-01 -3.397142947067857068e-07 -2.116490005467190280e-02 -5.133625134228066350e-06 -2.109691177607620968e-02 -4.670804524240059944e-05
6.700251551996781567e-03 -7.832229672903091577e-01 -7.714055183925169956e+01 -7.723229192005834420e+01 -7.114683350826379593e-01 -7.709349326729940799e+01 5.158991012174077850e-01 5.158985905682553774e-01 1.544645838401166884e+02 4.613857494258120917e-02 8.618942688220959658e-01 -3.370911162515421911e-07 -2.299618096939611001e-02 -5.683118043857586315e-06 -2.298340904406894619e-02 -5.081873230209472351e-05
7.016022770007446056e-03 -7.983982644152703978e-01 -8.385400736631798679e+01 -8.396319786663181617e+01 -7.089525196151822417e-01 -8.381075269773550929e+01 5.115003909408639693e-01 5.114997390525132248e-01 1.679263957332636323e+02 5.015841091080378011e-02 8.545456299539456735e-01 -3.369202028547624077e-07 -2.521191000220541004e-02 -6.290256281370642833e-06 -2.516338838884621745e-02 -5.569203202198383444e-05
7.346673545321469150e-03 -7.330754346589739567e-01 -9.111170353824653034e+01 -9.124163585823436051e+01 -6.549605772017109695e-01 -9.107403315703750479e+01 5.069209932692214648e-01 5.069214020096801665e-01 1.824832717164687210e+02 5.450507288751507695e-02 8.468956403213444561e-01 -3.350723337943595032e-07 -2.751900684598466984e-02 -6.963553563327478948e-06 -2.737811074547425935e-02 -6.072632610549148167e-05
7.692902675989763024e-03 -6.748504442205951470e-01 -9.895201666033422327e+01 -9.910660995493044823e+01 -6.316918799556766606e-01 -9.892231670368771290e+01 5.021575112717304723e-01 5.021584058098796932e-01 1.982132199098608965e+02 5.920179705585845720e-02 8.389380650721571797e-01 -3.298141360832959840e-07 -2.967376208962484510e-02 -7.714010277069970929e-06 -2.954919414629811336e-02 -6.554070361575372726e-05
8.055439545407197879e-03 -7.098875903197866544e-01 -1.074151127383756688e+02 -1.075990393768312998e+02 -6.715355303872430071e-01 -1.073964443781258922e+02 4.972063390669663741e-01 4.972064355456062290e-01 2.151980787536625996e+02 6.427298083001140028e-02 8.306664485084432892e-01 -3.250634952205363034e-07 -3.199373564650122292e-02 -8.557206976143351746e-06 -3.200786370603087710e-02 -7.083315403827192898e-05
8.435043596908022717e-03 -7.536528169727674253e-01 -1.165428375853420420e+02 -1.167616345895433767e+02 -6.836648966649041537e-01 -1.165387835084807335e+02 4.920625489032940947e-01 4.920621496294878550e-01 2.335232691790867534e+02 6.974408106038237909e-02 8.220730151682342779e-01 -3.235672756455369313e-07 -3.490267412358229182e-02 -9.512418414213059980e-06 -3.493533367678031826e-02 -7.731024488987005045e-05
8.832502376934637037e-03 -6.966265105597108098e-01 -1.263785853444130964e+02 -1.266387899862177306e+02 -6.289893471782276313e-01 -1.263933708247355128e+02 4.867215333957867207e-01 4.867217805487967230e-01 2.532775799724354613e+02 7.564150546128196873e-02 8.131504910093071414e-01 -3.213945866263635606e-07 -3.805191846524028088e-02 -1.058916819582228192e-05 -3.794276694165359121e-02 -8.419207834720388354e-05
9.248627258003178433e-03 -6.459141999313183780e-01 -1.369669869887089817e+02 -1.372763014401867281e+02 -6.169288537675025053e-01 -1.370059213719413265e+02 4.811803636459741074e-01 4.811808468328324095e-01 2.745526028803734562e+02 8.199252827382406961e-02 8.038936091250336036e-01 -3.159278109770568927e-07 -4.095547650975395887e-02 -1.178495107849201139e-05 -4.089398188460793837e-02 -9.073698252161466562e-05
9.684245558101647541e-03 -7.055573800491299341e-01 -1.483531842837689965e+02 -1.487207110072220928e+02 -6.578152254293641032e-01 -1.484227925252533566e+02 4.754352815422821510e-01 4.754351009211508217e-01 2.974414220144441856e+02 8.882476360849708708e-02 7.942955756634610953e-01 -3.118419356034897957e-07 -4.422722957482529138e-02 -1.311889608101720700e-05 -4.435682744980228714e-02 -9.821063602256452710e-05
1.014018729025613179e-02 -7.014176514446931465e-01 -1.605824703422723019e+02 -1.610189563956618599e+02 -6.235345201264907988e-01 -1.606903464679137130e+02 4.694831922157432502e-01 4.694831117086888383e-01 3.220379127913237198e+02 9.616632556853922653e-02 7.843521030520851367e-01 -3.098896724232589811e-07 -4.823325751334082284e-02 -1.464033065053405792e-05 -4.821094801246382511e-02 -1.070035815037327447e-04
1.061726424563623830e-02 -6.671964853317983168e-01 -1.737000343469348422e+02 -1.742181127867592636e+02 -6.073178908038879831e-01 -1.738553754891468657e+02 4.633213619496113211e-01 4.633213918043516122e-01 3.484362255735185272e+02 1.040446948033436902e-01 7.740591966791389167e-01 -3.056854059688501956e-07 -5.211258983729196576e-02 -1.636664741557978376e-05 -5.206750737331804907e-02 -1.156955926524030740e-04
1.111623863620641445e-02 -6.525533512846786177e-01 -1.877463199716854092e+02 -1.883607379464977782e+02 -6.022634997438444104e-01 -1.879600925955279820e+02 4.569496607987229009e-01 4.569496620514520990e-01 3.767214758929955565e+02 1.124857909736843159e-01 7.634155112610953031e-01 -3.011534849365025548e-07 -5.623707500131633341e-02 -1.829649108497677671e-05 -5.622983587759021462e-02 -1.249669334685557444e-04
1.163777829268050276e-02 -6.468177225230024030e-01 -2.027590150551810950e+02 -2.034869892626917078e+02 -5.932643850344032632e-01 -2.030441871571036359e+02 4.503693717919844963e-01 4.503693655596709422e-01 4.069739785253834157e+02 1.215129379821232869e-01 7.524223293975675908e-01 -2.972204334400208507e-07 -6.077773831796255688e-02 -2.046599912833050678e-05 -6.076028753006989386e-02 -1.351670786518349384e-04
1.218239575316782883e-02 -6.358051163825567675e-01 -2.187684380304748117e+02 -2.196299836073008009e+02 -5.842450596209269875e-01 -2.191402789175392627e+02 4.435831008528717812e-01 4.435831033758151909e-01 4.392599672146016019e+02 1.311456082684288316e-01 7.410849274645543439e-01 -2.929573577319868069e-07 -6.559020743002434706e-02 -2.293371453666247264e-05 -6.557174444570994243e-02 -1.459968622459741538e-04
1.275036995066240915e-02 -6.259609002298124336e-01 -2.357956300915228098e+02 -2.368137914500921966e+02 -5.751444705957051706e-01 -2.362719401691122698e+02 4.366008918555207563e-01 4.366008910581760660e-01 4.736275829001843931e+02 1.413952768393166304e-01 7.294144061747557251e-01 -2.886470407849412930e-07 -7.071499695121021001e-02 -2.571946088386638899e-05 -7.069791443763262517e-02 -1.575604801208100821e-04
1.334165215346551012e-02 -6.155321816466718943e-01 -2.538393474974867559e+02 -2.550404328851024047e+02 -5.655975234119289263e-01 -2.544406824869706156e+02 4.294229061214393517e-01 4.294229067895827257e-01 5.100808657702048095e+02 1.522713309157111283e-01 7.174286590928153906e-01 -2.841735786685219632e-07 -7.615309604935546761e-02 -2.883233058722988745e-05 -7.613568002366727372e-02 -1.698527559893913265e-04
1.395576272764381502e-02 -6.050751694562412908e-01 -2.728908161680550961e+02 -2.743045801950505620e+02 -5.559798139771341408e-01 -2.736406572171933931e+02 4.220765327373317555e-01 4.220765325965978310e-01 5.486091603901011240e+02 1.637614352977978527e-01 7.051552005204508866e-01 -2.796360734572408028e-07 -8.189704643430763265e-02 -3.233433732461152055e-05 -8.188068839653840636e-02 -1.828698487114633860e-04
1.459169197771094037e-02 -5.943269574372249675e-01 -2.929089489350898248e+02 -2.945686209650326646e+02 -5.460925684739177388e-01 -2.938337775080080974e+02 4.145796881067901341e-01 4.145796881232163833e-01 5.891372419300653291e+02 1.758458907911551183e-01 6.926303624201524123e-01 -2.749901096701019269e-07 -8.793917714220106374e-02 -3.625309217316854569e-05 -8.792296058315866858e-02 -1.965989021774716759e-04
1.524782537665436873e-02 -5.834008161315381580e-01 -3.138276335721849364e+02 -3.157697033689227055e+02 -5.360590259434493410e-01 -3.149567921643289310e+02 4.069608691256246802e-01 4.069608691296638936e-01 6.315394067378454110e+02 1.884872916796485054e-01 6.799024035157457124e-01 -2.702924650543483490e-07 -9.425952674675837362e-02 -4.061997156771848105e-05 -9.424363988967958405e-02 -2.110011660666543732e-04
1.592191790852090852e-02 -5.723531013714344695e-01 -3.355523109016531862e+02 -3.378161668279955165e+02 -5.259066717229399224e-01 -3.369177436995322523e+02 3.992551358964347985e-01 3.992551358925764959e-01 6.756323336559910331e+02 2.016303271310597167e-01 6.670293618753021514e-01 -2.655384665327848635e-07 -1.008307548734764802e-01 -4.544858248260181383e-05 -1.008151655366805455e-01 -2.260195751164089154e-04
1.661113996103320486e-02 -5.612368777312282120e-01 -3.579619276504711252e+02 -3.605891677987333424e+02 -5.156936265760365679e-01 -3.595976420849993360e+02 3.915031451021097619e-01 3.915031451038646360e-01 7.211783355974666847e+02 2.152037385274407355e-01 6.540790614061428032e-01 -2.607589235282392575e-07 -1.076171555876163366e-01 -5.075827532350245849e-05 -1.076018687073024283e-01 -2.415794292513739059e-04
1.731220526945410204e-02 -5.501158939344230614e-01 -3.809124381353039439e+02 -3.839462007437614943e+02 -5.054755859278327046e-01 -3.828539770022084667e+02 3.837475253238618045e-01 3.837475253232807693e-01 7.678924014875229886e+02 2.291222429870149735e-01 6.411227066884025438e-01 -2.559770698795934780e-07 -1.145761042899939852e-01 -5.655349887629178382e-05 -1.145611216191965293e-01 -2.575888564113259713e-04
1.802157108512350558e-02 -5.390527590857654427e-01 -4.042473491899205555e+02 -4.077312745199002961e+02 -4.953107615022752097e-01 -4.065309343799153794e+02 3.760325459526702718e-01 3.760325459526926428e-01 8.154625490398005923e+02 2.432926194765010763e-01 6.282342725881397971e-01 -2.512217010051063631e-07 -1.216609911355569368e-01 -6.281992956874712735e-05 -1.216463098170627172e-01 -2.739443882909190896e-04
1.873567904158346398e-02 -5.281077873563759795e-01 -4.278067227707505253e+02 -4.317840446348243404e+02 -4.852545694472381599e-01 -4.304684937988142792e+02 3.683999501134752053e-01 3.683999501135648558e-01 8.635680892696486808e+02 2.576190370631491477e-01 6.154834210543999040e-01 -2.465273930817133651e-07 -1.288239010426030506e-01 -6.954866981292186212e-05 -1.288095184906110913e-01 -2.905405663346167285e-04
1.945119215332382842e-02 -5.173340236916206258e-01 -4.514379138766242932e+02 -4.559506324668418529e+02 -4.753556066775015965e-01 -4.545132175438416766e+02 3.608868658497400017e-01 3.608868658496955928e-01 9.119012649336837057e+02 2.720097397938562866e-01 6.029322471034765929e-01 -2.419003777669200483e-07 -1.360189585348652863e-01 -7.670137043250878730e-05 -1.360048699096900460e-01 -3.072718318168733221e-04
2.016518571159649220e-02 -5.067748446193158784e-01 -4.750035235095317034e+02 -4.800916651857525039e+02 -4.656538030499922098e-01 -4.785262640245018702e+02 3.535234939243263597e-01 3.535234939243333541e-01 9.601833303715050079e+02 2.863816130404276405e-01 5.906311785261219027e-01 -2.373654271264614851e-07 -1.432046071433196455e-01 -8.425716133990512999e-05 -1.431908065224032078e-01 -3.240446957393139284e-04
2.087526603101444098e-02 -4.964636091317625732e-01 -4.983877837480579274e+02 -5.040890746355737519e+02 -4.561798007407982247e-01 -5.023901118456572021e+02 3.463330605836882348e-01 3.463330605836960063e-01 1.008178149271147504e+03 3.006643175820886138e-01 5.786190115920657462e-01 -2.329433672246912963e-07 -1.503456781181482516e-01 -9.217258026512185226e-05 -1.503321587879942745e-01 -3.407760693865050507e-04
2.157961254707169152e-02 -4.864237004645822204e-01 -5.214994451288453092e+02 -5.278487611878620100e+02 -4.469550798658866175e-01 -5.260112537429819213e+02 3.393318400568275384e-01 3.393318400568239857e-01 1.055697522375724020e+03 3.148018799755038510e-01 5.669229268702853375e-01 -2.286135351339893813e-07 -1.574141854532467300e-01 -1.004071242618545523e-04 -1.574009399887600635e-01 -3.573989233868646743e-04
2.227695627005176274e-02 -4.766681398544906911e-01 -5.442696191644607779e+02 -5.512992025625785573e+02 -4.379915948003616499e-01 -5.493186896575509763e+02 3.325289751326593324e-01 3.325289751326583887e-01 1.102598405125157115e+03 3.287518428880641386e-01 5.555582247088522996e-01 -2.244065882312687077e-07 -1.643889008198346213e-01 -1.089202490096019267e-04 -1.643759214444744654e-01 -3.738609016592485141e-04
2.296651615026746099e-02 -4.672027641203580495e-01 -5.666511946728965086e+02 -5.743904358835955009e+02 -4.292947348764254989e-01 -5.722629773359708452e+02 3.259283935633235374e-01 3.259283935633244811e-01 1.148780871767191002e+03 3.424845383971545920e-01 5.445314159077395688e-01 -2.203009688301256120e-07 -1.712549903989940836e-01 -1.176881715375175909e-04 -1.712422691982843359e-01 -3.901261194061027065e-04
2.364791502092358083e-02 -4.580279813762372365e-01 -5.886164052057534946e+02 -5.970919024846567709e+02 -4.208648567561906750e-01 -5.948140379352040554e+02 3.195304518526351223e-01 3.195304518526352333e-01 1.194183804969313542e+03 3.559820025670833443e-01 5.338431265183964936e-01 -2.163500765435326640e-07 -1.780034722469357178e-01 -1.266648296348401486e-04 -1.779910012835013433e-01 -4.061679751433839311e-04
2.432109193155692836e-02 -4.491376061291548760e-01 -6.101489058023206553e+02 -6.193849473686273086e+02 -4.126962852432675133e-01 -6.169536026091114991e+02 3.133308040971783393e-01 3.133308040971781172e-01 1.238769894737254617e+03 3.692332786891699969e-01 5.234860854944854980e-01 -2.124893472666006878e-07 -1.846288678368892544e-01 -1.358342777142978618e-04 -1.846166393446647958e-01 -4.219721132400523224e-04
2.498622143774251181e-02 -4.405252225519385445e-01 -6.312478457702344485e+02 -6.412659838035580151e+02 -4.047831234416137680e-01 -6.386785118193726021e+02 3.073249618529264038e-01 3.073249618529264593e-01 1.282531967607116030e+03 3.822364624760313800e-01 5.134527918822351378e-01 -2.087485590801026886e-07 -1.911302248509751667e-01 -1.451507766994107108e-04 -1.911182312379994530e-01 -4.375294256374048568e-04
2.564364499811246784e-02 -4.321803872660188173e-01 -6.519176589790195067e+02 -6.627373757363441200e+02 -3.971157735344384987e-01 -6.599914444134068390e+02 3.015056610440761675e-01 3.015056610440762230e-01 1.325474751472688240e+03 3.949931657317038991e-01 5.037311184181058055e-01 -2.051169138112172692e-07 -1.975083489072693155e-01 -1.545963311254771981e-04 -1.974965828658291345e-01 -4.528388915915936355e-04
2.629381586387591688e-02 -4.240935060608483909e-01 -6.721722365039652232e+02 -6.838103987266702006e+02 -3.896854220063186158e-01 -6.809040603516680221e+02 2.958661939501082694e-01 2.958661939501082694e-01 1.367620797453340401e+03 4.075103492625055668e-01 4.943098542708444509e-01 -2.015910509055238192e-07 -2.037667201468337796e-01 -1.641423136781190847e-04 -2.037551746312487866e-01 -4.679036658309329057e-04
2.693725666540247587e-02 -4.162515246729421858e-01 -6.920239095918144585e+02 -7.044962099077275752e+02 -3.824800744064973390e-01 -7.014276793760631108e+02 2.903974551901721268e-01 2.903974551901720713e-01 1.408992419815455150e+03 4.197947805683139855e-01 4.851737883479113056e-01 -1.981633117946924676e-07 -2.099087219638081647e-01 -1.737661161993016756e-04 -2.098973902841637096e-01 -4.827276190891049740e-04
2.757452789255858058e-02 -4.086443241147990069e-01 -7.114937813234249688e+02 -7.248134641324534186e+02 -3.754904242533351755e-01 -7.215813029480352725e+02 2.850924498283808339e-01 2.850924498283808339e-01 1.449626928264906837e+03 4.318578755075075382e-01 4.763112582902002679e-01 -1.948260322402403390e-07 -2.159400620150039030e-01 -1.834610581518494898e-04 -2.159289377537567112e-01 -4.973221233500883017e-04
2.820620518902283019e-02 -4.012622761256055548e-01 -7.306047365265252438e+02 -7.447827682895292583e+02 -3.687076566128271726e-01 -7.413858551508623123e+02 2.799442634026174104e-01 2.799442634026174104e-01 1.489565536579058517e+03 4.437119872007348476e-01 4.677106396847077185e-01 -1.915913281656150683e-07 -2.218669165845909008e-01 -1.931766489725546591e-04 -2.218559936003655919e-01 -5.116928211602273869e-04
2.883286349439494883e-02 -3.940930463816890716e-01 -7.493751579686592095e+02 -7.644212942540748372e+02 -3.621204051670903756e-01 -7.608586663318172896e+02 2.749444908415444866e-01 2.749444908415444866e-01 1.528842588508149674e+03 4.553676437462260695e-01 4.593579646263139526e-01 -1.884343800551880682e-07 -2.276945494001922921e-01 -2.029086186081959073e-04 -2.276838218731115915e-01 -5.258504926160104988e-04
2.945506634967956505e-02 -3.871289502270882643e-01 -7.678317706121150650e+02 -7.837535108472270622e+02 -3.557216235977364582e-01 -7.800245128621631920e+02 2.700877003791009034e-01 2.700877003791009034e-01 1.567507021694454124e+03 4.668396039029692468e-01 4.512441317244840766e-01 -1.853368548589171242e-07 -2.334303396248044171e-01 -2.126451460091227012e-04 -2.334198019514850397e-01 -5.398093476585718881e-04
3.007335900537832368e-02 -3.803596366476101887e-01 -7.859947925957363850e+02 -8.027981124442295595e+02 -3.495018052518696350e-01 -7.989022932903044421e+02 2.653666505248349905e-01 2.653666505248349905e-01 1.605596224888459119e+03 4.781391470386487375e-01 4.433570351552084121e-01 -1.823527593232795122e-07 -2.390799266582360749e-01 -2.223671906662121555e-04 -2.390695735193249238e-01 -5.535787072736126063e-04
3.068826427439674820e-02 -3.737779163788205183e-01 -8.038904797793636590e+02 -8.215791231758853428e+02 -3.434543221521100809e-01 -8.175163362622087107e+02 2.607764256388611090e-01 2.607764256388611090e-01 1.643158246351770686e+03 4.892809299915421017e-01 4.356885010628999688e-01 -1.793977563206039204e-07 -2.446506387347298084e-01 -2.320185886822027975e-04 -2.446404649957713284e-01 -5.671658446161325761e-04
3.130028032929518117e-02 -3.673745010651278120e-01 -8.215374723294339674e+02 -8.401140132610136106e+02 -3.375706726976838157e-01 -8.358842636804469066e+02 2.563103960328210196e-01 2.563103960328210196e-01 1.680228026522027221e+03 5.002753298713689123e-01 4.282273958349023801e-01 -1.765567382676126612e-07 -2.501476641399049128e-01 -2.416182526800246121e-04 -2.501376649356842896e-01 -5.805849438226367816e-04
3.190987985001165345e-02 -3.611434875296790636e-01 -8.389625864979528842e+02 -8.584271154905986805e+02 -3.318453874674322512e-01 -8.540307511177322795e+02 2.519646911065855921e-01 2.519646911065855921e-01 1.716854230981197361e+03 5.111373772665948056e-01 4.209673459467101475e-01 -1.737408838019637200e-07 -2.555785180279125379e-01 -2.511381331014467277e-04 -2.555686886332972363e-01 -5.938480115327404848e-04
3.251751008821208988e-02 -3.550781788959289642e-01 -8.561861719829761341e+02 -8.765375282390447182e+02 -3.262723888783878312e-01 -8.719750585111770533e+02 2.477342191828538764e-01 2.477342191828538764e-01 1.753075056478089436e+03 5.218781176754471174e-01 4.138996877247126949e-01 -1.710184770360371355e-07 -2.609487229308873335e-01 -2.605504323828198871e-04 -2.609390588377235032e-01 -6.069627664448838580e-04
3.312359353540033496e-02 -3.491734546046112442e-01 -8.732352389667806847e+02 -8.944694282602309841e+02 -3.208468871023179569e-01 -8.897417595503220582e+02 2.436158687960625902e-01 2.436158687960625902e-01 1.788938856520461968e+03 5.325127781977335717e-01 4.070193959415529528e-01 -1.683205047716640777e-07 -2.662658922983088816e-01 -2.698179863527062124e-04 -2.662563890988668414e-01 -6.199400274797819358e-04
3.372852897181578824e-02 -3.434226966457390451e-01 -8.901274434148667751e+02 -9.122394152592069076e+02 -3.155628613734630106e-01 -9.073475895374253923e+02 2.396047216119299994e-01 2.396047216119299994e-01 1.824478830518413815e+03 5.430510058013752195e-01 4.003181393346293415e-01 -1.657077069408208121e-07 -2.715348494051933459e-01 -2.789628022407364643e-04 -2.715255029006876653e-01 -6.327936603411882894e-04
3.433269273909970304e-02 -3.378221907783996447e-01 -9.068895756444184144e+02 -9.298716143966320260e+02 -3.104168612310986286e-01 -9.248170447366741200e+02 2.356983625734950516e-01 2.356983625734950516e-01 1.859743228793264052e+03 5.535076754051327930e-01 3.937919506040237771e-01 -1.631387740675135981e-07 -2.767630316281570191e-01 -2.879062277918961765e-04 -2.767538377025663965e-01 -6.455277146353936282e-04
3.493644012762344570e-02 -3.323662568854021671e-01 -9.235395629396030017e+02 -9.473826020086299877e+02 -3.054037054381624205e-01 -9.421668825061376538e+02 2.318926580902459789e-01 2.318926580902459789e-01 1.894765204017259975e+03 5.638925768402867078e-01 3.874338580433713264e-01 -1.606340170578425198e-07 -2.819553337093240186e-01 -2.966853341632687616e-04 -2.819462884201433539e-01 -6.581585301043952176e-04
3.554010680389238508e-02 -3.270509460210848096e-01 -9.401012508154504985e+02 -9.647938224274100776e+02 -3.005197184247300202e-01 -9.594188820004234231e+02 2.281850881871653192e-01 2.281850881871653192e-01 1.929587644854820155e+03 5.742190555762662907e-01 3.812397407528890225e-01 -1.581858717504889456e-07 -2.871184282983429426e-01 -3.052296545825681768e-04 -2.871095277881330898e-01 -6.706897562197664149e-04
3.614401022812751413e-02 -3.218733537343348994e-01 -9.565979310783037590e+02 -9.821266884232929897e+02 -2.957622937559215015e-01 -9.765947104543791966e+02 2.245733112252019936e-01 2.245733112252019936e-01 1.964253376846585979e+03 5.844996261614534561e-01 3.752055671937359338e-01 -1.557831560926555539e-07 -2.922585725606535179e-01 -3.135619367211187102e-04 -2.922498130807267280e-01 -6.831384856991354424e-04
3.674845102965308002e-02 -3.168287337164945594e-01 -9.730497179630380060e+02 -9.993990241525997362e+02 -2.911270000973320560e-01 -9.937125156411376565e+02 2.210543793680561919e-01 2.210543793680561919e-01 1.998798048305199472e+03 5.947456610918310238e-01 3.693265496553073679e-01 -1.534293447459228832e-07 -2.973814526480801357e-01 -3.216090457437647773e-04 -2.973728305459155119e-01 -6.955058161246998466e-04
3.735371432005984288e-02 -3.119138099167092504e-01 -9.894762993554131754e+02 -1.016628775073543920e+03 -2.866109067304641322e-01 -1.010790482094559252e+03 2.176256042345229569e-01 2.176256042345229569e-01 2.033257550147087841e+03 6.049674299910448028e-01 3.635980441593067991e-01 -1.511414356458803897e-07 -3.024922032454143150e-01 -3.294098645173771365e-04 -3.024837149955224014e-01 -7.078088847426591097e-04
3.796007093272071864e-02 -3.071266863586196716e-01 -1.005905591471504636e+03 -1.033841146608106556e+03 -2.822121960262127804e-01 -1.027854191615693026e+03 2.142860529856373542e-01 2.142860529856373542e-01 2.067682293216213111e+03 6.151808273080749956e-01 3.580186395373137209e-01 -1.488823316553159656e-07 -3.075987715611253059e-01 -3.368823886011841000e-04 -3.075904136540374978e-01 -7.200523344528792337e-04
3.856777858316505492e-02 -3.024634791155174085e-01 -1.022354684556587813e+03 -1.051051715635582468e+03 -2.779273410443324765e-01 -1.044919428745973391e+03 2.110328051050301135e-01 2.110328051050301135e-01 2.102103431271164936e+03 6.253949617324302546e-01 3.525833765799673003e-01 -1.466748948426829243e-07 -3.127057118142760883e-01 -3.440352929108887628e-04 -3.126974808662151273e-01 -7.322473935403761743e-04
3.917708294883606029e-02 -2.979216971761889932e-01 -1.038847023876251569e+03 -1.068281345346218131e+03 -2.737540336467128577e-01 -1.062007420306965741e+03 2.078642344995971780e-01 2.078642344995971780e-01 2.136562690692436263e+03 6.356227083408590994e-01 3.472895802158542655e-01 -1.445057474165449880e-07 -3.178194614839598975e-01 -3.508499991347622583e-04 -3.178113541704295497e-01 -7.444051864284940197e-04
3.978821866941701507e-02 -2.934991200941358680e-01 -1.055404894088427909e+03 -1.085550296626782711e+03 -2.696902587024082587e-01 -1.079138705821160784e+03 2.047786531642412922e-01 2.047786531642412922e-01 2.171100593253565421e+03 6.458761118800064871e-01 3.421343782919181176e-01 -1.423868130012285416e-07 -3.229460428716732778e-01 -3.572957266782229532e-04 -3.229380559400032435e-01 -7.565340597732497221e-04
4.040141027061412010e-02 -2.891916544731623073e-01 -1.072044465569530985e+03 -1.102873054881524695e+03 -2.657322269188650554e-01 -1.096328006559871937e+03 2.017733744285707675e-01 2.017733744285707675e-01 2.205746109763049390e+03 6.561642642977310036e-01 3.371133448575671099e-01 -1.403089960570578876e-07 -3.280900018519852801e-01 -3.633719572520013809e-04 -3.280821321488655018e-01 -7.686438065664389155e-04
4.101687301531463381e-02 -2.849990691005828691e-01 -1.088794940442036705e+03 -1.120276053560882247e+03 -2.618797538378253020e-01 -1.113602139267507027e+03 1.988480573994948764e-01 1.988480573994948764e-01 2.240552107121764493e+03 6.665028849054053239e-01 3.322258443053323074e-01 -1.382761157344966864e-07 -3.332591980626370409e-01 -3.689876268275618979e-04 -3.332514424527026620e-01 -7.807374866864747473e-04
4.163481368660330861e-02 -2.809175798629345855e-01 -1.105672975708613649e+03 -1.137774301463919983e+03 -2.581293343126610518e-01 -1.130976342095522114e+03 1.960002637955134130e-01 1.960002637955134130e-01 2.275548602927839966e+03 6.769014457727683398e-01 3.274678764092794903e-01 -1.362790858410717043e-07 -3.384583674463250147e-01 -3.742228246041374778e-04 -3.384507228863841699e-01 -7.928377135940714322e-04
4.225543130736413716e-02 -2.769451661551860511e-01 -1.122699665318085408e+03 -1.155386992245267493e+03 -2.544791400261560699e-01 -1.148470070056029954e+03 1.932284121048648551e-01 1.932284121048648551e-01 2.310773984490534986e+03 6.873712587106883820e-01 3.228367352803319656e-01 -1.343002303252218921e-07 -3.436931658411492840e-01 -3.790066056743204674e-04 -3.436856293553441910e-01 -8.049458534930949366e-04
4.287891780122469326e-02 -2.730797934161771079e-01 -1.139897710405832186e+03 -1.173134627488700289e+03 -2.509272825477164015e-01 -1.166104130048352090e+03 1.905311888858053637e-01 1.905311888858053637e-01 2.346269254977400578e+03 6.979249658825258384e-01 3.183302661899727326e-01 -1.324055840980738961e-07 -3.489699142821037214e-01 -3.833108300037849276e-04 -3.489624829412629192e-01 -8.170713093656999928e-04
4.350545859948799082e-02 -2.693190066042442932e-01 -1.157286241661902977e+03 -1.191034663863297510e+03 -2.474715244946926185e-01 -1.183896208081220948e+03 1.879068005366399396e-01 1.879068005366399396e-01 2.382069327726595020e+03 7.085729722942905040e-01 3.139454413223269902e-01 -1.305435728758624714e-07 -3.542938151959700854e-01 -3.871568247913497927e-04 -3.542864861471452520e-01 -8.292286629141043574e-04
4.413523319849715215e-02 -2.656602001352453835e-01 -1.174884732298175550e+03 -1.209104913179213781e+03 -2.441094444946015907e-01 -1.201864342784441533e+03 1.853535741072211418e-01 1.853535741072211418e-01 2.418209826358427563e+03 7.193263671841718665e-01 3.096795201622182803e-01 -1.286811099479313905e-07 -3.596704131435843887e-01 -3.904972034478977551e-04 -3.596631835920859332e-01 -8.414226652079068603e-04
4.476841567162523350e-02 -2.621013234945331893e-01 -1.192713011561086432e+03 -1.227363421622913847e+03 -2.408391882891049440e-01 -1.220026825519524209e+03 1.828699263809481224e-01 1.828699263809481224e-01 2.454726843245827695e+03 7.301957578269162585e-01 3.055297998775278190e-01 -1.268915893881989190e-07 -3.651050116923728051e-01 -3.933335998480463934e-04 -3.650978789134581293e-01 -8.536650897290610747e-04
4.540517513980319581e-02 -2.586408184106123720e-01 -1.210794465264019891e+03 -1.245831841954789525e+03 -2.376593103236570304e-01 -1.238405540642525921e+03 1.804548386855246989e-01 1.804548386855246989e-01 2.491663683909579049e+03 7.411943752062070123e-01 3.014946045478392733e-01 -1.251488430737179829e-07 -3.706042262983168523e-01 -3.956119856537459903e-04 -3.705971876031035062e-01 -8.659619923174923352e-04
4.604567620420984414e-02 -2.552745748292558070e-01 -1.229139071366158532e+03 -1.264519524131039589e+03 -2.345660302696943311e-01 -1.257009919573583375e+03 1.781055059846067823e-01 1.781055059846067823e-01 2.529039048262079177e+03 7.523279882981765976e-01 2.975692692115767812e-01 -1.234142225378349325e-07 -3.761709413375976530e-01 -3.974228615525176190e-04 -3.761639941490882988e-01 -8.783335666535800916e-04
4.669007934445994212e-02 -2.520011194639742436e-01 -1.247769029136129120e+03 -1.283447069949079832e+03 -2.315579963265732566e-01 -1.275860776537678476e+03 1.758208636380760581e-01 1.758208636380760581e-01 2.566894139898159665e+03 7.636089708140413324e-01 2.937520025720763983e-01 -1.217292645532403329e-07 -3.818113436259009674e-01 -3.986564323346304976e-04 -3.818044854070206662e-01 -8.907763544937914420e-04
4.733854128534885353e-02 -2.488186826163364396e-01 -1.266705124210953045e+03 -1.302633147261985641e+03 -2.286336041954458720e-01 -1.294977075099693593e+03 1.735995839382135919e-01 1.735995839382135919e-01 2.605266294523971283e+03 7.750484230374897754e-01 2.900405503134303453e-01 -1.200844804832136345e-07 -3.875309832458464498e-01 -3.993663005073285052e-04 -3.875242115187448877e-01 -9.033106623142688005e-04
4.799121533494738606e-02 -2.457228595526677883e-01 -1.285953085127350732e+03 -1.322084556791969817e+03 -2.257887795213139315e-01 -1.314365439766851296e+03 1.714387426875285669e-01 1.714387426875285669e-01 2.644169113583939634e+03 7.866506634823402511e-01 2.864300826576302583e-01 -1.184747089641061553e-07 -3.933320193467650383e-01 -3.995201644368781189e-04 -3.933253317411701255e-01 -9.159362089339379747e-04
4.864825169659278692e-02 -2.427123215996442873e-01 -1.305535170987729543e+03 -1.341821805944508696e+03 -2.230223076299698293e-01 -1.334046614281433222e+03 1.693373909807034394e-01 1.693373909807034394e-01 2.683643611889017393e+03 7.984280453972940617e-01 2.829190054852114278e-01 -1.168972639435406575e-07 -3.992206285135542210e-01 -3.991301042093192155e-04 -3.992140226986470308e-01 -9.286682721506150928e-04
4.930979775709172508e-02 -2.397847150289093843e-01 -1.325465741765801567e+03 -1.361859073579910955e+03 -2.203320536224570303e-01 -1.354034782276258511e+03 1.672937467845141968e-01 1.672937467845141968e-01 2.723718147159821910e+03 8.103886728089844116e-01 2.795042884765348568e-01 -1.153554642025238359e-07 -4.052008626821317905e-01 -3.982144086119251448e-04 -4.051943364044922058e-01 -9.415184675033623236e-04
4.997599835323862649e-02 -2.369364976971743975e-01 -1.345754683545672606e+03 -1.382205779216452129e+03 -2.177147274508074715e-01 -1.374339419758905251e+03 1.653055262766850442e-01 1.653055262766850442e-01 2.764411558432904258e+03 8.225387059379091204e-01 2.761821865223149097e-01 -1.138476900429672966e-07 -4.112758018827668005e-01 -3.967184220544854416e-04 -4.112693529689545602e-01 -9.544850744636860108e-04
5.064699601855838368e-02 -2.341633736655064357e-01 -1.366401978674486145e+03 -1.402863915612583469e+03 -2.151664030793079274e-01 -1.394962206631718118e+03 1.633696507708139456e-01 1.633696507708139456e-01 2.805727831225166938e+03 8.348789081445170401e-01 2.729475237767176599e-01 -1.123673419053158376e-07 -4.174458276675744317e-01 -3.947455412448556316e-04 -4.174394540722585201e-01 -9.675848376370199243e-04
5.132293121200452723e-02 -2.314644103698237920e-01 -1.387430597393622065e+03 -1.423854717524972784e+03 -2.126862157782100637e-01 -1.415924610292345960e+03 1.614855046044336995e-01 1.614855046044336995e-01 2.847709435049945569e+03 8.474222251561183139e-01 2.697992851162805406e-01 -1.109262440054428569e-07 -4.237174128786695970e-01 -3.922429921018202414e-04 -4.237111125780591570e-01 -9.808236920533679789e-04
5.200394253018263135e-02 -2.288358355594372617e-01 -1.408842796192799369e+03 -1.445182154561772222e+03 -2.102707032712580748e-01 -1.437230330057687297e+03 1.596504510671189758e-01 1.596504510671189758e-01 2.890364309123544444e+03 8.601708394192557616e-01 2.667330627064851134e-01 -1.095248086954438957e-07 -4.300916486342407086e-01 -3.892521332880091896e-04 -4.300854197096278808e-01 -9.942103778427253524e-04
5.269016690452154456e-02 -2.262740467124501054e-01 -1.430641500212564324e+03 -1.466850251738660518e+03 -2.079165471371855756e-01 -1.458883214992975809e+03 1.578620326815923514e-01 1.578620326815923514e-01 2.933700503477321035e+03 8.731272155392544310e-01 2.637447712146983592e-01 -1.081392427575989511e-07 -4.365697671422211767e-01 -3.857959310981638225e-04 -4.365636077696272155e-01 -1.007751108375998152e-03
5.338173978468241376e-02 -2.237762811661198614e-01 -1.452831643256253074e+03 -1.488865159705566384e+03 -2.056212401294454650e-01 -1.480889218307794408e+03 1.561181630655039954e-01 1.561181630655039954e-01 2.977730319411132768e+03 8.862944226295238481e-01 2.608308647031502003e-01 -1.067781464005682784e-07 -4.431533028691612142e-01 -3.819021246627903889e-04 -4.431472113147619241e-01 -1.021453475714193372e-03
5.407879530937485107e-02 -2.213387758570544150e-01 -1.475412604834060176e+03 -1.511228491808382159e+03 -2.033812957768673657e-01 -1.503249606710713579e+03 1.544163874878072273e-01 1.544163874878072273e-01 3.022456983616764319e+03 8.996737252111036698e-01 2.579873053418327844e-01 -1.054614766819838130e-07 -4.498428879859094343e-01 -3.776157648506486722e-04 -4.498368626055518349e-01 -1.035325798733773266e-03
5.478146646564103356e-02 -2.189580837899227361e-01 -1.498382356743887385e+03 -1.533940481115182820e+03 -2.011935529596339534e-01 -1.525964264640200781e+03 1.527542697433482699e-01 1.527542697433482699e-01 3.067880962230365640e+03 9.132649587068607522e-01 2.552100110150156143e-01 -1.041648304332800226e-07 -4.566384401070979759e-01 -3.729331212526127023e-04 -4.566324793534303761e-01 -1.049367321698095731e-03
5.548988523756994556e-02 -2.166311794524847234e-01 -1.521740594732211548e+03 -1.557002711375238505e+03 -1.990552391073203697e-01 -1.549034482495117118e+03 1.511296695782104460e-01 1.511296695782104460e-01 3.114005422750477010e+03 9.270687940606294752e-01 2.524953943701278014e-01 -1.028953678436889311e-07 -4.635402946183755923e-01 -3.678920123581044289e-04 -4.635343970303147376e-01 -1.063584590524717464e-03
5.620418274531555070e-02 -2.143535499050271131e-01 -1.545473561816565962e+03 -1.580405450998980768e+03 -1.969622045953892953e-01 -1.572449924638757466e+03 1.495394732013481942e-01 1.495394732013481942e-01 3.160810901997961537e+03 9.410791422823175933e-01 2.498382652431850592e-01 -1.016482534599744948e-07 -4.705454069024452290e-01 -3.625737156492861283e-04 -4.705395711411587967e-01 -1.077983508702233572e-03
5.692448937521224495e-02 -2.121218910214154041e-01 -1.569574406213590009e+03 -1.604145023149605549e+03 -1.949114151367228043e-01 -1.596206431258869088e+03 1.479813766159196742e-01 1.479813766159196742e-01 3.208290046299211099e+03 9.552935227463146273e-01 2.472347742237423762e-01 -1.004327578421942603e-07 -4.776525365552440339e-01 -3.570221807534137808e-04 -4.776467613731573136e-01 -1.092568138941771858e-03
5.765093490170870860e-02 -2.099327520118793589e-01 -1.594032759181561687e+03 -1.628214691338841249e+03 -1.928997035652438574e-01 -1.620296717474252318e+03 1.464529534895477880e-01 1.464529534895477880e-01 3.256429382677682497e+03 9.697075017661714869e-01 2.446808604501599371e-01 -9.924859729227407671e-08 -4.848594666379586471e-01 -3.512448109241036510e-04 -4.848537508830857434e-01 -1.107334808573044857e-03
5.838364860177600035e-02 -2.077814594995281428e-01 -1.618826870573083852e+03 -1.652597083815720225e+03 -1.909227676597795298e-01 -1.644702765560670514e+03 1.449510104360694218e-01 1.449510104360694218e-01 3.305194167631440450e+03 9.843105360207990984e-01 2.421712127151837701e-01 -9.806957724953637430e-08 -4.921609253655415683e-01 -3.453535101824224164e-04 -4.921552680103995492e-01 -1.122289288426305681e-03
5.912275936238653440e-02 -2.056651144859127922e-01 -1.643945025120568516e+03 -1.677284909836694851e+03 -1.889779525181554398e-01 -1.669416615270057946e+03 1.434734783383136425e-01 1.434734783383136425e-01 3.354569819673389702e+03 9.990976915439433448e-01 2.397023565200023520e-01 -9.693167986844220555e-08 -4.995544456718190585e-01 -3.393705329838824229e-04 -4.995488457719716724e-01 -1.137429645899467505e-03
5.986839578160737391e-02 -2.035794004903597743e-01 -1.669361171548048560e+03 -1.702258173577392427e+03 -1.870612929235921096e-01 -1.694417370812554736e+03 1.420173604854747251e-01 1.420173604854747251e-01 3.404516347154784853e+03 1.014056512949532696e+00 2.372692897559245118e-01 -9.579954470539377644e-08 -5.070337997449463341e-01 -3.334111486212473449e-04 -5.070282564747663478e-01 -1.152760092793129153e-03
6.062068626380308356e-02 -2.015208689309694046e-01 -1.695054121970383221e+03 -1.727500790168751564e+03 -1.851696223756557902e-01 -1.719688187660050062e+03 1.405802438680916755e-01 1.405802438680916755e-01 3.455001580337503128e+03 1.029176890287963664e+00 2.348679780380563964e-01 -9.469667748901860063e-08 -5.145939325149965216e-01 -3.275239163918146194e-04 -5.145884451439818319e-01 -1.168277123590511207e-03
6.137975910939968971e-02 -1.994850116621585956e-01 -1.720991160143034449e+03 -1.752985479696005314e+03 -1.832987919427436774e-01 -1.745200993153127229e+03 1.391590230319658672e-01 1.391590230319658672e-01 3.505970959392010627e+03 1.044442189651655362e+00 2.324932476999654329e-01 -9.360825373452417287e-08 -5.222265269082977390e-01 -3.217459757948028330e-04 -5.222210948258276808e-01 -1.183968386534482459e-03
6.214574259962199476e-02 -1.974685512842148938e-01 -1.747144946403251652e+03 -1.778692073076161250e+03 -1.814457951915236789e-01 -1.770934546796858967e+03 1.377514005306977873e-01 1.377514005306977873e-01 3.557384146152322501e+03 1.059839657556558512e+00 2.301412554641749098e-01 -9.253693054765829825e-08 -5.299252060906352035e-01 -3.161970837633467854e-04 -5.299198287782792560e-01 -1.199838462126334541e-03
6.291876507658061835e-02 -1.954675855614971536e-01 -1.773480820609082002e+03 -1.804591946577281306e+03 -1.796070471101927080e-01 -1.796859341893404007e+03 1.363546573875041024e-01 1.363546573875041024e-01 3.609183893154562611e+03 1.075351657244925763e+00 2.278074596376954697e-01 -9.148218365488984975e-08 -5.376811515763474381e-01 -3.109467563406720998e-04 -5.376758286224628813e-01 -1.215878893488591588e-03
6.369895501905289970e-02 -1.934786323149523257e-01 -1.799963688308615701e+03 -1.830657236566958545e+03 -1.777793491708433704e-01 -1.822946446663809411e+03 1.349663700066398020e-01 1.349663700066398020e-01 3.661314473133917090e+03 1.090960905758628252e+00 2.254878126676544692e-01 -9.044582970990371604e-08 -5.454857217905844102e-01 -3.061009257995786687e-04 -5.454804528793141261e-01 -1.232087212881190523e-03
6.448644111427248582e-02 -1.914977560557868663e-01 -1.826550996057158045e+03 -1.856852910647047565e+03 -1.759590796966271631e-01 -1.849159727554613482e+03 1.335838258848398574e-01 1.335838258848398574e-01 3.713705821294095131e+03 1.106645942857724663e+00 2.231777949737996647e-01 -8.941767968330587316e-08 -5.533281865086435714e-01 -3.017176837545529344e-04 -5.533229714288623313e-01 -1.248449053421689598e-03
6.528135232601571525e-02 -1.895217329676155693e-01 -1.853202365905138549e+03 -1.883145368821812781e+03 -1.741432939364017940e-01 -1.875464595516602458e+03 1.322046875021271606e-01 1.322046875021271606e-01 3.766290737643625562e+03 1.122385671148022235e+00 2.208734677100893384e-01 -8.841028193525297302e-08 -5.611979969373486199e-01 -2.978912538601837944e-04 -5.611928355740111174e-01 -1.264956001176594002e-03
6.608381795924880842e-02 -1.875473746317742885e-01 -1.879875477179091831e+03 -1.909500920625979234e+03 -1.723290455401840227e-01 -1.901826085928803423e+03 1.308268288270394708e-01 1.308268288270394708e-01 3.819001841251958467e+03 1.138159634947954801e+00 2.185713154067683572e-01 -8.740818130770616428e-08 -5.690849251564414901e-01 -2.947156605199559233e-04 -5.690798174739774007e-01 -1.281600310195569895e-03
6.689396772157822635e-02 -1.855711236643068363e-01 -1.906520225007422823e+03 -1.935876981289822652e+03 -1.705130680890419581e-01 -1.928200525322440171e+03 1.294477628786530887e-01 1.294477628786530887e-01 3.871753962579645304e+03 1.153941697086910079e+00 2.162671807122865664e-01 -8.641833645081711435e-08 -5.769759024824007154e-01 -2.922960141748498736e-04 -5.769708485434550393e-01 -1.298369769840177022e-03
6.771193178172607574e-02 -1.835903080711708268e-01 -1.933090065204552275e+03 -1.962235475231071860e+03 -1.686929202271751915e-01 -1.954548595996413724e+03 1.280655525976369669e-01 1.280655525976369669e-01 3.924470950462143719e+03 1.169707982789050194e+00 2.139577998521468016e-01 -8.544625764514877416e-08 -5.848589914481148178e-01 -2.907175350794253361e-04 -5.848539913945250968e-01 -1.315251564580362633e-03
6.853784082523488308e-02 -1.816023088305414868e-01 -1.959539887104030413e+03 -1.988537492370805239e+03 -1.668661811937778017e-01 -1.980830496391138013e+03 1.266784492533919448e-01 1.266784492533919448e-01 3.977074984741610479e+03 1.185435086422208295e+00 2.116402805603343484e-01 -8.446903142703410235e-08 -5.927224891726871059e-01 -2.900459764946669789e-04 -5.927175432111041475e-01 -1.332230391932599659e-03
6.937182610758925450e-02 -1.796040628705449227e-01 -1.985811962297650098e+03 -2.014734971617481278e+03 -1.650300381658759974e-01 -2.006996754969835365e+03 1.252843074879162466e-01 1.252843074879162466e-01 4.029469943234962557e+03 1.201093387230123266e+00 2.093110353314711902e-01 -8.350408550449677578e-08 -6.005515851937800464e-01 -2.903588991073331282e-04 -6.005466936150616331e-01 -1.349286019207273464e-03
7.021401950492707489e-02 -1.775937805144875148e-01 -2.011861169529882773e+03 -2.040789336687991408e+03 -1.631828548776435850e-01 -2.033007850389112718e+03 1.238818388073135990e-01 1.238818388073135990e-01 4.081578673375982817e+03 1.216659044771621012e+00 2.069678962481506790e-01 -8.255163724729242409e-08 -6.083343592381093012e-01 -2.917677854179502551e-04 -6.083295223858105061e-01 -1.366409707784714154e-03
7.106455356249911925e-02 -1.755692405733357830e-01 -2.037633874690265202e+03 -2.066655199114511106e+03 -1.613225874893107203e-01 -2.058817198321260094e+03 1.224695100418094623e-01 1.224695100418094623e-01 4.133310398229022212e+03 1.232104287749600235e+00 2.046083079348579858e-01 -8.159913316404925928e-08 -6.160569255979519987e-01 -2.943580633602956237e-04 -6.160521438748001177e-01 -1.383584444145938980e-03
7.192356154102377830e-02 -1.735285607908826633e-01 -2.063078233491388346e+03 -2.092287581628314456e+03 -1.594475017534765227e-01 -2.084378837277323782e+03 1.210460274417997500e-01 1.210460274417997500e-01 4.184575163256628912e+03 1.247401751322295915e+00 2.022301164583815980e-01 -8.065534307018819742e-08 -6.237056018035791460e-01 -2.981631270426116716e-04 -6.237008756611479576e-01 -1.400785644639584429e-03
7.279117746107181819e-02 -1.714705714865252251e-01 -2.088147865619621825e+03 -2.117646599859398066e+03 -1.575565230775564374e-01 -2.109651947512397328e+03 1.196105744266586779e-01 1.196105744266586779e-01 4.235293199718796131e+03 1.262527037126889518e+00 1.998319573089188950e-01 -7.970734012793071079e-08 -6.312681886416356969e-01 -3.032728438616174031e-04 -6.312635185634447588e-01 -1.418000641277037755e-03
7.366753614560611618e-02 -1.693943181640818751e-01 -2.112796086900398677e+03 -2.142691655150619226e+03 -1.556487821158978602e-01 -2.134595059366167789e+03 1.181624434713192395e-01 1.181624434713192395e-01 4.285383310301238453e+03 1.277455111040396218e+00 1.974126327758345678e-01 -7.876918080435801116e-08 -6.387321690210856495e-01 -3.097842732534254891e-04 -6.387275555201981092e-01 -1.435217181563720138e-03
7.455277326079179367e-02 -1.672988008852891451e-01 -2.136975376258744745e+03 -2.167380536561820009e+03 -1.537233482503019555e-01 -2.159165212934307874e+03 1.167009844777985722e-01 1.167009844777985722e-01 4.334761073123640017e+03 1.292160589007733007e+00 1.949710753215230241e-01 -7.783327667183047018e-08 -6.460848508932481860e-01 -3.176474269096993806e-04 -6.460802945038665035e-01 -1.452400000291811238e-03
7.544702535518335584e-02 -1.651837994598810144e-01 -2.160644627290985682e+03 -2.191677213987919004e+03 -1.517800264461806325e-01 -2.183325655083788661e+03 1.152260104698990539e-01 1.152260104698990539e-01 4.383354427975838007e+03 1.306621301579174776e+00 1.925069597544370181e-01 -7.689500676630588651e-08 -6.533151495236606543e-01 -3.270104938781975899e-04 -6.533106507895873882e-01 -1.469547826760890736e-03
7.635042989738796693e-02 -1.630493883730473326e-01 -2.183766821244164930e+03 -2.215547932402165316e+03 -1.498188833953034149e-01 -2.207042183192634639e+03 1.137375606800718059e-01 1.137375606800718059e-01 4.431095864804330631e+03 1.320816743327079879e+00 1.900203478699411253e-01 -7.596085802173801743e-08 -6.604128122022178138e-01 -3.377796055152582880e-04 -6.604083716635399393e-01 -1.486623940404189050e-03
7.726312531229631575e-02 -1.608959857924210646e-01 -2.206308333786582807e+03 -2.238962535508195288e+03 -1.478403035203792459e-01 -2.230284156038937908e+03 1.122359286517396609e-01 1.122359286517396609e-01 4.477925071016390575e+03 1.334728611595940917e+00 1.875117306511270010e-01 -7.502584767253309623e-08 -6.673686876123400280e-01 -3.500712387126087379e-04 -6.673643057979704585e-01 -1.503626389746012468e-03
7.818525101596661420e-02 -1.587243380641548962e-01 -2.228241368803336172e+03 -2.261894311739187287e+03 -1.458449675015476288e-01 -2.253024738577171775e+03 1.107216471029135313e-01 1.107216471029135313e-01 4.523788623478374575e+03 1.348340969383587939e+00 1.849820033665972308e-01 -7.409095366895528128e-08 -6.741748072762286936e-01 -3.638368365228412623e-04 -6.741704846917939697e-01 -1.520530390425894060e-03
7.911694744924047118e-02 -1.565356598601747862e-01 -2.249544384302284016e+03 -2.284322113425619136e+03 -1.438339912245368002e-01 -2.275242756887119413e+03 1.091955502707640663e-01 1.091955502707640663e-01 4.568644226851238273e+03 1.361641100656901804e+00 1.824325555215486894e-01 -7.315614303897864239e-08 -6.808248132110678030e-01 -3.790356244898723088e-04 -6.808205503284509019e-01 -1.537315854772712933e-03
8.005835611016511033e-02 -1.543316385569275806e-01 -2.270203574579841188e+03 -2.306231671667973842e+03 -1.418089263272258316e-01 -2.296924036665258882e+03 1.076588015733774134e-01 1.076588015733774134e-01 4.612463343335947684e+03 1.374620462263843601e+00 1.798653260444202096e-01 -7.221820970295691350e-08 -6.873144338865159186e-01 -3.956878756216535616e-04 -6.873102311319218005e-01 -1.553976623974855824e-03
8.100961958528996032e-02 -1.521141944382459199e-01 -2.290211021072807853e+03 -2.327612805662557548e+03 -1.397715351434151154e-01 -2.318058762096788087e+03 1.061127328215584892e-01 1.061127328215584892e-01 4.655225611325115096e+03 1.387273166351480347e+00 1.772825379755045561e-01 -7.128451352215155418e-08 -6.936407254301488745e-01 -4.136912229520524299e-04 -6.936365831757401734e-01 -1.570490546447867982e-03
8.197088157990257973e-02 -1.498857989367474719e-01 -2.309570866003676201e+03 -2.348464753154296886e+03 -1.377240872015172701e-01 -2.338646927474308086e+03 1.045590650830465484e-01 1.045590650830465484e-01 4.696929506308593773e+03 1.399599219965551811e+00 1.746870660696848987e-01 -7.034855099507416192e-08 -6.998036914331599023e-01 -4.330212157198983923e-04 -6.997996099827759053e-01 -1.586853867523458717e-03
8.294228694726363260e-02 -1.476493419905038351e-01 -2.328295938503627895e+03 -2.368795352066525084e+03 -1.356692350708070260e-01 -2.358697126604854020e+03 1.029998063909485922e-01 1.029998063909485922e-01 4.737590704133050167e+03 1.411603752154573899e+00 1.720822632527514440e-01 -6.941035160970105220e-08 -7.058058965007493191e-01 -4.535113921029067588e-04 -7.058018760772869493e-01 -1.603046535918207062e-03
8.392398171689766095e-02 -1.454076306301165800e-01 -2.346400802487786223e+03 -2.388613525981241310e+03 -1.336095601577908520e-01 -2.378219137153581414e+03 1.014368956491476514e-01 1.014368956491476514e-01 4.777227051962482619e+03 1.423292492087665950e+00 1.694713619820384931e-01 -6.847456088640821489e-08 -7.116502052932277556e-01 -4.751483845512414887e-04 -7.116462460438329751e-01 -1.619072717851217534e-03
8.491611312199247308e-02 -1.431643704545405849e-01 -2.363922609585635200e+03 -2.407945771819790025e+03 -1.315484633501688427e-01 -2.397241053700739940e+03 9.987291664677802605e-02 9.987291664677802605e-02 4.815891543639580050e+03 1.434682280328239745e+00 1.668586796154421237e-01 -6.754253208160461767e-08 -7.173450381959560751e-01 -4.977442977955708059e-04 -7.173411401641198726e-01 -1.634921784191421552e-03
8.591882962595720485e-02 -1.409230933025764076e-01 -2.380899007363032069e+03 -2.426820018888268351e+03 -1.294891880124995065e-01 -2.415792256663729404e+03 9.831032217639090742e-02 9.831032217639090742e-02 4.853640037776536701e+03 1.445790646155498793e+00 1.642483108984034434e-01 -6.661004855007950230e-08 -7.228991599464255069e-01 -5.211108362652928840e-04 -7.228953230777493966e-01 -1.650583790416078247e-03
8.693228094818622465e-02 -1.386878646807236659e-01 -2.397383271659125512e+03 -2.445277905913710129e+03 -1.274354688871690566e-01 -2.433916109040082119e+03 9.675194267792978919e-02 9.675194267792978919e-02 4.890555811827420257e+03 1.456643512559413489e+00 1.616449830260957843e-01 -6.567840595471763644e-08 -7.283255321511277192e-01 -5.451676904408855016e-04 -7.283217562797067446e-01 -1.666074535815845930e-03
8.795661808907344337e-02 -1.364631567955496283e-01 -2.413443901401992662e+03 -2.463373445707860355e+03 -1.253914141258026527e-01 -2.451668766477696408e+03 9.520088571643850472e-02 9.520088571643850472e-02 4.926746891415720711e+03 1.467274419582320411e+00 1.590538840918049313e-01 -6.475378521639285664e-08 -7.336409249542558131e-01 -5.697261453376860048e-04 -7.336372097911602053e-01 -1.681401394255437227e-03
8.899199335431944025e-02 -1.342533640383401783e-01 -2.429155633837458481e+03 -2.481165526255221721e+03 -1.233610608147149984e-01 -2.469111461843545840e+03 9.366019615274681631e-02 9.366019615274681631e-02 4.962331052510443442e+03 1.477719829996731793e+00 1.564800945468844406e-01 -6.382486490609472868e-08 -7.388635698631129678e-01 -5.945240052597926305e-04 -7.388599149983658965e-01 -1.696563637290839782e-03
9.003856037857181638e-02 -1.320629304858639552e-01 -2.444602613753002061e+03 -2.498721822076482567e+03 -1.213484854865860552e-01 -2.486314295754107206e+03 9.213299270308974998e-02 9.213299270308974998e-02 4.997443644152965135e+03 1.488021905262421507e+00 1.539288326917410965e-01 -6.292403437561958521e-08 -7.440145477324607848e-01 -6.193098524637507011e-04 -7.440109526312107535e-01 -1.711568339431268366e-03
9.109647414843714819e-02 -1.298964809899032791e-01 -2.459879164833561390e+03 -2.516118692756565906e+03 -1.193579469993338860e-01 -2.503356269852763489e+03 9.062244194756040316e-02 9.062244194756040316e-02 5.032237385513131812e+03 1.498227378741219917e+00 1.514053669727540574e-01 -6.199008695653990331e-08 -7.491172253652785828e-01 -6.439610131904029491e-04 -7.491136893706099587e-01 -1.726447384215509979e-03
9.216589102490152507e-02 -1.277591666022547534e-01 -2.475103547185256048e+03 -2.533453191566592068e+03 -1.173941677076258266e-01 -2.520337545106653579e+03 8.913217245304085046e-02 8.913217245304085046e-02 5.066906383133184136e+03 1.508396519599489505e+00 1.489157739360562893e-01 -6.107892236505700798e-08 -7.542017374908419614e-01 -6.681509189865289695e-04 -7.541982597997447524e-01 -1.741215969414798819e-03
9.324696876519521227e-02 -1.256552364065859073e-01 -2.490382567224492050e+03 -2.550812690192997707e+03 -1.154610530868121904e-01 -2.537348343775581270e+03 8.766513027599179275e-02 8.766513027599179275e-02 5.101625380385995413e+03 1.518583147711410897e+00 1.464649693265736574e-01 -6.017651398804663868e-08 -7.592949941618798437e-01 -6.916820100510242446e-04 -7.592915738557054484e-01 -1.755902148452157625e-03
9.433986654413546724e-02 -1.235890489761361233e-01 -2.505835252302180379e+03 -2.568295381205930880e+03 -1.135626069219317497e-01 -2.554489906971042274e+03 8.622434605261480867e-02 8.622434605261480867e-02 5.136590762411861760e+03 1.528847752518847303e+00 1.440580134714174454e-01 -5.926314342465085119e-08 -7.644272402191530924e-01 -7.142770719042044114e-04 -7.644238762594236514e-01 -1.770528951678446063e-03
9.544474497498087184e-02 -1.215657487064928238e-01 -2.521609421708242735e+03 -2.586024544513733417e+03 -1.117035552818001487e-01 -2.571889092761985921e+03 8.481339062103347703e-02 8.481339062103347703e-02 5.172049089027466835e+03 1.539266072059296997e+00 1.417008665306237203e-01 -5.839863079616505217e-08 -7.696363448228134008e-01 -7.355517336978702322e-04 -7.696330360296484985e-01 -1.785119483532012982e-03
9.656176612982896035e-02 -1.195887750848599884e-01 -2.537824379931226758e+03 -2.604099579658460243e+03 -1.098870558697290639e-01 -2.589648204071770124e+03 8.343467936182383249e-02 8.343467936182383249e-02 5.208199159316920486e+03 1.549899452837549596e+00 1.393975698401192509e-01 -5.752765022195643902e-08 -7.749529813200805028e-01 -7.554132336246451550e-04 -7.749497264187747980e-01 -1.799726097601321096e-03
9.769109355958922880e-02 -1.176625145038592835e-01 -2.554630760824845765e+03 -2.622647277140527422e+03 -1.081171428259948969e-01 -2.607897496647185562e+03 8.209123817820798696e-02 8.209123817820798696e-02 5.245294554281054843e+03 1.560825473776910721e+00 1.371531666721672593e-01 -5.666159986766978267e-08 -7.804159392909278958e-01 -7.735569335336035064e-04 -7.804127368884553606e-01 -1.814386168529231449e-03
9.883289231356141846e-02 -1.157902179960628719e-01 -2.572164133249244969e+03 -2.641781702016436611e+03 -1.063967973001077316e-01 -2.626754161243584349e+03 8.078535708390700842e-02 8.078535708390700842e-02 5.283563404032873223e+03 1.572114467043705055e+00 1.349714917678443982e-01 -5.580491473709759466e-08 -7.860603849102851814e-01 -7.896852491311882665e-04 -7.860572335218525275e-01 -1.829130283389364701e-03
9.998732895864990977e-02 -1.139750361764558934e-01 -2.590564760794777612e+03 -2.661622394320066633e+03 -1.047289180196349784e-01 -2.646340734503911790e+03 7.951921012818988221e-02 7.951921012818988221e-02 5.323244788640133265e+03 1.583839463460318342e+00 1.328561685445907858e-01 -5.496629168282153589e-08 -7.919228336735226748e-01 -8.036054317292576918e-04 -7.919197317301591710e-01 -1.844008099959322999e-03
1.011545715982437310e-01 -1.122194523344435813e-01 -2.609966246913159011e+03 -2.682283917652824584e+03 -1.031157835883577817e-01 -2.666774525458457447e+03 7.829454353719607351e-02 7.829454353719607351e-02 5.364567835305649169e+03 1.596070768710756260e+00 1.308101198046604796e-01 -5.416205629400179106e-08 -7.980384384918678409e-01 -8.151003515158813158e-04 -7.980353843553781301e-01 -1.859062561118658566e-03
1.023347898907916165e-01 -1.105259126520308638e-01 -2.630510072256053263e+03 -2.703886989169424396e+03 -1.015596454599804604e-01 -2.688179252110275684e+03 7.711304423063854163e-02 7.711304423063854163e-02 5.407773978338848792e+03 1.608882136370751947e+00 1.288361565248481999e-01 -5.335207075878171875e-08 -8.044440762180596893e-01 -8.240169612269151274e-04 -8.044410681853759737e-01 -1.874350221820078469e-03
1.035281550681016599e-01 -1.088953308459607028e-01 -2.652303813351944427e+03 -2.726525682156157018e+03 -1.000613377182200114e-01 -2.710650913917717844e+03 7.597537795644207503e-02 7.597537795644207503e-02 5.453051364312314035e+03 1.622331291827122435e+00 1.269354016812039299e-01 -5.255365959626054738e-08 -8.111686095729575552e-01 -8.301382712610609355e-04 -8.111656459135612174e-01 -1.889900376288927231e-03
1.047348399533943319e-01 -1.073287258439433595e-01 -2.675462173741779225e+03 -2.750301097286921504e+03 -9.862179953270337751e-02 -2.734292541620301563e+03 7.488224526455115881e-02 7.488224526455115881e-02 5.500602194573843008e+03 1.636479705097763082e+00 1.251090215820973295e-01 -5.180390703141172583e-08 -8.182427735916839584e-01 -8.333667098814955898e-04 -8.182398525488815411e-01 -1.905764780418532645e-03
1.059550189791384905e-01 -1.058260224306562247e-01 -2.700075097853555690e+03 -2.775292753894894759e+03 -9.724096411772580051e-02 -2.759185130415867661e+03 7.383359239013002895e-02 7.383359239013002895e-02 5.550585507789789517e+03 1.651375751435805173e+00 1.233569253952028627e-01 -5.103200449966510409e-08 -8.256907558972623740e-01 -8.336895731969787933e-04 -8.256878757179025863e-01 -1.921994017444816211e-03
1.071888682046991947e-01 -1.043867202805400657e-01 -2.726221659603424087e+03 -2.801573064182841790e+03 -9.591837346765906547e-02 -2.785402000380942809e+03 7.282906555995420639e-02 7.282906555995420639e-02 5.603146128365683580e+03 1.667063170782453030e+00 1.216785200766076630e-01 -5.029135947383924574e-08 -8.335344264457110741e-01 -8.309901681622803085e-04 -8.335315853912265149e-01 -1.938617639913966118e-03
1.084365653338271451e-01 -1.030093507273528025e-01 -2.753955965723625468e+03 -2.829193363853707979e+03 -9.465267308983917049e-02 -2.812994830272108175e+03 7.186768449383293400e-02 7.186768449383293400e-02 5.658386727707415957e+03 1.683573373184675814e+00 1.200721836900549983e-01 -4.954927995970282355e-08 -8.417894902221009223e-01 -8.253453633872908594e-04 -8.417866865923379072e-01 -1.955681582913953998e-03
1.096982897320192274e-01 -1.016916825925973517e-01 -2.783304517634231161e+03 -2.858182478460053517e+03 -9.344181901207193608e-02 -2.841992040735554383e+03 7.094787102021427039e-02 7.094787102021427039e-02 5.716364956920107034e+03 1.700923002879660917e+00 1.185352708866413696e-01 -4.884859781009152113e-08 -8.504642692810358007e-01 -8.167836110941932223e-04 -8.504615014398304584e-01 -1.973208321761312205e-03
1.109742224437801905e-01 -1.004312471983302146e-01 -2.814284896146414212e+03 -2.888562023608863910e+03 -9.228354628151566597e-02 -2.872414590765412413e+03 7.006790391853065514e-02 7.006790391853065514e-02 5.777124047217727821e+03 1.719124520163349379e+00 1.170649054644265358e-01 -4.817348407526959703e-08 -8.595649937009135488e-01 -8.054673134459157391e-04 -8.595622600816746894e-01 -1.991236382939428392e-03
1.122645462098158242e-01 -9.922432952829436659e-02 -2.846870283105818089e+03 -2.920316845981321421e+03 -9.117444051216150314e-02 -2.904245555327095644e+03 6.922521378837256933e-02 6.922521378837256933e-02 5.840633691962642843e+03 1.738168009685489457e+00 1.156568022202739826e-01 -4.754097793676911781e-08 -8.690867057051192557e-01 -7.915346607571824636e-04 -8.690840048427447284e-01 -2.009776259295362969e-03
1.135694454841885692e-01 -9.806646956267185689e-02 -2.881000208015652788e+03 -2.953404273612708039e+03 -9.011040589192242933e-02 -2.937439591007090257e+03 6.841670508333358436e-02 6.841670508333358436e-02 5.906808547225416078e+03 1.758026447060281994e+00 1.143057940153819063e-01 -4.692535120933244136e-08 -8.790158929771482166e-01 -7.753639439078307454e-04 -8.790132235301409969e-01 -2.028856837061685479e-03
1.148891064514669935e-01 -9.695309065573173846e-02 -2.916602539683241957e+03 -2.987770939384427493e+03 -8.908723292177674058e-02 -2.971940527953020137e+03 6.763922638810339338e-02 6.763922638810339338e-02 5.975541878768854986e+03 1.778666762477349783e+00 1.130066303950941486e-01 -4.627412478091210729e-08 -8.893360204883665743e-01 -7.571424924607318436e-04 -8.893333812386748916e-01 -2.048471003572042461e-03
1.162237170439009565e-01 -9.587858353343078899e-02 -2.953553491194634262e+03 -3.023320419772721834e+03 -8.809977567500283657e-02 -3.007647885794577178e+03 6.688884388179727747e-02 6.688884388179727747e-02 6.046640839545443669e+03 1.800028450836040683e+00 1.117527302004743678e-01 -4.562825247134302857e-08 -9.000168355310391721e-01 -7.372325544058415392e-04 -9.000142254180203416e-01 -2.068608812078825618e-03
1.175734669586552539e-01 -9.483731365998356033e-02 -2.991713651291093811e+03 -3.059943115172451598e+03 -8.714286458485899500e-02 -3.044447652519093026e+03 6.616161264284124710e-02 6.616161264284124710e-02 6.119886230344903197e+03 1.822042970486387858e+00 1.105374959810744157e-01 -4.505067972205815707e-08 -9.110240671220954933e-01 -7.161194444164359222e-04 -9.110214852431939292e-01 -2.089270525229305637e-03
1.189385476751349119e-01 -9.382284167616840309e-02 -3.030902549782985261e+03 -3.097494509024836589e+03 -8.621057259005548978e-02 -3.082190010222370802e+03 6.545312185658375137e-02 6.545312185658375137e-02 6.194989018049673177e+03 1.844621837579642154e+00 1.093535878740495709e-01 -4.444398118371743082e-08 -9.223134731654705210e-01 -6.942380449382138654e-04 -9.223109187898210770e-01 -2.110426957904439679e-03
1.203191524724363942e-01 -9.282869565451354332e-02 -3.070912770004802496e+03 -3.135806470461211120e+03 -8.529696638017122967e-02 -3.120701051977085172e+03 6.475880974465805795e-02 6.475880974465805795e-02 6.271612940922422240e+03 1.867660201950158028e+00 1.081933656513254655e-01 -4.389921848237843911e-08 -9.338326283949085482e-01 -6.721348510762468163e-04 -9.338301009750790138e-01 -2.132048350452561171e-03
1.217154764469595835e-01 -9.184804079072445004e-02 -3.111508439763859769e+03 -3.174685986443411366e+03 -8.439575778730698530e-02 -3.159781478976396102e+03 6.407397395789693473e-02 6.407397395789693473e-02 6.349371972886822732e+03 1.891039806733461948e+00 1.070489966576727847e-01 -4.332529420279929531e-08 -9.455224041948202540e-01 -6.502687204952911030e-04 -9.455199033667309738e-01 -2.154076870922351158e-03
1.231277165302159943e-01 -9.087436370784517103e-02 -3.152436375475242585e+03 -3.213926021078913436e+03 -8.350097496235224515e-02 -3.199217485967332777e+03 6.339402572098376543e-02 6.339402572098376543e-02 6.427852042157826872e+03 1.914631928113160964e+00 1.059127963056906985e-01 -4.279211556016410080e-08 -9.573184384726650675e-01 -6.292649366482238639e-04 -9.573159640565804818e-01 -2.176468952190540804e-03
1.245560715068704388e-01 -8.990078936159615064e-02 -3.193414297814870224e+03 -3.253292255716947238e+03 -8.260629097622257389e-02 -3.238767750209473434e+03 6.271424796815615321e-02 6.271424796815615321e-02 6.506584511433894477e+03 1.938293448724149215e+00 1.047769121970683615e-01 -4.222959063009085884e-08 -9.691491723621231680e-01 -6.097657490508998253e-04 -9.691467243620746075e-01 -2.199167995424610063e-03
1.260007420330530592e-01 -8.892111359306865970e-02 -3.234155416914885336e+03 -3.292545925444572731e+03 -8.170601579949310356e-02 -3.278186500050763698e+03 6.203026956053415975e-02 6.203026956053415975e-02 6.585091850889145462e+03 1.961876570337768300e+00 1.036340245624045586e-01 -4.169798961073981253e-08 -9.809407065744206733e-01 -5.922547540161738917e-04 -9.809382851688841498e-01 -2.222087905010512905e-03
1.274619306549808206e-01 -8.792898165152095158e-02 -3.274345486598337175e+03 -3.331424167739613040e+03 -8.079431058166990087e-02 -3.317203388264338173e+03 6.133767801954535109e-02 6.133767801954535109e-02 6.662848335479226080e+03 1.985219856787262316e+00 1.024767681580161932e-01 -4.117481690555897067e-08 -9.926123228521508413e-01 -5.774012587542178779e-04 -9.926099283936311579e-01 -2.245156354375965526e-03
1.289398418279278369e-01 -8.691926997803800514e-02 -3.313700553063838470e+03 -3.369687451430266265e+03 -7.986646323615952114e-02 -3.355572432956429111e+03 6.063293163286614246e-02 6.063293163286614246e-02 6.739374902860532529e+03 2.008176739040975267e+00 1.012992375817735879e-01 -4.065020803924292743e-08 -1.004090736541554341e+00 -5.656083569423521907e-04 -1.004088369520487634e+00 -2.268276180246353493e-03
1.304346819355849951e-01 -8.588696025793542133e-02 -3.351915050108332252e+03 -3.407076961894645592e+03 -7.891786994856159199e-02 -3.393028041552589457e+03 5.991250757430074958e-02 5.991250757430074958e-02 6.814153923789291184e+03 2.030587909104559774e+00 1.000955381355447954e-01 -4.014677145480998532e-08 -1.015296293504758030e+00 -5.575513522636587694e-04 -1.015293954552279887e+00 -2.291378296112586005e-03
1.319466593098510276e-01 -8.482810436667757858e-02 -3.388712756185349917e+03 -3.443356988493706922e+03 -7.794489968109274969e-02 -3.429328648879976299e+03 5.917367255624269434e-02 5.917367255624269434e-02 6.886713976987413844e+03 2.052309270995807733e+00 9.886111100430618193e-02 -3.962001726173639897e-08 -1.026156945644538299e+00 -5.535644060209013494e-04 -1.026154635497903866e+00 -2.314357624224933421e-03
1.334759842510973848e-01 -8.373969981046738842e-02 -3.423838775677616923e+03 -3.478308041120472808e+03 -7.694480114657904768e-02 -3.464249670098637580e+03 5.841429430011863683e-02 5.841429430011863683e-02 6.956616082240945616e+03 2.073205767743237615e+00 9.759237945329841957e-02 -3.914860317333316077e-08 -1.036605164389759359e+00 -5.540354572569398083e-04 -1.036602883871618808e+00 -2.337127179556888062e-03
1.350228690489515548e-01 -8.261954628774172138e-02 -3.457067572170737549e+03 -3.511733865353138299e+03 -7.591554014111180637e-02 -3.497590661211214410e+03 5.763290763759912338e-02 5.763290763759912338e-02 7.023467730706276598e+03 2.093158912493243928e+00 9.628692169733420181e-02 -3.861849477813301167e-08 -1.046581706259350986e+00 -5.593062758547394158e-04 -1.046579456246621964e+00 -2.359610869964694733e-03
1.365875280036433215e-01 -8.146671452134489344e-02 -3.488216001300501830e+03 -3.543472347793625431e+03 -7.485626654609149611e-02 -3.529186534273711914e+03 5.682883286035445014e-02 5.682883286035445014e-02 7.086944695587250862e+03 2.112069442482954695e+00 9.494359084994585807e-02 -3.806611050116788838e-08 -1.056036939845258926e+00 -5.694086221360950082e-04 -1.056034721241477348e+00 -2.381705760072325845e-03
1.381701774479608680e-01 -8.028142714268744762e-02 -3.517152308085448567e+03 -3.573403293390526414e+03 -7.376718420802642895e-02 -3.558915509912239031e+03 5.600222217094974475e-02 5.600222217094974475e-02 7.146806586781052829e+03 2.129864550157339664e+00 9.356264035496747455e-02 -3.752284168695691889e-08 -1.064934461376641162e+00 -5.844855464065001633e-04 -1.064932275078669832e+00 -2.403354796125956299e-03
1.397710357698642991e-01 -7.906496513228372658e-02 -3.543790280226452523e+03 -3.601443588161784191e+03 -7.264948088779682456e-02 -3.586694132485816681e+03 5.515389500933851052e-02 5.515389500933851052e-02 7.202887176323568383e+03 2.146492841702109189e+00 9.214541215242952332e-02 -3.704338731652748780e-08 -1.073248573976930631e+00 -6.044527872081123954e-04 -1.073246420851054594e+00 -2.424489192668026656e-03
1.413903234358055150e-01 -7.781974864485294296e-02 -3.568119312898912995e+03 -3.627573100087498005e+03 -7.150535494662005331e-02 -3.612503770007175717e+03 5.428566289860146249e-02 5.428566289860146249e-02 7.255146200174996011e+03 2.161945985015813587e+00 9.069497969840269180e-02 -3.644366267674729320e-08 -1.080975111673553757e+00 -6.291399381706899198e-04 -1.080972992507906794e+00 -2.445073650131780740e-03
1.430282630148045353e-01 -7.654958380562554288e-02 -3.590192442083935930e+03 -3.651823615713624804e+03 -7.033832239088125271e-02 -3.636379429669782894e+03 5.340005146632164496e-02 5.340005146632164496e-02 7.303647231427249608e+03 2.176242266803400049e+00 8.921551524670387479e-02 -3.590452188709613567e-08 -1.088123217915124119e+00 -6.580964531172424532e-04 -1.088121133401700025e+00 -2.465058701249588785e-03
1.446850792033341215e-01 -7.525894430198427909e-02 -3.610123939235711532e+03 -3.674278941187445071e+03 -6.915248487027417235e-02 -3.658409472738754630e+03 5.250020895787121944e-02 5.250020895787121944e-02 7.348557882374890141e+03 2.189435298681392084e+00 8.771228987575667435e-02 -3.536131215267835875e-08 -1.094719698636721583e+00 -6.909287179762822100e-04 -1.094717649340696042e+00 -2.484441989909768299e-03
1.463609988510654325e-01 -7.395344951488512508e-02 -3.628107801436392947e+03 -3.695089078753492686e+03 -6.795300431218001536e-02 -3.678750432244749391e+03 5.159003330322892156e-02 5.159003330322892156e-02 7.390178157506985372e+03 2.201618401941054515e+00 8.619180896379166623e-02 -3.483518034410130325e-08 -1.100811214638856894e+00 -7.269511822721985142e-04 -1.100809200970527257e+00 -2.503219353666554479e-03
1.480562509875292532e-01 -7.263959626748651977e-02 -3.644410324411059719e+03 -3.714465623682184287e+03 -6.674585443643117622e-02 -3.697621982530385139e+03 5.067400440544825996e-02 5.067400440544825996e-02 7.428931247364368573e+03 2.212921903626695386e+00 8.466153888700093944e-02 -3.436268156891028347e-08 -1.106462929619909996e+00 -7.654328647474662600e-04 -1.106460951813347693e+00 -2.521419848626242199e-03
1.497710668497480579e-01 -7.132415124299594511e-02 -3.659353835433914355e+03 -3.732668247903014162e+03 -6.553723460653325394e-02 -3.715293021293351558e+03 4.975691390873083347e-02 4.975691390873083347e-02 7.465336495806028324e+03 2.223508570593663691e+00 8.312951309291609359e-02 -3.381018114454329167e-08 -1.111756227201313063e+00 -8.055774172391883241e-04 -1.111754285296831846e+00 -2.539097689774733133e-03
1.515056799108966679e-01 -7.001470752219887683e-02 -3.673335986184573812e+03 -3.750020080862669147e+03 -6.433412335696704620e-02 -3.732097627830975853e+03 4.884401747247071879e-02 4.884401747247071879e-02 7.500040161725338294e+03 2.233577499092277652e+00 8.160449826671936635e-02 -3.324107240512202437e-08 -1.116790655715508285e+00 -8.463921707523074317e-04 -1.116788749546138826e+00 -2.556316311004687598e-03
1.532603259100500659e-01 -6.871902067753979382e-02 -3.686800041901901295e+03 -3.766886037131932426e+03 -6.314365212992735510e-02 -3.748412188067201441e+03 4.794066593530163511e-02 4.794066593530163511e-02 7.533772074263864852e+03 2.243352487835842624e+00 8.009541322510817241e-02 -3.262881057032295303e-08 -1.121678114729255604e+00 -8.869049268548704051e-04 -1.121676243917921312e+00 -2.573169217542194478e-03
1.550352428830776563e-01 -6.744455574947268162e-02 -3.700225936696645931e+03 -3.783660175913462353e+03 -6.197266537151630700e-02 -3.764643343747379731e+03 4.705211831361379854e-02 4.705211831361379854e-02 7.567320351826924707e+03 2.253078339732921709e+00 7.861106488935419578e-02 -3.211060126155000057e-08 -1.126541005908044735e+00 -9.259964046752771228e-04 -1.126539169866460854e+00 -2.589749982593837156e-03
1.568306711947469179e-01 -6.619898718274136451e-02 -3.714128653841650248e+03 -3.800772224039103094e+03 -6.082823572605736140e-02 -3.781233250881471122e+03 4.618358865132394381e-02 4.618358865132394381e-02 7.601544448078206187e+03 2.263015963830027566e+00 7.716011318617804760e-02 -3.157216305392751933e-08 -1.131509783975518602e+00 -9.627009481252481616e-04 -1.131507981915013783e+00 -2.606193369298110459e-03
1.586468535720987061e-01 -6.498952947318643869e-02 -3.729058382021124999e+03 -3.818686667923699133e+03 -5.971696895143827760e-02 -3.798658837071856851e+03 4.534021490004376542e-02 4.534021490004376542e-02 7.637373335847398266e+03 2.273453584484573131e+00 7.575118257930381349e-02 -3.105081725754258692e-08 -1.136728561318410158e+00 -9.959945284024015241e-04 -1.136726792242286566e+00 -2.622654814800960080e-03
1.604840351391592645e-01 -6.382199709804520227e-02 -3.745512873989326181e+03 -3.837819365486339393e+03 -5.864420236017567345e-02 -3.817347894321071180e+03 4.452606127982351031e-02 4.452606127982351031e-02 7.675638730972678786e+03 2.284647502893189852e+00 7.439106718078725144e-02 -3.057057453743042029e-08 -1.142325488696671165e+00 -1.024840657660313530e-03 -1.142323751446594926e+00 -2.639253179048851525e-03
1.623424634530553634e-01 -6.270221592739019800e-02 -3.764005690064872852e+03 -3.858609622257191859e+03 -5.761531791031319211e-02 -3.837750447436276772e+03 4.374502577203588649e-02 4.374502577203588649e-02 7.717219244514383718e+03 2.296862181567168371e+00 7.308621746383225926e-02 -3.003189923463572132e-08 -1.148432797511752090e+00 -1.048676122588763264e-03 -1.148431090783584185e+00 -2.656189055841734654e-03
1.642223885416006501e-01 -6.163373671565810369e-02 -3.784964825771322921e+03 -3.881419606821949856e+03 -5.663355223171369357e-02 -3.860238212125451355e+03 4.299971585466464546e-02 4.299971585466464546e-02 7.762839213643899711e+03 2.310323715495834040e+00 7.184103922710889656e-02 -2.955933594597379820e-08 -1.155163535367349281e+00 -1.066624115474303471e-03 -1.155161857747917020e+00 -2.673573029655693534e-03
1.661240629424228787e-01 -6.061905224034965650e-02 -3.808764641151143678e+03 -3.906572248946524269e+03 -5.570117615554050217e-02 -3.885141512116107606e+03 4.229197457407017635e-02 4.229197457407017635e-02 7.813144497893048538e+03 2.325232922655083190e+00 7.065865085570299797e-02 -2.904851345013303265e-08 -1.162618111328459714e+00 -1.078100017571813818e-03 -1.162616461327541595e+00 -2.691533241680887836e-03
1.680477417437035159e-01 -5.966035912947833392e-02 -3.835732069403821242e+03 -3.934359031540301203e+03 -5.482026450941164530e-02 -3.912756814579329330e+03 4.162303111804920713e-02 4.162303111804920713e-02 7.868718063080602406e+03 2.341757818557272497e+00 6.954099201842414701e-02 -2.859381431108336310e-08 -1.170880533184978090e+00 -1.082976501171906093e-03 -1.170878909278636248e+00 -2.710232573794961117e-03
1.699936826266028600e-01 -5.875672321912308455e-02 -3.866038466578363568e+03 -3.964933595053914814e+03 -5.398992007597101100e-02 -3.943240237757759132e+03 4.099245047492977578e-02 4.099245047492977578e-02 7.929867190107829629e+03 2.359998251395823754e+00 6.848741699656608894e-02 -2.814514492172540225e-08 -1.180000725025870167e+00 -1.080919277878771272e-03 -1.179999125697911877e+00 -2.729728062901842865e-03
1.719621459094460569e-01 -5.790698724291566679e-02 -3.899794235831247079e+03 -3.998412695692247780e+03 -5.320910203740131239e-02 -3.976707369137027399e+03 4.039932698882488238e-02 4.039932698882488238e-02 7.996825391384495560e+03 2.380020014721962784e+00 6.749637468294993059e-02 -2.772383454260007864e-08 -1.190011583583876265e+00 -1.072538803591738992e-03 -1.190010007360981392e+00 -2.750185093556086532e-03
1.739533945937466186e-01 -5.710708409010601533e-02 -3.936919007542438976e+03 -4.034737973364307436e+03 -5.247404742224110602e-02 -4.013096554244235449e+03 3.984097889811074461e-02 3.984097889811074461e-02 8.069475946728614872e+03 2.401791078843209526e+00 6.656344229759163234e-02 -2.731931142554218388e-08 -1.200897093913367408e+00 -1.057967014544502690e-03 -1.200895539421604763e+00 -2.771589217874150662e-03
1.759676944121461584e-01 -5.635233827262729062e-02 -3.977239198849768854e+03 -4.073783006530513376e+03 -5.178045972943387532e-02 -4.052274314673342360e+03 3.931417408974170746e-02 3.931417408974170746e-02 8.147566013061026752e+03 2.425232524963909952e+00 6.568322973997570147e-02 -2.687337944425189663e-08 -1.212617796488287381e+00 -1.037975301818970649e-03 -1.212616262481954976e+00 -2.793973421807028484e-03
1.780053138783520561e-01 -5.563717263908079386e-02 -4.020454037470838557e+03 -4.115313648871043370e+03 -5.112325318068178248e-02 -4.093996625218120698e+03 3.881483581427717933e-02 3.881483581427717933e-02 8.230627297742086739e+03 2.450191754597440763e+00 6.484885495616714290e-02 -2.647057133171940849e-08 -1.225097391894623300e+00 -1.013455913134405674e-03 -1.225095877298720382e+00 -2.817309290031210899e-03
1.800665243391547377e-01 -5.495395491531906290e-02 -4.066091813266742065e+03 -4.158948433178557025e+03 -5.049539670023131532e-02 -4.137868742920089062e+03 3.833777936409131504e-02 3.833777936409131504e-02 8.317896866357114050e+03 2.476437020447339599e+00 6.405170630017646693e-02 -2.610143909122660076e-08 -1.238220006283050623e+00 -9.859785744597367087e-04 -1.238218510223669799e+00 -2.841586746700225201e-03
1.821516000286105552e-01 -5.429519939604523365e-02 -4.113629692000130490e+03 -4.204265409144230034e+03 -4.989000586462813414e-02 -4.183453868929632335e+03 3.787784045208446304e-02 3.787784045208446304e-02 8.408530818288460068e+03 2.503708927521805627e+00 6.328317630411559036e-02 -2.573568415385706779e-08 -1.251855941955679175e+00 -9.564571087856293431e-04 -1.251854463760902814e+00 -2.866664687732404550e-03
1.842608181244770882e-01 -5.365272299930097522e-02 -4.162401316039591620e+03 -4.250716562996637549e+03 -4.929960154537636058e-02 -4.230186657596713303e+03 3.742913126842958155e-02 3.742913126842958155e-02 8.501433125993275098e+03 2.531662306987294997e+00 6.253335913080700081e-02 -2.537429239184693731e-08 -1.265832614253015631e+00 -9.267140500042843820e-04 -1.265831153493647498e+00 -2.892448678348760564e-03
1.863944588069902375e-01 -5.302071254278975521e-02 -4.211925352223276604e+03 -4.297937705647445000e+03 -4.871880081960897751e-02 -4.277685473044291030e+03 3.698784765617715853e-02 3.698784765617715853e-02 8.595875411294890000e+03 2.560077981521388324e+00 6.179599219735135152e-02 -2.502225109116234903e-08 -1.280040434373640013e+00 -8.979403989634929511e-04 -1.280038990760694162e+00 -2.918884034286788314e-03
1.885528053200754284e-01 -5.238944099508618252e-02 -4.261302059705978536e+03 -4.345162970389389557e+03 -4.813869105609738103e-02 -4.325165080108854454e+03 3.654709794679569801e-02 3.654709794679569801e-02 8.690325940778779113e+03 2.588481966784577093e+00 6.105952032494733200e-02 -2.467767537252480564e-08 -1.294242409870153265e+00 -8.717975750708164889e-04 -1.294240983392288546e+00 -2.945711616775859715e-03
1.907361440350868187e-01 -5.174948679071535856e-02 -4.309608492462729373e+03 -4.391599608787015313e+03 -4.755060609311438646e-02 -4.371813971909452448e+03 3.610038903348869455e-02 3.610038903348869455e-02 8.783199217574030627e+03 2.616391661797007995e+00 6.031312384083521716e-02 -2.433932759722225700e-08 -1.308197239999089767e+00 -8.499942460766033965e-04 -1.308195830898503997e+00 -2.972670267602586097e-03
1.929447645171716574e-01 -5.109404025062764393e-02 -4.356066504730514680e+03 -4.436587052654952458e+03 -4.694830323416646078e-02 -4.416954549862056410e+03 3.564290872627166179e-02 3.564290872627166179e-02 8.873174105309904917e+03 2.643399131958342085e+00 5.954873903951939107e-02 -2.399974429344012957e-08 -1.321700957267537779e+00 -8.337308112079267614e-04 -1.321699565979171043e+00 -2.999501625842308002e-03
1.951789595943591582e-01 -5.041721177364952289e-02 -4.399944780646223080e+03 -4.479497127085774082e+03 -4.632636682386748889e-02 -4.459943779125072979e+03 3.517058499275602101e-02 3.517058499275602101e-02 8.958994254171548164e+03 2.669121050121938232e+00 5.875957577035364338e-02 -2.366327353441601839e-08 -1.334561897943033593e+00 -8.242002493848956312e-04 -1.334560525060969116e+00 -3.025972976189212401e-03
1.974390254294766112e-01 -4.971472953094890207e-02 -4.440620727359927514e+03 -4.519788907308006856e+03 -4.568086916400961733e-02 -4.500229039638175891e+03 3.468045809406697377e-02 3.468045809406697377e-02 9.039577814616013711e+03 2.693227689134566560e+00 5.794069648039017889e-02 -2.331899875696071558e-08 -1.346615198333514840e+00 -8.222119922570072376e-04 -1.346613844567283280e+00 -3.051850757524735263e-03
1.997252615949978716e-01 -4.898441343831545086e-02 -4.477639604843617235e+03 -4.557062987619562591e+03 -4.500981002923768598e-02 -4.537403055171811502e+03 3.417099041271807330e-02 3.417099041271807330e-02 9.114125975239125182e+03 2.715474776636837007e+00 5.708952599117915472e-02 -2.297556155288291478e-08 -1.357738722198588155e+00 -8.282613152846458882e-04 -1.357737388318418503e+00 -3.076945889915150018e-03
2.020379711509324716e-01 -4.822596916248070992e-02 -4.510725401705110016e+03 -4.591068407220669542e+03 -4.431291745616643130e-02 -4.571211416180003653e+03 3.364197740699562122e-02 3.364197740699562122e-02 9.182136814441339084e+03 2.735710309121134998e+00 5.620572321027200724e-02 -2.262903942049616212e-08 -1.367856467777414542e+00 -8.424579977080715563e-04 -1.367855154560567499e+00 -3.101110166331163057e-03
2.043774607258675713e-01 -4.744108995330315742e-02 -4.539810504060369567e+03 -4.621727663361069062e+03 -4.359174607660657591e-02 -4.601578269161108437e+03 3.309459113294587612e-02 3.309459113294587612e-02 9.243455326722138125e+03 2.753888743311241338e+00 5.529124359189962340e-02 -2.228050771901822202e-08 -1.376945663479171467e+00 -8.644146934256060873e-04 -1.376944371655620669e+00 -3.124234499232305274e-03
2.067440406012767962e-01 -4.663390423346977509e-02 -4.565101138674789581e+03 -4.649205007769741314e+03 -4.285008735413194103e-02 -4.628674062349746237e+03 3.253170344716076190e-02 3.253170344716076190e-02 9.298410015539482629e+03 2.770111981796064438e+00 5.435088298335132018e-02 -2.192624391135366330e-08 -1.385057260712375449e+00 -8.935298922325260376e-04 -1.385055990898032219e+00 -3.146336989107963080e-03
2.091380247992159491e-01 -4.580965168952569333e-02 -4.586973249803882027e+03 -4.673798766365466690e+03 -4.209275357230277820e-02 -4.652808588753004187e+03 3.195695467235136478e-02 3.195695467235136478e-02 9.347597532730933381e+03 2.784565026203353444e+00 5.339071895916736726e-02 -2.157152155062531054e-08 -1.392283760435668816e+00 -9.286044119516684986e-04 -1.392282513101676722e+00 -3.167434001663718864e-03
2.115597311735266106e-01 -4.497528614505719863e-02 -4.606042303677434575e+03 -4.696016496753615684e+03 -4.132613701851810262e-02 -4.674505196766689551e+03 3.137515196354621894e-02 3.137515196354621894e-02 9.392032993507231367e+03 2.797559211735537232e+00 5.241876775750771433e-02 -2.121039167001972887e-08 -1.398780830439507294e+00 -9.682170962593059224e-04 -1.398779605867768616e+00 -3.187644942416587805e-03
2.140094815046751087e-01 -4.413790123773703861e-02 -4.623033924823758753e+03 -4.716447170078065028e+03 -4.055674248454944897e-02 -4.694372942365298513e+03 3.079128143411453966e-02 3.079128143411453966e-02 9.432894340156130056e+03 2.809461156808245708e+00 5.144337540715280405e-02 -2.085428256191296839e-08 -1.404731780132325136e+00 -1.010390292066906150e-03 -1.404730578404122854e+00 -3.207063654369151327e-03
2.164876015983565050e-01 -4.330606187029423237e-02 -4.638898955877386470e+03 -4.735890662096467167e+03 -3.979244180070944104e-02 -4.713233646643127031e+03 3.021127924765214245e-02 3.021127924765214245e-02 9.471781324192934335e+03 2.820761011762577208e+00 5.047444627761497188e-02 -2.049506105861207150e-08 -1.410381684918119882e+00 -1.053433228685046697e-03 -1.410380505881288604e+00 -3.225962257413178200e-03
2.189944213879996548e-01 -4.248728652108270387e-02 -4.654567797207668264e+03 -4.755110329025626015e+03 -3.904014431148079139e-02 -4.731875146628850416e+03 2.964035336900856105e-02 2.964035336900856105e-02 9.510220658051252030e+03 2.831928522524934433e+00 4.952066896244471800e-02 -2.014918132264421868e-08 -1.415965417965652451e+00 -1.095247337491156913e-03 -1.415964261262467216e+00 -3.244527977980973636e-03
2.215302750413118416e-01 -4.168813156024091943e-02 -4.670945138795433195e+03 -4.774842470945869536e+03 -3.830586837973879583e-02 -4.751058474554766690e+03 2.908308052646874087e-02 2.908308052646874087e-02 9.549684941891739072e+03 2.843419410430377603e+00 4.858969232749810185e-02 -1.980239253893779219e-08 -1.421710840124909225e+00 -1.133627075552053661e-03 -1.421709705215188801e+00 -3.262916327873264383e-03
2.240955010710084794e-01 -4.091580923834692296e-02 -4.689074032046797583e+03 -4.795970618248840765e+03 -3.759623894330449412e-02 -4.771690287138899293e+03 2.854448260307143256e-02 2.854448260307143256e-02 9.591941236497681530e+03 2.855775818337697558e+00 4.768990390433237164e-02 -1.946119866650809575e-08 -1.427889023023454884e+00 -1.166869292393155760e-03 -1.427887909168848779e+00 -3.281454019714971030e-03
2.266904424498776272e-01 -4.017506577192266060e-02 -4.709768174116228693e+03 -4.819176671649597665e+03 -3.691560941176998123e-02 -4.794471670455688582e+03 2.802789874410186594e-02 2.802789874410186594e-02 9.638353343299195330e+03 2.869418918432036669e+00 4.682689363111708358e-02 -1.912928524169546519e-08 -1.434710552887174639e+00 -1.193596888394930864e-03 -1.434709459216018335e+00 -3.300386569422632949e-03
2.293154467303346600e-01 -3.946933741870006090e-02 -4.733709947444894169e+03 -4.845018870200419769e+03 -3.626715535720629463e-02 -4.819979071907755497e+03 2.753561217382174270e-02 2.753561217382174270e-02 9.690037740400839539e+03 2.884687156181449552e+00 4.600443406342097363e-02 -1.880507970629344081e-08 -1.442344652535909377e+00 -1.212262770013561568e-03 -1.442343578090724776e+00 -3.319843410713947934e-03
2.319708661686279982e-01 -3.880209494310105783e-02 -4.761615219423556482e+03 -4.874150263237600484e+03 -3.565405170069310681e-02 -4.848874150409626964e+03 2.707012287873530529e-02 2.707012287873530529e-02 9.748300526475200968e+03 2.901980746398124200e+00 4.522673144395072953e-02 -1.849154787209745844e-08 -1.450991429476766958e+00 -1.222430240744685950e-03 -1.450990373199062100e+00 -3.340192079335796253e-03
2.346570578538647034e-01 -3.817336100825306083e-02 -4.793786000848226649e+03 -4.906832430664466301e+03 -3.507631118485818322e-02 -4.881424285889777821e+03 2.663149322420491766e-02 2.663149322420491766e-02 9.813664861328932602e+03 2.921462399830033529e+00 4.449390731786597580e-02 -1.818541803611530570e-08 -1.460732239087969564e+00 -1.223661173538578492e-03 -1.460731199915016765e+00 -3.361541876283411726e-03
2.373743838420289687e-01 -3.758206303880772675e-02 -4.830310804770965660e+03 -4.943173455146777087e+03 -3.453297501706580064e-02 -4.917734371055483280e+03 2.621884576623657523e-02 2.621884576623657523e-02 9.886346910293554174e+03 2.943186724603926052e+00 4.380444649540030794e-02 -1.788330926829820679e-08 -1.471594385390722737e+00 -1.216773212612644707e-03 -1.471593362301963026e+00 -3.384077899223966648e-03
2.401232112951752762e-01 -3.702551966982885884e-02 -4.871062961632451334e+03 -4.983117653588080429e+03 -3.402156263531187774e-02 -4.957737881513414322e+03 2.583042065845655294e-02 2.583042065845655294e-02 9.966235307176160859e+03 2.967120311113391917e+00 4.315544942439998588e-02 -1.760587284876494221e-08 -1.483561163515777270e+00 -1.202757859458996855e-03 -1.483560155556695959e+00 -3.407916524062486099e-03
2.429039126259848469e-01 -3.649885444747140439e-02 -4.915546289879768665e+03 -5.026270685709529971e+03 -3.353759930622204899e-02 -5.001025436027121941e+03 2.546280506407147884e-02 2.546280506407147884e-02 1.005254137141905994e+04 2.993017188043670895e+00 4.254120911477444339e-02 -1.732900808243850574e-08 -1.496509587669341501e+00 -1.182969328494484296e-03 -1.496508594021835448e+00 -3.432999021503718457e-03
2.457168656478824487e-01 -3.599568788421157739e-02 -4.962974665404317420e+03 -5.071998982785602493e+03 -3.307521804685418371e-02 -5.046941004788897772e+03 2.511160647488006048e-02 2.511160647488006048e-02 1.014399796557120499e+04 3.020488252030329335e+00 4.195440729600945218e-02 -1.706762134690022199e-08 -1.510245105996674608e+00 -1.159532083896138745e-03 -1.510244126015164667e+00 -3.459229763316454178e-03
2.485624537309174820e-01 -3.550855644207696199e-02 -5.012287916049627711e+03 -5.119416971503023888e+03 -3.262758055678453839e-02 -5.094573569479111939e+03 2.477153878567157907e-02 2.477153878567157907e-02 1.023883394300604778e+04 3.048982714077459466e+00 4.138618133298200413e-02 -1.680551392747314039e-08 -1.524492323786482029e+00 -1.134627722072951593e-03 -1.524491357038729733e+00 -3.486346233883972495e-03
2.514410659636251433e-01 -3.502973434267423608e-02 -5.062316626831152462e+03 -5.167551186624398724e+03 -3.218757277905127945e-02 -5.142921075032396402e+03 2.443732379377473382e-02 2.443732379377473382e-02 1.033510237324879745e+04 3.077908163914564454e+00 4.082775333476471036e-02 -1.655383055753873413e-08 -1.538955035699000939e+00 -1.110657628261062886e-03 -1.538954081957282227e+00 -3.514074657390372450e-03
2.543530973210892943e-01 -3.455209149816586972e-02 -5.111846194766501867e+03 -5.215383725998834962e+03 -3.174865805708146360e-02 -5.190936986243793399e+03 2.410393224020561040e-02 2.410393224020561040e-02 1.043076745199766992e+04 3.106634325322853218e+00 4.027069894769732400e-02 -1.630609957383750067e-08 -1.553318103422820728e+00 -1.090076973656975510e-03 -1.553317162661426609e+00 -3.542108300330802304e-03
2.572989488394419877e-01 -3.406871262281839507e-02 -5.159633900659551728e+03 -5.261852264424388522e+03 -3.130447574545717343e-02 -5.237532928561859990e+03 2.376659383466668551e-02 2.376659383466668551e-02 1.052370452884877704e+04 3.134513583200450704e+00 3.970706775271269640e-02 -1.606084301033723999e-08 -1.567257719220960244e+00 -1.074791568022496731e-03 -1.567256791600225352e+00 -3.570037118400195761e-03
2.602790277970433164e-01 -3.357507056588780736e-02 -5.204716720990021713e+03 -5.306151439702816788e+03 -3.085087248365736556e-02 -5.281880572439858042e+03 2.342213215905582582e-02 2.342213215905582582e-02 1.061230287940563358e+04 3.161048903953366462e+00 3.913154525384090338e-02 -1.581638974030866771e-08 -1.580525366169514889e+00 -1.066802232515586587e-03 -1.580524451976683231e+00 -3.597629185310572634e-03
2.632937479025973526e-01 -3.306772202491450874e-02 -5.246283908848017745e+03 -5.347581422862327599e+03 -3.038468095818216280e-02 -5.323264148110300994e+03 2.306816905027413850e-02 2.306816905027413850e-02 1.069516284572465520e+04 3.185813831069120639e+00 3.854016695337142417e-02 -1.557401496526975907e-08 -1.592907815919842651e+00 -1.067097319205226628e-03 -1.592906915534560319e+00 -3.624573441838755978e-03
2.663435294904725748e-01 -3.254514806030372326e-02 -5.283816662607421677e+03 -5.385683377366980494e+03 -2.990450867547972749e-02 -5.361216332244419391e+03 2.270362643301457317e-02 2.270362643301457317e-02 1.077136675473396099e+04 3.208527496431184289e+00 3.793112482415790521e-02 -1.532884864804099151e-08 -1.604264634370886622e+00 -1.076137531714540033e-03 -1.604263748215592145e+00 -3.650635716436434648e-03
2.694287997235069176e-01 -3.200758980301093848e-02 -5.317117003045974343e+03 -5.420259298578544986e+03 -2.941057440644390814e-02 -5.395539446894184039e+03 2.232867952864243943e-02 2.232867952864243943e-02 1.084051859715708997e+04 3.229072406159568143e+00 3.730471461626323759e-02 -1.508256784921857126e-08 -1.614537074590822963e+00 -1.093654157912363201e-03 -1.614536203079784071e+00 -3.675647037440998854e-03
2.725499928035917119e-01 -3.145705862109975104e-02 -5.346326931486869398e+03 -5.451389687666664031e+03 -2.890473067783671385e-02 -5.426323333160625225e+03 2.194469350474720359e-02 2.194469350474720359e-02 1.090277937533332806e+04 3.247499556691785028e+00 3.666320353320698389e-02 -1.483213819384191276e-08 -1.623750634851718555e+00 -1.118750964395109296e-03 -1.623749778345892514e+00 -3.699524828632086600e-03
2.757075501903450965e-01 -3.089704924656622165e-02 -5.371939579222239445e+03 -5.479448141773645148e+03 -2.839017751404728299e-02 -5.453959387703229368e+03 2.155414411111928816e-02 2.155414411111928816e-02 1.095889628354729030e+04 3.264046628758622948e+00 3.601074306849554735e-02 -1.458421135679820418e-08 -1.632024155620154460e+00 -1.149427804057287722e-03 -1.632023314379311474e+00 -3.722219430653444464e-03
2.789019208281970919e-01 -3.033288388590009432e-02 -5.394850192914193940e+03 -5.505167930753641485e+03 -2.787180355072129898e-02 -5.479204629840314738e+03 2.116073315712268740e-02 2.116073315712268740e-02 1.101033586150728297e+04 3.279166202636585314e+00 3.535351468191604701e-02 -1.433645401180499488e-08 -1.639583927180885192e+00 -1.183857895245686359e-03 -1.639583101318292657e+00 -3.743941242273646219e-03
2.821335613822293364e-01 -2.977055389097681831e-02 -5.416174313359865664e+03 -5.529461488414163796e+03 -2.735512441207919171e-02 -5.503001284920222133e+03 2.076855654480299837e-02 2.076855654480299837e-02 1.105892297682832759e+04 3.293415285323455954e+00 3.469833127148851809e-02 -1.408657713451728896e-08 -1.646708453192203159e+00 -1.219329198877010679e-03 -1.646707642661727977e+00 -3.764877783082840566e-03
2.854029364831274229e-01 -2.921661219053263772e-02 -5.437276903027895969e+03 -5.553480568888824564e+03 -2.684614594389561279e-02 -5.526532064130596154e+03 2.038224513549972972e-02 2.038224513549972972e-02 1.110696113777764913e+04 3.307507060420171729e+00 3.405295309840881968e-02 -1.385060869101228932e-08 -1.653754325641043188e+00 -1.253122967822586573e-03 -1.653753530210085865e+00 -3.785385307838505173e-03
2.887105189816230877e-01 -2.867737868053266137e-02 -5.459556584404797832e+03 -5.578416505352826789e+03 -2.635068146779967133e-02 -5.551018281623460098e+03 2.000615566659527320e-02 2.000615566659527320e-02 1.115683301070565358e+04 3.322167992663379810e+00 3.342464030699063976e-02 -1.360173984795835505e-08 -1.661084777065631402e+00 -1.283020611350453285e-03 -1.661083996331689905e+00 -3.805911276653113542e-03
2.920567902128236026e-01 -2.815799642570461156e-02 -5.484293852720536051e+03 -5.605368459423988497e+03 -2.587344843460012006e-02 -5.577585233019719453e+03 1.964390390323206281e-02 1.964390390323206281e-02 1.121073691884797699e+04 3.338074147983506546e+00 3.281944506479700374e-02 -1.336291286231572485e-08 -1.669037840575744447e+00 -1.306729678234470069e-03 -1.669037073991753273e+00 -3.826837263177172363e-03
2.954422402708464790e-01 -2.766199414510864610e-02 -5.512489620775872027e+03 -5.635201388647438762e+03 -2.541769232891546298e-02 -5.607117403293519601e+03 1.929792769021792045e-02 1.929792769021792045e-02 1.127040277729487752e+04 3.355752620807675779e+00 3.224143169027818279e-02 -1.313347130578951542e-08 -1.677877063479883413e+00 -1.323032188099356214e-03 -1.677876310403837889e+00 -3.848548300018425281e-03
2.988673682942013521e-01 -2.719074932055043359e-02 -5.544716061923281814e+03 -5.668412563478101220e+03 -2.498468634668633837e-02 -5.640122787482931926e+03 1.896914519617284162e-02 1.896914519617284162e-02 1.133682512695620244e+04 3.375503062888658423e+00 3.169211822171288245e-02 -1.290989995359286875e-08 -1.687752271688564898e+00 -1.331183870696528437e-03 -1.687751531444329212e+00 -3.871255235534379856e-03
3.023326827623828428e-01 -2.674354025162037005e-02 -5.581111754980125625e+03 -5.705133793818445156e+03 -2.457375664161956866e-02 -5.676734023052881639e+03 1.865711769540058171e-02 1.865711769540058171e-02 1.141026758763689031e+04 3.397410863650977664e+00 3.117079566932041274e-02 -1.269674132518279218e-08 -1.698706159899085355e+00 -1.331414494152398419e-03 -1.698705431825488832e+00 -3.895086252142966957e-03
3.058387018041656691e-01 -2.631797000046159560e-02 -5.621371650925693757e+03 -5.745127225864457614e+03 -2.418270148343049444e-02 -5.716703295714417436e+03 1.836018148175899006e-02 1.836018148175899006e-02 1.149025445172891523e+04 3.421328404005001378e+00 3.067468705344348831e-02 -1.248444487706749023e-08 -1.710664918500541587e+00 -1.324774949971181063e-03 -1.710664202002500689e+00 -3.920042741007717310e-03
3.093859535181198162e-01 -2.591053058813556215e-02 -5.664847522097363253e+03 -5.787872232124073889e+03 -2.380830451340118156e-02 -5.759491175959384236e+03 1.807586682176704623e-02 1.807586682176704623e-02 1.157574446424814778e+04 3.446930240828449676e+00 3.019965699686507146e-02 -1.228655072177895927e-08 -1.723465825832471543e+00 -1.312933394332819071e-03 -1.723465120414224838e+00 -3.946027999885191526e-03
3.129749763058925494e-01 -2.551682742899767653e-02 -5.710597381194533227e+03 -5.832607646646084504e+03 -2.344652795845099391e-02 -5.804309891745366258e+03 1.780112956253756401e-02 1.780112956253756401e-02 1.166521529329216901e+04 3.473746822815697133e+00 2.974062663714010027e-02 -1.208237912428374010e-08 -1.736874106121379713e+00 -1.298622761522216958e-03 -1.736873411407848566e+00 -3.972952588739806987e-03
3.166063192188353637e-01 -2.513209249637419693e-02 -5.757467490755459949e+03 -5.878389053854703889e+03 -2.309299984429507430e-02 -5.850184330980389859e+03 1.753261083318326599e-02 1.753261083318326599e-02 1.175677810770940778e+04 3.501190637843102138e+00 2.929197122614245197e-02 -1.188840186470418610e-08 -1.750596003170736825e+00 -1.284180415008330436e-03 -1.750595318921551069e+00 -4.000538163178817344e-03
3.202805423185864364e-01 -2.475125668878767199e-02 -5.804173823869540684e+03 -5.924147669579640024e+03 -2.274304828107219859e-02 -5.896014303899652077e+03 1.726686995666707955e-02 1.726686995666707955e-02 1.184829533915928005e+04 3.528613568823897317e+00 2.884797738233537551e-02 -1.169630955535709914e-08 -1.764307458304887888e+00 -1.272189023597359268e-03 -1.764306784411948659e+00 -4.028478354200535488e-03
3.239982170522552885e-01 -2.436981899871242668e-02 -5.849431472332710655e+03 -5.968793791151823825e+03 -2.239254924684401515e-02 -5.940681822102691513e+03 1.700071754680437114e-02 1.700071754680437114e-02 1.193758758230364765e+04 3.555340986897400413e+00 2.840329733890523470e-02 -1.150828520859518524e-08 -1.777671156964934607e+00 -1.264998772070753067e-03 -1.777670493448700206e+00 -4.056402072781174935e-03
3.277599266428925517e-01 -2.398407774271196086e-02 -5.892110617162308699e+03 -6.011348171011964951e+03 -2.203810114155367941e-02 -5.983186045998945701e+03 1.673158175626886235e-02 1.673158175626886235e-02 1.202269634202392990e+04 3.580775058726225701e+00 2.795363780127909509e-02 -1.132214855498716516e-08 -1.790388182381164706e+00 -1.264240379249862009e-03 -1.790387529363112851e+00 -4.083910974478018735e-03
3.315662664959703743e-01 -2.359185670303612370e-02 -5.931434345143396968e+03 -6.051122068716646936e+03 -2.167770320952719029e-02 -6.022825779083034831e+03 1.645795317759917928e-02 1.645795317759917928e-02 1.210224413743329387e+04 3.604497264056690575e+00 2.749648014350334138e-02 -1.113663353028237386e-08 -1.802249274367889731e+00 -1.270714435001588614e-03 -1.802248632028345288e+00 -4.110673711347681732e-03
3.354178446226382948e-01 -2.319294568298058828e-02 -5.967146943665376966e+03 -6.087872781882249001e+03 -2.131115931577635958e-02 -6.059356711006655132e+03 1.617969729018199285e-02 1.617969729018199285e-02 1.217574556376449800e+04 3.626363141784290978e+00 2.703160435812930126e-02 -1.094983147922819251e-08 -1.813182202368676776e+00 -1.284217697676844289e-03 -1.813181570892145489e+00 -4.136502111587976073e-03
3.393152820805684922e-01 -2.278893075926225614e-02 -5.999505509447998520e+03 -6.121794945510609978e+03 -2.093993205247361364e-02 -6.092982778730499376e+03 1.589788352297876600e-02 1.589788352297876600e-02 1.224358989102121996e+04 3.646490444692350952e+00 2.656078365504829092e-02 -1.076466103729621914e-08 -1.823245842816309858e+00 -1.303872169081286055e-03 -1.823245222346175476e+00 -4.161388890917296773e-03
3.432592134332514977e-01 -2.238281530418959053e-02 -6.029260212141583906e+03 -6.153507922672023597e+03 -2.056677713527873055e-02 -6.124342480187768160e+03 1.561461436144047192e-02 1.561461436144047192e-02 1.230701584534404719e+04 3.665262463905839763e+00 2.608753407624832613e-02 -1.058145149020354838e-08 -1.832631841357435398e+00 -1.327735347633060602e-03 -1.832631231952919881e+00 -4.185451399317966469e-03
3.472502872286558073e-01 -2.197815440457862382e-02 -6.057432055677249082e+03 -6.183852091621431100e+03 -2.019495478277100187e-02 -6.154302640466598859e+03 1.533238872099834324e-02 1.533238872099834324e-02 1.236770418324286220e+04 3.683200804236226755e+00 2.561603839794372034e-02 -1.040369206138763369e-08 -1.841601000498175322e+00 -1.353391096516090922e-03 -1.841600402118113378e+00 -4.208884373296423696e-03
3.512891664982214501e-01 -2.157866898462380487e-02 -6.085174268196648882e+03 -6.213776834340910682e+03 -1.982788849144442866e-02 -6.183842486680072398e+03 1.505376406260904541e-02 1.505376406260904541e-02 1.242755366868182136e+04 3.700886811536067356e+00 2.515055566791724040e-02 -1.021543970520650012e-08 -1.850443993264572873e+00 -1.378549023221772992e-03 -1.850443405768033678e+00 -4.231966572140151428e-03
3.553765292772165796e-01 -2.118781146752713243e-02 -6.113655216360026316e+03 -6.244248323360281574e+03 -1.946875543204147282e-02 -6.213957754717700482e+03 1.478110877140297909e-02 1.478110877140297909e-02 1.248849664672056315e+04 3.718910905732248473e+00 2.469502836374005972e-02 -1.003679462726515001e-08 -1.859456029712375891e+00 -1.400918233607806838e-03 -1.859455452866124237e+00 -4.254986732752459068e-03
3.595130691475507123e-01 -2.080841841868143541e-02 -6.143979703902743495e+03 -6.276204038191320251e+03 -1.912014311363370231e-02 -6.245610164147172327e+03 1.451649299550549464e-02 1.451649299550549464e-02 1.255240807638264050e+04 3.737861529888747647e+00 2.425294990439622392e-02 -9.859306723739814879e-09 -1.868931331459960044e+00 -1.418061185505607594e-03 -1.868930764944373824e+00 -4.278208906566422984e-03
3.636994958042065185e-01 -2.044267392737174338e-02 -6.177005132123013937e+03 -6.310393425435358949e+03 -1.878407637776555172e-02 -6.279564565225553451e+03 1.426133993556362445e-02 1.426133993556362445e-02 1.262078685087071790e+04 3.758182137882272400e+00 2.382666048078908166e-02 -9.686549744115245772e-09 -1.879091625496979834e+00 -1.429348808182656638e-03 -1.879091068941136200e+00 -4.302017832680578129e-03
3.679365356465255088e-01 -2.009150250075590616e-02 -6.213270996785704483e+03 -6.347321268387881901e+03 -1.846139318846588481e-02 -6.316330264102045476e+03 1.401635858305534145e-02 1.401635858305534145e-02 1.269464253677576380e+04 3.780186620180495893e+00 2.341736858487138140e-02 -9.519904308458232268e-09 -1.890093857087705720e+00 -1.434597437598364141e-03 -1.890093310090247947e+00 -4.326726256719240840e-03
3.722249323956614564e-01 -1.975429899292700103e-02 -6.252749298228653061e+03 -6.387004283371958081e+03 -1.815154569313785771e-02 -6.355917063496838637e+03 1.378108785843388910e-02 1.378108785843388910e-02 1.277400856674391616e+04 3.803874852676678575e+00 2.302428902071754560e-02 -9.358002062224834422e-09 -1.901937964158290528e+00 -1.434560537792598954e-03 -1.901937426338339288e+00 -4.352449943578212514e-03
3.765654477396007671e-01 -1.942879059614602624e-02 -6.294814281700628271e+03 -6.428932134908000080e+03 -1.785244657907369276e-02 -6.397797685028430351e+03 1.355394644629574069e-02 1.355394644629574069e-02 1.285786426981600016e+04 3.828931419256167423e+00 2.264478098572851247e-02 -9.199570653720611357e-09 -1.914466238588634184e+00 -1.430865063449453072e-03 -1.914465709628083712e+00 -4.379096707331628889e-03
3.809588620072369425e-01 -1.911168719472537345e-02 -6.338419919184703758e+03 -6.472225289680921378e+03 -1.756106445209897407e-02 -6.441068388590058021e+03 1.333269511930594391e-02 1.333269511930594391e-02 1.294445057936184276e+04 3.854823942251107916e+00 2.227512387381776551e-02 -9.043483460578524731e-09 -1.927412491458584620e+00 -1.425408441679635110e-03 -1.927411971125553958e+00 -4.406380432647210264e-03
3.854059748730874757e-01 -1.879957131953860147e-02 -6.382322633504405530e+03 -6.515829866086740367e+03 -1.727426668587467642e-02 -6.484647797001404797e+03 1.311492181943823936e-02 1.311492181943823936e-02 1.303165973217348073e+04 3.880900669224737420e+00 2.191127672555396796e-02 -8.891704778614457592e-09 -1.940450846452717704e+00 -1.420818329509514200e-03 -1.940450334612368710e+00 -4.433997599477062027e-03
3.899076060943419408e-01 -1.848960669214798694e-02 -6.425418269784358927e+03 -6.558821514657172884e+03 -1.698944249775082710e-02 -6.527585377179314492e+03 1.289868228403265489e-02 1.289868228403265489e-02 1.311764302931434577e+04 3.906598309594158991e+00 2.155000371131295459e-02 -8.741425097260070270e-09 -1.953299658204139089e+00 -1.419007963695777816e-03 -1.953299154797079495e+00 -4.461630909346142940e-03
3.944645962820444995e-01 -1.817998687404803054e-02 -6.466864108695780487e+03 -6.600496419866373799e+03 -1.670494658101743385e-02 -6.569157069405267066e+03 1.268264346781322084e-02 1.268264346781322084e-02 1.320099283973274760e+04 3.931471150064868247e+00 2.118905006724469339e-02 -8.599620465147438770e-09 -1.965736070009464376e+00 -1.421735784510482327e-03 -1.965735575032434124e+00 -4.489066855013050701e-03
3.990778077083337871e-01 -1.786951052066591480e-02 -6.506121921166895845e+03 -6.640391045169503741e+03 -1.641965712103254579e-02 -6.608888589968531960e+03 1.246606750473863885e-02 1.246606750473863885e-02 1.328078209033900748e+04 3.955252584870764476e+00 2.082722051494914628e-02 -8.443064814298078980e-09 -1.977626778961063980e+00 -1.429501650245790061e-03 -1.977626292435382238e+00 -4.516092711166249350e-03
4.037481251517932024e-01 -1.755797679656970894e-02 -6.542970579004562751e+03 -6.678281593052411154e+03 -1.613340013279465981e-02 -6.646556917231750958e+03 1.224875337262241494e-02 1.224875337262241494e-02 1.335656318610482231e+04 3.977798795733233028e+00 2.046415650632232852e-02 -8.300435660546368131e-09 -1.988899875909474702e+00 -1.442123951221431066e-03 -1.988899397866616514e+00 -4.542524477468005278e-03
4.084764567831039583e-01 -1.724604691861509123e-02 -6.577608787580832541e+03 -6.714290773288173114e+03 -1.584678062884366245e-02 -6.682296264422680906e+03 1.203117007624320001e-02 1.203117007624320001e-02 1.342858154657634623e+04 3.999191692641635321e+00 2.010064479780004909e-02 -8.154923163759759445e-09 -1.999596315868780394e+00 -1.458352041451367511e-03 -1.999595846320817660e+00 -4.568258526151507300e-03
4.132637350933441311e-01 -1.693557839859556602e-02 -6.610747915670234761e+03 -6.748996355819251221e+03 -1.556151251288787583e-02 -6.716704034229671379e+03 1.181456722332040014e-02 1.181456722332040014e-02 1.349799271163850244e+04 4.019780243414369458e+00 1.973875612889568198e-02 -8.013617796778692760e-09 -2.009890582795777814e+00 -1.476764678356296033e-03 -2.009890121707184729e+00 -4.593455109142172491e-03
4.181109178674388138e-01 -1.662889799618810782e-02 -6.643462186759717952e+03 -6.783307561509155676e+03 -1.527971415875653376e-02 -6.750713376045257974e+03 1.160066408933435773e-02 1.160066408933435773e-02 1.356661512301831135e+04 4.040141303300704756e+00 1.938139945711266771e-02 -7.873878691458490918e-09 -2.020071104387901162e+00 -1.494789952711530817e-03 -2.020070651650352378e+00 -4.618345126690615726e-03
4.230189892054410095e-01 -1.632850761674695117e-02 -6.676885201316893472e+03 -6.818198256474322079e+03 -1.500369690522591892e-02 -6.785321167928670548e+03 1.139113191683770003e-02 1.139113191683770003e-02 1.363639651294864416e+04 4.060857739976150960e+00 1.903133943285738316e-02 -7.729091517052308782e-09 -2.030429314545528996e+00 -1.510896001259847982e-03 -2.030428869988075480e+00 -4.643325628537912052e-03
4.279889605945126907e-01 -1.603600286181244491e-02 -6.711862464440508120e+03 -6.854387982961805392e+03 -1.473493015465754050e-02 -6.821265177734523604e+03 1.118706078395581387e-02 1.118706078395581387e-02 1.370877596592361078e+04 4.082366267349529565e+00 1.869038886179229253e-02 -7.592586154467963297e-09 -2.041183570265233449e+00 -1.523775488879009106e-03 -2.041183133674764782e+00 -4.668669822431264875e-03
4.330218720346788452e-01 -1.575179798418933214e-02 -6.748789350159182504e+03 -6.892206225154661297e+03 -1.447378420537180979e-02 -6.858884499728939772e+03 1.098879374695785512e-02 1.098879374695785512e-02 1.378441245030932259e+04 4.104880602755674346e+00 1.835914128188543409e-02 -7.458106309056503222e-09 -2.052440730230561172e+00 -1.532467337901164761e-03 -2.052440301377837173e+00 -4.694461979781764001e-03
4.381187932216465963e-01 -1.547565350758472145e-02 -6.787687789181762128e+03 -6.931681049131163491e+03 -1.422004338439360367e-02 -6.898206209375097387e+03 1.079614244341089123e-02 1.079614244341089123e-02 1.386336209826232698e+04 4.128412579636586699e+00 1.803727388652453037e-02 -7.326382128131701188e-09 -2.064206711153878437e+00 -1.537412364213014936e-03 -2.064206289818293349e+00 -4.720782760848680690e-03
4.432808247902226828e-01 -1.520684444102149771e-02 -6.828314675397798055e+03 -6.972643157796134801e+03 -1.397304145220882449e-02 -6.939049918803440050e+03 1.060860599756533774e-02 1.060860599756533774e-02 1.394528631559226960e+04 4.152855103060704600e+00 1.772395148410008808e-02 -7.196576497856467012e-09 -2.076427965549524135e+00 -1.539595834709586763e-03 -2.076427551530352300e+00 -4.747667498836570694e-03
4.485090996221165471e-01 -1.494424581341613836e-02 -6.870169499667802484e+03 -7.014715336295277666e+03 -1.373174663316260868e-02 -6.981020040475532369e+03 1.042539613888073674e-02 1.042539613888073674e-02 1.402943067259055533e+04 4.177970439444140816e+00 1.741785547745603596e-02 -7.070884238125686235e-09 -2.088985626593769407e+00 -1.540832640794573662e-03 -2.088985219722070408e+00 -4.775137306066067934e-03
4.538047842222004413e-01 -1.468603065001904302e-02 -6.912378802236902629e+03 -7.057165958459985632e+03 -1.349447610881905277e-02 -7.023364298189054352e+03 1.024526636377927000e-02 1.024526636377927000e-02 1.411433191691997126e+04 4.203314522218824401e+00 1.711691356406415745e-02 -6.946788218815451811e-09 -2.101657660954489693e+00 -1.542626992460760342e-03 -2.101657261109412200e+00 -4.802941431416431900e-03
4.591690801675959444e-01 -1.443040262836236230e-02 -6.953969390094663140e+03 -7.099148882517130914e+03 -1.325958870936700708e-02 -7.065218363319708260e+03 1.006691765928331532e-02 1.006691765928331532e-02 1.419829776503426183e+04 4.228359520881719291e+00 1.681893801044029302e-02 -6.829310168022710356e-09 -2.114180153326721712e+00 -1.546663761398503045e-03 -2.114179760440859646e+00 -4.830765831951635073e-03
4.646032256342891298e-01 -1.417601765199641775e-02 -6.994208351127914284e+03 -7.140015412500060847e+03 -1.302584284746545647e-02 -7.105921627888021249e+03 9.889450712630783527e-03 9.889450712630783527e-03 1.428003082500012169e+04 4.252718813508685969e+00 1.652244058791157294e-02 -6.708734831228478252e-09 -2.126359792714701324e+00 -1.553707611060253920e-03 -2.126359406754342984e+00 -4.858308265405672684e-03
4.701084970063304502e-01 -1.392285403284264020e-02 -7.032978727011870433e+03 -7.179669324309854346e+03 -1.279322549231366561e-02 -7.145374831534690202e+03 9.712812668632287913e-03 9.712812668632287913e-03 1.435933864861970869e+04 4.276323978342001730e+00 1.622731884380724035e-02 -6.589588222225483654e-09 -2.138162368235803967e+00 -1.563993084475305941e-03 -2.138161989171000865e+00 -4.885530404670412538e-03
4.756862105730638723e-01 -1.367135066488942875e-02 -7.070545051539251290e+03 -7.218334187608991670e+03 -1.256212358008492076e-02 -7.183807488051875225e+03 9.537394782770691401e-03 9.537394782770691401e-03 1.443666837521798334e+04 4.299333341652678442e+00 1.593425855505618827e-02 -6.470925805265085676e-09 -2.149667043045189629e+00 -1.576437869249781940e-03 -2.149666670826339221e+00 -4.912438023695667698e-03
4.813377243202531242e-01 -1.342251220991589125e-02 -7.107413877151951056e+03 -7.256421575295831644e+03 -1.233347600605325979e-02 -7.221645126467559749e+03 9.363808878314150083e-03 9.363808878314150083e-03 1.451284315059166329e+04 4.321979951446915713e+00 1.564424864437983717e-02 -6.354046828790770860e-09 -2.160990341166163287e+00 -1.590216187961654469e-03 -2.160989975723457857e+00 -4.939156756362450204e-03
4.870644398214268311e-01 -1.317703507618359256e-02 -7.144079683201193802e+03 -7.294309803108401866e+03 -1.210791580331298418e-02 -7.259283335269436975e+03 9.192573256054438827e-03 9.192573256054438827e-03 1.458861960621680373e+04 4.344508759357631256e+00 1.535816745509449230e-02 -6.235253076335296258e-09 -2.172254738437506827e+00 -1.603698824845534946e-03 -2.172254379678815628e+00 -4.965702004607672540e-03
4.928678042362698020e-01 -1.293595570648298568e-02 -7.181224662229229580e+03 -7.332573716532233448e+03 -1.188639700052133465e-02 -7.297312554556096984e+03 9.024398141445648044e-03 9.024398141445648044e-03 1.466514743306446690e+04 4.367269869556182016e+00 1.507719693094633148e-02 -6.121441488513903987e-09 -2.183635286972492207e+00 -1.615734332400074660e-03 -2.183634934778091008e+00 -4.992276853238738696e-03
4.987493124234270714e-01 -1.270028242999193292e-02 -7.219539664642775278e+03 -7.371834493587249199e+03 -1.166984818904760746e-02 -7.336363679440435590e+03 8.859973655854518418e-03 8.859973655854518418e-03 1.474366898717449840e+04 4.390637137666684175e+00 1.480248516682760793e-02 -6.009985189624598267e-09 -2.195318914609750482e+00 -1.625599942925945582e-03 -2.195318568833342088e+00 -5.019176063273201975e-03
5.047105091756856066e-01 -1.247024604723488174e-02 -7.259306705963982495e+03 -7.412359430153333960e+03 -1.145847545202398864e-02 -7.376705836936784181e+03 8.699493503110803869e-03 8.699493503110803869e-03 1.482471886030666792e+04 4.414780476299083212e+00 1.453436804961923297e-02 -5.900903929990136382e-09 -2.207390577663298270e+00 -1.633112330606079771e-03 -2.207390238149541606e+00 -5.046556050976525737e-03
5.107529915861438452e-01 -1.224515376437665913e-02 -7.300182175384463335e+03 -7.453845306737253850e+03 -1.125164529064262564e-02 -7.418030081485671872e+03 8.542459930408332486e-03 8.542459930408332486e-03 1.490769061347450770e+04 4.439510978531673757e+00 1.427200844841993929e-02 -5.793869484698012542e-09 -2.219755822651905408e+00 -1.638970705380308427e-03 -2.219755489265836879e+00 -5.074319213084916777e-03
5.168784115546921631e-01 -1.202404901369600460e-02 -7.341605011819569881e+03 -7.495811603824960912e+03 -1.104847896446780990e-02 -7.459844273304286617e+03 8.388207653830810628e-03 8.388207653830810628e-03 1.499162320764992182e+04 4.464534557327784370e+00 1.401429548051556610e-02 -5.688545903412275229e-09 -2.232267606030969187e+00 -1.644215635823115165e-03 -2.232267278663892185e+00 -5.102306285754558933e-03
5.230884784448982527e-01 -1.180627386476664799e-02 -7.383154288142090991e+03 -7.537931537538682278e+03 -1.084836956699647068e-02 -7.501807662950232952e+03 8.236293507296736302e-03 8.236293507296736302e-03 1.507586307507736456e+04 4.489651967497330531e+00 1.376049454037586717e-02 -5.584981269624558801e-09 -2.244826305188505344e+00 -1.649904311812128849e-03 -2.244825983748665266e+00 -5.130463617482772416e-03
5.293849619022480413e-01 -1.159140205711815287e-02 -7.424492204959247829e+03 -7.579944451798256523e+03 -1.065093227866241096e-02 -7.543648139004261793e+03 8.086385115657394873e-03 8.086385115657394873e-03 1.515988890359651305e+04 4.514689694742366477e+00 1.351003708260106219e-02 -5.486619628028428687e-09 -2.257345162960690210e+00 -1.657126066599852888e-03 -2.257344847371183238e+00 -5.158770351043823373e-03
5.357696948456177610e-01 -1.137873983178407794e-02 -7.465169366446815729e+03 -7.621439585885370434e+03 -1.045552442162800931e-02 -7.584949660449763542e+03 7.938027728698034483e-03 7.938027728698034483e-03 1.524287917177074087e+04 4.539407615836157817e+00 1.326217427622979235e-02 -5.385965654348303215e-09 -2.269704117717625369e+00 -1.666129927702308553e-03 -2.269703807918078908e+00 -5.187003998083450883e-03
5.422445766448765747e-01 -1.116798361758050001e-02 -7.504969060930455271e+03 -7.662189150960650295e+03 -1.026186825621011600e-02 -7.625486515683564903e+03 7.791002100173484955e-03 7.791002100173484955e-03 1.532437830192130059e+04 4.563668430854502134e+00 1.301653706369999483e-02 -5.286446056283328517e-09 -2.281834519488430413e+00 -1.676656984462019176e-03 -2.281834215427251067e+00 -5.214975599583619899e-03
5.488115764986444267e-01 -1.095973565426318699e-02 -7.544334863540305378e+03 -7.702584802366097392e+03 -1.007051605077260645e-02 -7.665657717356883040e+03 7.645732408855101386e-03 7.645732408855101386e-03 1.540516960473219478e+04 4.587712428048471125e+00 1.277383573546574114e-02 -5.185198241626071090e-09 -2.293856512415624493e+00 -1.687976553020602505e-03 -2.293856214024235562e+00 -5.242833660256161071e-03
5.554727370274595843e-01 -1.075475290343356170e-02 -7.583865197076384902e+03 -7.743152767343635787e+03 -9.882164814363793987e-03 -7.705999753170507574e+03 7.502736467033665514e-03 7.502736467033665514e-03 1.548630553468727157e+04 4.611857375717235641e+00 1.253493166384815442e-02 -5.088235646353685762e-09 -2.305928980668821460e+00 -1.699299521498351048e-03 -2.305928687858617820e+00 -5.270801915712946747e-03
5.622301780989703568e-01 -1.055329139890440714e-02 -7.623851435122399380e+03 -7.784117807634260316e+03 -9.697049185234916935e-03 -7.746747276842195788e+03 7.362194389675537354e-03 7.362194389675537354e-03 1.556823561526852063e+04 4.636244230782458509e+00 1.230012641922162767e-02 -4.993123556065852035e-09 -2.318122402716179753e+00 -1.709747338354785989e-03 -2.318122115391229254e+00 -5.298898221755871281e-03
5.690861009032603945e-01 -1.035535246410278047e-02 -7.664376262293586478e+03 -7.825525737621799635e+03 -9.515172386972605562e-03 -7.787951706165965334e+03 7.224095696950241265e-03 7.224095696950241265e-03 1.565105147524359927e+04 4.660899632508152202e+00 1.206939823603320888e-02 -4.899384336610079008e-09 -2.330450098188836527e+00 -1.719061046926143336e-03 -2.330449816254076101e+00 -5.327111611022214421e-03
5.760427922980685400e-01 -1.016107207012255549e-02 -7.705636274688625235e+03 -7.867576697532239450e+03 -9.336654731620550388e-03 -7.829812309314490449e+03 7.088560589572732475e-03 7.088560589572732475e-03 1.573515339506447890e+04 4.685951800823541902e+00 1.184295743770480934e-02 -4.807337611176407551e-09 -2.342976177057232157e+00 -1.727178422608610653e-03 -2.342975900411770951e+00 -5.355571859727361293e-03
5.831026294454845216e-01 -9.970555121698731690e-03 -7.747762942427749294e+03 -7.910441245724559849e+03 -9.161592800627465019e-03 -7.872493346938791547e+03 6.955662490527215677e-03 6.955662490527215677e-03 1.582088249144911970e+04 4.711499382270790903e+00 1.162092672484496027e-02 -4.717019072919688764e-09 -2.355749962595166558e+00 -1.734679940905511312e-03 -2.355749691135395452e+00 -5.384475462315092137e-03
5.902680847637135075e-01 -9.782843938129942921e-03 -7.789999048879695692e+03 -7.953417376934607091e+03 -8.989111308318829818e-03 -7.915285455458919387e+03 6.824709591996063265e-03 6.824709591996063265e-03 1.590683475386921418e+04 4.737108914576382723e+00 1.140214130324489553e-02 -4.627994709757751010e-09 -2.368554723637576576e+00 -1.742402250011302126e-03 -2.368554457288191362e+00 -5.413480294047187669e-03
5.975417312197353059e-01 -9.597541454246417622e-03 -7.832028213652792147e+03 -7.996238121360580408e+03 -8.818843218400642878e-03 -7.957914490932816989e+03 6.695437866947846241e-03 6.695437866947846241e-03 1.599247624272116082e+04 4.762621075117176694e+00 1.118616487791997127e-02 -4.540215982362143428e-09 -2.381310798863045974e+00 -1.750825087265088075e-03 -2.381310537558588347e+00 -5.442487188152067036e-03
6.049262479911456936e-01 -9.414751552450160987e-03 -7.873938693421741846e+03 -8.039015464918656107e+03 -8.650884010511955199e-03 -8.000488602369066029e+03 6.567919943280776593e-03 6.567919943280776593e-03 1.607803092983731221e+04 4.788100655305100872e+00 1.097311883475939227e-02 -4.453749418380905364e-09 -2.394050583980344538e+00 -1.760192805208251254e-03 -2.394050327652550436e+00 -5.471604129398007638e-03
6.124244265282117183e-01 -9.234345486966373182e-03 -7.915654293105938450e+03 -8.081664072547005162e+03 -8.485115347844331135e-03 -8.042924001390715603e+03 6.442065771569367716e-03 6.442065771569367716e-03 1.616332814509401032e+04 4.813497456510162031e+00 1.076285265911852175e-02 -4.368501936494357608e-09 -2.406748979671002875e+00 -1.770316738340512071e-03 -2.406748728255081016e+00 -5.500747554578707017e-03
6.200391770502056143e-01 -9.056435303108440957e-03 -7.957326777600774221e+03 -8.124301331996992303e+03 -8.321640108332764574e-03 -8.085343178547292155e+03 6.317953040160634651e-03 6.317953040160634651e-03 1.624860266399398461e+04 4.838884646840329040e+00 1.055549600821081846e-02 -4.284467693783395123e-09 -2.419442569992126923e+00 -1.780769534395495925e-03 -2.419442323420164520e+00 -5.529931159002290583e-03
6.277735355134692607e-01 -8.880992722226265651e-03 -7.998998277865215641e+03 -8.166927316765526484e+03 -8.160432218190537268e-03 -8.127752684157764634e+03 6.195561478728087157e-03 6.195561478728087157e-03 1.633385463353105297e+04 4.864265970582350995e+00 1.035101485983381565e-02 -4.201563224663662066e-09 -2.432133227086402449e+00 -1.790969729154957227e-03 -2.432132985291175498e+00 -5.559069511404888739e-03
6.356306710924183312e-01 -8.708808842325960892e-03 -8.041470687386332429e+03 -8.210314965188410497e+03 -8.002218533986752563e-03 -8.170928655721511859e+03 6.075442657732007222e-03 6.075442657732007222e-03 1.642062993037682099e+04 4.890105813066812246e+00 1.015033064076529927e-02 -4.120124922807629290e-09 -2.445053143640708804e+00 -1.800694105735098013e-03 -2.445052906533406123e+00 -5.588632654581410404e-03
6.436138942188908141e-01 -8.539277737773369806e-03 -8.084259154676338767e+03 -8.253973651300104393e+03 -7.846442302613379147e-03 -8.214382156341551308e+03 5.957173918181883458e-03 5.957173918181883458e-03 1.650794730260020879e+04 4.916111557963129819e+00 9.952737221306925605e-03 -4.039871612178429324e-09 -2.458056011473250368e+00 -1.809849818193013868e-03 -2.458055778981564909e+00 -5.618288467589113190e-03
6.517266652299278373e-01 -8.372404808985926816e-03 -8.127409628529452675e+03 -8.297968441441647883e+03 -7.693108530470688794e-03 -8.258175202147505843e+03 5.840759303514828776e-03 5.840759303514828776e-03 1.659593688288329577e+04 4.942320406474898675e+00 9.758241436735147142e-03 -3.960842159813784118e-09 -2.471160431185930317e+00 -1.818729965713494030e-03 -2.471160203237449338e+00 -5.648122470550088689e-03
6.599726036793022166e-01 -8.208177737634105367e-03 -8.170945416217945422e+03 -8.342353585916118391e+03 -7.542205951321588088e-03 -8.302357189712038235e+03 5.726190553167616673e-03 5.726190553167616673e-03 1.668470717183223678e+04 4.968762038195045250e+00 9.566829582485034816e-03 -3.883072999994602685e-09 -2.484381242574827731e+00 -1.827722600362403612e-03 -2.484381019097522625e+00 -5.678226628895894322e-03
6.683554983739679045e-01 -8.046270577100500532e-03 -8.214571988253284871e+03 -8.386860355030448773e+03 -7.393435112071985657e-03 -8.346655854182175972e+03 5.613240558259156160e-03 5.613240558259156160e-03 1.677372071006089755e+04 4.995273615962089409e+00 9.378122304071518853e-03 -3.806445515015550788e-09 -2.497637027050285230e+00 -1.837130521634535883e-03 -2.497636807981044704e+00 -5.708470680748267863e-03
6.768793182031612732e-01 -7.886392428158639500e-03 -8.258017448581244025e+03 -8.431224802347673176e+03 -7.246528723906207024e-03 -8.390806455130597897e+03 5.501706422189809459e-03 5.501706422189809459e-03 1.686244960469534635e+04 5.021696723749942137e+00 9.191780630502773344e-03 -3.730825781301964756e-09 -2.510848576591332648e+00 -1.846985307626936934e-03 -2.510848361874971069e+00 -5.738687420320845098e-03
6.855482238352487157e-01 -7.729032537600917172e-03 -8.301850002268643948e+03 -8.476004754235083965e+03 -7.101936304772725819e-03 -8.435367507934977766e+03 5.391929265378604674e-03 5.391929265378604674e-03 1.695200950847016793e+04 5.048365556232179863e+00 9.008374423130174544e-03 -3.656421409554871312e-09 -2.524182988548106632e+00 -1.857186431764411587e-03 -2.524182778116089931e+00 -5.769224365947682627e-03
6.943665803656867697e-01 -7.573782381704617823e-03 -8.345699538779177601e+03 -8.520807584039535868e+03 -6.959282443702996881e-03 -8.479950493508174986e+03 5.283623876561603129e-03 5.283623876561603129e-03 1.704161516807907174e+04 5.075047509617483854e+00 8.827427112172100271e-03 -3.583010683586620132e-09 -2.537523961013857576e+00 -1.867382862860172965e-03 -2.537523754808741927e+00 -5.799774840827992030e-03
7.033389710087731839e-01 -7.420824157234543438e-03 -8.389830051781622387e+03 -8.565879134831577176e+03 -6.818734528376782338e-03 -8.524803649395464163e+03 5.176917200932945259e-03 5.176917200932945259e-03 1.713175826966315435e+04 5.101891080416321778e+00 8.649150741098414821e-03 -3.510660757482287651e-09 -2.550945742248802439e+00 -1.877403560148015573e-03 -2.550945540208160889e+00 -5.830473810600550304e-03
7.124702119363601760e-01 -7.270379910327000837e-03 -8.434567180913034463e+03 -8.611540354830227443e+03 -6.680496579053644621e-03 -8.570248123115597991e+03 5.071964095650840533e-03 5.071964095650840533e-03 1.722308070966045489e+04 5.129088442479722509e+00 8.473804019161883597e-03 -3.439470552559909429e-09 -2.564544419184509483e+00 -1.887222796511305945e-03 -2.564544221239861255e+00 -5.861526048284912242e-03
7.217653683785456575e-01 -7.122102606782827923e-03 -8.479568411012802244e+03 -8.657457829580100224e+03 -6.544249742787091630e-03 -8.615949642194955231e+03 4.968522600500903733e-03 4.968522600500903733e-03 1.731491565916020045e+04 5.156439594651066827e+00 8.300982739173510747e-03 -3.369293953996261815e-09 -2.578219991233199782e+00 -1.896952181274615037e-03 -2.578219797325533413e+00 -5.892731497956245693e-03
7.312297721147489327e-01 -6.975942051958589941e-03 -8.524816962617820536e+03 -8.703630985864347167e+03 -6.409947921355936898e-03 -8.661905138553349389e+03 4.866557846081166587e-03 4.866557846081166587e-03 1.740726197172869433e+04 5.183942764874816866e+00 8.130628686886551965e-03 -3.300126125200661467e-09 -2.591971572365716181e+00 -1.906801386435828067e-03 -2.591971382437408433e+00 -5.924120507287434015e-03
7.408690404987389178e-01 -6.831969328773427989e-03 -8.570453295856823388e+03 -8.750211970452774040e+03 -6.277656440062543211e-03 -8.708264711172232637e+03 4.766119488545603362e-03 4.766119488545603362e-03 1.750042394090554808e+04 5.211687817633471553e+00 7.962824843284860635e-03 -3.232008735767041417e-09 -2.605844094825234158e+00 -1.916907603202486470e-03 -2.605843908816735777e+00 -5.955811800408103603e-03
7.506890971783762856e-01 -6.689857751360066621e-03 -8.616121327565757383e+03 -8.796844767186097670e+03 -6.147075123058958965e-03 -8.754672913927788613e+03 4.666979635748184918e-03 4.666979635748184918e-03 1.759368953437219534e+04 5.239462035265219697e+00 7.797190468041221081e-03 -3.164788589424763622e-09 -2.619731199771949015e+00 -1.927235205762968528e-03 -2.619731017632609849e+00 -5.987568846930520043e-03
7.606961946903557648e-01 -6.549819665329825215e-03 -8.662157908892999330e+03 -8.843857681657025751e+03 -6.018399067581804533e-03 -8.801458833264627174e+03 4.569286314651505899e-03 4.569286314651505899e-03 1.768771536331405150e+04 5.267462319536891258e+00 7.633972840772694675e-03 -3.098551917575990320e-09 -2.633731338095077312e+00 -1.937686249012497350e-03 -2.633731159768445629e+00 -6.019590439493829361e-03
7.708969391324559384e-01 -6.412028952440796542e-03 -8.708883276313637907e+03 -8.891561122284465455e+03 -5.891788033537072658e-03 -8.848933885136222671e+03 4.473160747494367082e-03 4.473160747494367082e-03 1.778312224456893091e+04 5.295875005396354140e+00 7.473374465981516904e-03 -3.033371446146049191e-09 -2.647937677273296764e+00 -1.948192870146236598e-03 -2.647937502698177070e+00 -6.052068523613196062e-03
7.812983171411170824e-01 -6.275703022165477450e-03 -8.755289021263934046e+03 -8.938940795458855064e+03 -5.766522927650605257e-03 -8.896086335678686737e+03 4.378056972794988622e-03 4.378056972794988622e-03 1.787788159091771013e+04 5.324094584918401374e+00 7.314483194026717532e-03 -2.968873633186450416e-09 -2.662047463322699148e+00 -1.958523010957550613e-03 -2.662047292459200687e+00 -6.084309698485512903e-03
7.919077254310604719e-01 -6.141659230835373219e-03 -8.802576965550289970e+03 -8.987205031167301058e+03 -5.643354788828398166e-03 -8.944121542863615105e+03 4.284545215243022037e-03 4.284545215243022037e-03 1.797441006233460212e+04 5.352842446060990689e+00 7.158251714559961572e-03 -2.905449918207007633e-09 -2.676421390244513976e+00 -1.968946606369165880e-03 -2.676421223030495344e+00 -6.117139059909341113e-03
8.027330031867079274e-01 -6.009339863013302141e-03 -8.850021876089424040e+03 -9.035635446419084474e+03 -5.521771168961084678e-03 -8.992321239832563151e+03 4.192236484093361977e-03 4.192236484093361977e-03 1.807127089283816895e+04 5.381688764925168122e+00 7.004030158121465205e-03 -2.842846569359416634e-09 -2.690844546074066201e+00 -1.979466407019745203e-03 -2.690844382462584061e+00 -6.150090170877581600e-03
8.137824676329847851e-01 -5.878920733681613012e-03 -8.897946878887434650e+03 -9.084560438963681008e+03 -5.401933617771583276e-03 -9.041012477141441195e+03 4.101253443145268761e-03 4.101253443145268761e-03 1.816912087792736202e+04 5.410829282995510248e+00 6.852023464879843442e-03 -2.781147849104595385e-09 -2.705414801558431392e+00 -1.990168362684067299e-03 -2.705414641497755124e+00 -6.183388868287255195e-03
8.250649531564983041e-01 -5.750274237647546270e-03 -8.946236512398689229e+03 -9.133863017715073511e+03 -5.283724882497565535e-03 -9.090078689968364415e+03 4.011507060371470069e-03 4.011507060371470069e-03 1.826772603543014702e+04 5.440194233279667557e+00 6.702082883972833131e-03 -2.720291947482034632e-09 -2.720097273197961574e+00 -2.001016399868218824e-03 -2.720097116639833779e+00 -6.216953821311477051e-03
8.365898543979577440e-01 -5.623329773104728500e-03 -8.994856287449409137e+03 -9.183503721634662725e+03 -5.167080084143462274e-03 -9.139481247279649324e+03 3.922948047186636429e-03 3.922948047186636429e-03 1.836700744326932545e+04 5.469760476267538252e+00 6.554126057980142785e-03 -2.660240910817339674e-09 -2.734880391235686936e+00 -2.011939263477448541e-03 -2.734880238133769126e+00 -6.250748929091498596e-03
8.483671737941044233e-01 -5.498155912346603877e-03 -9.043997483075354467e+03 -9.233670918943253128e+03 -5.052062225208473790e-03 -9.189408658502257822e+03 3.835624209070956012e-03 3.835624209070956012e-03 1.846734183788650626e+04 5.499640811047766142e+00 6.408232847238387771e-03 -2.601022951245382749e-09 -2.749820555217803886e+00 -2.022907909706051811e-03 -2.749820405523883071e+00 -6.284892239898204856e-03
8.604075741136114619e-01 -5.374557560599776095e-03 -9.093414788056858015e+03 -9.284120385945770977e+03 -4.938492045825108520e-03 -9.239616930577532912e+03 3.749399471536148717e-03 3.749399471536148717e-03 1.856824077189154195e+04 5.529689228571602833e+00 6.264175917739542646e-03 -2.542549579828324727e-09 -2.764844760614620700e+00 -2.033928420187378766e-03 -2.764844614285801416e+00 -6.319226099585717113e-03
8.727224366078529805e-01 -5.252793949342866864e-03 -9.143634775087781236e+03 -9.335383579734023442e+03 -4.826607743324187912e-03 -9.290635902042135058e+03 3.664454683741782525e-03 3.664454683741782525e-03 1.867076715946804688e+04 5.560222827875519691e+00 6.122257418470481230e-03 -2.484944099528315938e-09 -2.780111556951431417e+00 -2.045112673199993986e-03 -2.780111413937759846e+00 -6.354112150821238612e-03
8.853239254858574769e-01 -5.132516227689580893e-03 -9.194139229279868232e+03 -9.386944047982311531e+03 -4.716088778138732493e-03 -9.341949691018971862e+03 3.580546511469631828e-03 3.580546511469631828e-03 1.877388809596462306e+04 5.590932885515324635e+00 5.982070815888436595e-03 -2.428045322029444974e-09 -2.795466582496636487e+00 -2.056428763123696948e-03 -2.795466442757662318e+00 -6.389210157510217744e-03
8.982250595252105896e-01 -5.013879905299038590e-03 -9.245294867123066069e+03 -9.439168234042539552e+03 -4.607078036085485856e-03 -9.393924185571462658e+03 3.497783411687564216e-03 3.497783411687564216e-03 1.887833646808507910e+04 5.622038358789832380e+00 5.843797302475617871e-03 -2.371922706451581794e-09 -2.811019315903882987e+00 -2.067884363151060306e-03 -2.811019179394916190e+00 -6.424759124906097123e-03
9.114397917495351553e-01 -4.896647555026695242e-03 -9.296753754313931495e+03 -9.491706013384407925e+03 -4.499357356478847145e-03 -9.446210169219397358e+03 3.415999756912609705e-03 3.415999756912609705e-03 1.898341202676881585e+04 5.653330253491787083e+00 5.707160163439034192e-03 -2.316464970843240835e-09 -2.826665260063075280e+00 -2.079428901377666436e-03 -2.826665126745893541e+00 -6.460524266428522080e-03
9.249830982413081992e-01 -4.781032862377756175e-03 -9.349019807591334029e+03 -9.545061638615614356e+03 -4.393123081969349357e-03 -9.499311020845796520e+03 3.335344596389065806e-03 3.335344596389065806e-03 1.909012327723122871e+04 5.685109815110540588e+00 5.572408411605106818e-03 -2.261770396078834948e-09 -2.842555037724714406e+00 -2.091108734317804856e-03 -2.842554907555270294e+00 -6.496839920126441098e-03
9.388710773194973713e-01 -4.666801377984581937e-03 -9.401737845990530332e+03 -9.598881364922170178e+03 -4.288159790944293288e-03 -9.552873351118172650e+03 3.255654398651080215e-03 3.255654398651080215e-03 1.919776272984434036e+04 5.717165565466093113e+00 5.439268839446738391e-03 -2.207731417071328064e-09 -2.858582909792409144e+00 -2.102915874965939451e-03 -2.858582782733046557e+00 -6.533475156020402720e-03
9.531210604987441215e-01 -4.554073948417508219e-03 -9.455257011368801614e+03 -9.653516697287528586e+03 -4.184578522341516824e-03 -9.607247728092499528e+03 3.177013459900431339e-03 3.177013459900431339e-03 1.930703339457505717e+04 5.749707305663143586e+00 5.307882279633635569e-03 -2.154403926720922727e-09 -2.874853776821803653e+00 -2.114897687162901798e-03 -2.874853652831571793e+00 -6.570665143332907014e-03
9.677517368651720187e-01 -4.442672762734673104e-03 -9.509320295235900630e+03 -9.708710825238986217e+03 -4.082215894523515305e-03 -9.662177729436736627e+03 3.099297744960779252e-03 3.099297744960779252e-03 1.941742165047797243e+04 5.782581579770969427e+00 5.178041507223709629e-03 -2.101705015653198057e-09 -2.891290910842692519e+00 -2.127030137861106885e-03 -2.891290789885484713e+00 -6.608239504159918801e-03
9.827832927587716316e-01 -4.332547946580311490e-03 -9.563924443884665379e+03 -9.764459926038374761e+03 -3.981026077620903117e-03 -9.717659626276257768e+03 3.022472449206467168e-03 3.022472449206467168e-03 1.952891985207674952e+04 5.815786147588601906e+00 5.049688370433897192e-03 -2.049609356112855336e-09 -2.907893191753235573e+00 -2.139282447860298923e-03 -2.907893073794300953e+00 -6.646191067782952072e-03
9.982375689499297655e-01 -4.223935208561149096e-03 -9.619724419065989423e+03 -9.821420988654501343e+03 -3.881225654884876662e-03 -9.774349024402628856e+03 2.946702007168590202e-03 2.946702007168590202e-03 1.964284197730900269e+04 5.849713373596943100e+00 4.923097592513895997e-03 -1.998229241001765726e-09 -2.924856801800300943e+00 -2.151788873867580693e-03 -2.924856686798471550e+00 -6.684966672151326436e-03
1.014138237845315871e+00 -4.116429630550789975e-03 -9.675928297510357879e+03 -9.878801430530373182e+03 -3.782442564387729269e-03 -9.831454734807553905e+03 2.871703948714761454e-03 2.871703948714761454e-03 1.975760286106074636e+04 5.883889756457236331e+00 4.797797248682381457e-03 -1.947373415733459064e-09 -2.941944990303486218e+00 -2.164413874958934312e-03 -2.941944878228618165e+00 -6.724031153469922639e-03
1.030511003664290826e+00 -4.010315994604309042e-03 -9.733338178308711576e+03 -9.937406287532057831e+03 -3.684938479266038763e-03 -9.889780028769515411e+03 2.797676934858115208e-03 2.797676934858115208e-03 1.987481257506411566e+04 5.918796028662288045e+00 4.674119242681658640e-03 -1.897176039763992547e-09 -2.959398123516948420e+00 -2.177296295990443966e-03 -2.959398014331144022e+00 -6.763928038318223375e-03
1.047383829000692934e+00 -3.905431280589323050e-03 -9.791721631306803829e+03 -9.997003527517630573e+03 -3.588563608159095475e-03 -9.949093191095569637e+03 2.724507246919164079e-03 2.724507246919164079e-03 1.999400705503526115e+04 5.954293520286749519e+00 4.551873584993914104e-03 -1.847560934409022782e-09 -2.977146866473573183e+00 -2.190415037694828405e-03 -2.977146760143374760e+00 -6.804503460425409544e-03
1.064787191736691785e+00 -3.801314649965333373e-03 -9.850029121140782081e+03 -1.005654079116384673e+04 -3.492894503134229452e-03 -1.000834401284689011e+04 2.651873389055954457e-03 2.651873389055954457e-03 2.011308158232769347e+04 5.989753700235559641e+00 4.430523145919844363e-03 -1.798307958510657355e-09 -2.994876953613283987e+00 -2.203535128284117225e-03 -2.994876850117779821e+00 -6.845038563543361619e-03
1.082754376916745809e+00 -3.698628249351681042e-03 -9.910119939433843683e+03 -1.011788388968165236e+04 -3.398539584694943837e-03 -1.006939425967795069e+04 2.580237287271112262e-03 2.580237287271112262e-03 2.023576777936330473e+04 6.026290792024943777e+00 4.310839672338312098e-03 -1.749732250443558449e-09 -3.013145496712221760e+00 -2.217039890576692329e-03 -3.013145396012471888e+00 -6.886802580986162853e-03
1.101321808932232527e+00 -3.596932897221616181e-03 -9.971012645064647586e+03 -1.018004986169519543e+04 -3.305095306680323145e-03 -1.013126280669579501e+04 2.509292563872666647e-03 2.509292563872666647e-03 2.036009972339039086e+04 6.063317618652326324e+00 4.192311295406937408e-03 -1.701625564928021471e-09 -3.031658907257140712e+00 -2.230742544937454937e-03 -3.031658809326163162e+00 -6.929128991617091934e-03
1.120529430222394707e+00 -3.496462181997885606e-03 -1.003354222483254489e+04 -1.024387755453954924e+04 -3.212776304804676811e-03 -1.019478653926934749e+04 2.439202177045360267e-03 2.439202177045360267e-03 2.048775510907909847e+04 6.101335039374233382e+00 4.075210272566834671e-03 -1.654099564730214352e-09 -3.050667614882664580e+00 -2.244828224187650142e-03 -3.050667519687116691e+00 -6.972590307611545475e-03
1.140421133674343723e+00 -3.396636117029260167e-03 -1.009620718917613340e+04 -1.030786161293809346e+04 -3.121049649894060748e-03 -1.025846315138406862e+04 2.369561508076014483e-03 2.369561508076014483e-03 2.061572322587618692e+04 6.139443949717057869e+00 3.958860598686560206e-03 -1.606876945661201731e-09 -3.069722067336197568e+00 -2.258953901652753938e-03 -3.069721974858528935e+00 -7.016157153197223433e-03
1.161045257009182263e+00 -3.298016724895993460e-03 -1.016085226208554559e+04 -1.037385432820225469e+04 -3.030431763560227729e-03 -1.032414074948075904e+04 2.300762639724497800e-03 2.300762639724497800e-03 2.074770865640450938e+04 6.178750403792325763e+00 3.843917333882582686e-03 -1.560226023505307042e-09 -3.089375291688805536e+00 -2.273522746350613299e-03 -3.089375201896162881e+00 -7.061092943049263396e-03
1.182455148669888212e+00 -3.200223429699663742e-03 -1.022653992963051314e+04 -1.044091677061130395e+04 -2.940572949183718841e-03 -1.039088215245639185e+04 2.232540074544121182e-03 2.232540074544121182e-03 2.088183354122260789e+04 6.218693519997817276e+00 3.729936907417442070e-03 -1.513965801886359951e-09 -3.109346847129016211e+00 -2.288342249141437149e-03 -3.109346759998908638e+00 -7.106758835352737849e-03
1.204709816062109029e+00 -3.103373049904962957e-03 -1.029385730635153232e+04 -1.050963971105974997e+04 -2.851580546909761229e-03 -1.045927660508199006e+04 2.164975308842566944e-03 2.164975308842566944e-03 2.101927942211949994e+04 6.259625949545839063e+00 3.617055476870505420e-03 -1.468152211145434489e-09 -3.129813059266164821e+00 -2.303543974808200650e-03 -3.129812974772919532e+00 -7.153558118484285716e-03
1.227874668400109170e+00 -3.007317323625235354e-03 -1.036255124075261665e+04 -1.057977094680110349e+04 -2.763318324188804992e-03 -1.052907216962617895e+04 2.097964910773780951e-03 2.097964910773780951e-03 2.115954189360220698e+04 6.301396911937889200e+00 3.505100236687699964e-03 -1.422714589036415564e-09 -3.150698537846961411e+00 -2.319072397697567733e-03 -3.150698455968944600e+00 -7.201318473219173871e-03
1.252022367796842284e+00 -2.911946674314015108e-03 -1.043246135945029528e+04 -1.065115123758492336e+04 -2.675685596343803027e-03 -1.060010969091987863e+04 2.031432428779122567e-03 2.031432428779122567e-03 2.130230247516984673e+04 6.343911139800242793e+00 3.393943454921563487e-03 -1.377593993611373346e-09 -3.171955649181561920e+00 -2.334892405883567078e-03 -3.171955569900121397e+00 -7.249931020551166928e-03
1.277233803468756479e+00 -2.817595700628485345e-03 -1.050507322310963173e+04 -1.072527339448662497e+04 -2.588989810811358899e-03 -1.067387842996790278e+04 1.965611303707668310e-03 1.965611303707668310e-03 2.145054678897324993e+04 6.388059955531489642e+00 3.283975151411095642e-03 -1.332963827122304427e-09 -3.194030054478372627e+00 -2.351328675270300799e-03 -3.194029977765744821e+00 -7.300413855821188611e-03
1.303599204768434383e+00 -2.723886827541703581e-03 -1.057930367990548802e+04 -1.080105252146114617e+04 -2.502884029213519549e-03 -1.074929552786980275e+04 1.900238121528490670e-03 1.900238121528490670e-03 2.160210504292229234e+04 6.433195274990542778e+00 3.174755232689782398e-03 -1.288637228295528043e-09 -3.216597711656566272e+00 -2.368148415736850369e-03 -3.216597637495271389e+00 -7.352027222281736982e-03
1.331219408836837870e+00 -2.630771632849978215e-03 -1.065521793458018692e+04 -1.087855644861200926e+04 -2.417323758115012475e-03 -1.082642829984527270e+04 1.835279101941356605e-03 1.835279101941356605e-03 2.175711289722401852e+04 6.479357384760894512e+00 3.066227261516380094e-03 -1.244591266933656371e-09 -3.239678764006574507e+00 -2.385369107413951029e-03 -3.239678692380447256e+00 -7.404817568402682730e-03
1.360207297399638415e+00 -2.538338043187855862e-03 -1.073345927980537817e+04 -1.095843343359598475e+04 -2.332389790048888106e-03 -1.090592318218447872e+04 1.770795585065208224e-03 1.770795585065208224e-03 2.191686686719196950e+04 6.526933162957588408e+00 2.958493719995752662e-03 -1.200868052274196205e-09 -3.263466650588309648e+00 -2.403135302982265832e-03 -3.263466581478794204e+00 -7.459227357885343454e-03
1.390689413738294355e+00 -2.446514238819550834e-03 -1.081404673853449822e+04 -1.104070580529994368e+04 -2.248016132507034675e-03 -1.098780195825345618e+04 1.706737469024929409e-03 1.706737469024929409e-03 2.208141161059988735e+04 6.575935648767282871e+00 2.851470902505098045e-03 -1.157433513236169741e-09 -3.287967890993147790e+00 -2.421459526334886203e-03 -3.287967824383641435e+00 -7.515272680843638337e-03
1.422807763849379237e+00 -2.355264453544394457e-03 -1.089713760822028235e+04 -1.112553510515655944e+04 -2.164169921465769215e-03 -1.107222525256899644e+04 1.643079801749047124e-03 1.643079801749047124e-03 2.225107021031311888e+04 6.626460969963249958e+00 2.745117120907731786e-03 -1.114270836975575534e-09 -3.313230549106750189e+00 -2.440383643793214014e-03 -3.313230484981624979e+00 -7.573064392625705396e-03
1.456721793412865118e+00 -2.264625675219100395e-03 -1.098323344061759599e+04 -1.121342806392123020e+04 -2.080885143165230305e-03 -1.115969817226843952e+04 1.579848385677307815e-03 1.579848385677307815e-03 2.242685612784246041e+04 6.678811420497180684e+00 2.639475483523364644e-03 -1.071397376347437547e-09 -3.339405771905969100e+00 -2.460010108687302535e-03 -3.339405710248590342e+00 -7.632946604206658492e-03
1.492610511875782864e+00 -2.174481783469946715e-03 -1.107208578968649454e+04 -1.130413898592404257e+04 -1.998055098899762395e-03 -1.124997499863590929e+04 1.516962212753323377e-03 1.516962212753323377e-03 2.260827797184808514e+04 6.732839943228424495e+00 2.534410648916008563e-03 -1.028757903480925143e-09 -3.366420030817319553e+00 -2.480292308298337640e-03 -3.366419971614212248e+00 -7.694752412343411167e-03
1.530674703405736858e+00 -2.084847159911143270e-03 -1.116402381420178972e+04 -1.139800268127888376e+04 -1.915693003986049551e-03 -1.134338912568058004e+04 1.454431318718031520e-03 1.454431318718031520e-03 2.279600536255776751e+04 6.788746072165232626e+00 2.429939384738604140e-03 -9.863597666799535536e-10 -3.394373092845316631e+00 -2.501329285382024054e-03 -3.394373036082616313e+00 -7.758713788847735812e-03
1.571139117705580679e+00 -1.995782920602060494e-03 -1.125961339613226664e+04 -1.149559050541657598e+04 -1.833855014868388976e-03 -1.144051013452105690e+04 1.392298335610917459e-03 1.392298335610917459e-03 2.299118101083315196e+04 6.846870681684460891e+00 2.326132915959232793e-03 -9.442314118225866319e-10 -3.423435395180053575e+00 -2.523222623010271289e-03 -3.423435340842230445e+00 -7.825216615817198740e-03
1.614254467621440092e+00 -1.907023691511749866e-03 -1.135743752939436490e+04 -1.159548457620994486e+04 -1.752297289818599774e-03 -1.153992258928308365e+04 1.330378135264011913e-03 1.330378135264011913e-03 2.319096915241988972e+04 6.906366670742751346e+00 2.222681946674420934e-03 -9.022513766879461907e-10 -3.453183387292625639e+00 -2.545698561244918914e-03 -3.453183335371375673e+00 -7.893298663099969012e-03
1.660298972313143162e+00 -1.819308876811084625e-03 -1.146199102194772968e+04 -1.170220319199983896e+04 -1.671699282494429556e-03 -1.164613380530102404e+04 1.269186296751458965e-03 1.269186296751458965e-03 2.340440638399967793e+04 6.969930814861541535e+00 2.120447771617687410e-03 -8.608323707351617580e-10 -3.484965456963864394e+00 -2.569691514407842527e-03 -3.484965407430770767e+00 -7.966032905504955366e-03
1.709579075771010093e+00 -1.731952681501770742e-03 -1.156898556848078260e+04 -1.181144536573265577e+04 -1.591430755583181540e-03 -1.175485175971988429e+04 1.208244888148786965e-03 1.208244888148786965e-03 2.362289073146531155e+04 7.034995905439720865e+00 2.018632086268963132e-03 -8.195108266454244179e-10 -3.517497999874579673e+00 -2.594373720460301739e-03 -3.517497952719860432e+00 -8.040503512424765006e-03
1.762428850887697296e+00 -1.645562974706656903e-03 -1.168205137018624009e+04 -1.192686127142272198e+04 -1.512050332534874012e-03 -1.186971760042553615e+04 1.147977553892384111e-03 1.147977553892384111e-03 2.385372254284544397e+04 7.103739774581004696e+00 1.917942523638306064e-03 -7.787632910054184732e-10 -3.551869932093146609e+00 -2.620528915717539997e-03 -3.551869887290502348e+00 -8.119196613545728511e-03
1.819207495364619565e+00 -1.559864649950290852e-03 -1.179866215091800041e+04 -1.204591749794363022e+04 -1.433305162892116631e-03 -1.198820314489622797e+04 1.088192723069760729e-03 1.088192723069760729e-03 2.409183499588726045e+04 7.174650545778248123e+00 1.818059154515464784e-03 -7.382245406496786341e-10 -3.587325315358533828e+00 -2.647572648088464785e-03 -3.587325272889124061e+00 -8.200380090716262796e-03
1.880294287442067391e+00 -1.475253347094536427e-03 -1.192064549003111097e+04 -1.217045315048254452e+04 -1.355558819777488494e-03 -1.211214272532499672e+04 1.029166221402294480e-03 1.029166221402294480e-03 2.434090630096508903e+04 7.248825432721485384e+00 1.719442737062518503e-03 -6.981998030092910989e-10 -3.624412756526512069e+00 -2.675948972969252951e-03 -3.624412716360742692e+00 -8.285314054190522082e-03
1.946080473928930132e+00 -1.391891526548820089e-03 -1.204782330993902178e+04 -1.230029337249406308e+04 -1.278960582589604373e-03 -1.224136127415567898e+04 9.710113852045973090e-04 9.710113852045973090e-04 2.460058674498812616e+04 7.326159666919915381e+00 1.622282624059178963e-03 -6.587677703570319181e-10 -3.663079871356105244e+00 -2.705651221218194260e-03 -3.663079833459957690e+00 -8.373883680295608409e-03
2.016957903271166419e+00 -1.310066595983952432e-03 -1.218060521143041296e+04 -1.243585106215419364e+04 -1.203774539867110555e-03 -1.237627050868346123e+04 9.139287141459245204e-04 9.139287141459245204e-04 2.487170212430838728e+04 7.406899645756781503e+00 1.526913792709408716e-03 -6.200637149031245693e-10 -3.703449858546760343e+00 -2.736778332679516788e-03 -3.703449822878390751e+00 -8.466371827627321156e-03
2.093304861657969695e+00 -1.229916834109720698e-03 -1.231748866738599463e+04 -1.257561608897695078e+04 -1.130127751099349685e-03 -1.251536393107484400e+04 8.580146749401009213e-04 8.580146749401009213e-04 2.515123217795390156e+04 7.490143771637672643e+00 1.433497411568745604e-03 -5.821523856709772485e-10 -3.745071919305036356e+00 -2.769031544641133765e-03 -3.745071885818836321e+00 -8.561753225006539514e-03
2.175470491957367081e+00 -1.152016869762191370e-03 -1.246082820952578732e+04 -1.272195285776275159e+04 -1.058548222800246652e-03 -1.266100057135272982e+04 8.036701382928096394e-04 8.036701382928096394e-04 2.544390571552550318e+04 7.577303860485658404e+00 1.342703220420163454e-03 -5.453049024951771651e-10 -3.788651961608112462e+00 -2.802959194087759585e-03 -3.788651930242829202e+00 -8.661645739709464623e-03
2.263760163733009811e+00 -1.076562575956034910e-03 -1.260903891707339426e+04 -1.287326587227201890e+04 -9.892159110459156773e-04 -1.281158916279943514e+04 7.510318829086049365e-04 7.510318829086049365e-04 2.574653174454403779e+04 7.667428345714897731e+00 1.254759787654067442e-03 -5.095074049999220913e-10 -3.833714202168413188e+00 -2.838220159895925299e-03 -3.833714172857448865e+00 -8.764963299330227886e-03
2.358424805892701315e+00 -1.003915675808615638e-03 -1.276213715213962860e+04 -1.302956568546468952e+04 -9.224632393099585622e-04 -1.296714113579472905e+04 7.003519894331740542e-04 7.003519894331740542e-04 2.605913137092937905e+04 7.760522617241170984e+00 1.170088168693751577e-03 -4.751469383346354889e-10 -3.880261335953654189e+00 -2.874897946329158221e-03 -3.880261308620585492e+00 -8.871724625132736478e-03
2.459657033634705225e+00 -9.343355416521827465e-04 -1.291915641986225273e+04 -1.318987406388924683e+04 -8.585285110518947084e-04 -1.312668165930862233e+04 6.518115333017065853e-04 6.518115333017065853e-04 2.637974812777849365e+04 7.856003968084164235e+00 1.088990938545133071e-03 -4.422368999730289586e-10 -3.928002009480751067e+00 -2.912784611088536403e-03 -3.928001984042082118e+00 -8.981264786588430762e-03
2.567595655563507773e+00 -8.680892175488176673e-04 -1.307976120224890292e+04 -1.335384551798334905e+04 -7.976571036399411488e-04 -1.328986734261781749e+04 6.055968097721556006e-04 6.055968097721556006e-04 2.670769103596669811e+04 7.953666892009314537e+00 1.011779343382528335e-03 -4.109041893081081882e-10 -3.976833469639693419e+00 -2.951844413153401590e-03 -3.976833446004657269e+00 -9.093355068133497990e-03
2.682338115609762763e+00 -8.053657569837513420e-04 -1.324348763261911517e+04 -1.352100542623734873e+04 -7.400227317826489192e-04 -1.345622599418222126e+04 5.618397053878409781e-04 5.618397053878409781e-04 2.704201085247469746e+04 8.053228789246198005e+00 9.386737276159623847e-04 -3.812380683638062499e-10 -4.026614416550417630e+00 -2.992015319200720322e-03 -4.026614394623099003e+00 -9.207678973023323762e-03
2.803958393736257548e+00 -7.462933140743113498e-04 -1.341019099764005841e+04 -1.369119997820092613e+04 -6.857431515533901146e-04 -1.362560545525411908e+04 5.206296242677700649e-04 5.206296242677700649e-04 2.738239995640185225e+04 8.154598614563465020e+00 8.698234604656590206e-04 -3.533026955788949287e-10 -4.077299327600735879e+00 -3.033309305755954501e-03 -4.077299307281732510e+00 -9.324139451679206575e-03
2.932526725452886396e+00 -6.908403610531695322e-04 -1.357824745073484519e+04 -1.386278882794942547e+04 -6.347893934375494363e-04 -1.379637059483968187e+04 4.819445698351919371e-04 4.819445698351919371e-04 2.772557765589885094e+04 8.256797764204026890e+00 8.051917911573530868e-04 -3.270763669167515604e-10 -4.128398900911247615e+00 -3.075409122657958745e-03 -4.128398882102013445e+00 -9.441624749502129654e-03
3.068127610135964023e+00 -6.390510696805181551e-04 -1.374879253458945459e+04 -1.403690686979719612e+04 -5.872020450224356425e-04 -1.396965455706303328e+04 4.458153587032047394e-04 4.458153587032047394e-04 2.807381373959439225e+04 8.360504420821349925e+00 7.448302060209508781e-04 -3.025839100158964974e-10 -4.180252227809885923e+00 -3.118614849094354310e-03 -4.180252210410674962e+00 -9.560917670471971719e-03
3.210873706785042803e+00 -5.907651042722941812e-04 -1.392013032375756848e+04 -1.421184344905915896e+04 -5.428337794003790327e-04 -1.414375174417747439e+04 4.121301378080287413e-04 4.121301378080287413e-04 2.842368689811831791e+04 8.464697833955472817e+00 6.885518306563509147e-04 -2.797095967500934368e-10 -4.232348933062307417e+00 -3.162607629525169411e-03 -4.232348916977736408e+00 -9.680860432269735097e-03
3.360914710114393245e+00 -5.459034534963701571e-04 -1.409329619072782589e+04 -1.438863521215899709e+04 -5.016120650127918294e-04 -1.431969691654782764e+04 3.808334086971748079e-04 3.808334086971748079e-04 2.877727042431799418e+04 8.569992503860188293e+00 6.362638010486971855e-04 -2.586975842175252854e-10 -4.284996266793223541e+00 -3.207765490410812229e-03 -4.284996251930094147e+00 -9.802178722377222209e-03
3.518441553360023288e+00 -5.042063036886838909e-04 -1.426562031697783641e+04 -1.456459394024606081e+04 -4.632979583254781021e-04 -1.449480907116519120e+04 3.517450657602014166e-04 3.517450657602014166e-04 2.912918788049212162e+04 8.674798425668340585e+00 5.876656418611080112e-04 -2.388246791089350616e-10 -4.337399226562080656e+00 -3.253252769969915397e-03 -4.337399212834170292e+00 -9.923016752367995810e-03
3.683687005795827307e+00 -4.655569147116892046e-04 -1.443841316498683045e+04 -1.474103479099479955e+04 -4.277843926631306982e-04 -1.467040049876009834e+04 3.247825766767381767e-04 3.247825766767381767e-04 2.948206958198959910e+04 8.779887302894518797e+00 5.426190551220447765e-04 -2.205098971664917164e-10 -4.389943664122901268e+00 -3.299915014656295761e-03 -4.389943651447259398e+00 -1.004434302004501844e-02
3.856923940526868932e+00 -4.298438845598557666e-04 -1.461418099757668278e+04 -1.492047753758381987e+04 -3.949689562442327672e-04 -1.484898478430821160e+04 2.998684743843608503e-04 2.998684743843608503e-04 2.984095507516763973e+04 8.886766376341611817e+00 5.009947096523665417e-04 -2.036334669803770433e-10 -4.443383199874119782e+00 -3.348023488284987848e-03 -4.443383188170805909e+00 -1.016783634049515765e-02
4.038462416263060462e+00 -3.968131713306903411e-04 -1.479110248009675342e+04 -1.510108921102213026e+04 -3.646181807194454690e-04 -1.502873373851349061e+04 2.768257570793868322e-04 2.768257570793868322e-04 3.020217842204426051e+04 8.994345223890036323e+00 4.624969689323445263e-04 -1.879699628947423877e-10 -4.497172622749045168e+00 -3.397530999774238825e-03 -4.497172611945018161e+00 -1.029230506265018177e-02
4.228646433708256325e+00 -3.660862690066409150e-04 -1.496120264277231399e+04 -1.527484666413830382e+04 -3.363843202079282169e-04 -1.520164471247106485e+04 2.553900813304150379e-04 2.553900813304150379e-04 3.054969332827660764e+04 9.097829478161457928e+00 4.266840825696578536e-04 -1.734324333848202841e-10 -4.548914749048181605e+00 -3.446456933290378225e-03 -4.548914739080728964e+00 -1.041223686862709046e-02
4.427850924999102489e+00 -3.377978592463885908e-04 -1.513641019250734826e+04 -1.545374912957376910e+04 -3.103911014340420774e-04 -1.537968651728930672e+04 2.356555643984672857e-04 2.356555643984672857e-04 3.090749825914753819e+04 9.204384955712788141e+00 3.937133534054374721e-04 -1.600811304752168364e-10 -4.602192487053664571e+00 -3.497739042516513890e-03 -4.602192477856394071e+00 -1.053586718709129642e-02
4.636479280628705624e+00 -3.116369268108978396e-04 -1.531103778613369832e+04 -1.563207547945238730e+04 -2.863527733932719221e-04 -1.555715255431476180e+04 2.174050660677727224e-04 2.174050660677727224e-04 3.126415095890477460e+04 9.310592426795036403e+00 3.632219387594677823e-04 -1.476931679161638257e-10 -4.655296221882517571e+00 -3.550132177816719796e-03 -4.655296213397518201e+00 -1.065929054857054324e-02
4.854961533624194914e+00 -2.873966483059471589e-04 -1.548212068476065542e+04 -1.580684235853443352e+04 -2.640792311325991884e-04 -1.573106719839152356e+04 2.004946536848929261e-04 2.004946536848929261e-04 3.161368471706886703e+04 9.414679311268809414e+00 3.349694995632833839e-04 -1.362497604456785147e-10 -4.707339663459443102e+00 -3.603342234791324667e-03 -4.707339655634404707e+00 -1.078053629818537425e-02
5.083753201805744304e+00 -2.651803752576106354e-04 -1.566349484155385289e+04 -1.599197218691823582e+04 -2.436654993951147311e-04 -1.591531685819839367e+04 1.849960979577254972e-04 1.849960979577254972e-04 3.198394437383647164e+04 9.524948207976875025e+00 3.090758210470164716e-04 -1.257378421517715431e-10 -4.762474111208607752e+00 -3.660434556804416546e-03 -4.762474103988437513e+00 -1.090909432323673364e-02
5.323334722426276144e+00 -2.445545512831971691e-04 -1.583861310892853908e+04 -1.617081530235212631e+04 -2.247134199134641092e-04 -1.609329480012105523e+04 1.706057303292130912e-04 1.706057303292130912e-04 3.234163060470425262e+04 9.631421021314700681e+00 2.850331056635242830e-04 -1.172376127273435494e-10 -4.815710517315845429e+00 -3.718598902855840046e-03 -4.815710510657350341e+00 -1.103369454748478334e-02
5.574211384433898964e+00 -2.255097151679878308e-04 -1.601425601886442018e+04 -1.635019434690706839e+04 -2.072136668792151084e-04 -1.627180605936677966e+04 1.573204169389495841e-04 1.573204169389495841e-04 3.270038869381413679e+04 9.738278534852078394e+00 2.628374171441853280e-04 -1.072775263416744840e-10 -4.869139273566077009e+00 -3.777917934455706818e-03 -4.869139267426039197e+00 -1.115888963524156764e-02
5.836913658873376320e+00 -2.079433843473039133e-04 -1.619143435578748722e+04 -1.653112792957432976e+04 -1.910726069768787280e-04 -1.645186637949942815e+04 1.450657315071315824e-04 1.450657315071315824e-04 3.306225585914865951e+04 9.846036980396549509e+00 2.423633112583422310e-04 -9.912314370450272350e-11 -4.923018495860044474e+00 -3.840215465796696474e-03 -4.923018490198274755e+00 -1.128552213702224867e-02
6.111997837247349352e+00 -1.916516978464601550e-04 -1.636247194678678170e+04 -1.670589015225556068e+04 -1.761028108177386902e-04 -1.662577011444078380e+04 1.337000544965930807e-04 1.337000544965930807e-04 3.341178030451112136e+04 9.950101505346543362e+00 2.233744062789128082e-04 -9.171729063689325133e-11 -4.975050757891460229e+00 -3.903831255246460654e-03 -4.975050752673271681e+00 -1.140834553491188938e-02
6.400046903544740040e+00 -1.767279089868063475e-04 -1.654415567723258937e+04 -1.689137813073251527e+04 -1.623897171508698371e-04 -1.681036985960229504e+04 1.232898012845741790e-04 1.232898012845741790e-04 3.378275626146503055e+04 1.006061787337166358e+01 2.059821732731538621e-04 -8.395189818946189543e-11 -5.030308941497776409e+00 -3.971443695362595477e-03 -5.030308936685831789e+00 -1.153879111181580798e-02
6.701671583159408030e+00 -1.629336175349757176e-04 -1.672440686094504053e+04 -1.707543601920573929e+04 -1.497146003784224975e-04 -1.699354146763690733e+04 1.136668464280205610e-04 1.136668464280205610e-04 3.415087203841147857e+04 1.017025367751704223e+01 1.899050427544733883e-04 -7.744133081114786023e-11 -5.085126843194919033e+00 -4.042622830930933490e-03 -5.085126838758521117e+00 -1.166882973453147940e-02
7.017511528129986687e+00 -1.501680405627071945e-04 -1.690112368176987002e+04 -1.725594803983234306e+04 -1.379847924692493872e-04 -1.717317475998101872e+04 1.047612126914310588e-04 1.047612126914310588e-04 3.451189607966468611e+04 1.027775593088190043e+01 1.750262272596953841e-04 -7.137612926371829598e-11 -5.138877969529782597e+00 -4.116157954790805075e-03 -5.138877965440950213e+00 -1.179691356789967956e-02
7.348236611607034341e+00 -1.383573209803070888e-04 -1.707406715283523954e+04 -1.743267366942937952e+04 -1.271323638600972326e-04 -1.734902984206983820e+04 9.652173619204011581e-05 9.652173619204011581e-05 3.486534733885875903e+04 1.038299770329206062e+01 1.612603814141343368e-04 -6.586151471789385982e-11 -5.191498855413295921e+00 -4.192614261934868650e-03 -5.191498851646030310e+00 -1.192299192056072918e-02
7.694548314804565692e+00 -1.274332982656039854e-04 -1.724302993284056720e+04 -1.760540428525335301e+04 -1.170946724713200305e-04 -1.752089862848728080e+04 8.890093100521269430e-05 8.890093100521269430e-05 3.521080857050670602e+04 1.048585922396549286e+01 1.485281938884592276e-04 -6.077577812825389011e-11 -5.242929615452594838e+00 -4.272044541581460249e-03 -5.242929611982746430e+00 -1.204694253016008049e-02
8.057181197146181972e+00 -1.174592157291693523e-04 -1.742681361780257430e+04 -1.779307322391405978e+04 -1.079298391156329921e-04 -1.770766330336489045e+04 8.194287391288286463e-05 8.194287391288286463e-05 3.558614644782811956e+04 1.059763960976183839e+01 1.369032880433786593e-04 -5.607704832778493283e-11 -5.298819808079219484e+00 -4.359537005139693493e-03 -5.298819804880919193e+00 -1.218182131633578982e-02
8.436904445393944130e+00 -1.082027692693525287e-04 -1.760218851203878876e+04 -1.797229143660153204e+04 -9.942442106519716995e-05 -1.788599748641896076e+04 7.548542447033183519e-05 7.548542447033183519e-05 3.594458287320306408e+04 1.070437308467500870e+01 1.261147436714399729e-04 -5.168296379139135800e-11 -5.352186545283789343e+00 -4.449958257956688513e-03 -5.352186542337504349e+00 -1.231166921311704042e-02
8.834523500847938138e+00 -9.967174182419347834e-05 -1.777860979712195331e+04 -1.815258139781302089e+04 -9.158556526772445856e-05 -1.806539776575812357e+04 6.953404024678660480e-05 6.953404024678660480e-05 3.630516279562604177e+04 1.081174511673630079e+01 1.161716891741836462e-04 -4.762932455462040538e-11 -5.405872561082172290e+00 -4.546128857502266217e-03 -5.405872558368150393e+00 -1.244309561022568546e-02
9.250881765769570109e+00 -9.176737401111320831e-05 -1.794771655117765476e+04 -1.832552395461086417e+04 -8.432252502963575788e-05 -1.823746768053238338e+04 6.401982336306933220e-05 6.401982336306933220e-05 3.665104790922172833e+04 1.091473056406626618e+01 1.069590154666639776e-04 -4.387671841614127325e-11 -5.457365284531952021e+00 -4.646492631027430292e-03 -5.457365282033133091e+00 -1.257040283519734493e-02
9.686862391444771347e+00 -8.452209378439934253e-05 -1.812543762537912335e+04 -1.850716334569279206e+04 -7.766509624087751366e-05 -1.841820754520343689e+04 5.896540676765614741e-05 5.896540676765614741e-05 3.701432669138558413e+04 1.102290630928390058e+01 9.851453947335632607e-05 -4.043751949231256876e-11 -5.511453156943513676e+00 -4.755780154836405232e-03 -5.511453154641950292e+00 -1.270472105812138833e-02
1.014339015107741027e+01 -7.786220746025986213e-05 -1.830809738017209384e+04 -1.869380074077078098e+04 -7.154556896376194854e-05 -1.860392813051326448e+04 5.431935312571569335e-05 5.431935312571569335e-05 3.738760148154156195e+04 1.113406157615734138e+01 9.075231400903063848e-05 -3.727731869986822564e-11 -5.567030790198914225e+00 -4.873869082935580570e-03 -5.567030788078670689e+00 -1.284363037301831240e-02
1.062143340119719248e+01 -7.169341698968535476e-05 -1.848382783798277887e+04 -1.887348413956779768e+04 -6.587728955686182478e-05 -1.878270985924626439e+04 5.001591131221064560e-05 5.001591131221064560e-05 3.774696827913559537e+04 1.124106653640450659e+01 8.356250023397846394e-05 -3.433195722956837703e-11 -5.620533270154548511e+00 -4.998369899372074113e-03 -5.620533268202253296e+00 -1.297901861363432580e-02
1.112200613561059548e+01 -6.602484503824345785e-05 -1.866453756006635740e+04 -1.905821184583931972e+04 -6.066864121045857248e-05 -1.896651765575193349e+04 4.606144264886181760e-05 4.606144264886181760e-05 3.811642369167863944e+04 1.135108201433694397e+01 7.695572499407703150e-05 -3.160478220734634027e-11 -5.675541008966437317e+00 -5.133000607638104305e-03 -5.675541007168471985e+00 -1.311923604525930612e-02
1.164617013619385411e+01 -6.081699046795335003e-05 -1.885093368088123680e+04 -1.924869975668317056e+04 -5.588333399746794791e-05 -1.915606490064881655e+04 4.242835911957666071e-05 4.242835911957666071e-05 3.849739951336634113e+04 1.146453081370237115e+01 7.088588473891847634e-05 -2.913826116349645511e-11 -5.732265408507365656e+00 -5.279400630225880228e-03 -5.732265406851185574e+00 -1.326499407534003847e-02
1.219503722506606280e+01 -5.596969551947781214e-05 -1.902192529901056696e+04 -1.942370214965924970e+04 -5.142933252230516724e-05 -1.933016434770452906e+04 3.904680313050933402e-05 3.904680313050933402e-05 3.884740429931849940e+04 1.156873465022777303e+01 6.523627312971308424e-05 -2.685077079558832142e-11 -5.784367326638095719e+00 -5.432553133636932804e-03 -5.784367325113886515e+00 -1.340174987963078934e-02
1.276977162291000134e+01 -5.153031654748159608e-05 -1.920259575051261709e+04 -1.960849337476619985e+04 -4.735015126714035312e-05 -1.951401972970266070e+04 3.594981634816170845e-05 3.594981634816170845e-05 3.921698674953239970e+04 1.167877796713920624e+01 6.006209487892511911e-05 -2.475230639261488819e-11 -5.839388984972947227e+00 -5.600586648372182612e-03 -5.839388983569603120e+00 -1.354713879516822664e-02
1.337159241843930246e+01 -4.743797741382557568e-05 -1.938288122357695465e+04 -1.979293824690090696e+04 -4.358985164717459515e-05 -1.969752337492912193e+04 3.309493716575361596e-05 3.309493716575361596e-05 3.958587649380181392e+04 1.178861301357336444e+01 5.529241141919799757e-05 -2.282299392470443855e-11 -5.894306508078611451e+00 -5.782105957307283849e-03 -5.894306506786682220e+00 -1.369437719087682713e-02
1.400177615424875910e+01 -4.366243341650292650e-05 -1.956113348268661866e+04 -1.997537971618011579e+04 -4.012064447866943537e-05 -1.987902229214202453e+04 3.046105614448045465e-05 3.046105614448045465e-05 3.995075943236023159e+04 1.189724876600527459e+01 5.089195116886005593e-05 -2.103671470027610972e-11 -5.948624384191778525e+00 -5.977830894596788958e-03 -5.948624383002637295e+00 -1.384249948347293820e-02
1.466165953453220716e+01 -4.016167076189689660e-05 -1.972824529296039327e+04 -2.014664408227123204e+04 -3.690392316000861702e-05 -2.004936797122408097e+04 2.801887043549480526e-05 2.801887043549480526e-05 4.029328816454246407e+04 1.199921164968131215e+01 4.681176008062316602e-05 -1.938337521189569591e-11 -5.999605825934485992e+00 -6.186551914492675365e-03 -5.999605824840656076e+00 -1.398537425441490067e-02
1.535264226041133817e+01 -3.699871777605234709e-05 -1.992788209644084782e+04 -2.035074343825500182e+04 -3.399760577570142445e-05 -2.025244737451551919e+04 2.581234426128595802e-05 2.581234426128595802e-05 4.070148687651000364e+04 1.212076538610640952e+01 4.312528707833989842e-05 -1.789371817549743036e-11 -6.060382694060923114e+00 -6.424282923731558168e-03 -6.060382693053204761e+00 -1.415399313617749996e-02
1.607618999888940792e+01 -3.401534189888322707e-05 -2.008800692858023467e+04 -2.051508078195635244e+04 -3.125629315636171463e-05 -2.041586808988395569e+04 2.373109551358955422e-05 2.373109551358955422e-05 4.103016156391270488e+04 1.221858664534921246e+01 3.964811773783099712e-05 -1.648343244661426895e-11 -6.109293323601100667e+00 -6.669426929577177386e-03 -6.109293322674606230e+00 -1.429797559528910196e-02
1.683383749172745780e+01 -3.128384516135775372e-05 -2.025680939972864871e+04 -2.068822819157578851e+04 -2.874642359694965375e-05 -2.058806411551745623e+04 2.182556265173485024e-05 2.182556265173485024e-05 4.137645638315157703e+04 1.232166162580466562e+01 3.646451940401565582e-05 -1.519623437599454076e-11 -6.160830813754462731e+00 -6.938914760632448539e-03 -6.160830812902332809e+00 -1.445141142065759117e-02
1.762719181083737041e+01 -2.879437117923199272e-05 -2.044328362896368344e+04 -2.087926423620441346e+04 -2.645894154109212825e-05 -2.077808621572900665e+04 2.008886870359507254e-05 2.008886870359507254e-05 4.175852847240882693e+04 1.243540661298501071e+01 3.356300202173480020e-05 -1.402209210635454493e-11 -6.217703307276861047e+00 -7.239608935438532865e-03 -6.217703306492505355e+00 -1.462123990923442501e-02
1.845793576709684558e+01 -2.650067354425561080e-05 -2.062961393669667086e+04 -2.107023772814225231e+04 -2.435135106038170718e-05 -2.096803333422887226e+04 1.848875361033781620e-05 1.848875361033781620e-05 4.214047545628450462e+04 1.254910955823067553e+01 3.088966945542676474e-05 -1.294050701340954572e-11 -6.274554779837246521e+00 -7.567299782687565354e-03 -6.274554779115337766e+00 -1.479517800052088626e-02
1.932783147981688643e+01 -2.433653063300963108e-05 -2.077173754460547934e+04 -2.121672953964794942e+04 -2.236280200424895195e-05 -2.111361363114464257e+04 1.697901555624677593e-05 1.697901555624677593e-05 4.243345907929589885e+04 1.263626204627980876e+01 2.836733061130242172e-05 -1.191926704051532523e-11 -6.318131023802895818e+00 -7.908281648891091545e-03 -6.318131023139904379e+00 -1.494232362707917199e-02
2.023872411443312913e+01 -2.244360479552556898e-05 -2.100419820365134001e+04 -2.145440886819847583e+04 -2.062346833204696363e-05 -2.135010182338983577e+04 1.565849027550650756e-05 1.565849027550650756e-05 4.290881773639695166e+04 1.277782496734427475e+01 2.616111346789250079e-05 -1.102891247798224250e-11 -6.388912484283594928e+00 -8.317108709914347933e-03 -6.388912483672137377e+00 -1.515901068454451016e-02
2.119254579634909064e+01 -2.061569503092901452e-05 -2.115392171401965243e+04 -2.160876781168469097e+04 -1.894387259009332259e-05 -2.150349527383624445e+04 1.438331507898974175e-05 1.438331507898974175e-05 4.321753562336938194e+04 1.286965920765736371e+01 2.403066201036470464e-05 -1.016674530543817513e-11 -6.434829604390374769e+00 -8.730634410810211507e-03 -6.434829603828681854e+00 -1.532240731714768281e-02
2.219131970923321973e+01 -1.898975590525020537e-05 -2.136504954666495541e+04 -2.182517448986831369e+04 -1.744986307718822448e-05 -2.171873622579261428e+04 1.324904231499823053e-05 1.324904231499823053e-05 4.365034897973662737e+04 1.299851191021988228e+01 2.213561886062227752e-05 -9.402161957945999060e-12 -6.499255955627370795e+00 -9.210142238589871105e-03 -6.499255955109941141e+00 -1.553616803595541350e-02
2.323716438646269111e+01 -1.743684000053070840e-05 -2.150937713290772081e+04 -2.197433713738943334e+04 -1.602294884965260670e-05 -2.186691110776877031e+04 1.216570764820510061e-05 1.216570764820510061e-05 4.394867427477886667e+04 1.308723001572833056e+01 2.032567808393218715e-05 -8.669858838045863788e-12 -6.543615008339317640e+00 -9.703495975670514348e-03 -6.543615007864165278e+00 -1.570846703983668977e-02
2.433229820481675176e+01 -1.602967199121983953e-05 -2.168025544350486962e+04 -2.215042614896345549e+04 -1.472995871918218013e-05 -2.204191061081596490e+04 1.118405188347010693e-05 1.118405188347010693e-05 4.430085229792691098e+04 1.319200676120395954e+01 1.868561408709002800e-05 -8.007283140357924344e-12 -6.596003381038823221e+00 -1.025954155820376842e-02 -6.596003380601979771e+00 -1.590785782493685588e-02
2.547904408995127667e+01 -1.473894763303669932e-05 -2.185641537647752921e+04 -2.233200300484774561e+04 -1.354399195689571054e-05 -2.222235725373897003e+04 1.028347886640209933e-05 1.028347886640209933e-05 4.466400600969549123e+04 1.329993915385022341e+01 1.718095974353421997e-05 -7.400271263759008729e-12 -6.649969577326804604e+00 -1.087153740988630254e-02 -6.649969576925111703e+00 -1.611928807365379038e-02
2.667983444363553502e+01 -1.355197274576009066e-05 -2.203427475362259429e+04 -2.251547313071549434e+04 -1.245330230963665163e-05 -2.240466423048998331e+04 9.455584411500204332e-06 9.455584411500204332e-06 4.503094626143098867e+04 1.340920753505634266e+01 1.579784324555240591e-05 -6.842828264825836034e-12 -6.704603767897562960e+00 -1.154349716042192033e-02 -6.704603767528171332e+00 -1.634139877999936721e-02
2.793721630320246163e+01 -1.244844075819310143e-05 -2.219127035566051927e+04 -2.267808385723966421e+04 -1.143931189138623595e-05 -2.256614513782642825e+04 8.685749763945663904e-06 8.685749763945663904e-06 4.535616771447932842e+04 1.350590845499098691e+01 1.451167155501203439e-05 -6.325777604175412609e-12 -6.752954227834844225e+00 -1.227066038470664769e-02 -6.752954227495493456e+00 -1.655835599555362941e-02
2.925385674415631243e+01 -1.145626751343151173e-05 -2.239174021825866657e+04 -2.288479025676941455e+04 -1.052764692570709683e-05 -2.277155413731046065e+04 7.993603601448098049e-06 7.993603601448098049e-06 4.576958051353882911e+04 1.362890619060995689e+01 1.335529547144176415e-05 -5.858222830534225703e-12 -6.814453095617320599e+00 -1.309525193709937425e-02 -6.814453095304978447e+00 -1.681887212675090698e-02
3.063254853739741890e+01 -1.060790162483208162e-05 -2.273407386283688902e+04 -2.323496262068521901e+04 -9.748127176391432777e-06 -2.311994849248971514e+04 7.401790666975961349e-06 7.401790666975961349e-06 4.646992524137043802e+04 1.383748971084676960e+01 1.236654953983054155e-05 -5.463761531948599679e-12 -6.918744855712634312e+00 -1.409175972956322291e-02 -6.918744855423384799e+00 -1.719880974171206223e-02
3.207621607306366940e+01 -9.655970398228201629e-06 -2.268642441220530964e+04 -2.319167677093461316e+04 -8.873429397065575860e-06 -2.307606120040338283e+04 6.737699200655498837e-06 6.737699200655498837e-06 4.638335354186922632e+04 1.381129315966611415e+01 1.125704105202492248e-05 -5.012412182749848382e-12 -6.905646580096388654e+00 -1.492910606062210904e-02 -6.905646579833057075e+00 -1.729923906465021324e-02
3.358792156355409020e+01 -8.908919992138238366e-06 -2.294967364597025880e+04 -2.346258700527215115e+04 -8.187001135965736267e-06 -2.334535000316012520e+04 6.216562805876566848e-06 6.216562805876566848e-06 4.692517401054430229e+04 1.397255022944421121e+01 1.038637532774499529e-05 -4.664280404721536255e-12 -6.986275114965103228e+00 -1.606705459549650702e-02 -6.986275114722105606e+00 -1.764954260650843099e-02
3.517087153889189466e+01 -8.167267247507765775e-06 -2.306625866132615556e+04 -2.358570292309290380e+04 -7.505527229576538861e-06 -2.346725945187531033e+04 5.699179177626914240e-06 5.699179177626914240e-06 4.717140584618580760e+04 1.404560429376205377e+01 9.521976547845598289e-06 -4.315780468817749729e-12 -7.022802147103833548e+00 -1.721127933402273949e-02 -7.022802146881026886e+00 -1.790500897289725932e-02
3.682842364820457703e+01 -7.511670679010484207e-06 -2.325931884734562118e+04 -2.378641294708399801e+04 -6.903130328497277724e-06 -2.366646419925219016e+04 5.241834619975909699e-06 5.241834619975909699e-06 4.757282589416799601e+04 1.416493038241460312e+01 8.757886657815557862e-06 -4.009409380574075324e-12 -7.082465191412263827e+00 -1.852897202940148591e-02 -7.082465191207301558e+00 -1.823743442520395913e-02
3.856409378174787150e+01 -6.902532616157877759e-06 -2.343263395301846685e+04 -2.396757091576204039e+04 -6.343421631526573617e-06 -2.384611903755283493e+04 4.816900148924783479e-06 4.816900148924783479e-06 4.793514183152408077e+04 1.427256804524833456e+01 8.047944889957805534e-06 -3.724689967453767729e-12 -7.136284022812546368e+00 -1.996461877504949675e-02 -7.136284022624167278e+00 -1.857531961612063354e-02
4.038156352858037934e+01 -6.354647725611810536e-06 -2.365158020753347955e+04 -2.419528566690224761e+04 -5.839998397303441081e-06 -2.407211221479817686e+04 4.434698872268644344e-06 4.434698872268644344e-06 4.839057133380449523e+04 1.440795082925795789e+01 7.409398145202833152e-06 -3.469869522670470538e-12 -7.203975414802445520e+00 -2.158781288891759020e-02 -7.203975414628978946e+00 -1.897220766999627509e-02
4.228468798570753506e+01 -5.838209391225499797e-06 -2.382267423809567845e+04 -2.437512068858309431e+04 -5.365468198143613341e-06 -2.425030794897401211e+04 4.074433126500243683e-06 4.074433126500243683e-06 4.875024137716618861e+04 1.451474071185512926e+01 6.807499203457287054e-06 -3.228943247626882669e-12 -7.257370356086974894e+00 -2.333049524186720652e-02 -7.257370355927564631e+00 -1.935643051208851134e-02
4.427750393525924721e+01 -5.366542764479370572e-06 -2.400737483106195214e+04 -2.456924033189916372e+04 -4.932077725333999652e-06 -2.444266059628893709e+04 3.745401787848533875e-06 3.745401787848533875e-06 4.913848066379832744e+04 1.463001883726529684e+01 6.257784144357366284e-06 -3.009670230027538501e-12 -7.315009418779220951e+00 -2.526486185540421578e-02 -7.315009418632648419e+00 -1.977937677096691313e-02
4.636423840704600963e+01 -4.922041433222653944e-06 -2.413899193806440235e+04 -2.471024081610124267e+04 -4.523646363847793504e-06 -2.458198616969063369e+04 3.435317693314551696e-06 3.435317693314551696e-06 4.942048163220248534e+04 1.471357359946054366e+01 5.739723795661889647e-06 -2.801897789896549374e-12 -7.356786799864744708e+00 -2.733566945152743344e-02 -7.356786799730271831e+00 -2.018886703975106625e-02
4.854931764465584365e+01 -4.543916147507669243e-06 -2.443147022808632391e+04 -2.501466296616245381e+04 -4.176212254768464410e-06 -2.488407268938292691e+04 3.171548794158636791e-06 3.171548794158636791e-06 5.002932593232490763e+04 1.489456580952967890e+01 5.299044524620652111e-06 -2.628782014837577255e-12 -7.447282904889021005e+00 -2.981357576491228123e-02 -7.447282904764839451e+00 -2.076685055941520502e-02
5.083737649411040138e+01 -4.149599683411780682e-06 -2.445780925345017749e+04 -2.505041445276628656e+04 -3.813889675279518278e-06 -2.491831635639056549e+04 2.896467309565327604e-06 2.896467309565327604e-06 5.010082890553257312e+04 1.491525933906323509e+01 4.839462200306956367e-06 -2.442703059298238943e-12 -7.457629669645064574e+00 -3.219549016658656421e-02 -7.457629669531617544e+00 -2.115594806230572389e-02
5.323326823499476035e+01 -3.813997337801258236e-06 -2.464357766733995959e+04 -2.524831538911660755e+04 -3.505523873752944772e-06 -2.511402625202402851e+04 2.662356936162082906e-06 2.662356936162082906e-06 5.049663077823321510e+04 1.503262283233426544e+01 4.448332903882667483e-06 -2.287598934821828141e-12 -7.516311416271446610e+00 -3.504001249198111095e-02 -7.516311416167132720e+00 -2.172124925275491225e-02
5.574207487491413815e+01 -3.503044910374565834e-06 -2.481244668591196023e+04 -2.542996246797594358e+04 -3.219807348164365942e-06 -2.529340937191791818e+04 2.445441674764047114e-06 2.445441674764047114e-06 5.085992493595188716e+04 1.514023774700200242e+01 4.085931512484215793e-06 -2.143831860822646980e-12 -7.570118873596851650e+00 -3.815051805011199920e-02 -7.570118873501001211e+00 -2.231690161816340598e-02
5.836911792911337216e+01 -3.215749120566579349e-06 -2.496865191526171111e+04 -2.559971146549547848e+04 -2.955827527668938071e-06 -2.546079588526083171e+04 2.245028771918774913e-06 2.245028771918774913e-06 5.119942293099095696e+04 1.524069785317679049e+01 3.751100661917930592e-06 -2.010964547996399270e-12 -7.620348926676427048e+00 -4.155599026862538681e-02 -7.620348926588395244e+00 -2.295018351360659029e-02
6.111996970812420926e+01 -2.955168645148565946e-06 -2.515234324949352231e+04 -2.579837152885227988e+04 -2.716396625780779179e-06 -2.565682688833630527e+04 2.063254874664857973e-06 2.063254874664857973e-06 5.159674305770455976e+04 1.535833377967506408e+01 3.447410592882475884e-06 -1.891326727999452935e-12 -7.679166889918472627e+00 -4.536015036115827875e-02 -7.679166889837532040e+00 -2.366348669111710198e-02
6.400046513738307397e+01 -2.712596836656860115e-06 -2.530750390999823867e+04 -2.596923765881717190e+04 -2.493511680563528848e-06 -2.582499580627870455e+04 1.894044574756024029e-06 1.894044574756024029e-06 5.193847531763434381e+04 1.545933412451909028e+01 3.164711229369410052e-06 -1.779631461535239417e-12 -7.729667062333883898e+00 -4.949882140947624298e-02 -7.729667062259545141e+00 -2.441020829530648681e-02
6.701671413389014731e+01 -2.496722811641430534e-06 -2.553291775760445671e+04 -2.621270439321463709e+04 -2.295161565451155455e-06 -2.606528547233004792e+04 1.743461741244262635e-06 1.743461741244262635e-06 5.242540878642927419e+04 1.560353512800689657e+01 2.913133091124223287e-06 -1.681945413461432970e-12 -7.801767564071915295e+00 -5.420893708007269024e-02 -7.801767564003448285e+00 -2.529180897806492315e-02
7.017511456616259125e+01 -2.286367330499208722e-06 -2.562762460848406772e+04 -2.632479938342589594e+04 -2.101877008974197340e-06 -2.617451992060894554e+04 1.596719615582458394e-06 1.596719615582458394e-06 5.264959876685179188e+04 1.566931938968660454e+01 2.667969978920068211e-06 -1.584248183476717298e-12 -7.834659694906043192e+00 -5.910310419665397441e-02 -7.834659694843302269e+00 -2.611656491020150281e-02
7.348236582497136737e+01 -2.080237448380562909e-06 -2.555451897684539290e+04 -2.626762927495390250e+04 -1.912468440312075503e-06 -2.611498890146792473e+04 1.452913574305887313e-06 1.452913574305887313e-06 5.253525854990780499e+04 1.563410757744232349e+01 2.427710038532644656e-06 -1.485157438945291971e-12 -7.817053788778290269e+00 -6.405521954632402426e-02 -7.817053788721161744e+00 -2.684054153926685241e-02
7.694548303364732078e+01 -1.958772262073459524e-06 -2.637831316312219496e+04 -2.712481131959888808e+04 -1.800891436978592883e-06 -2.696563181874883594e+04 1.368234497457452820e-06 1.368234497457452820e-06 5.424962263919777615e+04 1.614385833324898911e+01 2.286246135669272055e-06 -1.444226727553297256e-12 -8.071929166678330603e+00 -7.197630431076872115e-02 -8.071929166624494556e+00 -2.861341812631428352e-02
8.057181192809824211e+01 -1.766070375605429420e-06 -2.606130639112765857e+04 -2.682264363102064817e+04 -1.623811500370875727e-06 -2.666167145307015016e+04 1.233778812742009920e-06 1.233778812742009920e-06 5.364528726204129634e+04 1.596239966919318576e+01 2.061604750390462240e-06 -1.346556022995389377e-12 -7.981199834645176239e+00 -7.737159018500175400e-02 -7.981199834596592879e+00 -2.924675841125573550e-02
8.436904443809967802e+01 -1.639019449070124410e-06 -2.650855232999732107e+04 -2.730109507184039467e+04 -1.507086759525231658e-06 -2.713453723670572435e+04 1.145176308843451575e-06 1.145176308843451575e-06 5.460219014368078933e+04 1.624609983431039595e+01 1.913580927804860170e-06 -1.295372515224157990e-12 -8.123049917200329872e+00 -8.574160254559574923e-02 -8.123049917155197974e+00 -3.084320457971226337e-02
8.834523500290913489e+01 -1.489399452472490443e-06 -2.639542547496852785e+04 -2.721026559402899875e+04 -1.369601348747162682e-06 -2.704042197801935981e+04 1.040790693248062139e-06 1.040790693248062139e-06 5.442053118805799750e+04 1.619039277000235444e+01 1.739181049308701138e-06 -1.222204790433156723e-12 -8.095196385042232379e+00 -9.301750507895227560e-02 -8.095196385001177219e+00 -3.190259395402619130e-02
9.250881765581175387e+01 -1.366997259979503085e-06 -2.654684728023224307e+04 -2.739172226145440800e+04 -1.257136343029410693e-06 -2.721695741130687747e+04 9.554093982111534455e-07 9.554093982111534455e-07 5.478344452290881600e+04 1.629679020637717457e+01 1.596534710664403117e-06 -1.167214240759158311e-12 -8.148395103226313552e+00 -1.019947134276483203e-01 -8.148395103188587285e+00 -3.339991847115038326e-02
9.686862391383557735e+01 -1.253846235499351408e-06 -2.668025342419814115e+04 -2.755746652180568344e+04 -1.153171065057428405e-06 -2.737745134465173032e+04 8.764818980067182157e-07 8.764818980067182157e-07 5.511493304361136688e+04 1.639366841762387139e+01 1.464671029748599010e-06 -1.116281341733756278e-12 -8.196834208846585312e+00 -1.118176825342028224e-01 -8.196834208811935696e+00 -3.501708181200451769e-02
1.014339015105832971e+02 -1.148368345804057603e-06 -2.677283727677289426e+04 -2.768431040491544263e+04 -1.056254671200774074e-06 -2.749881233464791876e+04 8.029044636133771746e-07 8.029044636133771746e-07 5.536862080983088526e+04 1.646719468702533362e+01 1.341745259426141602e-06 -1.068139472421516099e-12 -8.233597343544447611e+00 -1.224409334185358328e-01 -8.233597343512666811e+00 -3.673205927411241078e-02
1.062143340119150423e+02 -1.051533804352889200e-06 -2.685792173571267267e+04 -2.780656772359571187e+04 -9.672801633104688878e-07 -2.761514565481443060e+04 7.353553784477251028e-07 7.353553784477251028e-07 5.561313544719142374e+04 1.653778742796104240e+01 1.228890716067466377e-06 -1.023923274266713288e-12 -8.268893714009667661e+00 -1.340822925273456034e-01 -8.268893713980521198e+00 -3.860055620004414906e-02
1.112200613560898717e+02 -9.735536736981356347e-07 -2.724243583408186169e+04 -2.824013278752267070e+04 -8.956422838651814899e-07 -2.804044999168664071e+04 6.809808728592622904e-07 6.809808728592622904e-07 5.648026557504534139e+04 1.679353622243571920e+01 1.138051174751904451e-06 -9.946255023469830195e-13 -8.396768111244888644e+00 -1.485541248571088380e-01 -8.396768111217859598e+00 -4.110582594680866481e-02
1.164617013619343737e+02 -8.911766059776909390e-07 -2.731579031761512306e+04 -2.835800786292214616e+04 -8.199517380054610712e-07 -2.815127664526728040e+04 6.235166130689965078e-07 6.235166130689965078e-07 5.671601572584429232e+04 1.686104058396723460e+01 1.042045291636342615e-06 -9.569989354573262015e-13 -8.430520292008406358e+00 -1.627045069787976528e-01 -8.430520291983617298e+00 -4.335715363011551776e-02
1.219503722506598251e+02 -8.423776495931961235e-07 -2.828596648887369156e+04 -2.940570794210600798e+04 -7.751506973158640817e-07 -2.918532997769892972e+04 5.895417178825454968e-07 5.895417178825454968e-07 5.881141588421201595e+04 1.748173419211950730e+01 9.852957614358658869e-07 -9.532901634027609726e-13 -8.740867096083229981e+00 -1.842371816549134012e-01 -8.740867096059753649e+00 -4.734560922210439421e-02
1.276977162291001520e+02 -7.444417008038931228e-07 -2.737001998648716472e+04 -2.851087095610102187e+04 -6.851245733553414404e-07 -2.828870078578022367e+04 5.211502332586216874e-07 5.211502332586216874e-07 5.702174191220204375e+04 1.694590342780986347e+01 8.710193231781878920e-07 -8.883877113973699664e-13 -8.472951713925725770e+00 -1.946805724097653567e-01 -8.472951713904931736e+00 -4.837103930422887582e-02
1.337159241843934296e+02 -6.770436004489168898e-07 -2.725721549458331720e+04 -2.844912089394029681e+04 -6.231894453942951693e-07 -2.821918888978967880e+04 4.741267522806078754e-07 4.741267522806078754e-07 5.689824178788059362e+04 1.690580635826384182e+01 7.924561432124489672e-07 -8.541269119519557377e-13 -8.452903179150879964e+00 -2.119208877536178648e-01 -8.452903179131920908e+00 -5.098109197919047791e-02
1.400177615424880457e+02 -6.293077235093992754e-07 -2.774256592461949185e+04 -2.901365089490564787e+04 -5.793459205480224085e-07 -2.877060480130056385e+04 4.408582024490513217e-07 4.408582024490513217e-07 5.802730178981129575e+04 1.723783554780461813e+01 7.368799247609236907e-07 -8.411272382258775358e-13 -8.618917773919976710e+00 -2.359438102343852650e-01 -8.618917773902309065e+00 -5.503930517182684806e-02
1.466165953453225939e+02 -5.746655700125654368e-07 -2.773425595089199851e+04 -2.907190190001784504e+04 -5.291366129659949965e-07 -2.881851031171888462e+04 4.027369356317206835e-07 4.027369356317206835e-07 5.814380380003569007e+04 1.726834059806660804e+01 6.731897180217895431e-07 -8.149188002684700295e-13 -8.634170299049483077e+00 -2.579519110035434215e-01 -8.634170299033304019e+00 -5.845989427847692044e-02
1.535264226041139466e+02 -5.312080327352579615e-07 -2.806371887703147877e+04 -2.948948227831256372e+04 -4.892181679850906925e-07 -2.922183969503160915e+04 3.724410029635084481e-07 3.724410029635084481e-07 5.897896455662512744e+04 1.751201632459348190e+01 6.225774639306068979e-07 -8.008025409189269309e-13 -8.756008162311744059e+00 -2.855858065655484945e-01 -8.756008162296740949e+00 -6.297793668673917766e-02
1.607618999888946405e+02 -4.587951349848666842e-07 -2.652084740951292770e+04 -2.795179146019109612e+04 -4.226183234732405501e-07 -2.768585769096868898e+04 3.218162097173657209e-07 3.218162097173657209e-07 5.590358292038219224e+04 1.659349072223100663e+01 5.379778385663062665e-07 -7.354871174089502765e-13 -8.296745361128506246e+00 -2.948803415063910860e-01 -8.296745361115503314e+00 -6.341086597993747520e-02
1.683383749172751607e+02 -4.409693537444768909e-07 -2.789866409788751844e+04 -2.948517779341368441e+04 -4.062938668473371532e-07 -2.919278632697029025e+04 3.094749358850789534e-07 3.094749358850789534e-07 5.897035558682736882e+04 1.749914018496969348e+01 5.173764050582161246e-07 -7.543736975208666603e-13 -8.749570092497387819e+00 -3.398051812048492604e-01 -8.749570092484846739e+00 -7.130932004891760156e-02
1.762719181083743365e+02 -4.071285599134806511e-07 -2.818115337216024272e+04 -2.987983762028319688e+04 -3.752094525273178799e-07 -2.956952829193595608e+04 2.858869485979665827e-07 2.858869485979665827e-07 5.975967524056639377e+04 1.772767037191257700e+01 4.779715340640069881e-07 -7.438896001744614437e-13 -8.863835185967916530e+00 -3.756972182332474208e-01 -8.863835185956288498e+00 -7.708199316484251606e-02
1.845793576709690740e+02 -3.829330886053710395e-07 -2.899515029701643653e+04 -3.085025461088612792e+04 -3.530093981883540242e-07 -3.051427433536633180e+04 2.690623795368874422e-07 2.690623795368874422e-07 6.170050922177225584e+04 1.829707514076675423e+01 4.498724095265975192e-07 -7.484598199038929428e-13 -9.148537570394360330e+00 -4.232996627408165957e-01 -9.148537570383377115e+00 -8.502736237252232765e-02
1.932783147981695322e+02 -3.338723217848607950e-07 -2.764334919882481699e+04 -2.952892612483246194e+04 -3.078748124078547305e-07 -2.919040694522042759e+04 2.347416114087975195e-07 2.347416114087975195e-07 5.905785224966492387e+04 1.750618786835692120e+01 3.925145197155559043e-07 -6.980718209762128445e-13 -8.753093934188084901e+00 -4.413076617430869986e-01 -8.753093934178460600e+00 -8.694009219671368360e-02
2.023872411443319663e+02 -3.099525931161358690e-07 -2.805853517857686165e+04 -3.009813571725082511e+04 -2.859122193851339166e-07 -2.973496867223176014e+04 2.180807925440182848e-07 2.180807925440182848e-07 6.019627143450165022e+04 1.783615486373980374e+01 3.646835302416845998e-07 -6.947819023069689442e-13 -8.918077431878883132e+00 -4.904686284810769736e-01 -8.918077431869901872e+00 -9.486527748974084295e-02
2.119254579634915956e+02 -2.836176679261131099e-07 -2.806347534213121253e+04 -3.024177034301628373e+04 -2.617136268727872521e-07 -2.985700990072014974e+04 1.997083591850572529e-07 1.997083591850572529e-07 6.048354068603256746e+04 1.791308275606902711e+01 3.339883116518562299e-07 -6.820814220534956914e-13 -8.956541378042775392e+00 -5.370086566218207347e-01 -8.956541378034513556e+00 -1.021122089505687586e-01
2.219131970923329220e+02 -2.544606765454623584e-07 -2.751346537593798712e+04 -2.979697259513998870e+04 -2.348999376852724205e-07 -2.939673431999390959e+04 1.793283770349801253e-07 1.793283770349801253e-07 5.959394519027997740e+04 1.764081645981415036e+01 2.999317696485881339e-07 -6.571589211268817612e-13 -8.820408229914535880e+00 -5.761865830949158829e-01 -8.820408229907075182e+00 -1.078466926882888088e-01
2.323716438646276572e+02 -2.406088309357222991e-07 -2.841922490324685714e+04 -3.094651543393910833e+04 -2.222075321230249678e-07 -3.050686007945450183e+04 1.697256342213104289e-07 1.697256342213104289e-07 6.189303086787821667e+04 1.831156341042477109e+01 2.838993854118146475e-07 -6.682655958102479272e-13 -9.155781705219485644e+00 -6.519710858659822916e-01 -9.155781705212385546e+00 -1.202398788872331703e-01
2.433229820481682850e+02 -2.118517559982140029e-07 -2.732724469176118146e+04 -2.993102693445989644e+04 -1.957396645809932160e-07 -2.948124707211908753e+04 1.495876639141632441e-07 1.495876639141632441e-07 5.986205386891979288e+04 1.770046970169539335e+01 2.502404116830349855e-07 -6.326385939807648262e-13 -8.850234850853992086e+00 -6.859562145534824351e-01 -8.850234850847696677e+00 -1.248070716348206044e-01
2.547904408995135555e+02 -1.966671543310546213e-07 -2.769316523782275181e+04 -3.052755080012420149e+04 -1.818010702685734121e-07 -3.004128510251749685e+04 1.390171676427232042e-07 1.390171676427232042e-07 6.105510160024840297e+04 1.804186369270916401e+01 2.325840677182636815e-07 -6.323570632424688806e-13 -9.020931846360472406e+00 -7.612493217069753459e-01 -9.020931846354582007e+00 -1.367668903921752110e-01
2.667983444363561603e+02 -1.800835145955379832e-07 -2.767162201560331960e+04 -3.071642077418586632e+04 -1.665615298281373544e-07 -3.019744309626310496e+04 1.274442071091676934e-07 1.274442071091676934e-07 6.143284154837173264e+04 1.814119130989963935e+01 2.132480317612656581e-07 -6.237035943403769508e-13 -9.070595654955260656e+00 -8.328540256115181117e-01 -9.070595654949819675e+00 -1.478960708846193406e-01
2.793721630320254690e+02 -1.602830093483846111e-07 -2.686797378600530647e+04 -3.004534954486019706e+04 -1.483351521331160253e-07 -2.950704865385554876e+04 1.135731575614442294e-07 1.135731575614442294e-07 6.009069908972039411e+04 1.773210271459939591e+01 1.900625270895785028e-07 -5.980527380248485486e-13 -8.866051357304582936e+00 -8.850236628220146118e-01 -8.866051357299697955e+00 -1.554816086180361157e-01
2.925385674415639983e+02 -1.537510663113821883e-07 -2.809534518349264181e+04 -3.168265672872455616e+04 -1.423809049251127673e-07 -3.107855578825439079e+04 1.090964843844105325e-07 1.090964843844105325e-07 6.336531345744911232e+04 1.868331477535959095e+01 1.825977425375137366e-07 -6.186215001318762388e-13 -9.341657387684527691e+00 -1.013736609819613887e+00 -9.341657387679795477e+00 -1.763260974034947803e-01
3.063254853739750843e+02 -1.337382877283433671e-07 -2.663973549862170330e+04 -3.029723149873628427e+04 -1.239335614625407363e-07 -2.968458042919327636e+04 9.503440078001919213e-08 9.503440078001919213e-08 6.059446299747256853e+04 1.785192870059890069e+01 1.590854111943782392e-07 -5.800741830711033090e-13 -8.925964350303608796e+00 -1.051758775809731095e+00 -8.925964350299450345e+00 -1.812753908816845949e-01
3.207621607306376177e+02 -1.318167588692860552e-07 -2.858899838262708727e+04 -3.284074106734710222e+04 -1.222438664329767559e-07 -3.213242842995496176e+04 9.381957772738492764e-08 9.381957772738492764e-08 6.568148213469420443e+04 1.933209014081963062e+01 1.570781888465014531e-07 -6.166208994925818117e-13 -9.666045070413961326e+00 -1.236272366968022673e+00 -9.666045070409815310e+00 -2.112831628371813486e-01
3.358792156355418683e+02 -1.056508503318441849e-07 -2.496687612439677105e+04 -2.894610264960670975e+04 -9.805738710834177749e-08 -2.828610689328000444e+04 7.532221842799165418e-08 7.532221842799165418e-08 5.789220529921341949e+04 1.702511907018048021e+01 1.261300900788787660e-07 -5.326715462918094716e-13 -8.512559535093606300e+00 -1.180698832544475163e+00 -8.512559535090240104e+00 -2.002236078980408618e-01
3.517087153889199840e+02 -1.062257875942339617e-07 -2.729734816598519683e+04 -3.202111629337001068e+04 -9.867621741790931005e-08 -3.124144679625766730e+04 7.587191760181589926e-08 7.587191760181589926e-08 6.404223258674002136e+04 1.881279868724596227e+01 1.270747808491355881e-07 -5.778761568031707338e-13 -9.406399343626407727e+00 -1.413611432746631147e+00 -9.406399343622981135e+00 -2.380149021926756259e-01
3.682842364820468788e+02 -1.032121825589000887e-07 -2.883163263945749350e+04 -3.423729458067395899e+04 -9.596591817055869407e-08 -3.334899925898652145e+04 7.386398387415713598e-08 7.386398387415713598e-08 6.847458916134791798e+04 2.009186902179563106e+01 1.237364882056565427e-07 -6.052693485670918807e-13 -1.004593451090119061e+01 -1.634071382441260045e+00 -1.004593451089781553e+01 -2.733370680206611003e-01
3.856409378174798803e+02 -8.621380879002040228e-08 -2.618997531189714937e+04 -3.147294762087919662e+04 -8.024201933670889850e-08 -3.060805303539490342e+04 6.182806087476482787e-08 6.182806087476482787e-08 6.294589524175839324e+04 1.845007884341467630e+01 1.035956169153376378e-07 -5.451891381363803065e-13 -9.225039421710199861e+00 -1.623794174699233928e+00 -9.225039421707338150e+00 -2.699719564442647490e-01
4.038156352858049445e+02 -9.001651370511425604e-08 -2.967692890299849023e+04 -3.617932885415575583e+04 -8.387060166348843056e-08 -3.511896767838262895e+04 6.469811988441350012e-08 6.469811988441350012e-08 7.235865770831151167e+04 2.118084604779658875e+01 1.084285893529397320e-07 -6.129702295539435956e-13 -1.059042302390132839e+01 -2.012759268425098558e+00 -1.059042302389829437e+01 -3.328069796187181906e-01
4.228468798570765443e+02 -6.532181738204896201e-08 -2.341043906588326354e+04 -2.890428332261097239e+04 -6.093413214433709820e-08 -2.801110126459730964e+04 4.706305351920631141e-08 4.706305351920631141e-08 5.780856664522194478e+04 1.690399128577636390e+01 7.889257400231750229e-08 -4.800485169517580304e-13 -8.451995642890421934e+00 -1.737383379834890773e+00 -8.451995642888181948e+00 -2.857761360428655584e-01
4.427750393525937511e+02 -6.198634458874790578e-08 -2.409195673429861199e+04 -3.021034739673863078e+04 -5.789429098341609967e-08 -2.921885475175360261e+04 4.477268148350190520e-08 4.477268148350190520e-08 6.042069479347726156e+04 1.764367379661294066e+01 7.507179022113968726e-08 -4.905101324213854622e-13 -8.821836898308633934e+00 -1.955425392216833647e+00 -8.821836898306470331e+00 -3.201402712694754182e-01
4.636423840704614463e+02 -5.793676017745133865e-08 -2.440867098802933833e+04 -3.110717027627064090e+04 -5.418380107653854902e-08 -3.002487767928434187e+04 4.195958282994008604e-08 4.195958282994008604e-08 6.221434055254128180e+04 1.814203192787689645e+01 7.037321539073626213e-08 -4.933971627069176103e-13 -9.071015963940510574e+00 -2.165981540833373131e+00 -9.071015963938448223e+00 -3.530900743421530596e-01
4.854931764465598576e+02 -5.350108743615690020e-08 -2.441954110639322607e+04 -3.165289853550089902e+04 -5.010660423924645387e-08 -3.048734699322684537e+04 3.885702497518071025e-08 3.885702497518071025e-08 6.330579707100179803e+04 1.843385620433782890e+01 6.518739889054140452e-08 -4.902372300129769973e-13 -9.216928102170856008e+00 -2.368836429008048583e+00 -9.216928102168914450e+00 -3.846301802542980708e-01
5.083737649411054349e+02 -4.106525170211317510e-08 -2.029986348456958149e+04 -2.678088729676073854e+04 -3.851943254248934605e-08 -2.573913883364525464e+04 2.991878298704797131e-08 2.991878298704797131e-08 5.356177459352147707e+04 1.557464669451310257e+01 5.020770783846727155e-08 -4.053908920782128635e-13 -7.787323347258072737e+00 -2.155775225367362324e+00 -7.787323347256551287e+00 -3.487305238785965988e-01
5.323326823499490956e+02 -4.251864611208476443e-08 -2.273911007673397398e+04 -3.056662296534065536e+04 -3.994679293134044615e-08 -2.931134094835349242e+04 3.107317254490500182e-08 3.107317254490500182e-08 6.113324593068131071e+04 1.774856079683896581e+01 5.215964685696846987e-08 -4.506187945201643846e-13 -8.874280398421097615e+00 -2.636191981774865134e+00 -8.874280398419482907e+00 -4.250368217707077290e-01
5.574207487491429447e+02 -3.663374717618829035e-08 -2.118464503218201935e+04 -2.904264033526509229e+04 -3.447786823430652224e-08 -2.778514825852303329e+04 2.686350186663603718e-08 2.686350186663603718e-08 5.808528067053018458e+04 1.683759526747387980e+01 4.510753667469001252e-08 -4.172364405001947452e-13 -8.418797633738360986e+00 -2.685092535059993679e+00 -8.418797633736939900e+00 -4.315740649875968726e-01
5.836911792911354269e+02 -3.721331758547818832e-08 -2.327002378202205364e+04 -3.253485811356209524e+04 -3.508822142332551128e-08 -3.105501693128541592e+04 2.738304095669291032e-08 2.738304095669291032e-08 6.506971622712419048e+04 1.883339207993075703e+01 4.599402655754905125e-08 -4.550515324725446121e-13 -9.416696039966861775e+00 -3.219484643707823057e+00 -9.416696039965378517e+00 -5.159947074359606534e-01
6.111996970812439258e+02 -3.287889578962823642e-08 -2.220998965585719270e+04 -3.171357133059283660e+04 -3.106300377861451202e-08 -3.019830133998614838e+04 2.428468184259714122e-08 2.428468184259714122e-08 6.342714266118567321e+04 1.832909881558303766e+01 4.080361274053598584e-08 -4.317586399039988464e-13 -9.164549407792863533e+00 -3.358038733868721426e+00 -9.164549407791518831e+00 -5.367730098623755275e-01
6.400046513738326439e+02 -3.167054915454279375e-08 -2.311351142306550537e+04 -3.370661406406437163e+04 -2.998523773446920987e-08 -3.202030650936132224e+04 2.348417921455136224e-08 2.348417921455136224e-08 6.741322812812874326e+04 1.945135153395169780e+01 3.947204899548100983e-08 -4.463853387432726694e-13 -9.725675766977181169e+00 -3.816672245256286899e+00 -9.725675766975848902e+00 -6.085841821483194414e-01
6.701671413389035479e+02 -2.813053727839124849e-08 -2.215656915318513347e+04 -3.304705897459915286e+04 -2.669418692929821686e-08 -3.131602830251485648e+04 2.094674646577746265e-08 2.094674646577746265e-08 6.609411794919830572e+04 1.904059544452361763e+01 3.521994619922653959e-08 -4.254985215898761939e-13 -9.520297722263025619e+00 -3.998192749422441850e+00 -9.520297722261808815e+00 -6.360774110704502382e-01
7.017511456616281293e+02 -2.157434923396490015e-08 -1.830340935520756466e+04 -2.798746737566712181e+04 -2.052150334977584703e-08 -2.645047768662004819e+04 1.613553676602987694e-08 1.613553676602987694e-08 5.597493475133424363e+04 1.609739424714585354e+01 2.714069769461291270e-08 -3.496799020960546425e-13 -8.048697123573889556e+00 -3.610355689007731073e+00 -8.048697123572926770e+00 -5.731852749007192438e-01
7.348236582497160043e+02 -1.969375168836616075e-08 -1.801943653707216799e+04 -2.821300358835955558e+04 -1.878136311772454443e-08 -2.659718072948314511e+04 1.479740294566437946e-08 1.479740294566437946e-08 5.642600717671911116e+04 1.620202214322505796e+01 2.489946511189506021e-08 -3.423793726972619495e-13 -8.101011071613436698e+00 -3.883560610037643190e+00 -8.101011071612528980e+00 -6.153502323680429820e-01
7.694548303364756521e+02 -1.746336820949861474e-08 -1.722152053750659252e+04 -2.763616374002066732e+04 -1.670051274100053416e-08 -2.598723499353463558e+04 1.318590576222121667e-08 1.318590576222121667e-08 5.527232748004133464e+04 1.584606588991699994e+01 2.219668333919007717e-08 -3.256130200138839009e-13 -7.923032944959329527e+00 -4.056430940872965074e+00 -7.923032944958499968e+00 -6.415715610847904093e-01
8.057181192809850927e+02 -1.974506911811874577e-08 -2.099622911030741307e+04 -3.453433015008078655e+04 -1.894033565091310299e-08 -3.239313705318127177e+04 1.499004377977172292e-08 1.499004377977172292e-08 6.906866030016157310e+04 1.977393744647079288e+01 2.524500364681270509e-08 -3.956769153239086531e-13 -9.886968723236368106e+00 -5.414368375738432881e+00 -9.886968723235396439e+00 -8.548496876492872598e-01
8.436904443809994518e+02 -1.639244212871559394e-08 -1.875409145767251175e+04 -3.169416184326339862e+04 -1.577385611756707450e-08 -2.964969664801358886e+04 1.251325068276170803e-08 1.251325068276170803e-08 6.338832368652679725e+04 1.811879056194115378e+01 2.108303733612964896e-08 -3.519939899507005592e-13 -9.059395280971410003e+00 -5.289463045354207971e+00 -9.059395280970576891e+00 -8.338266722622882376e-01
8.834523500290941911e+02 -1.414336653232330569e-08 -1.740187765469158330e+04 -3.024037718046886221e+04 -1.365567209853369136e-08 -2.821392398860924732e+04 1.085958883780132408e-08 1.085958883780132408e-08 6.048075436093772441e+04 1.726088380315411541e+01 1.830525965096753829e-08 -3.255304819075515895e-13 -8.630441901577802000e+00 -5.371223607444973069e+00 -8.630441901577057706e+00 -8.454793136163821776e-01
9.250881765581204945e+02 -9.549483854005133643e-09 -1.265920483240263638e+04 -2.257739781767967725e+04 -9.254134117543186647e-09 -2.101316997727344278e+04 7.376349151237395823e-09 7.376349151237395823e-09 4.515479563535935449e+04 1.286919290227716139e+01 1.243916477308788491e-08 -2.356890874742928348e-13 -6.434596451139102946e+00 -4.270152337327228764e+00 -6.434596451138580697e+00 -6.712338790725302928e-01
9.686862391383589284e+02 -1.023169994034855063e-08 -1.453213616875317530e+04 -2.678619381367137612e+04 -9.953121743027998807e-09 -2.485537675000210584e+04 7.957382657339395003e-09 7.957382657339395003e-09 5.357238762734275224e+04 1.524316824226045419e+01 1.342648487892062687e-08 -2.706308576933123507e-13 -7.621584121130806189e+00 -5.382805609335957975e+00 -7.621584121130227096e+00 -8.450704271780579147e-01
1.014339015105836438e+03 -1.112666566150354066e-08 -1.689463732007245562e+04 -3.226322910409074029e+04 -1.086635094776243147e-08 -2.984383859594638852e+04 8.713739596763352296e-09 8.713739596763352296e-09 6.452645820818148059e+04 1.832754318894387069e+01 1.471089145658486009e-08 -3.146251292025279640e-13 -9.163771594472587267e+00 -6.869540733529328591e+00 -9.163771594471935344e+00 -1.077256737076982329e+00
1.062143340119154118e+03 -1.229649349395333938e-08 -1.994117184790233296e+04 -3.949603644824277580e+04 -1.205826553162032203e-08 -3.642016022645414341e+04 9.698213684772278759e-09 9.698213684772278759e-09 7.899207289648555161e+04 2.239611739806147739e+01 1.638186098663814732e-08 -3.712143296766432704e-13 -1.119805869903148654e+01 -8.895333812766079262e+00 -1.119805869903073869e+01 -1.393483089014584841e+00
1.112200613560902639e+03 -7.717560777712227841e-09 -1.340677602366684368e+04 -2.747543494482099049e+04 -7.603795296260082251e-09 -2.526404172202180416e+04 6.135539131482668456e-09 6.135539131482668456e-09 5.495086988964198099e+04 1.555860363273382774e+01 1.037012943889949785e-08 -2.499110824021569344e-13 -7.779301816367398814e+00 -6.572991699523863751e+00 -7.779301816366913869e+00 -1.028604806121216964e+00
1.164617013619347745e+03 -7.703152614956676399e-09 -1.426158726609064615e+04 -3.040029313295787142e+04 -7.624679606058162504e-09 -2.786534019402754348e+04 6.171834299013554758e-09 6.171834299013554758e-09 6.080058626591574284e+04 1.718485622095111864e+01 1.043749869651177562e-08 -2.660479528357965665e-13 -8.592428110476060255e+00 -7.679276710647759074e+00 -8.592428110475559322e+00 -1.200649013369153195e+00
1.219503722506602344e+03 -6.182093157992038207e-09 -1.217456343659312188e+04 -2.706287952698943263e+04 -6.149088431721721589e-09 -2.472592981099834287e+04 4.994621116870725999e-09 4.994621116870725999e-09 5.412575905397886527e+04 1.527222964015495421e+01 8.451970125810403076e-09 -2.277506163031110096e-13 -7.636114820077893661e+00 -7.213947910069080649e+00 -7.636114820077477106e+00 -1.126948836550447419e+00
1.276977162291005698e+03 -3.539687054388246188e-09 -7.342781473747057134e+03 -1.720232454930522363e+04 -3.536893515446984640e-09 -1.565589102320275742e+04 2.884215553389531401e-09 2.884215553389531401e-09 3.440464909861044725e+04 9.686960405643386451e+00 4.884207727916973568e-09 -1.381790296198442274e-13 -4.843480202821937475e+00 -4.803130726077848855e+00 -4.843480202821693226e+00 -7.498127381376106237e-01
1.337159241843938844e+03 -1.000093573578295553e-08 -2.240079929291964800e+04 -5.388720668229721196e+04 -1.005929054931689614e-08 -4.895038696232457005e+04 8.224435024185260029e-09 8.224435024185260029e-09 1.077744133645944239e+05 3.032255958635600024e+01 1.393404741104034601e-08 -4.207264842004729239e-13 -1.516127979317872310e+01 -1.604962590081292717e+01 -1.516127979317800012e+01 -2.503271074347026115e+00
