# Transfer functions T_i(k) for adiabatic (AD) mode (normalized to initial curvature=1)
# d_i   stands for (delta rho_i/rho_i)(k,z) with above normalization
# d_tot stands for (delta rho_tot/rho_tot)(k,z) with rho_Lambda NOT included in rho_tot
# (note that this differs from the transfer function output from CAMB/CMBFAST, which gives the same
#  quantities divided by -k^2 with k in Mpc^-1; use format=camb to match CAMB)
# t_i   stands for theta_i(k,z) with above normalization
# t_tot stands for (sum_i [rho_i+p_i] theta_i)/(sum_i [rho_i+p_i]))(k,z)
# If some neutrino species are massless, or degenerate, the d_ncdm and t_ncdm columns may be missing below.
# 1:k (h/Mpc)              2:d_g                    3:d_b                    4:d_cdm                  5:d_ur        6:d_ncdm[0]              7:d_ncdm[1]              8:d_ncdm[2]              9:d_tot                 10:phi     11:psi                   12:h                     13:h_prime               14:eta                   15:eta_prime     16:t_g                   17:t_b                   18:t_ur        19:t_ncdm[0]             20:t_ncdm[1]             21:t_ncdm[2]             22:t_tot
7.016026248427303308e-06 -7.747591463968340813e-05 -5.810950797306477759e-05 -5.810950821748340545e-05 -7.747586630642083142e-05 -5.814276636492844680e-05 5.998221891582689036e-01 5.987582863482527884e-01 1.162190164349668109e-04 3.580016890890600768e-08 1.000011106106353242e+00 3.541813753042752192e-09 -1.591944660345997497e-12 -2.543606019404412833e-16 -1.630137085538252011e-12 -3.717947515750117630e-15
7.346681378602682049e-06 -8.943519956405000478e-05 -6.707965510919642238e-05 -6.707965541857974646e-05 -8.943513827855843062e-05 -6.711804683778665017e-05 5.998221744421085022e-01 5.987582763062165858e-01 1.341593108371594929e-04 4.132650386474274567e-08 1.000011056528494535e+00 3.538120915432525940e-09 -2.014972523375070420e-12 -3.219552698767393231e-16 -2.063340181475402147e-12 -4.705943827424787443e-15
7.692919804968807398e-06 -1.025481732369259112e-04 -7.691522279740416060e-05 -7.691522318635610634e-05 -1.025480960626489596e-04 -7.695924292026926062e-05 5.998221357159084777e-01 5.987582431362087343e-01 1.538304463727122127e-04 4.738601106875218050e-08 1.000011002164252538e+00 3.534071840153193752e-09 -2.533308647647322506e-12 -4.047780079910436835e-16 -2.594148475845178795e-12 -5.916539910166297115e-15
8.055475945648996308e-06 -1.169261209447749724e-04 -8.769970765848868080e-05 -8.769970814475719053e-05 -1.169260243209712470e-04 -8.774989895728155568e-05 5.998220961073469359e-01 5.987582097334208653e-01 1.753994162895143811e-04 5.403012753125689286e-08 1.000010942556127658e+00 3.529632218760272058e-09 -3.167171137809097739e-12 -5.060543165031889712e-16 -3.243266956147115607e-12 -7.396955610371622313e-15
8.435118830826382119e-06 -1.326910564121564070e-04 -9.952465940018299332e-05 -9.952466000525647975e-05 -1.326909360216325224e-04 -9.958161697549732427e-05 5.998220549352731856e-01 5.987581759180705676e-01 1.990493200105129595e-04 6.131525505899462917e-08 1.000010877195203207e+00 3.524764249252892793e-09 -3.940954717366770023e-12 -6.296954706635267672e-16 -4.035680689313857257e-12 -9.204171025460987086e-15
8.832653733960031304e-06 -1.499767578554807247e-04 -1.124904592359558922e-04 -1.124904599858326290e-04 -1.499766084741178409e-04 -1.125548355447257679e-04 5.998220063183090645e-01 5.987581356065194704e-01 2.249809199716652579e-04 6.930323789851696772e-08 1.000010805529239599e+00 3.519426584712346807e-09 -4.884090640390471182e-12 -7.803978235694950342e-16 -5.001529854971919230e-12 -1.140692385574590711e-14
9.248923879877925496e-06 -1.689299051802464399e-04 -1.267071744353006680e-04 -1.267071753614343224e-04 -1.689297204839883151e-04 -1.267796848137210978e-04 5.998219532882584915e-01 5.987580918721669976e-01 2.534143507228686447e-04 7.806188549576757095e-08 1.000010726948615813e+00 3.513574034379177149e-09 -6.032070727868103955e-12 -9.638268234652382770e-16 -6.177162277044501290e-12 -1.408810773068591582e-14
9.684812233369864367e-06 -1.897113227079657780e-04 -1.422954923760646898e-04 -1.422954935164742881e-04 -1.897110950537494176e-04 -1.423769210927232191e-04 5.998219025272861771e-01 5.987580512491146312e-01 2.845909870329485763e-04 8.766554839749773955e-08 1.000010640789993577e+00 3.507157215043643100e-09 -7.427686996912835649e-12 -1.186808017097863375e-15 -7.606399706611597495e-12 -1.734766344812173098e-14
1.014124337207417699e-05 -2.124973354768790190e-04 -1.593877401588842530e-04 -1.593877415595267401e-04 -2.124970556209703084e-04 -1.594789470462573135e-04 5.998218429893791281e-01 5.987580034777406635e-01 3.187754831190534803e-04 9.819575389094504634e-08 1.000010546317223747e+00 3.500120694495535632e-09 -9.122505700498633614e-12 -1.457632852837542006e-15 -9.342060108980554847e-12 -2.130604444756140393e-14
1.061918544763084319e-05 -2.374812699939422682e-04 -1.781290130822156916e-04 -1.781290147985258639e-04 -2.374809267775136832e-04 -1.782309408076159277e-04 5.998217727790697840e-01 5.987579460275929133e-01 3.562580295970517279e-04 1.097418933290086930e-07 1.000010442730130178e+00 3.492406175786077966e-09 -1.117868509361666569e-11 -1.786160269089372269e-15 -1.144779137028705811e-11 -2.610840703335324567e-14
1.111965223926092733e-05 -2.648750911850628379e-04 -1.986784058109147767e-04 -1.986784079098946750e-04 -2.648746711283771682e-04 -1.987920878446782717e-04 5.998216929608616299e-01 5.987578805728395182e-01 3.973568158197893501e-04 1.224019814484116690e-07 1.000010329147721366e+00 3.483947119610752111e-09 -1.367109250744137363e-11 -2.184409403259439982e-15 -1.400027449666903440e-11 -3.192962721182167412e-14
1.164370530412823039e-05 -2.949111986231436715e-04 -2.212103637464154257e-04 -2.212103663089019713e-04 -2.949106854557803051e-04 -2.213369330941655560e-04 5.998216088133545565e-01 5.987578122997050389e-01 4.424207326178039427e-04 1.362834876224535928e-07 1.000010204608879461e+00 3.474671953358398118e-09 -1.668992029970546736e-11 -2.666767145359402134e-15 -1.709187610546846179e-11 -3.898035310303266952e-14
1.219245622904435158e-05 -3.278443910993425144e-04 -2.459161614828795804e-04 -2.459161646064255986e-04 -3.278437651921758153e-04 -2.460568602530410873e-04 5.998215218407958460e-01 5.987577429084476321e-01 4.918323292128511971e-04 1.515042503396685878e-07 1.000010068060885660e+00 3.464502028238164775e-09 -2.034378533604654252e-11 -3.250634934977941504e-15 -2.083383675507643060e-11 -4.751428056407462765e-14
1.276706898829335786e-05 -3.639540167026110201e-04 -2.730055214189527663e-04 -2.730055252210453589e-04 -3.639532543887961913e-04 -2.731617113031927879e-04 5.998214196589789493e-01 5.987576599528282584e-01 5.460110504420907177e-04 1.681934821395284063e-07 1.000009918332972481e+00 3.453351535320284524e-09 -2.476349253659385008e-11 -3.956796865463326897e-15 -2.536010385837388574e-11 -5.783688747976399316e-14
1.336876241257729301e-05 -4.035463538622393307e-04 -3.027084068028697132e-04 -3.027084114253446420e-04 -4.035454265894164601e-04 -3.028815805671727489e-04 5.998213079013293703e-01 5.987575696362328337e-01 6.054168228506892841e-04 1.864928548067908628e-07 1.000009754161409248e+00 3.441125288546479876e-09 -3.010649478436296400e-11 -4.810561932634226126e-15 -3.083194892527051219e-11 -7.031596300292480424e-14
1.399881277431950218e-05 -4.469571875516435916e-04 -3.352769626659523445e-04 -3.352769682795997495e-04 -4.469560609115072643e-04 -3.354687567327743780e-04 5.998211825308626954e-01 5.987574676553273356e-01 6.705539365591994989e-04 2.065577121772404828e-07 1.000009574148194691e+00 3.427719918045353894e-09 -3.656237945774394498e-11 -5.842026258320356448e-15 -3.744351061697546455e-11 -8.539425619608706060e-14
1.465855649480956665e-05 -4.945546607904837680e-04 -3.709876649365875388e-04 -3.709876717475112714e-04 -4.945532932892593133e-04 -3.711998731744679055e-04 5.998210478538055224e-01 5.987573591451864630e-01 7.419753434950225428e-04 2.285583808644037430e-07 1.000009376771833880e+00 3.413021376631198815e-09 -4.435927943589569659e-11 -7.088008773061104535e-15 -4.542846881641910855e-11 -1.036046917059287687e-13
1.534939297893202391e-05 -5.467423757143017021e-04 -4.101436589828222150e-04 -4.101436672388637903e-04 -5.467407174120439287e-04 -4.103782478055275425e-04 5.998209007557286920e-01 5.987572404132522896e-01 8.202873344777275805e-04 2.526816237218125409e-07 1.000009160357404392e+00 3.396905120670262159e-09 -5.377186425346323143e-11 -8.591962192122480446e-15 -5.506806414970437249e-11 -1.255886691072219531e-13
1.607278758349176535e-05 -6.039628090590110727e-04 -4.530773363135471871e-04 -4.530773463136674394e-04 -6.039607997456169098e-04 -4.533364612218018373e-04 5.998207377788057348e-01 5.987571087416395654e-01 9.061546926273348788e-04 2.791322221117175567e-07 1.000008923061106447e+00 3.379234741380076142e-09 -6.513057367226550379e-11 -1.040692052990281451e-14 -6.670074287162856978e-11 -1.521180326290089213e-13
1.683027472543225631e-05 -6.667010530759141188e-04 -5.001531586824364741e-04 -5.001531707865432535e-04 -6.666986202354684187e-04 -5.004391823803335838e-04 5.998205587968837849e-01 5.987569642585374163e-01 1.000306341573086507e-03 3.081347118779230575e-07 1.000008662873699050e+00 3.359860039961982561e-09 -7.883306056503527269e-11 -1.259648497073729131e-14 -8.073375956127930159e-11 -1.841215582391866015e-13
1.762346113653963237e-05 -7.354889075518925403e-04 -5.517707491152626983e-04 -5.517707637564605661e-04 -7.354859639167049415e-04 -5.520862613474676736e-04 5.998203625377197534e-01 5.987568055728350602e-01 1.103541527512921132e-03 3.399352918141577752e-07 1.000008377585567043e+00 3.338616682807006278e-09 -9.535784743316906263e-11 -1.523665807344583330e-14 -9.765712037836204774e-11 -2.227167564220473118e-13
1.845402927153620386e-05 -8.109093688543868783e-04 -6.083682849966691409e-04 -6.083683026972082006e-04 -8.109058092334824183e-04 -6.087161242703088100e-04 5.998201474762455687e-01 5.987566322637375427e-01 1.216736605394416401e-03 3.748039127571993302e-07 1.000008064776441996e+00 3.315324991570011738e-09 -1.152804499638765990e-10 -1.842039597657735345e-14 -1.180603536581792584e-10 -2.692480761349831197e-13
1.932374087679250330e-05 -8.936015447260561980e-04 -6.704262162811320093e-04 -6.704262376687582714e-04 -8.935972426254211540e-04 -6.708094936428560511e-04 5.998199111785617044e-01 5.987564413890905657e-01 1.340852475337516543e-03 4.130365701343022055e-07 1.000007721787343096e+00 3.289786896093052997e-09 -1.392935228829049225e-10 -2.225712424846694338e-14 -1.426526674695599974e-10 -3.253329433207746686e-13
2.023444072722755351e-05 -9.842660443951790732e-04 -7.384713460212805145e-04 -7.384713718521071415e-04 -9.842608474603087819e-04 -7.388934710878960295e-04 5.998196520601725146e-01 5.987562322696512451e-01 1.476942743704214283e-03 4.549578144945648067e-07 1.000007345713888940e+00 3.261786347343770684e-09 -1.682300027382083274e-10 -2.688075928673509277e-14 -1.722871990625800381e-10 -3.929169923602738026e-13
2.118806053932377554e-05 -1.083670877393436453e-03 -8.130813006311844466e-04 -8.130813318156369278e-04 -1.083664602191957132e-03 -8.135460100757236279e-04 5.998193680341609157e-01 5.987560033944006044e-01 1.626162663631273856e-03 5.009235076867809619e-07 1.000006933366421658e+00 3.231085896419487292e-09 -2.030918459260111363e-10 -3.245202498109089505e-14 -2.079901501821121546e-10 -4.743405587798803000e-13
2.218662306855666638e-05 -1.192657915988765702e-03 -8.948894322238391342e-04 -8.948894698557701257e-04 -1.192650342023867738e-03 -8.954008209429712350e-04 5.998190561165241963e-01 5.987557514768883093e-01 1.789778939711540251e-03 5.513238441492429807e-07 1.000006481236857869e+00 3.197425394226696608e-09 -2.450845407172526055e-10 -3.916133131527034405e-14 -2.509958178184946165e-10 -5.724185865728317003e-13
2.323224639993033648e-05 -1.312149979215118580e-03 -9.845901975679542152e-04 -9.845902429660305724e-04 -1.312140840887827953e-03 -9.851527527863926728e-04 5.998187142700521779e-01 5.987554757777570069e-01 1.969180485932061145e-03 6.065866603710415532e-07 1.000005985489924365e+00 3.160519060154759817e-09 -2.956573701134242047e-10 -4.724261228489105663e-14 -3.027887278272912907e-10 -6.905366476060770959e-13
2.432714844071979499e-05 -1.443158581912973911e-03 -1.082945050396201623e-03 -1.082945105146231220e-03 -1.443147559722070001e-03 -1.083563688960034483e-03 5.998183397548825235e-01 5.987551739171869114e-01 2.165890210292462439e-03 6.671810685190062886e-07 1.000005441926055783e+00 3.120054995770254678e-09 -3.565536979324222146e-10 -5.697414036901145635e-14 -3.651542717499680754e-10 -8.327664710765493510e-13
2.547365162494962516e-05 -1.586792423028215602e-03 -1.190788903444669903e-03 -1.190788969454343975e-03 -1.586779132591483983e-03 -1.191469012603374195e-03 5.998179285971453334e-01 5.987548424108892764e-01 2.381577938908687950e-03 7.336214393811524445e-07 1.000004845929690855e+00 3.075690356623082822e-09 -4.298701220323185059e-10 -6.869061877324578649e-14 -4.402395621307397367e-10 -1.004004765860470803e-12
2.667418783958794162e-05 -1.744266685785955109e-03 -1.309037219269645717e-03 -1.309037298833642168e-03 -1.744250664826500416e-03 -1.309784701259502325e-03 5.998174776460561963e-01 5.987544786360552429e-01 2.618074597667284335e-03 8.064717646470121397e-07 1.000004192441109163e+00 3.027049442183477843e-09 -5.181279655383091675e-10 -8.279375428585115726e-14 -5.306266107007818849e-10 -1.210140029710127306e-12
2.793130358290468561e-05 -1.916913209195391168e-03 -1.438693777645039945e-03 -1.438693873521571919e-03 -1.916893901658046212e-03 -1.439515098408845244e-03 5.998169829974279166e-01 5.987540794579327974e-01 2.877387747043143838e-03 8.863504466495542259e-07 1.000003475920851370e+00 2.973719954402591809e-09 -6.243590228405257958e-10 -9.976775698331880452e-14 -6.394202933019669694e-10 -1.458253235082457650e-12
2.924766536593587397e-05 -2.106191630234133857e-03 -1.580859198769895505e-03 -1.580859314283864555e-03 -2.106168366759959918e-03 -1.581761441194209309e-03 5.998164412412139157e-01 5.987536428774935526e-01 3.161718628567729110e-03 9.739355440616604850e-07 1.000002690288120277e+00 2.915250171952121400e-09 -7.522081672155441532e-10 -1.202007349229746700e-13 -7.703540525730796924e-10 -1.756858827248184591e-12
3.062606536851101359e-05 -2.313701560789169914e-03 -1.736740277914588550e-03 -1.736740417058582403e-03 -2.313673536894377946e-03 -1.737731199944707880e-03 5.998158467286422990e-01 5.987531634569511763e-01 3.473480834117164805e-03 1.069970533419393613e-06 1.000001828877605137e+00 2.851146784527131524e-09 -9.060594675472479650e-10 -1.447874401694121465e-13 -9.279169851708896700e-10 -2.116194667688117553e-12
3.206942736184088306e-05 -2.541195935134550523e-03 -1.907660236158141911e-03 -1.907660403734151187e-03 -2.541162183307882350e-03 -1.908748334261135089e-03 5.998151946053362771e-01 5.987526373156561998e-01 3.815320807468302374e-03 1.175270612055086481e-06 1.000000884380976895e+00 2.780867427634025697e-09 -1.091183458018203937e-09 -1.743688301880760410e-13 -1.117506566210461472e-09 -2.548570242979781207e-12
3.358081291022823391e-05 -2.790595597010843854e-03 -2.095069950588750694e-03 -2.095070152378031292e-03 -2.790554953084814840e-03 -2.096264529001086018e-03 5.998144801401128490e-01 5.987520613745106468e-01 4.190140304756062584e-03 1.290729617341173812e-06 9.999998487939053549e-01 2.703815096123609102e-09 -1.313915732580383460e-09 -2.099664270256335176e-13 -1.345612217203424186e-09 -3.068785307643604462e-12
3.516342786505619224e-05 -3.064005238550183367e-03 -2.300560258729015314e-03 -2.300560501675543660e-03 -3.063956303629315325e-03 -2.301871504954318848e-03 5.998136960077855573e-01 5.987514287357619258e-01 4.601121003351087320e-03 1.417327621270110865e-06 9.999987133243189996e-01 2.619342075978270956e-09 -1.581876053524607391e-09 -2.527852162953945365e-13 -1.620035886951467640e-09 -3.694633126456650283e-12
3.682062916482884102e-05 -3.363730871442288661e-03 -2.525875477919608311e-03 -2.525875770387390074e-03 -3.363671961779873560e-03 -2.527314545066391450e-03 5.998128370529941522e-01 5.987507363836346297e-01 5.051751540774780148e-03 1.556139232240873542e-06 9.999974683484211813e-01 2.526732246704076013e-09 -1.904221108371046505e-09 -3.043075626114396152e-13 -1.950157204301474173e-09 -4.447504937787913990e-12
3.855593195568782591e-05 -3.692298860928576367e-03 -2.772928188562800815e-03 -2.772928540596318603e-03 -3.692227953765844697e-03 -2.774507284982328376e-03 5.998118948291843999e-01 5.987499764992549878e-01 5.545857081192637206e-03 1.708342733374106842e-06 9.999961033069525440e-01 2.425204340975794527e-09 -2.291963427493682646e-09 -3.662755265420417423e-13 -2.347252027324549947e-09 -5.353116722771151179e-12
4.037301704750867638e-05 -4.052476789058750799e-03 -3.043815482629922634e-03 -3.043815906314543875e-03 -4.052391451327152540e-03 -3.045547969551040592e-03 5.998108617125882391e-01 5.987491433621340287e-01 6.087631812629087751e-03 1.875230066632937818e-06 9.999946066282400237e-01 2.313900989366252376e-09 -2.758337821943992745e-09 -4.408140410544283884e-13 -2.824875284786021048e-09 -6.442382071145339402e-12
4.227573872139197734e-05 -4.447296199993574541e-03 -3.340836752874729813e-03 -3.340837262739294877e-03 -4.447193506952667671e-03 -3.342737250578629166e-03 5.998097289347776861e-01 5.987482298166801886e-01 6.681674525478589755e-03 2.058217803315243152e-06 9.999929656212984685e-01 2.191883247759893453e-09 -3.319255091683589465e-09 -5.304646310625883495e-13 -3.399320934129233102e-09 -7.752461502129143434e-12
4.426813290511037599e-05 -4.880077455233754365e-03 -3.666513207474751505e-03 -3.666513820986555799e-03 -4.879953891115517556e-03 -3.668597710706468073e-03 5.998084867334243508e-01 5.987472277926320086e-01 7.333027641973111597e-03 2.258859163668798871e-06 9.999911663742675483e-01 2.058119902011608839e-09 -3.993841088809455519e-09 -6.382748328328725320e-13 -4.090174632703307614e-09 -9.328022580213657951e-12
4.635442573385247899e-05 -5.354456866129046581e-03 -4.023609267554436979e-03 -4.023610005737870629e-03 -5.354308201641518050e-03 -4.025895270871378100e-03 5.998071247704241937e-01 5.987461295274092432e-01 8.047220011475741258e-03 2.478857194371949997e-06 9.999891936433038531e-01 1.911490256690581791e-09 -4.805079624563452951e-09 -7.679527962459858647e-13 -4.920977702996591833e-09 -1.122275463944549353e-11
4.853904251442220998e-05 -5.874416281855475083e-03 -4.415156027980910065e-03 -4.415156916081293230e-03 -5.874237437619428577e-03 -4.417662661651751768e-03 5.998056321315138328e-01 5.987449258027955912e-01 8.830313832162586460e-03 2.720079216832025645e-06 9.999870307082934229e-01 1.750752718588859340e-09 -5.780603212060708432e-09 -9.238867424437708953e-13 -5.920024724270738807e-09 -1.350118778812281660e-11
5.082661711190781650e-05 -6.444315353500412041e-03 -4.844476961893139262e-03 -4.844478030280943703e-03 -6.444100220946642407e-03 -4.847225139235085412e-03 5.998039950874736181e-01 5.987436054417464293e-01 9.688956060561887407e-03 2.984572684873701136e-06 9.999846592443073501e-01 1.574558543747728811e-09 -6.953617192107741727e-09 -1.111391969823824120e-12 -7.121321620740479007e-09 -1.624087748115003648e-11
5.322200177873104532e-05 -7.068926721592075704e-03 -5.315216142654348615e-03 -5.315217427825901994e-03 -7.068667960927854481e-03 -5.318228719397217509e-03 5.998022000965457234e-01 5.987421574705739102e-01 1.063043485565180399e-02 3.274582536319261672e-06 9.999820591552944782e-01 1.381425572500047904e-09 -8.364030359429794694e-09 -1.336836507854246307e-12 -8.565736424829236351e-09 -1.953503005801822018e-11
5.573027744692502986e-05 -7.753474324979229074e-03 -5.831369156318376087e-03 -5.831370702199308899e-03 -7.753163109953576174e-03 -5.834671102889400600e-03 5.998002324790223661e-01 5.987405705933348532e-01 1.166274140439861780e-02 3.592570244293989651e-06 9.999792084259354619e-01 1.169729658755878987e-09 -1.005979381126796104e-08 -1.607947833172261912e-12 -1.030238135727462187e-08 -2.349565431182348543e-11
5.835676450547240502e-05 -8.503675062355334907e-03 -6.397316989448497207e-03 -6.397318848784908606e-03 -8.503300789844344537e-03 -6.400935576656210588e-03 5.997980749993643279e-01 5.987388303560093883e-01 1.279463769756981721e-02 3.941234709934168150e-06 9.999760829202734014e-01 9.376968024954729982e-10 -1.209854190899703762e-08 -1.933898333890285911e-12 -1.239027242724149238e-08 -2.825734725619694935e-11
6.110703408556359144e-05 -9.325784169847042837e-03 -7.017863214712458803e-03 -7.017865450929074329e-03 -9.325334100279291175e-03 -7.021828213844463762e-03 5.997957095593994259e-01 5.987369219886385929e-01 1.403573090185814866e-02 4.323535139952197035e-06 9.999726561711893558e-01 6.833812446690147781e-10 -1.454952577750155982e-08 -2.325714945698091949e-12 -1.490032204431223696e-08 -3.398183721913122963e-11
6.398691987771303036e-05 -1.022664449613006066e-02 -7.698274735362137244e-03 -7.698277424734116699e-03 -1.022610331167090464e-02 -7.702618633139965421e-03 5.997931164825848205e-01 5.987348303364661284e-01 1.539655484946823340e-02 4.742716152811696921e-06 9.999688991889276179e-01 4.046563301145384225e-10 -1.749592974623622555e-08 -2.796858056703797977e-12 -1.791773154319950499e-08 -4.086344513935827129e-11
6.700253050579889705e-05 -1.121373995928436409e-02 -8.444326457298877847e-03 -8.444329691477769559e-03 -1.121308926456310653e-02 -8.449084686177343179e-03 5.997902734449247486e-01 5.987325366916672609e-01 1.688865938295553912e-02 5.202335303659308414e-06 9.999647801755304766e-01 9.918967083739872192e-11 -2.103772559564464069e-08 -3.363193704997174630e-12 -2.154486261905932118e-08 -4.913562814774199975e-11
7.016026248427330921e-05 -1.229525359554447562e-02 -9.262350281385538925e-03 -9.262354170505464335e-03 -1.229447128971503274e-02 -9.267561465804874388e-03 5.997871562810738189e-01 5.987300215153090743e-01 1.852470834101092867e-02 5.706293247504232432e-06 9.999602642927420959e-01 -2.355684735636401306e-10 -2.529499762039567830e-08 -4.043920200532122010e-12 -2.590468412630423056e-08 -5.907884527409115887e-11
7.346681378602710848e-05 -1.348013042478170796e-02 -1.015928882213998352e-02 -1.015929349871085366e-02 -1.347918994429087199e-02 -1.016499504105919556e-02 5.997837394427473212e-01 5.987272648133054043e-01 2.031858699742170732e-02 6.258866803892714577e-06 9.999553133617626877e-01 -6.024032672585365033e-10 -3.041197009593015229e-08 -4.862326676116548062e-12 -3.114490798339726328e-08 -7.102999216856937391e-11
7.692919804968837891e-05 -1.477814535432648083e-02 -1.114275425302045826e-02 -1.114275987618116616e-02 -1.477701480094338431e-02 -1.114900131823067138e-02 5.997799933363791025e-01 5.987242419834046814e-01 2.228551975236233232e-02 6.864745251914621553e-06 9.999498855402207953e-01 -1.004370362099057108e-09 -3.656191939593417986e-08 -5.845947201005344477e-12 -3.744295101599241295e-08 -8.539371261601042279e-11
8.055475945649029172e-05 -1.619997669406659027e-02 -1.222109289556183240e-02 -1.222109965658682226e-02 -1.619861775546026575e-02 -1.222793064624072730e-02 5.997758866447786552e-01 5.987209278996641348e-01 2.444219931317364453e-02 7.529070052308124159e-06 9.999439349734899896e-01 -1.444805334640161854e-09 -4.395291783646516560e-08 -7.028169890954553692e-12 -4.501188715043581094e-08 -1.026559853991372894e-10
8.435118830826415662e-05 -1.775728532842441032e-02 -1.340345597121220082e-02 -1.340346410001539562e-02 -1.775565198643988887e-02 -1.341093858363158649e-02 5.997713846024474993e-01 5.987172944233525307e-01 2.680692820003079124e-02 8.257478449115564299e-06 9.999374114114599754e-01 -1.927357439354178346e-09 -5.283483665157772261e-08 -8.449024790533614030e-12 -5.410758525112531783e-08 -1.234003975167206242e-10
8.832653733960066540e-05 -1.946279997892089858e-02 -1.469987720190606660e-02 -1.469988697479155705e-02 -1.946083697019185266e-02 -1.470806351317614606e-02 5.997664493875179970e-01 5.987133109739402048e-01 2.939977394958311410e-02 9.056151237863159436e-06 9.999302597761885458e-01 -2.456011850984089590e-09 -6.350769926068116113e-08 -1.015659347357261345e-11 -6.503726697556463907e-08 -1.483276688570336556e-10
9.248923879877960733e-05 -2.133040876091054847e-02 -1.612135786052900852e-02 -1.612136960948765477e-02 -2.132804973766496207e-02 -1.613031170461070446e-02 5.997610393685970376e-01 5.987089437691659466e-01 3.224273921897530953e-02 9.931865154481294450e-06 9.999224197611641385e-01 -3.035127184399131262e-09 -7.633170987050200816e-08 -1.220857397784249210e-11 -7.816976529764343272e-08 -1.782790574951066508e-10
9.684812233369901636e-05 -2.337525736335353474e-02 -1.767996003452161277e-02 -1.767997415850140752e-02 -2.337242266769236701e-02 -1.768975058807654641e-02 5.997551091530300971e-01 5.987041561000995271e-01 3.535994831700281504e-02 1.089205028158397059e-05 9.999138252755780387e-01 -3.669460837032733449e-09 -9.173924011205348123e-08 -1.467431893143452874e-11 -9.394781538951831069e-08 -2.142643890618016482e-10
1.014124337207421528e-04 -2.561385387655799178e-02 -1.938890883239582225e-02 -1.938892581061279347e-02 -2.561044790583604652e-02 -1.939961096657341622e-02 5.997486085665488798e-01 5.986989071316818345e-01 3.877785162122558693e-02 1.194485301197874116e-05 9.999044039059771238e-01 -4.364212060627904368e-09 -1.102492471824176701e-07 -1.763695257769923833e-11 -1.129027782486631221e-07 -2.574956634162092376e-10
1.061918544763088148e-04 -2.806418066969243452e-02 -2.126270448871320565e-02 -2.126272489734230831e-02 -2.806008863785449531e-02 -2.127439912297682603e-02 5.997414832704343057e-01 5.986931529646499772e-01 4.252544979468461661e-02 1.309920501255733143e-05 9.998940763590584702e-01 -5.125047997174022618e-09 -1.324844316978369994e-07 -2.119647880675400552e-11 -1.356722720757529684e-07 -3.094272403272653185e-10
1.111965223926096764e-04 -3.074581283652939173e-02 -2.331724517573748739e-02 -2.331726970657154938e-02 -3.074089705075778653e-02 -2.333001962551418604e-02 5.997336733032908596e-01 5.986868448565189071e-01 4.663453941314309875e-02 1.436489889209666181e-05 9.998827557326541715e-01 -5.958158233891216217e-09 -1.591919269028612163e-07 -2.547282692125883300e-11 -1.630212739513329833e-07 -3.718040403465700173e-10
1.164370530412827071e-04 -3.368004377860770587e-02 -2.556996171203102311e-02 -2.556999119590017480e-02 -3.367413905968850291e-02 -2.558391002410796353e-02 5.997251134228680503e-01 5.986799297330857028e-01 5.113998239180034960e-02 1.575267107194595174e-05 9.998703469192863347e-01 -6.870286001346385989e-09 -1.912679617017537803e-07 -3.060951266646558546e-11 -1.958673708133149827e-07 -4.467190987334094206e-10
1.219245622904439495e-04 -3.689001718712748429e-02 -2.803996514713152921e-02 -2.804000058290813391e-02 -3.688292535424277790e-02 -2.805518841231666866e-02 5.997157317337937776e-01 5.986723493064168844e-01 5.608000116581626782e-02 1.727429268474257946e-05 9.998567457009793769e-01 -7.868781260942143438e-09 -2.297872419312650722e-07 -3.677964763485603203e-11 -2.353109500906450315e-07 -5.366824835860268264e-10
1.276706898829340394e-04 -4.040086500903332378e-02 -3.074820861243518846e-02 -3.074825119880518487e-02 -4.039234843919645851e-02 -3.076481523888592584e-02 5.997054498833740421e-01 5.986640397469731312e-01 6.149650239761036974e-02 1.894266914890949932e-05 9.998418380470303068e-01 -8.961654497700163431e-09 -2.760383949970064037e-07 -4.418998726219944267e-11 -2.826712923371713156e-07 -6.447036385665455663e-10
1.336876241257733977e-04 -4.423985105331876971e-02 -3.371766467154271862e-02 -3.371771584880054601e-02 -4.422962486324093223e-02 -3.373577060764114399e-02 5.996941819845585941e-01 5.986549311465366729e-01 6.743543169760109202e-02 2.077194933849456661e-05 9.998254990338560910e-01 -1.015761077057429284e-08 -3.315659537865591168e-07 -5.308893062936644089e-11 -3.395296739259510088e-07 -7.743897392707344425e-10
1.399881277431955131e-04 -4.843651886548614588e-02 -3.697351973903278272e-02 -3.697358123647001560e-02 -4.842424160645900089e-02 -3.699324862000833575e-02 5.996818340831936434e-01 5.986449469542083346e-01 7.394716247294003120e-02 2.277764522398489992e-05 9.998075919918300025e-01 -1.146613034762983068e-08 -3.982206888654017924e-07 -6.377437061120169212e-11 -4.077808343140489237e-07 -9.300631436813045744e-10
1.465855649480961916e-04 -5.302284273996340364e-02 -4.054338717104281897e-02 -4.054346106449094322e-02 -5.300810528686224904e-02 -4.056487036629225634e-02 5.996683034540799540e-01 5.986340033549411022e-01 8.108692212898188645e-02 2.497676297527557914e-05 9.997879672879016466e-01 -1.289750723811916186e-08 -4.782196281639002174e-07 -7.660304167633205610e-11 -4.896943597512860595e-07 -1.116901459799021819e-09
1.534939297893208015e-04 -5.803337987042008622e-02 -4.445754079642282725e-02 -4.445762957840806995e-02 -5.801569221713080010e-02 -4.448091732625212430e-02 5.996534776895845464e-01 5.986220085478171082e-01 8.891525915681613990e-02 2.738794665811350879e-05 9.997664611824110814e-01 -1.446291269501205343e-08 -5.742175317244742743e-07 -9.200274164221295075e-11 -5.879878565732286118e-07 -1.341104581317077072e-09
1.607278758349182295e-04 -6.350542148266880016e-02 -4.874917087742464822e-02 -4.874927753982341572e-02 -6.348419689987008785e-02 -4.877458715847066834e-02 5.996372339060009882e-01 5.986088620340840327e-01 9.749855507964683143e-02 3.003163568984095372e-05 9.997428946534536731e-01 -1.617446848408707183e-08 -6.893921109404457378e-07 -1.104857135704262044e-10 -7.059141026698718804e-07 -1.610093572420564306e-09
1.683027472543232000e-04 -6.947913964226451466e-02 -5.345466460982756240e-02 -5.345479274337101849e-02 -6.945367588747483611e-02 -5.348227398304370578e-02 5.996194377768163664e-01 5.985944538401557491e-01 1.069095854867420370e-01 3.293023735901981372e-05 9.997170717915344618e-01 -1.804530425890345017e-08 -8.275453318896684823e-07 -1.326656733672900305e-10 -8.473647220738337066e-07 -1.932747334854690204e-09
1.762346113653969946e-04 -7.599772591960811396e-02 -5.861391351280826473e-02 -5.861406742556025257e-02 -7.596718294784726710e-02 -5.864387549525846427e-02 5.995999425191347321e-01 5.985786635893352026e-01 1.172281348511205051e-01 3.610831586729596306e-05 9.996887783075261158e-01 -2.008961496740631406e-08 -9.932239574300725649e-07 -1.592770633285968868e-10 -1.016993417456312223e-06 -2.319683940751286969e-09
1.845402927153627366e-04 -8.310751730839917306e-02 -6.427065025935090048e-02 -6.427083512065510928e-02 -8.307089059653971486e-02 -6.430312945222552146e-02 5.995785877363228877e-01 5.985613595202873283e-01 1.285416702413102186e-01 3.959279946750604763e-05 9.996577800638453137e-01 -2.232274694486086120e-08 -1.191862556646104544e-06 -1.911987238346907040e-10 -1.220362271600844128e-06 -2.783594623972561987e-09
1.932374087679258055e-04 -9.085810280751642487e-02 -7.047281777533524749e-02 -7.047303978453403617e-02 -9.081419197882452388e-02 -7.050798233875676946e-02 5.995551983637782412e-01 5.985423975529089446e-01 1.409460795690680723e-01 4.341320735131923969e-05 9.996238211578742927e-01 -2.476124369440131977e-08 -1.429953205433757998e-06 -2.294812871672866469e-10 -1.464115184364178968e-06 -3.339639841172142193e-09
2.023444072722763414e-04 -9.930240433013826085e-02 -7.727297361136804821e-02 -7.727324020336943933e-02 -9.924977552532891767e-02 -7.731099321042993189e-02 5.995295831649906093e-01 5.985216200418785881e-01 1.545464804067388787e-01 4.760189821153406811e-05 9.995866218091531419e-01 -2.742292016230465603e-08 -1.715246054887025068e-06 -2.753820238893356565e-10 -1.756183190584012301e-06 -4.005918066769042084e-09
2.118806053932385889e-04 -1.084967212544617476e-01 -8.472873299425578986e-02 -8.472905308221478915e-02 -1.084336631863150463e-01 -8.476977608761047944e-02 5.995015334623750025e-01 5.984988545150399242e-01 1.694581061644295783e-01 5.219434252868404800e-05 9.995458764614042479e-01 -3.032691660764301062e-08 -2.056987105651268471e-06 -3.304018444935719207e-10 -2.106027161207393891e-06 -4.804020228408605948e-09
2.218662306855675515e-04 -1.185007292502622822e-01 -9.290325426535442355e-02 -9.290363852832662916e-02 -1.184252010986839992e-01 -9.294748459037704968e-02 5.994708220896642903e-01 5.984739126727479652e-01 1.858072770566532583e-01 5.722942081058352644e-05 9.995012522166084601e-01 -3.349374633286913887e-08 -2.466198963972557239e-06 -3.963252526271300725e-10 -2.524924210997668974e-06 -5.759683636086556606e-09
2.323224639993043134e-04 -1.293774223411589541e-01 -1.018657703722554153e-01 -1.018662316199962919e-01 -1.292869904133080172e-01 -1.019133424752175082e-01 5.994372007906525468e-01 5.984465888493476493e-01 2.037324632399925839e-01 6.274975006073908268e-05 9.994523844114157063e-01 -3.694536281871598785e-08 -2.956006939792329466e-06 -4.753133149928325499e-10 -3.026304668552078002e-06 -6.903562718863283657e-09
2.432714844071989324e-04 -1.411929724383466367e-01 -1.116921714356519102e-01 -1.116927249947322204e-01 -1.410847404341113998e-01 -1.117432249737270039e-01 5.994003994659035106e-01 5.984166575237618302e-01 2.233854499894644408e-01 6.880204159845250270e-05 9.993988765907257932e-01 -4.070515921285065845e-08 -3.542034744185997811e-06 -5.698913733759306538e-10 -3.626148412193098695e-06 -8.272133259582258588e-09
2.547365162494972884e-04 -1.540165065995549865e-01 -1.224656423844711073e-01 -1.224663066163499126e-01 -1.538870282912848109e-01 -1.225202950492689374e-01 5.993601238695794864e-01 5.983838730677117912e-01 2.449326132326998251e-01 7.543749241519881552e-05 9.993402955341782468e-01 -4.479800767801220193e-08 -4.242850675968193783e-06 -6.831058915309578971e-10 -4.343448840834904203e-06 -9.908754239360748204e-09
2.667418783958805275e-04 -1.679197597338627501e-01 -1.342773615193941783e-01 -1.342781583880731655e-01 -1.677649406289337397e-01 -1.343357001985523713e-01 5.993160539641969597e-01 5.983479670198023070e-01 2.685563167761463310e-01 8.271221399361802242e-05 9.992761696268177563e-01 -4.925023533484930931e-08 -5.080504747804990744e-06 -8.185583725711372767e-10 -5.200755437213716851e-06 -1.186490733054573450e-08
2.793130358290480081e-04 -1.829765952865718970e-01 -1.472272652385537284e-01 -1.472282210409138481e-01 -1.827915738247621880e-01 -1.472893351639053827e-01 5.992678419098365072e-01 5.983086469505100036e-01 2.944564420818276962e-01 9.068770146951983437e-05 9.992059851106492863e-01 -5.408960788649694059e-08 -6.081141890430136265e-06 -9.805681488731925312e-10 -6.224805552480213382e-06 -1.420164260241127841e-08
2.924766536593599391e-04 -1.992623500491101096e-01 -1.614248853850290544e-01 -1.614260315708002103e-01 -1.990413623663501719e-01 -1.614906767817530509e-01 5.992151097631156498e-01 5.982655935014264958e-01 3.228520631416004205e-01 9.943134724610909535e-05 9.991291829197732621e-01 -5.934525553990071128e-08 -7.275725540722159502e-06 -1.174247753338408576e-09 -7.447257786230856089e-06 -1.699125518141420293e-08
3.062606536851113963e-04 -2.168529748608302721e-01 -1.769902658078644497e-01 -1.769916399284346964e-01 -2.165892025657413511e-01 -1.770596975907789139e-01 5.991574470357722282e-01 5.982184577055216224e-01 3.539832798568693928e-01 1.090170029723876117e-04 9.990451547868077764e-01 -6.504755807344747020e-08 -8.700875056550101452e-06 -1.405589691751419255e-09 -8.905539616339339437e-06 -2.031922452560405429e-08
3.206942736184100503e-04 -2.358239540410790869e-01 -1.940549655920817129e-01 -1.940566125467397540e-01 -2.355093331481909469e-01 -1.941278657072577907e-01 5.990944089913525783e-01 5.981668606529335630e-01 3.881132250934795080e-01 1.195255943997107311e-04 9.989532397674667497e-01 -7.122800767172961208e-08 -1.039980193529658676e-05 -1.681830808809305419e-09 -1.064382270745131265e-05 -2.428644955075871992e-08
3.358081291022836537e-04 -2.562489142265025333e-01 -2.127631571419725531e-01 -2.127651305342649901e-01 -2.558739308660023526e-01 -2.128392387172138300e-01 5.990255141610829615e-01 5.981103893223702617e-01 4.255302610685299802e-01 1.310457939922610616e-04 9.988527203928001530e-01 -7.791895249768784906e-08 -1.242342478004280145e-05 -2.011457588675202645e-09 -1.271413895899032639e-05 -2.901180198145463886e-08
3.516342786505633725e-04 -2.781979191148231667e-01 -2.332728271413498644e-01 -2.332751908725775036e-01 -2.777513752501155619e-01 -2.333516598249524010e-01 5.989502408886627771e-01 5.980485930783909776e-01 4.665503817451550073e-01 1.436747567518275367e-04 9.987428180070651029e-01 -8.515335351864107106e-08 -1.483161922223299427e-05 -2.404394424497606448e-09 -1.517764954671189404e-05 -3.463503360876055363e-08
3.682062916482898196e-04 -3.017354025665520689e-01 -2.557570911530682722e-01 -2.557599214832457779e-01 -3.012041309285967694e-01 -2.558380670045060090e-01 5.988680267870787333e-01 5.979809840292671375e-01 5.115198429664915558e-01 1.575189243612259819e-04 9.986226891983449594e-01 -9.296432207676600167e-08 -1.769459354074407422e-05 -2.872588067833684481e-09 -1.810607803850650994e-05 -4.132006799842098228e-08
3.855593195568798176e-04 -3.269176196958148428e-01 -2.804056304988619130e-01 -2.804090181563737572e-01 -3.262861981648352283e-01 -2.804879230753648534e-01 5.987782637222188731e-01 5.979070294185555579e-01 5.608180363127475143e-01 1.726949049001765023e-04 9.984914201057752958e-01 -1.013847305104415532e-07 -2.109452273180554251e-05 -3.429741963104682048e-09 -2.158331408990951376e-05 -4.925867071073289061e-08
4.037301704750884037e-04 -3.537896851708650647e-01 -3.074262646352383110e-01 -3.074303176905975876e-01 -3.530400730940302378e-01 -3.075087808822589142e-01 5.986802980265848451e-01 5.978261532402514566e-01 6.148606353811951752e-01 1.893304340459971472e-04 9.983480238674709017e-01 -1.104465213444991977e-07 -2.512723498138063829e-05 -4.092280218937998533e-09 -2.570719139459028374e-05 -5.867454257852583287e-08
4.227573872139214674e-04 -3.823820077833376962e-01 -3.370466690989659675e-01 -3.370515160767025842e-01 -3.814931727434888731e-01 -3.371279923617944152e-01 5.985734261299682224e-01 5.977377295867890572e-01 6.741030321534051684e-01 2.075654253526488505e-04 9.981914340603484925e-01 -1.201800031076114521e-07 -2.990417232468985063e-05 -4.879295678657006600e-09 -3.059143274175497905e-05 -6.982778395730593192e-08
4.426813290511055353e-04 -4.127061620017274390e-01 -3.695162541234819353e-01 -3.695220476437818258e-01 -4.116536723138426446e-01 -3.695945772660692019e-01 5.984568931894964638e-01 5.976410805157071904e-01 7.390440952875636516e-01 2.275531179227578162e-04 9.980205011639651236e-01 -1.306129265610972055e-07 -3.555445297296089697e-05 -5.813054624026470589e-09 -3.636774781532271306e-05 -8.301972515303397854e-08
4.635442573385266602e-04 -4.447501316450610531e-01 -4.051082169461157623e-01 -4.051151379344765657e-01 -4.435057231977417858e-01 -4.051812642389179264e-01 5.983298906246744542e-01 5.975354719105218093e-01 8.102302758689531315e-01 2.494613298771021178e-04 9.978339878213431380e-01 -1.417694074910558082e-07 -4.222709212255650502e-05 -6.919191670600499379e-09 -4.318805181326982776e-05 -9.859803649637559292e-08
4.853904251442240107e-04 -4.784729688356925137e-01 -4.441217836228719684e-01 -4.441300467391676166e-01 -4.770040298739745555e-01 -4.441867205804843066e-01 5.981915548168686980e-01 5.974201115345368907e-01 8.882600934783352331e-01 2.734738266680835847e-04 9.976305642296946496e-01 -1.536686384558433089e-07 -5.009317856117325606e-05 -8.228114845826536659e-09 -5.122675450960717075e-05 -1.169620307810408767e-07
5.082661711190801165e-04 -5.137986693528757698e-01 -4.868846583961941588e-01 -4.868945175926215896e-01 -5.120677963001702970e-01 -4.869379870494453533e-01 5.980409654061644709e-01 5.972941438510810386e-01 9.737890351852431792e-01 2.997918154267675481e-04 9.974088045495557164e-01 -1.663233905203494241e-07 -5.934825640712851580e-05 -9.774478075028321161e-09 -6.068304355665650636e-05 -1.385679405025181988e-07
5.322200177873124454e-04 -5.506095706513435273e-01 -5.337556962969979280e-01 -5.337674515152309729e-01 -5.485740878152084443e-01 -5.337931354741882739e-01 5.978771435703045256e-01 5.971566462727133651e-01 1.067534903030461946e+00 3.286355751013313306e-04 9.971671818720827529e-01 -1.797383031790864077e-07 -7.021447529098280213e-05 -1.159784030858004777e-08 -7.178305243066061641e-05 -1.639339565146152277e-07
5.573027744692524805e-04 -5.887392364977018788e-01 -5.851278216251485365e-01 -5.851418270849305658e-01 -5.863506984433943803e-01 -5.851441713335236994e-01 5.976990532275943124e-01 5.970066281766303051e-01 1.170283654169861132e+00 3.602462356614765998e-04 9.969040666917989846e-01 -1.939078712153010318e-07 -8.294238902669615813e-05 -1.374444734115322726e-08 -8.478176452065702771e-05 -1.936447168835349719e-07
5.835676450547263271e-04 -6.279648241888337035e-01 -6.414312111538705841e-01 -6.414478834983063926e-01 -6.251687084581953879e-01 -6.414201983993975675e-01 5.975055990525309779e-01 5.968430241093287680e-01 1.282895766996612785e+00 3.948877180238814701e-04 9.966177218476771626e-01 -2.088142936477044792e-07 -9.781266777412548339e-05 -1.626539306728036957e-08 -9.996445376159422420e-05 -2.283546881848381687e-07
6.110703408556383267e-04 -6.679996774515614133e-01 -7.031367660482087389e-01 -7.031565955482804720e-01 -6.647349692226527385e-01 -7.030908744796842136e-01 5.972956294321655202e-01 5.966646943992837127e-01 1.406313191096560944e+00 4.328488503752362651e-04 9.963063025986927945e-01 -2.244250537287510496e-07 -1.151365831107202894e-04 -1.922011004886302922e-08 -1.176474085557002779e-04 -2.687900361559802553e-07
6.398691987771329328e-04 -7.084857144696381503e-01 -7.707598979811941531e-01 -7.707834594870354161e-01 -7.046849104429587785e-01 -7.706701780408853342e-01 5.970679366993756343e-01 5.964704196593672014e-01 1.541566918974070832e+00 4.744456742895614577e-04 9.959678536786479297e-01 -2.406902495569312798e-07 -1.352561094032493389e-04 -2.267353835923623187e-08 -1.381776183191535975e-04 -3.157480339620164688e-07
6.700253050579916539e-04 -7.489871848170550628e-01 -8.448646542791309333e-01 -8.448926215170005083e-01 -7.445761665070097512e-01 -8.447205182810524349e-01 5.968212613011045775e-01 5.962589013264194548e-01 1.689785243034001017e+00 5.200239594257573652e-04 9.956003107631034021e-01 -2.575399557961735529e-07 -1.585419060937049752e-04 -2.670042504748264938e-08 -1.619310384784228458e-04 -3.700933709689437486e-07
7.016026248427357755e-04 -7.889850942868182893e-01 -9.260682135636081336e-01 -9.261013730188377702e-01 -7.838837251626259439e-01 -9.258572136357480220e-01 5.965542941764191420e-01 5.960287574141065470e-01 1.852202746037675540e+00 5.699619423801663204e-04 9.952014997475721048e-01 -2.748813585481002896e-07 -1.853904190579155778e-04 -3.138004222494092877e-08 -1.893089803391921871e-04 -4.327500409524899190e-07
7.346681378602739308e-04 -8.278745589084550716e-01 -1.015045781556354720e+00 -1.015085048930423284e+00 -8.219974471739189825e-01 -1.014753376920807248e+00 5.962656833383719324e-01 5.957785246629717646e-01 2.030170097860846568e+00 6.246733118809856241e-04 9.947691407611051195e-01 -2.925961330490529628e-07 -2.162176551541402693e-04 -3.680055058697352543e-08 -2.207321190455680405e-04 -5.046879855342894815e-07
7.692919804968866623e-04 -8.649654810107458847e-01 -1.112535916241770506e+00 -1.112582356842748643e+00 -8.582230845145388809e-01 -1.112145236072207055e+00 5.959540385817824193e-01 5.955066568417232142e-01 2.225164713685497286e+00 6.846104594986109201e-04 9.943008504964200300e-01 -3.105379746750116559e-07 -2.514506730586865430e-04 -4.305638494628690005e-08 -2.566315817532682287e-04 -5.869028427022681151e-07
8.055475945649059801e-04 -8.994873105992299278e-01 -1.219346330282701674e+00 -1.219401177973850503e+00 -8.917880558907423927e-01 -1.218837934268406809e+00 5.956179394003333627e-01 5.952115270625084609e-01 2.438802355947701006e+00 7.502680201179353194e-04 9.937941477598128959e-01 -3.285307056622604464e-07 -2.915156744472078838e-04 -5.024605544190338813e-08 -2.974365905166546074e-04 -6.803879366028578566e-07
8.435118830826447917e-04 -9.306010022301761664e-01 -1.336360195991013189e+00 -1.336424878437686203e+00 -9.218535174657103148e-01 -1.335711850004415835e+00 5.952559441403263429e-01 5.948914318673511614e-01 2.672849756875372407e+00 8.221867290635633506e-04 9.932464616999601148e-01 -3.463671809682122187e-07 -3.368215325926717939e-04 -5.847546781494518108e-08 -3.435582192690818880e-04 -7.860973086447925619e-07
8.832653733960100150e-04 -9.574172800375987391e-01 -1.464543005660933428e+00 -1.464619164832036580e+00 -9.475343800832665142e-01 -1.463729474233840033e+00 5.948665964774095816e-01 5.945445925244703389e-01 2.929238329664073159e+00 9.009576177049014164e-04 9.926551361213635793e-01 -3.638091947381661992e-07 -3.877407945529110661e-04 -6.784436815296693071e-08 -3.953690204010661602e-04 -9.048988698012545586e-07
9.248923879877996241e-04 -9.790268225271780977e-01 -1.604950017937462725e+00 -1.605039544987932887e+00 -9.679289509724284812e-01 -1.603942907546107355e+00 5.944484372023971508e-01 5.941691644087353508e-01 3.210079089975865774e+00 9.872265866717223892e-04 9.920174417428484492e-01 -3.805892817144795250e-07 -4.445839190740809147e-04 -7.845908278747363464e-08 -4.531786028101902094e-04 -1.037518660077261209e-06
9.684812233369939584e-04 -9.945388135591727297e-01 -1.758734365277508038e+00 -1.758839423102719346e+00 -9.821598151304178348e-01 -1.757502011135548159e+00 5.940000107533647267e-01 5.937632416287657033e-01 3.517678846205438692e+00 1.081699378457118494e-03 9.913305823057312338e-01 -3.964142135527469904e-07 -5.075732826511843458e-04 -9.041022462131270128e-08 -5.172058137711758440e-04 -1.184476226682874995e-06
1.014124337207425539e-03 -1.003134632899352896e+00 -1.927155844386309935e+00 -1.927278903144481470e+00 -9.894271343992387946e-01 -1.925663285017959137e+00 5.935198755090755895e-01 5.933248693765040827e-01 3.854557806288962940e+00 1.185146996269754397e-03 9.905917072529284439e-01 -4.109714307469529664e-07 -5.768120724336141258e-04 -1.037797504548644747e-07 -5.875489284234634542e-04 -1.346015736464191653e-06
1.061918544763092295e-03 -1.004133795289733122e+00 -2.111590456748156708e+00 -2.111734334044322647e+00 -9.890748519193968136e-01 -2.109799509535994488e+00 5.930066074248340202e-01 5.928520526416016789e-01 4.223468668088645295e+00 1.298411593476424004e-03 9.897979164090257020e-01 -4.239384018321807469e-07 -6.522546497808362400e-04 -1.186334371144025971e-07 -6.641563720638701124e-04 -1.522037333183065634e-06
1.111965223926101101e-03 -9.970715271573044047e-01 -2.313540788189789144e+00 -2.313708682883865553e+00 -9.806690259255205211e-01 -2.311410235467302066e+00 5.924588052017759621e-01 5.923427713974009912e-01 4.627417365767731106e+00 1.422412890176073547e-03 9.889462705125271480e-01 -4.349955820258165902e-07 -7.336816007083191583e-04 -1.350064354633432227e-07 -7.468018668330115737e-04 -1.712037908885495818e-06
1.164370530412831787e-03 -9.817892645792412054e-01 -2.534647215442007440e+00 -2.534842764833304063e+00 -9.640857357500317582e-01 -2.532133144669184599e+00 5.918750840668833835e-01 5.917949898873520187e-01 5.069685529666608126e+00 1.558155130996019891e-03 9.880337856050280809e-01 -4.438433726613121182e-07 -8.206819131446176172e-04 -1.529118154427610658e-07 -8.350695587832478867e-04 -1.915074391613409457e-06
1.219245622904444265e-03 -9.585270296437726767e-01 -2.776700144978782703e+00 -2.776927465680787410e+00 -9.396034565096210711e-01 -2.773756412765584045e+00 5.912540748617237663e-01 5.912066778502612641e-01 5.553854931361574820e+00 1.706734686616095476e-03 9.870574454669645004e-01 -4.502226847555876535e-07 -9.126556422535044575e-04 -1.723095269693381920e-07 -9.283565248404845221e-04 -2.129764919590440235e-06
1.276706898829345219e-03 -9.280189936513904003e-01 -3.041653149245897136e+00 -3.041916926284474521e+00 -9.079916195960702208e-01 -3.038232022724483450e+00 5.905943998642166903e-01 5.905758152837261576e-01 6.083833852568949041e+00 1.869348246695144190e-03 9.860141753801828779e-01 -4.539395392707122815e-07 -1.008836641046771806e-03 -1.931414800943171348e-07 -1.025901672235084725e-03 -2.354352022694510780e-06
1.336876241257739127e-03 -8.915665292994063851e-01 -3.331637366323783045e+00 -3.331942904782275061e+00 -8.705832534196914496e-01 -3.327690233335294234e+00 5.898946568894044562e-01 5.899004132870966366e-01 6.663885809564550122e+00 2.047301775442846288e-03 9.849008434674976220e-01 -4.548914257351840993e-07 -1.108359523506772821e-03 -2.152777724706332344e-07 -1.126851331989269303e-03 -2.586846305181233389e-06
1.399881277431960606e-03 -8.510902486158890001e-01 -3.648971249977290388e+00 -3.649324685557451708e+00 -8.293147942589217392e-01 -3.644449527468522909e+00 5.891524769047025156e-01 5.891776142062384869e-01 7.298649371114903417e+00 2.242016723745049889e-03 9.837127180104899837e-01 -4.530947665397200435e-07 -1.210362360546075617e-03 -2.385744986498739678e-07 -1.230371298524338781e-03 -2.825279085986931576e-06
1.465855649480967554e-03 -8.091271037226656082e-01 -3.996187923656615570e+00 -3.996596280572385140e+00 -7.867150615472302544e-01 -3.991043779526791457e+00 5.883664130941711479e-01 5.884056285940678643e-01 7.993192561144770281e+00 2.455046865244699464e-03 9.824466589213731726e-01 -4.487109890376262492e-07 -1.314156967482140977e-03 -2.628565461257506471e-07 -1.335813770050231627e-03 -3.068086302179172428e-06
1.534939297893214141e-03 -7.687555024132201043e-01 -4.376053210149223993e+00 -4.376524531304247567e+00 -7.458225926642821912e-01 -4.370240181109280364e+00 5.875354963438099709e-01 5.875833402385457482e-01 8.753049062608495134e+00 2.688089548875044650e-03 9.811004253948651943e-01 -4.420660022927211830e-07 -1.419451650066113528e-03 -2.879435414772411828e-07 -1.442941568030009850e-03 -3.314623606998406068e-06
1.607278758349188312e-03 -7.334239630391999887e-01 -4.791575775822309424e+00 -4.792119428728442543e+00 -7.100039368733331857e-01 -4.785049214699199638e+00 5.866577497970800747e-01 5.867088679752727742e-01 9.584238857456885086e+00 2.942992091297948979e-03 9.796702427038390670e-01 -4.336531392576234034e-07 -1.526623028697677220e-03 -3.136957504722338896e-07 -1.552200486225865017e-03 -3.565795963563029670e-06
1.683027472543238397e-03 -7.066681409927936253e-01 -5.246032611458815609e+00 -5.246659611373625687e+00 -6.826637023432987617e-01 -5.238749614447619329e+00 5.857309016958797132e-01 5.857803165117428934e-01 1.049331922274725137e+01 3.221767412340264744e-03 9.781520383154465037e-01 -4.241534588102393118e-07 -1.637025242521912343e-03 -3.400485659249804794e-07 -1.665017800966905404e-03 -3.824760529790626129e-06
1.762346113653976559e-03 -6.917105937535481530e-01 -5.742991796853899267e+00 -5.743715232325429909e+00 -6.668416314049859794e-01 -5.734910488949691576e+00 5.847523373869663033e-01 5.847957493227875503e-01 1.148743046465085982e+01 3.526608064631574918e-03 9.765414169552948387e-01 -4.143522676981521028e-07 -1.753283978146959925e-03 -3.670826278064192816e-07 -1.784082025739658871e-03 -4.097596963390862982e-06
1.845402927153634359e-03 -6.909547994465634613e-01 -6.286336731732314220e+00 -6.287172310014238263e+00 -6.647159481729189023e-01 -6.277414749407843608e+00 5.837190350514368520e-01 5.837531196909334641e-01 1.257434462002847653e+01 3.859900883742456695e-03 9.748335747145840946e-01 -4.051385108293780625e-07 -1.879514074158969428e-03 -3.950815164840186159e-07 -1.913535353450925491e-03 -4.393790750191585174e-06
1.932374087679265048e-03 -7.054248454227922682e-01 -6.880292372399519074e+00 -6.881259088744578811e+00 -6.770637403963319922e-01 -6.870484458140102113e+00 5.826275486954192173e-01 5.826502140736510293e-01 1.376251817748915762e+01 4.224242857658102972e-03 9.730232891877973467e-01 -3.973942764125623657e-07 -2.021363584906999116e-03 -4.246106907011468779e-07 -2.058987427988307525e-03 -4.726317903497884486e-06
2.023444072722770624e-03 -7.342305002238073142e-01 -7.529453137165632803e+00 -7.530574117786414057e+00 -7.027674257573189864e-01 -7.518707943137752814e+00 5.814740059453538112e-01 5.814845691078556200e-01 1.506114823557282811e+01 4.622457855353615148e-03 9.711049002392210250e-01 -3.918915592508749475e-07 -2.185780805023165765e-03 -4.565488732271550028e-07 -2.227246126706052334e-03 -5.111082834163110866e-06
2.118806053932393695e-03 -7.741937525658332264e-01 -8.238812861405140353e+00 -8.240116359617246644e+00 -7.384962306872752125e-01 -8.227069228205577289e+00 5.802541570949435457e-01 5.802533957675317655e-01 1.648023271923449329e+01 5.057614510831733891e-03 9.690723436178814154e-01 -3.891679805523341588e-07 -2.380396749687551956e-03 -4.921241117230312668e-07 -2.425672512551352300e-03 -5.565485137350250761e-06
2.218662306855683809e-03 -8.197922396305021842e-01 -9.013796887325920437e+00 -9.015317417828917712e+00 -7.787201088908987101e-01 -9.000980136500134066e+00 5.789634758231891887e-01 5.789535168233104212e-01 1.803063483565783542e+01 5.533045359111017289e-03 9.669192329941865838e-01 -3.894044848548949411e-07 -2.612469960911521002e-03 -5.328735070739720715e-07 -2.661118050072260651e-03 -6.105991726771785418e-06
2.323224639993051212e-03 -8.635905120822149339e-01 -9.860295613844892060e+00 -9.862075230133088510e+00 -8.162118588368265648e-01 -9.846314693831747178e+00 5.775972627960374028e-01 5.775812842428504901e-01 1.972415046026617702e+01 6.052366679230440118e-03 9.646388957759171046e-01 -3.923375016081974151e-07 -2.887437240771840042e-03 -5.805128740196136810e-07 -2.938508447837847367e-03 -6.744831367065912036e-06
2.432714844071997944e-03 -8.972941391503136410e-01 -1.078470223526345784e+01 -1.078679191442532925e+01 -8.431402281617904615e-01 -1.076944873057447971e+01 5.761509036628913449e-01 5.761326553647884152e-01 2.157358382885065851e+01 6.619502771599258643e-03 9.622247490806452586e-01 -3.971971654731601443e-07 -3.207277335312478869e-03 -6.367568732904560991e-07 -3.259306349667139436e-03 -7.486315072606803651e-06
2.547365162494981666e-03 -9.134083393517307137e-01 -1.179394922472632246e+01 -1.179641027226953653e+01 -8.527245102536484822e-01 -1.177729916467530913e+01 5.746199128041890036e-01 5.746030998049279637e-01 2.359282054453907307e+01 7.238705660923057394e-03 9.596700499203987267e-01 -4.028264545494513363e-07 -3.569120206635464226e-03 -7.030351578951607593e-07 -3.620286053719465411e-03 -8.323764431024146445e-06
2.667418783958814057e-03 -9.073351350303076046e-01 -1.289555138741363294e+01 -1.289845702887464718e+01 -8.412232638294566689e-01 -1.287737066376341843e+01 5.730002025876588245e-01 5.729878206079074277e-01 2.579691405774929436e+01 7.914584860072114772e-03 9.569683968757268788e-01 -4.078046818777999620e-07 -3.964732040007612132e-03 -7.801663602148087284e-07 -4.013246837573702930e-03 -9.238495905866738755e-06
2.793130358290488863e-03 -8.794103631586533965e-01 -1.409764953827302492e+01 -1.410108630807176588e+01 -8.097600999595572224e-01 -1.407780242662595604e+01 5.712881326655873115e-01 5.712818873991133417e-01 2.820217261614353177e+01 8.652134014516584676e-03 9.541136743523372932e-01 -4.107631106976327058e-07 -4.381615291723178762e-03 -8.680774353906603713e-07 -4.426333863398140486e-03 -1.020250056289004726e-05
2.924766536593608173e-03 -8.361561242641499803e-01 -1.540905558255014540e+01 -1.541312526364337820e+01 -7.652670383110909968e-01 -1.538741558566349354e+01 5.694804345993191852e-01 5.694803973784549056e-01 3.082625052728675641e+01 9.456760329342565191e-03 9.510999578391388098e-01 -4.107413337208327164e-07 -4.806277632033828344e-03 -9.656951944933046381e-07 -4.847411120682525859e-03 -1.118600397613224657e-05
3.062606536851120251e-03 -7.898814451113193025e-01 -1.683930348131270804e+01 -1.684412517389811725e+01 -7.197564156605997798e-01 -1.681576327826741490e+01 5.675741193980156085e-01 5.675787547163967384e-01 3.368825034779623451e+01 1.033431778637058582e-02 9.479215077244844689e-01 -4.075364727177741003e-07 -5.229627085807472819e-03 -1.071077226314568954e-06 -5.269280096945647140e-03 -1.216966643448098483e-05
3.206942736184094540e-03 -7.559717616696276510e-01 -1.839869973781010870e+01 -1.840441282582286320e+01 -6.874043142238934756e-01 -1.837317700646094210e+01 5.655661569376186915e-01 5.655727862421610075e-01 3.680882565164572640e+01 1.129113948712850111e-02 9.445724505218684453e-01 -4.018495315361956862e-07 -5.653340556144086267e-03 -1.182016920464357481e-06 -5.695456687786162008e-03 -1.315869650260660701e-05
3.358081291022776364e-03 -7.478751820178105580e-01 -2.009837824759402380e+01 -2.010514659768675472e+01 -6.796613745937528650e-01 -2.007081391205411691e+01 5.634531784327182491e-01 5.634588198690628769e-01 4.021029319537350943e+01 1.233407172969312217e-02 9.410465440346392763e-01 -3.952611381330325123e-07 -6.094702198816792475e-03 -1.296960993865278768e-06 -6.143992654436431292e-03 -1.419311583751185212e-05
3.516342786505356494e-03 -7.709963513342148467e-01 -2.195035803829561161e+01 -2.195837565420670856e+01 -6.997515953585936588e-01 -2.192070558482861742e+01 5.612312357287186915e-01 5.612336044687640246e-01 4.391675130841341712e+01 1.347051023640800926e-02 9.373370488744161566e-01 -3.897369491779837424e-07 -6.586407776821444696e-03 -1.416099412969664120e-06 -6.646126792594483565e-03 -1.534640660083248637e-05
3.682062916481788732e-03 -8.180253171070204221e-01 -2.396759776827349242e+01 -2.397709694206934117e+01 -7.390710130987733217e-01 -2.393580730280606872e+01 5.588956144199549447e-01 5.588939404849524450e-01 4.795419388413868234e+01 1.470842928386154221e-02 9.334364204496311546e-01 -3.869375649456195358e-07 -7.168289021883149370e-03 -1.542363021925125628e-06 -7.237384830777085498e-03 -1.670615125167724827e-05
3.855593195564623130e-03 -8.689782021680849677e-01 -2.616406095155657852e+01 -2.617532174378014176e+01 -7.784034852985646236e-01 -2.613006515685502862e+01 5.564411203626580260e-01 5.564364174731699642e-01 5.235064348756028352e+01 1.605642049350838180e-02 9.293367243348596984e-01 -3.873529182341054886e-07 -7.870916482297001318e-03 -1.681481562712972772e-06 -7.942008256115792170e-03 -1.833729665933991307e-05
4.037301704735909470e-03 -8.982907849462968830e-01 -2.855477967414874385e+01 -2.856814111870301076e+01 -7.955592925331197440e-01 -2.851849367157818804e+01 5.538625001989586627e-01 5.538570697370622797e-01 5.713628223740602152e+01 1.752373184353562749e-02 9.250300510890725469e-01 -3.899895792857410275e-07 -8.696670395338314263e-03 -1.840820276436725619e-06 -8.756926652013915027e-03 -2.024136646562918590e-05
4.227573872087749332e-03 -8.880057414675307514e-01 -3.115591086185937542e+01 -3.117178311044589378e+01 -7.776240995222135632e-01 -3.111725475400058016e+01 5.511547703714168023e-01 5.511510528422909339e-01 6.234356622089178757e+01 1.912030014740109807e-02 9.205085958755759856e-01 -3.925531795161221048e-07 -9.609980841384691691e-03 -2.027056785101338471e-06 -9.646394970592962748e-03 -2.233785825543946178e-05
4.426813290341235357e-03 -8.410781070568674744e-01 -3.398481807775867480e+01 -3.400369362959159503e+01 -7.315293360580936710e-01 -3.394375951373744016e+01 5.483138179500230969e-01 5.483130983886342902e-01 6.800738725918319005e+01 2.085680725701043875e-02 9.157654414559434075e-01 -3.926179402675328381e-07 -1.054993578303941269e-02 -2.243356259048092652e-06 -1.055791905347606800e-02 -2.449572527630721096e-05
4.635442572846592245e-03 -7.849954604050021212e-01 -3.706013560507912530e+01 -3.708260016000165393e+01 -6.842050538271134963e-01 -3.701673571978685828e+01 5.453361757721151282e-01 5.453378778491136947e-01 7.416520032000330787e+01 2.274472536784129251e-02 9.107942095976783170e-01 -3.891167099075153409e-07 -1.146909875524001858e-02 -2.487694398700340105e-06 -1.145927368099271607e-02 -2.662023841039191864e-05
4.853904249797961860e-03 -7.580103604045606014e-01 -4.040183568296236416e+01 -4.042858146559095189e+01 -6.672418428362402176e-01 -4.035627228541939360e+01 5.422184546510150360e-01 5.422205694148797273e-01 8.085716293118190379e+01 2.479636125887280454e-02 9.055884582747594225e-01 -3.832832426806127671e-07 -1.238114242462708472e-02 -2.754303919940149359e-06 -1.237658026140988320e-02 -2.875330797926866857e-05
5.082661706356216176e-03 -7.812150719495740692e-01 -4.403130600845561560e+01 -4.406314848458416833e+01 -6.921861078709607984e-01 -4.398385381071955891e+01 5.389567523698080009e-01 5.389572791440456756e-01 8.812629696916833666e+01 2.702490731826055759e-02 9.001412956430321355e-01 -3.780686560468805125e-07 -1.337798923223614857e-02 -3.038183338492025237e-06 -1.339777071708133510e-02 -3.110073076340076360e-05
5.322200164167804372e-03 -8.354827961487658605e-01 -4.797140684694834079e+01 -4.800931166684424767e+01 -7.354443360270056518e-01 -4.792239218043837923e+01 5.355462132037178691e-01 5.355446690042600100e-01 9.601862333368849534e+01 2.944447244545498818e-02 8.944449268938738928e-01 -3.759927460602702876e-07 -1.457998903767843482e-02 -3.340896239117578841e-06 -1.461717955525557687e-02 -3.391399154062759070e-05
5.573027707197872674e-03 -8.688345720156284147e-01 -5.224652287801407624e+01 -5.229164129942039807e+01 -7.526529149393609286e-01 -5.219630297075789827e+01 5.319813298975391014e-01 5.319790855309661781e-01 1.045832825988407961e+02 3.207010868862088943e-02 8.884909181307693027e-01 -3.768480290865489133e-07 -1.603176374369633117e-02 -3.673079606525518682e-06 -1.604770553547473638e-02 -3.726754143177616365e-05
5.835676351464490902e-03 -8.410359295962137605e-01 -5.688264020819137556e+01 -5.693635459082221217e+01 -7.201424803474946179e-01 -5.683166518389365507e+01 5.282571197303785882e-01 5.282560922922164837e-01 1.138727091816444243e+02 3.491786261199351232e-02 8.822714902976875884e-01 -3.775059653671713897e-07 -1.763230406170502446e-02 -4.050340725634737930e-06 -1.758612105660844679e-02 -4.093077818582535176e-05
6.110703155411770574e-03 -7.712001359997984196e-01 -6.190739716331616194e+01 -6.197136572060248483e+01 -6.664332680353577398e-01 -6.185634187062045442e+01 5.243696370988656374e-01 5.243703954560032798e-01 1.239427314412049697e+02 3.800481589375024477e-02 8.757798429549072949e-01 -3.747665970205111715e-07 -1.920859296800759772e-02 -4.484019174289975021e-06 -1.910693817566138167e-02 -4.455354105207072539e-05
6.398691361923487461e-03 -7.298831103571257195e-01 -6.735015136271115921e+01 -6.742635323543150605e+01 -6.489811152874644939e-01 -6.730002322873789922e+01 5.203156582377197470e-01 5.203168809917058102e-01 1.348527064708630121e+02 4.134914052972166187e-02 8.690098536429834430e-01 -3.689558938722020755e-07 -2.072021740922345284e-02 -4.975046855540825498e-06 -2.062926684175425684e-02 -4.809820716314847170e-05
6.700251551996781567e-03 -7.604346089625448890e-01 -7.324197159560114301e+01 -7.333275203070523673e+01 -6.845023214798813260e-01 -7.319408985958040148e+01 5.160910515336113447e-01 5.160911297937356146e-01 1.466655040614104735e+02 4.497009648779400764e-02 8.619542238739842377e-01 -3.640059281419132110e-07 -2.237536232853251303e-02 -5.518013859431050751e-06 -2.235069036262697650e-02 -5.203023881963254199e-05
7.016022770007446056e-03 -8.118916317964094409e-01 -7.961578137877539518e+01 -7.972390926326539784e+01 -7.164828817629880220e-01 -7.957167518373427129e+01 5.116910780165938588e-01 5.116901166058936967e-01 1.594478185265307957e+02 4.888810798952858416e-02 8.546054854241199594e-01 -3.625828316762974763e-07 -2.442418199511933383e-02 -6.113314801649450857e-06 -2.442068029967962503e-02 -5.682962470878284640e-05
7.346673545321469150e-03 -7.938236686932728103e-01 -8.650622213687971396e+01 -8.663497751228028676e+01 -6.874298543322361343e-01 -8.646766008826133998e+01 5.071103578810298718e-01 5.071099181780516219e-01 1.732699550245605735e+02 5.312467719410477601e-02 8.469553350816527715e-01 -3.623242024314241356e-07 -2.678842480105078985e-02 -6.773985299592440252e-06 -2.669699628837886307e-02 -6.226132490485168593e-05
7.692902675989763024e-03 -7.143291316457821560e-01 -9.394970610506484832e+01 -9.410299432605145853e+01 -6.341644020861242348e-01 -9.391895568071348066e+01 5.023448556314989988e-01 5.023455858749218406e-01 1.882059886521029171e+02 5.770244458240519209e-02 8.389969683710297721e-01 -3.587260516993029420e-07 -2.910023082183625306e-02 -7.518560915575288781e-06 -2.892389991758327616e-02 -6.758910511633592995e-05
8.055439545407197879e-03 -6.876425921506615913e-01 -1.019843409668877428e+02 -1.021668182474159465e+02 -6.395001365570941454e-01 -1.019644127622723317e+02 4.973913918526162159e-01 4.973920673876447984e-01 2.043336364948318931e+02 6.264517553316586995e-02 8.307243764392424623e-01 -3.524944315226532973e-07 -3.130379277355370415e-02 -8.360659903406634448e-06 -3.120298816139128323e-02 -7.282989225874825375e-05
8.435043596908022717e-03 -7.430892261134015575e-01 -1.106498245265368325e+02 -1.108670091576117755e+02 -6.819638244758053913e-01 -1.106444047503672010e+02 4.922458229968254551e-01 4.922455309922015299e-01 2.217340183152235511e+02 6.797768945282706143e-02 8.221305249342151233e-01 -3.487149470534291996e-07 -3.388788576312330714e-02 -9.310063438869726395e-06 -3.391205330850161764e-02 -7.900265027992870023e-05
8.832502376934637037e-03 -7.507177651286096598e-01 -1.199873152003040389e+02 -1.202457236747268183e+02 -6.629810862413466621e-01 -1.200006603146162973e+02 4.869031804844524691e-01 4.869029023878917450e-01 2.404914473494536367e+02 7.372574463110356802e-02 8.132077575620330068e-01 -3.475751511707723563e-07 -3.704761078057211554e-02 -1.037841146370060318e-05 -3.699463997155422873e-02 -8.632952068978936005e-05
9.248627258003178433e-03 -6.701531478009690179e-01 -1.300391562269564929e+02 -1.303464694046974728e+02 -6.096909279888623745e-01 -1.300764089559183674e+02 4.813597360453279461e-01 4.813602636792341238e-01 2.606929388093949456e+02 7.991590859591905793e-02 8.039500238258157072e-01 -3.436742774783439202e-07 -4.018827220786241189e-02 -1.157606183815549223e-05 -4.000810040998706296e-02 -9.358867508150268814e-05
9.684245558101647541e-03 -6.579380824201818134e-01 -1.408481078308420251e+02 -1.412134042958966518e+02 -6.281145553401834558e-01 -1.409157523524282283e+02 4.756121739342089039e-01 4.756124990334657521e-01 2.824268085917933035e+02 8.657509619287238889e-02 7.943510620982484616e-01 -3.373855743164351682e-07 -4.316836800298755328e-02 -1.291800923078424202e-05 -4.314534966032645275e-02 -1.007515194308886261e-04
1.014018729025613179e-02 -7.153052251647472604e-01 -1.524572360565099700e+02 -1.528912312881200251e+02 -6.514672933659206855e-01 -1.525630234003091914e+02 4.696582038708378981e-01 4.696579298818982506e-01 3.057824625762400501e+02 9.373069556544280645e-02 7.844072372215045164e-01 -3.341356674029887408e-07 -4.679663458261310721e-02 -1.444055700121005872e-05 -4.689028186535556392e-02 -1.093954092470369533e-04
1.061726424563623830e-02 -6.853664772848463427e-01 -1.649087570276646488e+02 -1.654240478092208662e+02 -6.059191092597528971e-01 -1.650617340952424286e+02 4.634945178429728530e-01 4.634945673970703450e-01 3.308480956184417323e+02 1.014093940569173874e-01 7.741136599416644781e-01 -3.316129349941276748e-07 -5.094938391700360586e-02 -1.617723822250290277e-05 -5.085280836341401350e-02 -1.190041834427242145e-04
1.111623863620641445e-02 -6.563813363493431474e-01 -1.782423972698237833e+02 -1.788536956796556581e+02 -6.036396485845267890e-01 -1.784535045209712507e+02 4.571195678618473757e-01 4.571195699181462291e-01 3.577073913593113161e+02 1.096369543545899217e-01 7.634691664579258408e-01 -3.257892355003096836e-07 -5.479954089681571272e-02 -1.812681678851208578e-05 -5.479704041313433749e-02 -1.281826983885272261e-04
1.163777829268050276e-02 -6.529395420592420951e-01 -1.924924991790778392e+02 -1.932169802298278967e+02 -5.944114842644685481e-01 -1.927746845341951598e+02 4.505369731120543175e-01 4.505369628819904659e-01 3.864339604596557933e+02 1.184354275191467215e-01 7.524752666266766310e-01 -3.216414336273896514e-07 -5.924337947257214687e-02 -2.031979779290220557e-05 -5.922398172047317610e-02 -1.386882625692054029e-04
1.218239575316782883e-02 -6.410214509751651635e-01 -2.076882014239980379e+02 -2.085458281859623924e+02 -5.853222797673136579e-01 -2.080566860721639557e+02 4.437481409209921845e-01 4.437481450622908219e-01 4.170916563719247847e+02 1.278241489010213949e-01 7.411371075466673952e-01 -3.169948738725028341e-07 -6.393153379429732108e-02 -2.282168850288674309e-05 -6.391033501925236227e-02 -1.497953373725300708e-04
1.275036995066240915e-02 -6.311894381039956370e-01 -2.238496050864308131e+02 -2.248633668960466423e+02 -5.762546492200644188e-01 -2.243221431616051973e+02 4.367638665706461421e-01 4.367638652618404671e-01 4.497267337920932846e+02 1.378139851546030803e-01 7.294658160324278828e-01 -3.123527926304713762e-07 -6.892652228285620075e-02 -2.565179017428921254e-05 -6.890744564845437126e-02 -1.616649033246824461e-04
1.334165215346551012e-02 -6.205973058347896698e-01 -2.409746265340241109e+02 -2.421707744318919140e+02 -5.666418459933256768e-01 -2.415717253798029560e+02 4.295827404144795802e-01 4.295827415112070113e-01 4.843415488637838280e+02 1.484148161256968190e-01 7.174792757773778007e-01 -3.075243325328859316e-07 -7.422720335626581400e-02 -2.882046422747967768e-05 -7.420743197197650354e-02 -1.742823233789051384e-04
1.395576272764381502e-02 -6.101001023603206397e-01 -2.590555800119100809e+02 -2.604638011829326274e+02 -5.570427396089441263e-01 -2.598006630536861508e+02 4.222336949068176692e-01 4.222336946758092902e-01 5.209276023658652548e+02 1.596138958950637787e-01 7.052050092798028968e-01 -3.026139678240963259e-07 -7.982508574912237920e-02 -3.239238235328205595e-05 -7.980689993109114921e-02 -1.876429885837229024e-04
1.459169197771094037e-02 -5.992617407370470772e-01 -2.780530405389841349e+02 -2.797064910670599147e+02 -5.471282113000623948e-01 -2.789725266348439732e+02 4.147341309075008864e-01 4.147341309344638738e-01 5.594129821341198294e+02 1.713922669112271369e-01 6.926793444546133216e-01 -2.975878784368878798e-07 -8.571426613980678844e-02 -3.639787955959224392e-05 -8.569615838534830332e-02 -2.017369177431009640e-04
1.524782537665436873e-02 -5.882433176361288041e-01 -2.979040538579407098e+02 -2.998391457427680393e+02 -5.370776291899643784e-01 -2.990272193566839292e+02 4.071124877567507960e-01 4.071124877633809924e-01 5.996782914855360787e+02 1.837135190090634917e-01 6.799505495900793894e-01 -2.925254032640201564e-07 -9.187447294951699150e-02 -4.086925346266896220e-05 -9.185674973763553741e-02 -2.165225755445495173e-04
1.592191790852090852e-02 -5.771046075589075786e-01 -3.185187450923606320e+02 -3.207747857505828506e+02 -5.269056287852937892e-01 -3.198774653259294496e+02 3.994038915062561590e-01 3.994038914999229473e-01 6.415495715011657012e+02 1.965237113096169885e-01 6.670766618073162846e-01 -2.873885317083670888e-07 -9.827925216579298795e-02 -4.582227682396460569e-05 -9.826185889036412324e-02 -2.319421738510575018e-04
1.661113996103320486e-02 -5.658955843798025853e-01 -3.397820850672562756e+02 -3.424005884368720558e+02 -5.166731275942890722e-01 -3.414102959504871819e+02 3.916490188627095304e-01 3.916490188655900595e-01 6.848011768737441116e+02 2.097533888108117084e-01 6.541255108494804515e-01 -2.822252167056017024e-07 -1.048937496798894586e-01 -5.127770374644156437e-05 -1.048766934920707106e-01 -2.479189747739941278e-04
1.731220526945410204e-02 -5.546821549229007386e-01 -3.615572368575780047e+02 -3.645812561506965608e+02 -5.064355958166797400e-01 -3.634904090073455336e+02 3.838905150663486920e-01 3.838905150653950105e-01 7.291625123013931216e+02 2.233194288152309526e-01 6.411683058419062053e-01 -2.770639707491615946e-07 -1.116764309115998305e-01 -5.724116652220959193e-05 -1.116597146139284152e-01 -2.643588558915548601e-04
1.802157108512350558e-02 -5.435269645589653198e-01 -3.836955893750312043e+02 -3.871686816151495236e+02 -4.962513558511835732e-01 -3.859698740876241914e+02 3.761726690998722367e-01 3.761726690999088740e-01 7.743373632302990472e+02 2.371309664394461447e-01 6.282790237061773864e-01 -2.719343253710564867e-07 -1.185818636078010135e-01 -6.369924865012958079e-05 -1.185654833490897425e-01 -2.811557654099719494e-04
1.873567904158346398e-02 -5.324908274592290436e-01 -4.060452853062931240e+02 -4.100106044233743319e+02 -4.861758952462824634e-01 -4.086967544368488348e+02 3.685372304284781908e-01 3.685372304286252954e-01 8.200212088467486637e+02 2.510946135859302153e-01 6.155273379954954160e-01 -2.668534402096132536e-07 -1.255633535008503221e-01 -7.064138583500323280e-05 -1.255473067257254216e-01 -2.982012186189898274e-04
1.945119215332382842e-02 -5.216273658809814640e-01 -4.284614458009433520e+02 -4.329609170347718532e+02 -4.762579722814295757e-01 -4.315253827200399996e+02 3.610213507016144519e-01 3.610213507015415657e-01 8.659218340695437064e+02 2.651209226255160645e-01 6.029753407820520605e-01 -2.618581932761282409e-07 -1.325761801076304203e-01 -7.803027766084709698e-05 -1.325604613337060811e-01 -3.153871365827451488e-04
2.016518571159649220e-02 -5.109802594092738293e-01 -4.508136878009717066e+02 -4.558872669248971192e+02 -4.665375759674429412e-01 -4.543239370518143687e+02 3.536552394657981324e-01 3.536552394658096232e-01 9.117745338497942384e+02 2.791288891796060434e-01 5.906734661658959995e-01 -2.569655770589065891e-07 -1.395798420080259228e-01 -8.584434794603174165e-05 -1.395644445933967859e-01 -3.326175104278988447e-04
2.087526603101444098e-02 -5.005831521927662786e-01 -4.729921795091889294e+02 -4.786775292596677787e+02 -4.570454085452629323e-01 -4.769808383093339899e+02 3.464621303638298344e-01 3.464621303638425465e-01 9.573550585193355573e+02 2.930499545986278154e-01 5.786605110370328653e-01 -2.521810010009625508e-07 -1.465400608114419134e-01 -9.403800640322987152e-05 -1.465249772943074402e-01 -3.498068787922079263e-04
2.157961254707169152e-02 -4.904596136171670007e-01 -4.949103913067933149e+02 -5.012423306277286770e+02 -4.478029782925162516e-01 -4.994073045149048085e+02 3.394583011593891309e-01 3.394583011593833022e-01 1.002484661255457354e+03 3.068295633293490754e-01 5.669636556151710360e-01 -2.475055068172503433e-07 -1.534295595810626078e-01 -1.025691542033171211e-04 -1.534147816663293806e-01 -3.668863406417435693e-04
2.227695627005176274e-02 -4.806228241208936880e-01 -5.165030293405478687e+02 -5.235137508952883536e+02 -4.388223162678293598e-01 -5.215359366142423596e+02 3.326529050574749680e-01 3.326529050574734137e-01 1.047027501790576707e+03 3.204263248449504276e-01 5.555982024975727462e-01 -2.429378345449562305e-07 -1.602276434160037899e-01 -1.113966115334452905e-04 -1.602131624232013829e-01 -3.838021986599926810e-04
2.296651615026746099e-02 -4.710786126617522163e-01 -5.377254707067670552e+02 -5.454443208709518558e+02 -4.301087655246674801e-01 -5.433197852414995168e+02 3.260498660036473262e-01 3.260498660036488250e-01 1.090888641741903712e+03 3.338113347113944029e-01 5.445706667492176134e-01 -2.385326623650111410e-07 -1.669198602575103219e-01 -1.204941075159082878e-04 -1.669056673552163084e-01 -4.005173368431064413e-04
2.364791502092358083e-02 -4.618273960270234957e-01 -5.585514620904085632e+02 -5.670050025682103296e+02 -4.216626869073317740e-01 -5.647302910864527803e+02 3.196495399012329597e-01 3.196495399012331817e-01 1.134010005136420659e+03 3.469670824413945143e-01 5.338816723819881371e-01 -2.342627066536163919e-07 -1.734974548908081449e-01 -1.298136248838188960e-04 -1.734835412206310601e-01 -4.170043296673476272e-04
2.432109193155692836e-02 -4.528629956825335201e-01 -5.789655918454091079e+02 -5.881780760638888523e+02 -4.134784556582781767e-01 -5.857501200948886435e+02 3.134475854307806064e-01 3.134475854307802178e-01 1.176356152127777705e+03 3.598828738664797133e-01 5.235239451237747588e-01 -2.300763535053800226e-07 -1.799550800377252291e-01 -1.393394757546947158e-04 -1.799414369333708630e-01 -4.332485256667779113e-04
2.498622143774251181e-02 -4.441788735954741441e-01 -5.989671476964389285e+02 -6.089601023189135276e+02 -4.055500920844020696e-01 -6.063762590143595617e+02 3.074395050760972414e-01 3.074395050760973525e-01 1.217920204637827055e+03 3.725568700453102400e-01 5.134899867740825297e-01 -2.260546692209010694e-07 -1.862918160347092622e-01 -1.490222127445676873e-04 -1.862784350226284746e-01 -4.492402109703478555e-04
2.564364499811246784e-02 -4.357645424116200483e-01 -6.185604347655275888e+02 -6.293533190713666272e+02 -3.978680241123095374e-01 -6.266112600753145898e+02 3.016180366236243526e-01 3.016180366236244637e-01 1.258706638142733254e+03 3.849906305911482973e-01 5.037676675110713820e-01 -2.221296743617713186e-07 -1.925084423705200054e-01 -1.588435637136123937e-04 -1.924953152955366786e-01 -4.649783568364368696e-04
2.629381586387591688e-02 -4.276103207732053768e-01 -6.377587480695450495e+02 -6.493684109327375609e+02 -3.904234139340692633e-01 -6.464661914982171993e+02 2.959764689621801614e-01 2.959764689621802169e-01 1.298736821865475122e+03 3.971909413623090912e-01 4.943457759299405008e-01 -2.183174953586565447e-07 -1.986083516820857930e-01 -1.687731785554779848e-04 -1.985954706811479675e-01 -4.804660568973969270e-04
2.693725666540247587e-02 -4.197030434334055871e-01 -6.565738418571553439e+02 -6.690159620134224951e+02 -3.832042417670964429e-01 -6.659517993840472627e+02 2.905056929070390370e-01 2.905056929070390370e-01 1.338031924026844990e+03 4.091643984945228518e-01 4.852090997786789317e-01 -2.146147201541971168e-07 -2.045948416403371994e-01 -1.787872112467309312e-04 -2.045821992472724449e-01 -4.957071883558014039e-04
2.757452789255858058e-02 -4.120324691037515197e-01 -6.750258447986445844e+02 -6.883136541562284947e+02 -3.762011437606782027e-01 -6.850861119783191953e+02 2.851987060987863920e-01 2.851987060987863920e-01 1.376627308312456989e+03 4.209221398204437414e-01 4.763459762916063545e-01 -2.109994912600519824e-07 -2.104734808583341443e-01 -1.888783666843987092e-04 -2.104610699102267002e-01 -5.107133729063752540e-04
2.820620518902283019e-02 -4.045890139037470745e-01 -6.931366160269844841e+02 -7.072810766917103820e+02 -3.694054178392692234e-01 -7.038890344754171338e+02 2.800486072652709768e-01 2.800486072652709768e-01 1.414562153383420764e+03 4.324761675036585262e-01 4.677447793063523318e-01 -2.074986402354767890e-07 -2.162502701072386846e-01 -1.989937539558377956e-04 -2.162380837518262100e-01 -5.254902011795912001e-04
2.883286349439494883e-02 -3.973601087813123378e-01 -7.109236192491492830e+02 -7.259344841274340752e+02 -3.628055380139829644e-01 -7.223769796535185606e+02 2.750469715555944883e-01 2.750469715555944883e-01 1.451868968254868150e+03 4.438367826869178412e-01 4.593915413483149468e-01 -2.040834337960460083e-07 -2.219303596025705427e-01 -2.091281304382853839e-04 -2.219183913434565059e-01 -5.400486544665591840e-04
2.945506634967956505e-02 -3.903380579183875487e-01 -7.284123410949870276e+02 -7.442971086195182124e+02 -3.563944999375410760e-01 -7.405734869219566008e+02 2.701883717651834549e-01 2.701883717651834549e-01 1.488594217239036425e+03 4.550183534288840259e-01 4.512771597185910033e-01 -2.007489777194991561e-07 -2.275209331307601335e-01 -2.192692502887226265e-04 -2.275091767144427068e-01 -5.544032873600827482e-04
3.007335900537832368e-02 -3.835123654600182674e-01 -7.456220230112284071e+02 -7.623866725016437158e+02 -3.501627184226450695e-01 -7.584964820892815851e+02 2.654655577477607054e-01 2.654655577477607054e-01 1.524773345003287432e+03 4.660318966522830064e-01 4.433895309696356257e-01 -1.975177725813434368e-07 -2.330274988378408796e-01 -2.293951293030977107e-04 -2.330159483261423914e-01 -5.685633225068603127e-04
3.068826427439674820e-02 -3.768759407740392420e-01 -7.625777299084196557e+02 -7.802260150635391938e+02 -3.441037144657613234e-01 -7.761691079301957643e+02 2.608736275698186335e-01 2.608736275698186335e-01 1.560452030127078388e+03 4.768916324665729567e-01 4.357204714613097662e-01 -1.943246589445898262e-07 -2.384571665681326502e-01 -2.394516325940798023e-04 -2.384458162332868947e-01 -5.825366977862871196e-04
3.130028032929518117e-02 -3.704192083440109862e-01 -7.792971486204875191e+02 -7.978316549570959069e+02 -3.382087562829663718e-01 -7.936080346019481340e+02 2.564059284852456821e-01 2.564059284852456821e-01 1.595663309914191814e+03 4.876077624879906480e-01 4.282588590523356276e-01 -1.912516879195595349e-07 -2.438150368347886676e-01 -2.494516382076058299e-04 -2.438038812439950742e-01 -5.963370693970896979e-04
3.190987985001165345e-02 -3.641363895775862058e-01 -7.958058957864449212e+02 -8.152267254400737784e+02 -3.324725401013375881e-01 -8.108367380371673789e+02 2.520586045933286279e-01 2.520586045933286279e-01 1.630453450880147557e+03 4.981948597858191219e-01 4.209983082387658837e-01 -1.882162686935142760e-07 -2.491083960112819295e-01 -2.593722557179792450e-04 -2.490974298929093111e-01 -6.099775878860390485e-04
3.251751008821208988e-02 -3.580206348774185310e-01 -8.121233201136243451e+02 -8.324293332502079465e+02 -3.268888815963442718e-01 -8.278734851163653730e+02 2.478265560008952040e-01 2.478265560008952040e-01 1.664858666500415893e+03 5.086637382353769166e-01 4.139301656331479951e-01 -1.852649969094173444e-07 -2.543426507963051919e-01 -2.691776901554812141e-04 -2.543318691176884028e-01 -6.234651176645632275e-04
3.312359353540033496e-02 -3.520668710537416812e-01 -8.282752041584089966e+02 -8.494624293377913773e+02 -3.214530687692958577e-01 -8.447416234036292053e+02 2.437066750140420568e-01 2.437066750140420568e-01 1.698924858675582755e+03 5.190291885126903093e-01 4.070493941200485355e-01 -1.823378131518272788e-07 -2.595251964129736133e-01 -2.788348959907438322e-04 -2.595145942563452102e-01 -6.368114968818734678e-04
3.372852897181578824e-02 -3.462683135068030382e-01 -8.442783268451941012e+02 -8.663417366287379764e+02 -3.161589589052937188e-01 -8.614570114246421326e+02 2.396940326660655651e-01 2.396940326660655374e-01 1.732683473257475953e+03 5.293006702874829550e-01 4.003476716834309390e-01 -1.795375607983135392e-07 -2.646607624659378377e-01 -2.883619428702611956e-04 -2.646503351437415330e-01 -6.500303301592952028e-04
3.433269273909970304e-02 -3.406212814498348340e-01 -8.601582496196832608e+02 -8.830901631968488346e+02 -3.110031579413120029e-01 -8.780429264948072614e+02 2.357862185291918766e-01 2.357862185291918766e-01 1.766180326393697669e+03 5.394926492045249988e-01 3.938210262039842924e-01 -1.767322600733745607e-07 -2.697565816838626285e-01 -2.976782109906231984e-04 -2.697463246022625549e-01 -6.631257618082909066e-04
3.493644012762344570e-02 -3.351200192690724222e-01 -8.759320479285369174e+02 -8.997234281343379507e+02 -3.059804491548632210e-01 -8.945152695667945864e+02 2.319790954190640020e-01 2.319790954190640020e-01 1.799446856268675901e+03 5.496146810709073849e-01 3.874624876770537130e-01 -1.740348679601310134e-07 -2.748174317769996322e-01 -3.068213777120503121e-04 -2.748073405354536924e-01 -6.761145236984310953e-04
3.554010680389238508e-02 -3.297605253944346781e-01 -8.916224427017407379e+02 -9.162618630846767473e+02 -3.010871255233381616e-01 -9.108947052848930070e+02 2.282701390240967909e-01 2.282701390240967909e-01 1.832523726169353495e+03 5.596797838061883246e-01 3.812679344102772871e-01 -1.713984161940079840e-07 -2.798498216109723269e-01 -3.157175070154322151e-04 -2.798398919030941623e-01 -6.890001333759287333e-04
3.614401022812751413e-02 -3.245399807885479548e-01 -9.072516877677713865e+02 -9.327258380502989894e+02 -2.963206937060123281e-01 -9.272018587515473200e+02 2.246570204045304220e-01 2.246570204045304220e-01 1.865451676100597979e+03 5.697000950664787844e-01 3.752333320038988562e-01 -1.687980812906900639e-07 -2.848598198894528588e-01 -3.243916698922468087e-04 -2.848500475332393367e-01 -7.018003355072019184e-04
3.674845102965308002e-02 -3.194534516821358472e-01 -9.228388945317342404e+02 -9.491321885479428602e+02 -2.916765556963436534e-01 -9.434538870276152238e+02 2.211367726582489646e-01 2.211367726582489646e-01 1.898264377095885720e+03 5.796867799693582457e-01 3.693538962981017248e-01 -1.662501865940543644e-07 -2.898530090678954618e-01 -3.327648003940404751e-04 -2.898433899846791229e-01 -7.145157392611378592e-04
3.735371432005984288e-02 -3.144977356602194907e-01 -9.384028922823868015e+02 -9.654979940819214335e+02 -2.871518857623791554e-01 -9.596681097252730979e+02 2.177067196442614982e-01 2.177067196442614982e-01 1.930995988163842867e+03 5.896497918844424424e-01 3.636249815594956858e-01 -1.637559630634228878e-07 -2.948343656864604867e-01 -3.408794131075144375e-04 -2.948248959422212767e-01 -7.271642743283813874e-04
3.796007093272071864e-02 -3.096709082894934517e-01 -9.539702763976860069e+02 -9.818471535573839901e+02 -2.827448432440244908e-01 -9.758687999329348486e+02 2.143659245160161042e-01 2.143659245160161042e-01 1.963694307114767980e+03 5.996046268711843208e-01 3.580451743738206627e-01 -1.613057502551451652e-07 -2.998116377577535463e-01 -3.486467535343953992e-04 -2.998023134355921604e-01 -7.397500132475635926e-04
3.856777858316505492e-02 -3.049690195605104792e-01 -9.695573289990489911e+02 -9.981944339759355671e+02 -2.784518634912405699e-01 -9.920709325967370660e+02 2.111114631701279110e-01 2.111114631701279110e-01 1.996388867951871134e+03 6.095601829644707870e-01 3.526095177944876258e-01 -1.589134220182696376e-07 -3.047892741594261379e-01 -3.560779150748020106e-04 -3.047800914822353935e-01 -7.522848441168079013e-04
3.917708294883606029e-02 -3.003896271322438194e-01 -9.851864525334967766e+02 -1.014559657572921878e+03 -2.742707040513279182e-01 -1.008294693230286043e+03 2.079417157307093811e-01 2.079417157307093811e-01 2.029119315145843757e+03 6.195289622419440922e-01 3.473153327717962147e-01 -1.565590114870289423e-07 -3.097735258623000032e-01 -3.631554593780279556e-04 -3.097644811209720461e-01 -7.647803878533400001e-04
3.978821866941701507e-02 -2.959303529125156262e-01 -1.000878818805751052e+03 -1.030961982364730375e+03 -2.701992040538309103e-01 -1.024559517047978488e+03 2.048549800609527904e-01 2.048549800609527904e-01 2.061923964729460749e+03 6.295228005851821740e-01 3.421597553328720176e-01 -1.542689803661501053e-07 -3.147703107308781889e-01 -3.698395828095661858e-04 -3.147614002925910870e-01 -7.772440628067762329e-04
4.040141027061412010e-02 -2.915872456690024594e-01 -1.016649943735660486e+03 -1.047415233407603637e+03 -2.662337470498456482e-01 -1.040879465729454751e+03 2.018485856462787775e-01 2.018485856462787775e-01 2.094830466815207274e+03 6.395504333751449444e-01 3.371383486344627922e-01 -1.520122144942633457e-07 -3.197839963397813845e-01 -3.761387568831462552e-04 -3.197752166875724722e-01 -7.896871659416859193e-04
4.101687301531463381e-02 -2.873598906334052794e-01 -1.032527563365597189e+03 -1.063944400374822635e+03 -2.623739623377269181e-01 -1.057279908944285125e+03 1.989221736909144445e-01 1.989221736909144445e-01 2.127888800749645270e+03 6.496273142631511233e-01 3.322504878324142319e-01 -1.498247246341716200e-07 -3.248223094999222460e-01 -3.819472020627586091e-04 -3.248136571315755616e-01 -8.021111019965441232e-04
4.163481368660330861e-02 -2.832446273025386874e-01 -1.048527659570175501e+03 -1.080563797209197674e+03 -2.586164968828700284e-01 -1.073775392888824172e+03 1.960733201067290932e-01 1.960733201067290932e-01 2.161127594418395347e+03 6.597625580463964967e-01 3.274921630642332326e-01 -1.476440665320393370e-07 -3.298898075022476672e-01 -3.873583999853398531e-04 -3.298812790231982484e-01 -8.145406857497302115e-04
4.225543130736413716e-02 -2.792393642640182971e-01 -1.064670306674478979e+03 -1.097291612942664187e+03 -2.549594648092434745e-01 -1.090384365668568762e+03 1.933004382109498320e-01 1.933004382109498320e-01 2.194583225885328375e+03 6.699672302394583667e-01 3.228606724950155438e-01 -1.455159346196512833e-07 -3.349920230307276703e-01 -3.922923096264513540e-04 -3.349836151197291834e-01 -8.269762594753516782e-04
4.287891780122469326e-02 -2.753419805652256858e-01 -1.080977102682099030e+03 -1.114147252587528328e+03 -2.514009011271218230e-01 -1.107126536666669381e+03 1.906022062107495252e-01 1.906022062107495252e-01 2.228294505175056656e+03 6.802537071745322628e-01 3.183538638390611131e-01 -1.434575048671986980e-07 -3.401351442010728254e-01 -3.967183133327113450e-04 -3.401268535872661314e-01 -8.394272748884864426e-04
4.350545859948799082e-02 -2.715500776429587426e-01 -1.097466339797631463e+03 -1.131147329815178637e+03 -2.479386448435139390e-01 -1.124018749492355937e+03 1.879768390803872036e-01 1.879768390803872036e-01 2.262294659630357273e+03 6.906320734288314833e-01 3.139687073395506789e-01 -1.414354887840673161e-07 -3.453242132148316990e-01 -4.006582687038868031e-04 -3.453160367144157417e-01 -8.519086324345183456e-04
4.413523319849715215e-02 -2.678610630891286037e-01 -1.114156583715577199e+03 -1.148308751720461260e+03 -2.445703046705445249e-01 -1.141078137607488543e+03 1.854226641255374008e-01 1.854226641255374008e-01 2.296617503440922519e+03 7.011130922165310642e-01 3.097024554759033599e-01 -1.394145204016368852e-07 -3.505646116126563960e-01 -4.040721299447523900e-04 -3.505565461082655321e-01 -8.644264847720717218e-04
4.476841567162523350e-02 -2.642727685456303099e-01 -1.131066686214489209e+03 -1.165648594490221740e+03 -2.412939203276093236e-01 -1.158322021291617148e+03 1.829380900139252752e-01 1.829380900139252752e-01 2.331297188980443480e+03 7.117072010153133732e-01 3.055524156948525305e-01 -1.374927885834196952e-07 -3.558615580584806870e-01 -4.069489015654045470e-04 -3.558536005076566866e-01 -8.769910828420075929e-04
4.540517513980319581e-02 -2.607836437267486707e-01 -1.148218924567696149e+03 -1.183187409988236141e+03 -2.381080642195812780e-01 -1.175771182806627394e+03 1.805220987388554132e-01 1.805220987388554132e-01 2.366374819976472281e+03 7.224272745329223255e-01 3.015169089210978370e-01 -1.355864198217797900e-07 -3.612214898655033424e-01 -4.092344982958189058e-04 -3.612136372664611628e-01 -8.896088351614220725e-04
4.604567620420984414e-02 -2.573896367663379148e-01 -1.165622878341806654e+03 -1.200934129371199560e+03 -2.350090446137906020e-01 -1.193434637811085622e+03 1.781718935852220353e-01 1.781718935852220353e-01 2.401868258742399121e+03 7.332788475329736766e-01 2.975912646893068558e-01 -1.337223385731586806e-07 -3.666471742876886708e-01 -4.110312447921192079e-04 -3.666394237664868383e-01 -9.023018205633533692e-04
4.669007934445994212e-02 -2.540891638208643832e-01 -1.183299610753306979e+03 -1.218908242230026872e+03 -2.319954051687689311e-01 -1.211332084744760550e+03 1.758863997279969393e-01 1.758863997279969393e-01 2.437816484460053744e+03 7.442740728759722479e-01 2.937736974723000327e-01 -1.318716283213403766e-07 -3.721446877138102627e-01 -4.122160218499458149e-04 -3.721370364379861240e-01 -9.150649981389152084e-04
4.733854128534885353e-02 -2.508804588291987936e-01 -1.201268969959335891e+03 -1.237127469136682066e+03 -2.290655596651893222e-01 -1.229481541369358865e+03 1.736642912691756802e-01 1.736642912691756802e-01 2.474254938273364132e+03 7.554237519734348094e-01 2.900619520563073039e-01 -1.301069108054415974e-07 -3.777194307827122510e-01 -4.128462760502367304e-04 -3.777118759867174047e-01 -9.279195665769988900e-04
4.799121533494738606e-02 -2.477591039357810720e-01 -1.219536360168713827e+03 -1.255598290499925270e+03 -2.262154480739582141e-01 -1.247889311233971739e+03 1.715026447462069670e-01 1.715026447462069670e-01 2.511196580999850539e+03 7.667320699281874319e-01 2.864511965547598127e-01 -1.283560477187816503e-07 -3.833734959251693941e-01 -4.128901862390729500e-04 -3.833660349640937159e-01 -9.408654182030851566e-04
4.864825169659278692e-02 -2.447237177726144519e-01 -1.238122958861992856e+03 -1.274340131558445364e+03 -2.234438111580728803e-01 -1.266575056042946926e+03 1.694005065750685268e-01 1.694005065750685268e-01 2.548680263116890728e+03 7.782111082604371566e-01 2.829398386340116756e-01 -1.266442946638189929e-07 -3.891129238582045069e-01 -4.123582666588060234e-04 -3.891055541302185783e-01 -9.539179951380558162e-04
4.930979775709172508e-02 -2.417720055957632286e-01 -1.257042484510855047e+03 -1.293366524601546189e+03 -2.207485931162137260e-01 -1.285552313510862859e+03 1.673561035936084185e-01 1.673561035936084185e-01 2.586733049203092378e+03 7.898686872102277379e-01 2.795248459445076050e-01 -1.249747846188630531e-07 -3.949416246133947150e-01 -4.112717086538026853e-04 -3.949343436051138689e-01 -9.670895051965964400e-04
4.997599835323862649e-02 -2.389003170998062475e-01 -1.276304262829089339e+03 -1.312686340046840542e+03 -2.181264137330456987e-01 -1.304830008926247956e+03 1.653671414422843433e-01 1.653671414422843433e-01 2.625372680093681083e+03 8.017108887131624284e-01 2.762024748469121826e-01 -1.233313297712064619e-07 -4.008626390713670995e-01 -4.095711838437094744e-04 -4.008554443565812142e-01 -9.803777783290521918e-04
5.064699601855838368e-02 -2.361043476262227325e-01 -1.295908231381023825e+03 -1.332301507223259478e+03 -2.155733695019558527e-01 -1.324409761591315828e+03 1.634305438459514592e-01 1.634305438459514592e-01 2.664603014446518955e+03 8.137384292535136954e-01 2.729675486875031698e-01 -1.217263170585263761e-07 -4.068763253302254412e-01 -4.073663074742126379e-04 -4.068692146267568477e-01 -9.938005036620920461e-04
5.132293121200452723e-02 -2.333831638369644468e-01 -1.315876277437451336e+03 -1.352232186615639421e+03 -2.130886003495276459e-01 -1.344311963267588453e+03 1.615456957755293244e-01 1.615456957755293244e-01 2.704464373231278842e+03 8.259639199787680575e-01 2.698190524476483110e-01 -1.201633303417253788e-07 -4.129889889397028724e-01 -4.046015318357339108e-04 -4.129819599893840287e-01 -1.007363560921091528e-03
5.200394253018263135e-02 -2.307329496038722783e-01 -1.336210460468615565e+03 -1.372482144177933151e+03 -2.106686251929507925e-01 -1.364540110661646168e+03 1.597099579345168385e-01 1.597099579345168385e-01 2.744964288355866302e+03 8.383894990610372133e-01 2.667525778241834344e-01 -1.186190050199318266e-07 -4.192016988686311230e-01 -4.013205059704887459e-04 -4.191947495305186067e-01 -1.021076116350889962e-03
5.269016690452154456e-02 -2.281500137309828702e-01 -1.356913458281565454e+03 -1.393055156462173954e+03 -2.083100580919417522e-01 -1.385097804640558934e+03 1.579208657934184912e-01 1.579208657934184912e-01 2.786110312924347909e+03 8.510176423032624893e-01 2.637640422617201774e-01 -1.171226682787396793e-07 -4.255156929143053546e-01 -3.975427776260155241e-04 -4.255088211516312446e-01 -1.034944013181341967e-03
5.338173978468241376e-02 -2.256317555731170432e-01 -1.377990095409540800e+03 -1.413957251100637905e+03 -2.060105804042882960e-01 -1.405990877205821107e+03 1.561763526300245231e-01 1.561763526300245231e-01 2.827914502201275809e+03 8.638511150401756433e-01 2.608498919930939408e-01 -1.156482293840092832e-07 -4.319323536385566431e-01 -3.933093333131669413e-04 -4.319255575200878217e-01 -1.048976712753758866e-03
5.407879530937485107e-02 -2.231742001547707688e-01 -1.399439511455655520e+03 -1.435189802176066678e+03 -2.037665106588559538e-01 -1.427220356001354958e+03 1.544739429467794356e-01 1.544739429467794356e-01 2.870379604352133356e+03 8.768913697054074863e-01 2.580060964070860496e-01 -1.142102169533217163e-07 -4.384524071627163289e-01 -3.886562003149206029e-04 -4.384456848527037431e-01 -1.063181432144500588e-03
5.478146646564103356e-02 -2.207739210824140319e-01 -1.421259732303406963e+03 -1.456753094907882314e+03 -2.015747330522257852e-01 -1.448786177835726676e+03 1.528112049679085649e-01 1.528112049679085649e-01 2.913506189815764628e+03 8.901381857173279455e-01 2.552285709191592922e-01 -1.127973402481326407e-07 -4.450757430866351672e-01 -3.835835442079269355e-04 -4.450690928586639727e-01 -1.077557941804539341e-03
5.548988523756994556e-02 -2.184278832703427931e-01 -1.443450415131514546e+03 -1.478648667542493286e+03 -1.994324864239817030e-01 -1.470689588640707825e+03 1.511859996905961512e-01 1.511859996905961512e-01 2.957297335084986571e+03 9.035921978658180143e-01 2.525137278278322683e-01 -1.114237808424334806e-07 -4.518026787085654972e-01 -3.781313266848562249e-04 -4.517960989329090071e-01 -1.092113115275937258e-03
5.620418274531555070e-02 -2.161315140872192564e-01 -1.465998308800743644e+03 -1.500867280453944659e+03 -1.973355905304277624e-01 -1.492920746931313488e+03 1.495952095873338827e-01 1.495952095873338827e-01 3.001734560907889318e+03 9.172475001794651028e-01 2.498563771522950006e-01 -1.100772286735807367e-07 -4.586302609066621461e-01 -3.723843933191186119e-04 -4.586237500897325514e-01 -1.106853257144977927e-03
5.692448937521224495e-02 -2.138815011945910116e-01 -1.488896805807303735e+03 -1.523405492835571977e+03 -1.952810252800538937e-01 -1.515475730159794921e+03 1.480365321696959779e-01 1.480365321696959779e-01 3.046810985671143953e+03 9.311016500217720315e-01 2.472526689512820619e-01 -1.087557794248386030e-07 -4.655572682603794643e-01 -3.663899775095879816e-04 -4.655508250108860158e-01 -1.121782837026978532e-03
5.765093490170870860e-02 -2.116743365681053868e-01 -1.512135873356697630e+03 -1.546256905484716299e+03 -1.932655883040125533e-01 -1.538347590578493055e+03 1.465075372895676964e-01 1.465075372895676964e-01 3.092513810969432598e+03 9.451503679689576831e-01 2.446985435337169501e-01 -1.074646240151405178e-07 -4.725815609519134486e-01 -3.601531346073107501e-04 -4.725751839844788416e-01 -1.136897738481733007e-03
5.838364860177600035e-02 -2.095053647150732223e-01 -1.535694753679440510e+03 -1.569405112341341692e+03 -1.912850275423049473e-01 -1.561519280178609733e+03 1.450050359230954100e-01 1.450050359230954100e-01 3.138810224682683383e+03 9.593832914974033121e-01 2.421886858776044205e-01 -1.061868910134135193e-07 -4.796979575787024830e-01 -3.537990957231713245e-04 -4.796916457487016561e-01 -1.152205376351215279e-03
5.912275936238653440e-02 -2.073716045600517976e-01 -1.559562072917409523e+03 -1.592843167099109905e+03 -1.893366237557567722e-01 -1.584983182785875442e+03 1.435269526396335538e-01 1.435269526396335538e-01 3.185686334198219811e+03 9.737957009971264233e-01 2.397196249426746806e-01 -1.049376913437611885e-07 -4.869040982447244148e-01 -3.473441827512827756e-04 -4.868978504985632116e-01 -1.167702863377275985e-03
5.986839578160737391e-02 -2.052687297821254031e-01 -1.583712885942923549e+03 -1.616552157017767968e+03 -1.874164314282212584e-01 -1.608719489210757501e+03 1.420702923685064623e-01 1.420702923685064623e-01 3.233104314035535936e+03 9.883754172811491934e-01 2.372863569762362623e-01 -1.037128846861370799e-07 -4.941938932230164339e-01 -3.409129108153094770e-04 -4.941877086405745967e-01 -1.183395425288944099e-03
6.062068626380308356e-02 -2.031932352284517018e-01 -1.608126829251403024e+03 -1.640516816526967204e+03 -1.855212494103472276e-01 -1.632712175069699242e+03 1.406326384160814791e-01 1.406326384160814791e-01 3.281033633053934409e+03 1.003112632706571361e+00 2.348848488883323871e-01 -1.025207898663225982e-07 -5.015624385867150092e-01 -3.345528583725032893e-04 -5.015563163532856805e-01 -1.199279163551866421e-03
6.137975910939968971e-02 -2.011406118664969267e-01 -1.632772657050491262e+03 -1.664711324139234193e+03 -1.836469582202999440e-01 -1.656934627928690361e+03 1.392108877113698850e-01 1.392108877113698850e-01 3.329422648278468387e+03 1.017991075011179136e+00 2.325099244174497204e-01 -1.013389937262106517e-07 -5.090015980698937570e-01 -3.283088675463022407e-04 -5.089955375055895681e-01 -1.215342359301458709e-03
6.214574259962199476e-02 -1.991075385680397269e-01 -1.657624102868639511e+03 -1.689116565042198090e+03 -1.817905292870092004e-01 -1.681366664520956874e+03 1.378027404402986933e-01 1.378027404402986933e-01 3.378233130084396180e+03 1.032998341232873152e+00 2.301577410859881601e-01 -1.001761524176782117e-07 -5.165051700889281561e-01 -3.223054973419105999e-04 -5.164991706164365759e-01 -1.231589990598273062e-03
6.291876507658061835e-02 -1.970900793916765814e-01 -1.682648008394973203e+03 -1.713705405542030576e+03 -1.799483695283164986e-01 -1.705980270020029593e+03 1.364054765745000286e-01 1.364054765745000286e-01 3.427410811084061152e+03 1.048117245198234349e+00 2.278237571162468056e-01 -9.903176931012145201e-08 -5.240645614379585426e-01 -3.166152234728511895e-04 -5.240586225991171743e-01 -1.248013546528146597e-03
6.369895501905289970e-02 -1.950847218157611973e-01 -1.707810759152332366e+03 -1.738451443896992942e+03 -1.781172730782436542e-01 -1.730747977338040982e+03 1.350166717187024634e-01 1.350166717187024634e-01 3.476902887793985883e+03 1.063330947558761119e+00 2.255039251915544052e-01 -9.790557788672565646e-08 -5.316713523358053139e-01 -3.113497486670743970e-04 -5.316654737793805596e-01 -1.264610949929993820e-03
6.448644111427248582e-02 -1.930875135094635708e-01 -1.733071659037183963e+03 -1.763321490158790311e+03 -1.762936274475069010e-01 -1.755635497654923029e+03 1.336336136787278916e-01 1.336336136787278916e-01 3.526642980317580623e+03 1.078618501111596739e+00 2.231937240536948364e-01 -9.679581594792257103e-08 -5.393150690636543398e-01 -3.065748187448312056e-04 -5.393092505557983696e-01 -1.281368351509619115e-03
6.528135232601571525e-02 -1.910951585507979500e-01 -1.758392025966378924e+03 -1.788283634326504398e+03 -1.744744368035225923e-01 -1.780609932938306656e+03 1.322539596181297461e-01 1.322539596181297461e-01 3.576567268653008796e+03 1.093959426307244298e+00 2.208892169948576956e-01 -9.569558332003327543e-08 -5.469854717408265676e-01 -3.023788098413412420e-04 -5.469797131536221491e-01 -1.298275918089795153e-03
6.608381795924880842e-02 -1.891044884458707998e-01 -1.783731391928780340e+03 -1.813306011624880739e+03 -1.726567960083881248e-01 -1.805638148328536317e+03 1.308755873691436755e-01 1.308755873691436755e-01 3.626612023249761478e+03 1.109333702766396090e+00 2.185868859701855793e-01 -9.461081395224947007e-08 -5.546725500875803183e-01 -2.988717396933863817e-04 -5.546668513831980452e-01 -1.315327674080095594e-03
6.689396772157822635e-02 -1.871119085312665797e-01 -1.809041874094564264e+03 -1.838348242846755966e+03 -1.708374246279447672e-01 -1.830678678482421674e+03 1.294960088659602160e-01 1.294960088659602160e-01 3.676696485693511931e+03 1.124715877549058662e+00 2.162825749627955985e-01 -9.353133154310156634e-08 -5.623635775245183765e-01 -2.961643297697610509e-04 -5.623579387745293312e-01 -1.332511535974657650e-03
6.771193178172607574e-02 -1.851146880450989241e-01 -1.834278861276432053e+03 -1.863374178397322567e+03 -1.690138400389546991e-01 -1.855694132891261461e+03 1.281132819881240503e-01 1.281132819881240503e-01 3.726748356794645133e+03 1.140082744478351895e+00 2.139730203934921970e-01 -9.248090520919596768e-08 -5.700469508758290171e-01 -2.943365868805210912e-04 -5.700413722391759475e-01 -1.349813263201555006e-03
6.853784082523488308e-02 -1.831102302739982535e-01 -1.859399335687304756e+03 -1.888346978292286394e+03 -1.671836613783210523e-01 -1.880646783519444853e+03 1.267256616176488382e-01 1.267256616176488382e-01 3.776693956584572788e+03 1.155411403533611603e+00 2.116553272475303893e-01 -9.142526680542622418e-08 -5.777112200575801326e-01 -2.934689619140508701e-04 -5.777057017668058014e-01 -1.367219034224135491e-03
6.937182610758925450e-02 -1.810954256787923322e-01 -1.884348057792400596e+03 -1.913221062117327165e+03 -1.653440487182904484e-01 -1.905489640828072197e+03 1.253310002130582912e-01 1.253310002130582912e-01 3.826442124234654329e+03 1.170673039950040240e+00 2.093259104293758999e-01 -9.037849845293388517e-08 -5.853419775940749137e-01 -2.936392085940024753e-04 -5.853365199750201198e-01 -1.384707846226134083e-03
7.021401950492707489e-02 -1.790684802046653423e-01 -1.909081937728481989e+03 -1.937959864385470837e+03 -1.634933742542654389e-01 -1.930185197440640195e+03 1.239280097154713961e-01 1.239280097154713961e-01 3.875919728770941674e+03 1.185844390776413571e+00 2.069826007767909537e-01 -8.934743150626804663e-08 -5.929275919505653247e-01 -2.949654817984775847e-04 -5.929221953882067853e-01 -1.402271263363830600e-03
7.106455356249911925e-02 -1.770271312260963403e-01 -1.933549664553813955e+03 -1.962520308666387791e+03 -1.616295663455378229e-01 -1.954689182876930545e+03 1.225151537122829704e-01 1.225151537122829704e-01 3.925040617332775582e+03 1.200898437946277930e+00 2.046228433793285395e-01 -8.831603283740880517e-08 -6.004545540283975358e-01 -2.975347594008079309e-04 -6.004492189731389651e-01 -1.419891758110929667e-03
7.192356154102377830e-02 -1.749695068124100528e-01 -1.957701773430358344e+03 -1.986859786974854615e+03 -1.597509136987286249e-01 -1.978958006441616590e+03 1.210911409146868262e-01 1.210911409146868262e-01 3.973719573949709229e+03 1.215808460222130627e+00 2.022444834873251551e-01 -8.729498143461196903e-08 -6.079095031537223859e-01 -3.013865339234208878e-04 -6.079042301110653135e-01 -1.437544832743760902e-03
7.279117746107181819e-02 -1.728944207457477900e-01 -1.981493947349838891e+03 -2.010940458360869343e+03 -1.578563328245616570e-01 -2.002952894927290345e+03 1.196551532700029785e-01 1.196551532700029785e-01 4.021880916721738686e+03 1.230550686425003537e+00 1.998461558714085817e-01 -8.626540270461607101e-08 -6.152805537014924830e-01 -3.066179733059622701e-04 -6.152753432125017685e-01 -1.455218242382372946e-03
7.366753614560611618e-02 -1.708008967229735775e-01 -2.004881587276709297e+03 -2.034723802905231878e+03 -1.559449388183199170e-01 -2.026634458448270607e+03 1.182064819665436806e-01 1.182064819665436806e-01 4.069447605810463756e+03 1.245100756036259915e+00 1.974266641378787934e-01 -8.525380556245371069e-08 -6.225555253799135436e-01 -3.133239220244595576e-04 -6.225503780181299573e-01 -1.472898709211787650e-03
7.455277326079179367e-02 -1.686879515447657074e-01 -2.027819388375676226e+03 -2.058169824341917320e+03 -1.540158240131822287e-01 -2.049961951963422507e+03 1.167444791305428248e-01 1.167444791305428248e-01 4.116339648683834639e+03 1.259433873084911948e+00 1.949849394601268493e-01 -8.423522435524326706e-08 -6.297220201793627403e-01 -3.214601054688425645e-04 -6.297169365424559739e-01 -1.490551047675497563e-03
7.544702535518335584e-02 -1.665553461433577076e-01 -2.050268091414891387e+03 -2.081244319571671440e+03 -1.520687760501781838e-01 -2.072900452522676005e+03 1.152689560167117072e-01 1.152689560167117072e-01 4.162488639143342880e+03 1.273528471303071452e+00 1.925206574397976267e-01 -8.322211062330377016e-08 -6.367692549555923343e-01 -3.311780574421984650e-04 -6.367642356515357260e-01 -1.508173902159806084e-03
7.635042989738796693e-02 -1.644031537747986105e-01 -2.072192377693097569e+03 -2.103915250820451547e+03 -1.501038594513544877e-01 -2.095417472145475131e+03 1.137799510632327149e-01 1.137799510632327149e-01 4.207830501640903094e+03 1.287364563723967459e+00 1.900338788265716061e-01 -8.221190673850316999e-08 -6.436872362296126582e-01 -3.423783342861335581e-04 -6.436822818619837294e-01 -1.525729098662341725e-03
7.726312531229631575e-02 -1.622317997693700775e-01 -2.093560204466163214e+03 -2.126154024067600403e+03 -1.481214630969019119e-01 -2.117483934852113634e+03 1.122777588195650600e-01 1.122777588195650600e-01 4.252308048135200806e+03 1.300924313854370462e+00 1.875250955014702847e-01 -8.120799662526153067e-08 -6.504670457672130368e-01 -3.551822131390717694e-04 -6.504621569271852310e-01 -1.543214893058973778e-03
7.818525101596661420e-02 -1.600420435422159060e-01 -2.114345140488285779e+03 -2.147935292304456198e+03 -1.461222756140278245e-01 -2.139074370203359194e+03 1.107629125861992747e-01 1.107629125861992747e-01 4.295870584608912395e+03 1.314192168934326332e+00 1.849952019115584101e-01 -8.019594313988443790e-08 -6.571009072142517393e-01 -3.695475799730112577e-04 -6.570960844671631662e-01 -1.560607008241968836e-03
7.911694744924047118e-02 -1.578351142925269734e-01 -2.134526711732143212e+03 -2.169238991392636763e+03 -1.441074191662306825e-01 -2.160168685401097719e+03 1.092362474198785988e-01 1.092362474198785988e-01 4.338477982785273525e+03 1.327155727074083913e+00 1.824455876320557890e-01 -7.918811778208696899e-08 -6.635826196636600560e-01 -3.854244867470322080e-04 -6.635778635370419565e-01 -1.577883566390160877e-03
8.005835611016511033e-02 -1.556127047530636298e-01 -2.154091812679553641e+03 -2.190051544105706853e+03 -1.420784395476580309e-01 -2.180753399175941013e+03 1.076989259357873929e-01 1.076989259357873929e-01 4.380103088211413706e+03 1.339806680170225306e+00 1.798781914467239007e-01 -7.817626176895480528e-08 -6.699080291149008826e-01 -4.028367902030000969e-04 -6.699033400851126530e-01 -1.595038733046113622e-03
8.100961958528996032e-02 -1.533767526132022996e-01 -2.173033013291114003e+03 -2.210363279224960479e+03 -1.400371033696472534e-01 -2.200819202037144805e+03 1.061522809486457886e-01 1.061522809486457886e-01 4.420726558449920958e+03 1.352139296975567895e+00 1.772952373345710320e-01 -7.716725987538108056e-08 -6.760742700049104936e-01 -4.216757396211449189e-04 -6.760696484877839474e-01 -1.612049213568425262e-03
8.197088157990257973e-02 -1.511297559464319928e-01 -2.191354455503218105e+03 -2.230173437512675719e+03 -1.379856906083864188e-01 -2.220366090781116327e+03 1.045980342814640807e-01 1.045980342814640807e-01 4.460346875025351437e+03 1.364153559927022474e+00 1.746995989492616530e-01 -7.615722800993709094e-08 -6.820813336282747219e-01 -4.419156769099396405e-04 -6.820767799635112372e-01 -1.628911039523122219e-03
8.294228694726363260e-02 -1.488746381389462747e-01 -2.209068534652285962e+03 -2.249489449540345049e+03 -1.359268680353578340e-01 -2.239402247740881648e+03 1.030381957635388979e-01 1.030381957635388979e-01 4.498978899080690098e+03 1.375854444337110571e+00 1.720946292586398307e-01 -7.514450381701804289e-08 -6.879317077315614259e-01 -4.633841924191087571e-04 -6.879272221685552857e-01 -1.645603369198704851e-03
8.392398171689766095e-02 -1.466142027454530594e-01 -2.226189238750242112e+03 -2.268319674233928708e+03 -1.338631944008125407e-01 -2.257936884309365269e+03 1.014747017234644971e-01 1.014747017234644971e-01 4.536639348467857417e+03 1.387247606339658157e+00 1.694835612337033670e-01 -7.413193515511486142e-08 -6.936282204669985685e-01 -4.860580881789959931e-04 -6.936238031698290785e-01 -1.662129105677008631e-03
8.491611312199247308e-02 -1.443522051079265400e-01 -2.242752338828405300e+03 -2.286689251808150857e+03 -1.317980959085927051e-01 -2.275996734558808384e+03 9.991013969491817359e-02 9.991013969491817359e-02 4.573378503616301714e+03 1.398349424216991821e+00 1.668707133925563801e-01 -7.312775225594064509e-08 -6.991790610911347015e-01 -5.097488236056710482e-04 -6.991747121084959105e-01 -1.678477972520766226e-03
8.591882962595720485e-02 -1.420922105967170335e-01 -2.258793953292006336e+03 -2.304624618613632720e+03 -1.297348260484793292e-01 -2.293609680374235722e+03 9.834696281008681318e-02 9.834696281008681318e-02 4.609249237227265439e+03 1.409176951224814234e+00 1.642601786288057641e-01 -7.212006942257854222e-08 -7.045927563411340522e-01 -5.342541686265129923e-04 -7.045884756124071169e-01 -1.694638357595078379e-03
8.693228094818622465e-02 -1.398383287917034923e-01 -2.274365193535102208e+03 -2.322165260114396006e+03 -1.276771370153770568e-01 -2.310816929679863733e+03 9.678800415520301403e-02 9.678800415520301403e-02 4.644330520228792011e+03 1.419755432322215238e+00 1.616566850671690148e-01 -7.111758309532025521e-08 -7.098819288207954825e-01 -5.594921928332262503e-04 -7.098777161611076192e-01 -1.710626539408809099e-03
8.795661808907344337e-02 -1.375950506744856860e-01 -2.289531626033754947e+03 -2.339362295928689946e+03 -1.256291255120486339e-01 -2.327671738957974867e+03 9.523636973333467204e-02 9.523636973333467204e-02 4.678724591857379892e+03 1.430117600263981048e+00 1.590654205393507437e-01 -7.011286274049698416e-08 -7.150629450454684122e-01 -5.852583319215586650e-04 -7.150588001319905240e-01 -1.726448484711113479e-03
8.899199335431944025e-02 -1.353668046513094858e-01 -2.304364842642792155e+03 -2.356271511668339826e+03 -1.235948333965932872e-01 -2.344232232036932146e+03 9.369510565872785079e-02 9.369510565872785079e-02 4.712543023336679653e+03 1.440299019501525057e+00 1.564914668107409423e-01 -6.911619963568368396e-08 -7.201535873761120143e-01 -6.112782266241280306e-04 -7.201495097507625287e-01 -1.742102676003596346e-03
9.003856037857181638e-02 -1.331580810048567931e-01 -2.318945449390173508e+03 -2.372957086805360177e+03 -1.215783534991987519e-01 -2.360565007657744445e+03 9.216733305167991441e-02 9.216733305167991441e-02 4.745914173610720354e+03 1.450340760818286112e+00 1.539400429156260741e-01 -6.812841175071424503e-08 -7.251743913439093747e-01 -6.372877765702959687e-04 -7.251703804091430561e-01 -1.757595450421707778e-03
9.109647414843714819e-02 -1.309735493664005435e-01 -2.333363696688338678e+03 -2.389491334341048514e+03 -1.195839604561946684e-01 -2.376745016813399161e+03 9.065621773390702964e-02 9.065621773390702964e-02 4.778982668682097028e+03 1.460288282861012199e+00 1.514164118391203573e-01 -6.712776096801591403e-08 -7.301480864080954758e-01 -6.631521681020292273e-04 -7.301441414305060995e-01 -1.772958076190951594e-03
9.216589102490152507e-02 -1.288184237014690092e-01 -2.347732883005559870e+03 -2.405966391272704641e+03 -1.176164045851163797e-01 -2.392867496909610054e+03 8.916539501895369424e-02 8.916539501895369424e-02 4.811932782545409282e+03 1.470200339568080494e+00 1.489266566300600225e-01 -6.614711707882856956e-08 -7.351040497008284325e-01 -6.885378124657669978e-04 -7.351001697840402471e-01 -1.788206441944487817e-03
9.324696876519521227e-02 -1.266969503213871973e-01 -2.362155058258597819e+03 -2.422464918527804912e+03 -1.156795597814773841e-01 -2.409017952614842670e+03 8.769780619440199765e-02 8.769780619440199765e-02 4.844929837055609823e+03 1.480129480798611841e+00 1.464756913906948566e-01 -6.517165486428919056e-08 -7.400685562816662344e-01 -7.132258694842540754e-04 -7.400647403993059203e-01 -1.803367000623144712e-03
9.433986654413546724e-02 -1.246135454072432452e-01 -2.376744116279911850e+03 -2.439080025226955968e+03 -1.137774593158963760e-01 -2.425292533770851151e+03 8.625648420371885561e-02 8.625648420371885561e-02 4.878160050453911936e+03 1.490134555338913147e+00 1.440685736913887571e-01 -6.419996111912903970e-08 -7.450710306770303992e-01 -7.369218452613590349e-04 -7.450672776694565735e-01 -1.818461762684787453e-03
9.544474497498087184e-02 -1.225733872215397785e-01 -2.391641490176675234e+03 -2.455928658582789922e+03 -1.119148282445532050e-01 -2.441811757313781072e+03 8.484500386128236704e-02 8.484500386128236704e-02 4.911857317165579843e+03 1.500289512630037736e+00 1.417112718979240682e-01 -6.324815582670079957e-08 -7.501484477658439953e-01 -7.592351292655287595e-04 -7.501447563150188680e-01 -1.833515230016216548e-03
9.656176612982896035e-02 -1.205799471463884637e-01 -2.406961204400606221e+03 -2.473104968164099773e+03 -1.100948338952198874e-01 -2.458672671645831542e+03 8.346577862844756224e-02 8.346577862844756224e-02 4.946209936328199547e+03 1.510654048916982628e+00 1.394078211017658053e-01 -6.230089588935967276e-08 -7.553306557761704232e-01 -7.800521514391788426e-04 -7.553270244584913140e-01 -1.848578228739070897e-03
9.769109355958922880e-02 -1.186376498888138398e-01 -2.422847231605725028e+03 -2.490729136878723239e+03 -1.083215203713772945e-01 -2.475998916641052347e+03 8.212183466056566239e-02 8.212183466056566239e-02 4.981458273757446477e+03 1.521303734751487280e+00 1.371632625887284906e-01 -6.136401421416546865e-08 -7.606554401158664991e-01 -7.990527742874960638e-04 -7.606518673757436400e-01 -1.863687958369168469e-03
9.883289231356141846e-02 -1.167497946136612230e-01 -2.439429343457895357e+03 -2.508909473441967748e+03 -1.065978950506837608e-01 -2.493901920074510144e+03 8.081546829245726815e-02 8.081546829245726815e-02 5.017818946883935496e+03 1.532307124160465550e+00 1.349814371851376371e-01 -6.044601267799239642e-08 -7.661570779005939524e-01 -8.159332986292680383e-04 -7.661535620802327751e-01 -1.878876119667777450e-03
9.998732895864990977e-02 -1.149195339081011125e-01 -2.456841420394772285e+03 -2.527759179236512864e+03 -1.049268378874562840e-01 -2.512497873271973276e+03 7.954884944483456288e-02 7.954884944483456288e-02 5.055518358473025728e+03 1.543735424798158506e+00 1.328659647447351932e-01 -5.954157889848368976e-08 -7.718711730518835745e-01 -8.304789878001411080e-04 -7.718677123990792532e-01 -1.894191143377681186e-03
1.011545715982437310e-01 -1.131493771845651364e-01 -2.475211173622333718e+03 -2.547386958635701831e+03 -1.033106369070160707e-01 -2.531898220769667660e+03 7.832372722140404364e-02 7.832372722140404364e-02 5.094773917271403661e+03 1.555657186518018875e+00 1.308197714696062997e-01 -5.865550163423302769e-08 -7.778320005737116016e-01 -8.424657340573755721e-04 -7.778285932590094376e-01 -1.909676974871867385e-03
1.023347898907916165e-01 -1.114418012379887329e-01 -2.494673749945135114e+03 -2.567907225521020337e+03 -1.017515592866122809e-01 -2.552220372609235710e+03 7.714178761617333790e-02 7.714178761617333790e-02 5.135814451042040673e+03 1.568144159463045195e+00 1.288456625543316081e-01 -5.778536640785394950e-08 -7.840754356094409294e-01 -8.517293484937383868e-04 -7.840720797315225976e-01 -1.925390444389982842e-03
1.035281550681016599e-01 -1.097977023887193038e-01 -2.515331840139442193e+03 -2.589409204086832688e+03 -1.002504139471063344e-01 -2.573555473460507073e+03 7.600369662287455308e-02 7.600369662287455308e-02 5.178818408173665375e+03 1.581252800947269055e+00 1.269447677574039590e-01 -5.692403768049788148e-08 -7.906297068476456635e-01 -8.580402700711755107e-04 -7.906264004736345274e-01 -1.941360821639962712e-03
1.047348399533943319e-01 -1.082181267743076158e-01 -2.537294992543764238e+03 -2.611988854622059080e+03 -9.880816151921033297e-02 -2.596001411224669482e+03 7.491015711461131155e-02 7.491015711461131155e-02 5.223977709244118159e+03 1.595042938616229478e+00 1.251182526683217722e-01 -5.609539095406293755e-08 -7.975247281397188637e-01 -8.612972216054641398e-04 -7.975214693081147388e-01 -1.957640976829061290e-03
1.059550189791384905e-01 -1.067029985531897096e-01 -2.560648896599348973e+03 -2.635721451432028971e+03 -9.742473623799843829e-02 -2.619634934755264567e+03 7.386111099770689692e-02 7.386111099770689692e-02 5.271442902864057942e+03 1.609561567762344048e+00 1.233660175419772354e-01 -5.526331058325074371e-08 -8.047839971274499682e-01 -8.614817064133174773e-04 -8.047807838811720238e-01 -1.974281834550466967e-03
1.071888682046991947e-01 -1.052518165114088716e-01 -2.585469164978133904e+03 -2.660675952735626197e+03 -9.609968160009217664e-02 -2.644525908556840477e+03 7.285621152221939678e-02 7.285621152221939678e-02 5.321351905471252394e+03 1.624851525458289814e+00 1.216874830055549861e-01 -5.446588810135243885e-08 -8.124289323313025335e-01 -8.584805115067025609e-04 -8.124257627291449069e-01 -1.991314988752617213e-03
1.084365653338271451e-01 -1.038631063755632300e-01 -2.611807067087495852e+03 -2.686900858895966849e+03 -9.483164831383307514e-02 -2.670723176097833402e+03 7.189447178225774615e-02 7.189447178225774615e-02 5.373801717791933697e+03 1.640943146459741708e+00 1.200810125712604842e-01 -5.368325875679428017e-08 -8.204747010854447353e-01 -8.523594225117163848e-04 -8.204715732298708541e-01 -2.008785264479223589e-03
1.096982897320192274e-01 -1.025345860362557038e-01 -2.639687772508086255e+03 -2.714423647498450919e+03 -9.361855489238643524e-02 -2.698253812371414369e+03 7.097431560836917064e-02 7.097431560836917064e-02 5.428847294996901837e+03 1.657853018437467574e+00 1.185439742731392437e-01 -5.291935615305299043e-08 -8.289295971549318631e-01 -8.431601252179994057e-04 -8.289265092187337869e-01 -2.026718071156563116e-03
1.109742224437801905e-01 -1.012637623577120061e-01 -2.669127762946927305e+03 -2.743264806434940056e+03 -9.245812883017384687e-02 -2.727137653170640533e+03 7.009401945196734596e-02 7.009401945196734596e-02 5.486529612869880111e+03 1.675593260830346543e+00 1.170734891414904194e-01 -5.217382069653971353e-08 -8.377996801813577532e-01 -8.310532216527732842e-04 -8.377966304151732713e-01 -2.045153529106167375e-03
1.122645462098158242e-01 -1.000469176010575223e-01 -2.700101232516260552e+03 -2.773410172022302504e+03 -9.134697823730264510e-02 -2.757358766359460333e+03 6.925101647760374679e-02 6.925101647760374679e-02 5.546820344044605008e+03 1.694154078778271844e+00 1.156652714791895492e-01 -5.147551096859177691e-08 -8.470800526206448966e-01 -8.161831480377053057e-04 -8.470770393891359218e-01 -2.064102652357316554e-03
1.135694454841885692e-01 -9.887951864559117732e-02 -2.732549911861767669e+03 -2.804819213886954003e+03 -9.028096294055354409e-02 -2.788873959563863991e+03 6.844220637983801370e-02 6.844220637983801370e-02 5.609638427773908006e+03 1.713509336297994068e+00 1.143141557197486502e-01 -5.081741871489556124e-08 -8.567576463438917322e-01 -7.989393357121793307e-04 -8.567546681489970339e-01 -2.083595480032738971e-03
1.148891064514669935e-01 -9.775702079529346999e-02 -2.766404585312674044e+03 -2.837441439419897961e+03 -8.925593864030023639e-02 -2.821629943727893078e+03 6.766443756586898450e-02 6.766443756586898450e-02 5.674882878839795922e+03 1.733626147814868901e+00 1.130148747537914888e-01 -5.009426144628641886e-08 -8.668160184235453869e-01 -7.795327917875259421e-04 -8.668130739074344504e-01 -2.103626837440618520e-03
1.162237170439009565e-01 -9.667372957379881393e-02 -2.801546599437738678e+03 -2.871185506095119763e+03 -8.826671002470544425e-02 -2.855531327610414792e+03 6.691377491565157765e-02 6.691377491565157765e-02 5.742371012190239526e+03 1.754445899881213577e+00 1.117608571704644116e-01 -4.940777474055246411e-08 -8.772258619612537389e-01 -7.583322132939127134e-04 -8.772229499406067887e-01 -2.124186410871143228e-03
1.175734669586552539e-01 -9.562390283937759194e-02 -2.837842427705033515e+03 -2.905947592892562170e+03 -8.730803502935233218e-02 -2.890469894160184595e+03 6.618627269714164041e-02 6.618627269714164041e-02 5.811895185785124340e+03 1.775902429541516891e+00 1.105455220228687280e-01 -4.877171040225258675e-08 -8.879540953045561569e-01 -7.358671524280489904e-04 -8.879512147707584457e-01 -2.145280005557877786e-03
1.189385476751349119e-01 -9.460112640452109090e-02 -2.875119150673535387e+03 -2.941590679986810301e+03 -8.637405745734849649e-02 -2.926303330720498252e+03 6.547751694956095714e-02 6.547751694956095714e-02 5.883181359973620602e+03 1.797908629730282648e+00 1.093615054399472569e-01 -4.811329085610391761e-08 -8.989571647262432075e-01 -7.125783700538233659e-04 -8.989543148651413240e-01 -2.166875770556542149e-03
1.203191524724363942e-01 -9.359881734215116933e-02 -2.913178363263524261e+03 -2.977955532618754660e+03 -8.545877386299285949e-02 -2.962866644175657257e+03 6.478294668624624830e-02 6.478294668624624830e-02 5.955911065237509320e+03 1.820362998972498980e+00 1.082011863109338529e-01 -4.751544171449315309e-08 -9.101843192858820597e-01 -6.890590048702484142e-04 -9.101814994862494901e-01 -2.188948859745620205e-03
1.217154764469595835e-01 -9.261011976151785341e-02 -2.951794157621898648e+03 -3.014859041064117719e+03 -8.455592174541348705e-02 -2.999970448821185528e+03 6.409785419050374744e-02 6.409785419050374744e-02 6.029718082128235437e+03 1.843149740930905667e+00 1.070567148289251480e-01 -4.690112628065359853e-08 -9.215776606086559797e-01 -6.657781687043949712e-04 -9.215748704654528334e-01 -2.211438963805111273e-03
1.231277165302159943e-01 -9.162844928865325478e-02 -2.990724488208392359e+03 -3.052105176725561705e+03 -8.365950089542899260e-02 -3.037411966599085645e+03 6.341765358238393713e-02 6.341765358238393713e-02 6.104210353451123410e+03 1.866143765470636762e+00 1.059204192873513667e-01 -4.631163017811028897e-08 -9.330746434220285046e-01 -6.434103725214374925e-04 -9.330718827353183809e-01 -2.234306762387290590e-03
1.245560715068704388e-01 -9.064687965245338264e-02 -3.029699129016663846e+03 -3.089471580802085100e+03 -8.276317889732891231e-02 -3.074961849545335554e+03 6.273762115902672964e-02 6.273762115902672964e-02 6.178943161604170200e+03 1.889205300321037839e+00 1.047844353854723437e-01 -4.571475478415231530e-08 -9.446053813848531711e-01 -6.226208065066370263e-04 -9.446026501605189196e-01 -2.257494697690121468e-03
1.260007420330530592e-01 -8.965914441174388516e-02 -3.068443978744935521e+03 -3.126732078743971215e+03 -8.186124411682403623e-02 -3.112386931331823689e+03 6.205338780486110289e-02 6.205338780486110289e-02 6.253464157487942430e+03 1.912190573707575725e+00 1.036414528018189118e-01 -4.513620143192202082e-08 -9.560979884156737274e-01 -6.039296974662426492e-04 -9.560952868537878624e-01 -2.280918326993229203e-03
1.274619306549808206e-01 -8.865883609729903470e-02 -3.106658530791472003e+03 -3.163637430182762273e+03 -8.094784714763150757e-02 -3.149430505179714601e+03 6.136053867352325025e-02 6.136053867352325025e-02 6.327274860365524546e+03 1.934942209971904248e+00 1.024841041961605526e-01 -4.456968021562713124e-08 -9.674737764908538651e-01 -5.880439607821271505e-04 -9.674711049859521239e-01 -2.304506374128393632e-03
1.289398418279278369e-01 -8.764079551832010262e-02 -3.144071238619545966e+03 -3.199960451186415867e+03 -8.001827420329880869e-02 -3.185858945953437342e+03 6.065552908653853298e-02 6.065552908653853298e-02 6.399920902372831733e+03 1.957317195804433974e+00 1.013064786591359179e-01 -4.399606996413354278e-08 -9.786612388013057329e-01 -5.753806597396032363e-04 -9.786585979022169868e-01 -2.328159379334216166e-03
1.304346819355849951e-01 -8.659994960034143874e-02 -3.180390171981203821e+03 -3.235455834578565373e+03 -7.906789959442504789e-02 -3.221420188307636181e+03 5.993483673794893635e-02 5.993483673794893635e-02 6.470911669157130746e+03 1.979160507680379544e+00 1.001026880019008775e-01 -4.343775632035710843e-08 -9.895828634279970615e-01 -5.666623721393085214e-04 -9.895802538401897719e-01 -2.351811172752454795e-03
1.319466593098510276e-01 -8.553233002527634021e-02 -3.215351322145891572e+03 -3.269900023763030276e+03 -7.809309853317987493e-02 -3.255884830383503413e+03 5.919572628773179385e-02 5.919572628773179385e-02 6.539800047526060553e+03 2.000331498673186825e+00 9.886816774220198722e-02 -4.287237720953874522e-08 -1.000168326788720696e+00 -5.622392266626200646e-04 -1.000165749336593413e+00 -2.375354707589855726e-03
1.334759842510973848e-01 -8.443488393132511649e-02 -3.248711345164361774e+03 -3.303085006566865559e+03 -7.709108806461387187e-02 -3.289039776528867606e+03 5.843606699802694066e-02 5.843606699802694066e-02 6.606170013133731118e+03 2.020698993310525271e+00 9.759935214371553980e-02 -4.234719807835971828e-08 -1.010352041053051986e+00 -5.625251088529989061e-04 -1.010349496655262636e+00 -2.398703586705448407e-03
1.350228690489515548e-01 -8.330543367594628323e-02 -3.280254649508384318e+03 -3.334824429652638173e+03 -7.605987279532371026e-02 -3.320694491076085342e+03 5.765438902235257845e-02 5.765438902235257845e-02 6.669648859305276346e+03 2.040146761049453694e+00 9.629380036239167107e-02 -4.177624265838553528e-08 -1.020075890887237158e+00 -5.678741172733862107e-04 -1.020073380524726847e+00 -2.421779312041572041e-03
1.365875280036433215e-01 -8.214303260128129336e-02 -3.309806526036303239e+03 -3.364964602199203000e+03 -7.499859072488745948e-02 -3.350692310555163203e+03 5.685001382385623803e-02 5.685001382385623803e-02 6.729929204398406000e+03 2.058578247069814626e+00 9.495037082523959115e-02 -4.118674830875134025e-08 -1.029291598852073664e+00 -5.783243071575703892e-04 -1.029289123534907313e+00 -2.444477255077115267e-03
1.381701774479608680e-01 -8.094788398818404673e-02 -3.337241418124247502e+03 -3.393391504785885445e+03 -7.390742359233630487e-02 -3.378917634752387130e+03 5.602309402430757923e-02 5.602309402430757923e-02 6.786783009571770890e+03 2.075922814901604241e+00 9.356932334141648822e-02 -4.060084740082649411e-08 -1.037963846720834082e+00 -5.940243915019115814e-04 -1.037961407450802120e+00 -2.466739485912684566e-03
1.397710357698642991e-01 -7.972126789450832696e-02 -3.362477529894775671e+03 -3.420026437306703428e+03 -7.278754939651155276e-02 -3.405291422001784667e+03 5.517445252379202247e-02 5.517445252379202247e-02 6.840052874613406857e+03 2.092130736206027741e+00 9.215200921177015003e-02 -4.007153451485622528e-08 -1.046067770359005999e+00 -6.148927821132859402e-04 -1.046065368103013871e+00 -2.488496551976067915e-03
1.413903234358055150e-01 -7.846569239670403428e-02 -3.385504747692973069e+03 -3.444849815094617952e+03 -7.164124066773371047e-02 -3.429795579704743432e+03 5.430589494580690541e-02 5.430589494580690541e-02 6.889699630189235904e+03 2.107192543357659709e+00 9.070147155097212088e-02 -3.944355421154449579e-08 -1.053598636038456160e+00 -6.407434197565127932e-04 -1.053596271678829854e+00 -2.509708969162227719e-03
1.430282630148045353e-01 -7.718492978046821718e-02 -3.406374635214190221e+03 -3.467892012433182572e+03 -7.047195153703175730e-02 -3.452463692918390279e+03 5.341995349798583925e-02 5.341995349798583925e-02 6.935784024866365144e+03 2.121127352195605553e+00 8.922191124181319544e-02 -3.886216158376958421e-08 -1.060566001788939783e+00 -6.711055220215431452e-04 -1.060563676097802777e+00 -2.530326171599232930e-03
1.446850792033341215e-01 -7.588351670298960905e-02 -3.425196811607467225e+03 -3.489232258284772797e+03 -6.928381781892903324e-02 -3.473379534299765510e+03 5.251977566735870767e-02 5.251977566735870767e-02 6.978464516569545594e+03 2.133986940980518998e+00 8.771858930484972838e-02 -3.827718343470671325e-08 -1.066995756881480517e+00 -7.055629143941426163e-04 -1.066993470490259499e+00 -2.550343352307055545e-03
1.463609988510654325e-01 -7.456711220030275145e-02 -3.442157250882456992e+03 -3.509012653019148729e+03 -6.808200330426175673e-02 -3.492691716244070449e+03 5.160926077727151506e-02 5.160926077727151506e-02 7.018025306038297458e+03 2.145862389560644345e+00 8.619801343920971415e-02 -3.769685790964140152e-08 -1.072933441413572719e+00 -7.433907822354742260e-04 -1.072931194780322173e+00 -2.569753175237413697e-03
1.480562509875292532e-01 -7.324226272770485713e-02 -3.457511199245020634e+03 -3.527433866079812105e+03 -6.687248798234191050e-02 -3.510608967800779283e+03 5.069289279265037224e-02 5.069289279265037224e-02 7.054867732159624211e+03 2.156880970978638512e+00 8.466765657747618579e-02 -3.715968505384390458e-08 -1.078442692103815270e+00 -7.838178305469299710e-04 -1.078440485489319256e+00 -2.588582570400181811e-03
1.497710668497480579e-01 -7.191583348590439850e-02 -3.471566964971054404e+03 -3.544741698592157263e+03 -6.566152630216619268e-02 -3.527386293385143745e+03 4.977546083589093340e-02 4.977546083589093340e-02 7.089483397184314526e+03 2.167200380306753882e+00 8.313553335220885687e-02 -3.656863738401690682e-08 -1.083602356703007530e+00 -8.260065180018680763e-04 -1.083600190153376941e+00 -2.606883075551518544e-03
1.515056799108966679e-01 -7.059548201226646669e-02 -3.484705288392588500e+03 -3.561242539173641489e+03 -6.445611077051487114e-02 -3.543341004788546797e+03 4.886222440971946940e-02 4.886222440971946940e-02 7.122485078347282979e+03 2.177014741968171574e+00 8.161041464219136177e-02 -3.596012803109089375e-08 -1.088509497654518210e+00 -8.689101105981287187e-04 -1.088507370984085787e+00 -2.624715700699060527e-03
1.532603259100500659e-01 -6.928897709925364856e-02 -3.497350250527353637e+03 -3.577282291027236624e+03 -6.326333267832748297e-02 -3.558830449719601802e+03 4.795853642772567038e-02 4.795853642772567038e-02 7.154564582054473249e+03 2.186543080328244404e+00 8.010123345185393706e-02 -3.534222848755178027e-08 -1.093273627377439494e+00 -9.114934079548324408e-04 -1.093271540164122202e+00 -2.642171783369683374e-03
1.550352428830776563e-01 -6.800386129925684031e-02 -3.509960864165605017e+03 -3.593234296192906186e+03 -6.209006447739271600e-02 -3.574240521406110929e+03 4.706965537122911186e-02 4.706965537122911186e-02 7.186468592385812372e+03 2.196023590165605999e+00 7.861678863091654812e-02 -3.477581346229621263e-08 -1.098013843496425057e+00 -9.525750131082483122e-04 -1.098011795082802999e+00 -2.659342027343505367e-03
1.568306711947469179e-01 -6.674790886069535689e-02 -3.523030148655398534e+03 -3.609506462892723903e+03 -6.094343025897200339e-02 -3.589991533729623825e+03 4.620080411658515629e-02 4.620080411658515629e-02 7.219012925785447806e+03 2.205710387157183927e+00 7.716574490924049678e-02 -3.421458114178213960e-08 -1.102857204073022013e+00 -9.911467887020297251e-04 -1.102855193578591964e+00 -2.676362036428044881e-03
1.586468535720987061e-01 -6.552838994512111270e-02 -3.537083532724795077e+03 -3.626538720807892787e+03 -5.983004272299302650e-02 -3.606535826786891448e+03 4.535711640534206834e-02 4.535711640534206834e-02 7.253077441615785574e+03 2.215884045811700176e+00 7.575671659491792220e-02 -3.366086533335062978e-08 -1.107943996593624414e+00 -1.026120240524575023e-03 -1.107942022905850088e+00 -2.693385330739427996e-03
1.604840351391592645e-01 -6.435111864425889505e-02 -3.552596880318489639e+03 -3.644725218386807228e+03 -5.875519767903628066e-02 -3.624279455424357820e+03 4.454265682253878700e-02 4.454265682253878700e-02 7.289450436773614456e+03 2.226795216829410951e+00 7.439650890572802044e-02 -3.307910836194493661e-08 -1.113399546590528644e+00 -1.056395518926234135e-03 -1.113397608414705475e+00 -2.710529458539269205e-03
1.623424634530553634e-01 -6.322203971970509484e-02 -3.570061572901124691e+03 -3.664483169079756863e+03 -5.772436218890647508e-02 -3.643650337649427001e+03 4.376133285823111119e-02 4.376133285823111119e-02 7.328966338159513725e+03 2.238700879154739809e+00 7.309157005629463022e-02 -3.256821374156424536e-08 -1.119352343696808694e+00 -1.081386364566303514e-03 -1.119350439577369904e+00 -2.727998237197806243e-03
1.642223885416006501e-01 -6.214466432897768067e-02 -3.589886099534694949e+03 -3.686155401421288843e+03 -5.674070538253693508e-02 -3.665000824247352739e+03 4.301574598992834869e-02 4.301574598992834869e-02 7.372310802842577687e+03 2.251822260409247711e+00 7.184631071934215185e-02 -3.208433976841055185e-08 -1.125913001846969186e+00 -1.100153421761351736e-03 -1.125911130204623856e+00 -2.745900225908930355e-03
1.661240629424228787e-01 -6.112158061524918667e-02 -3.612427898791305324e+03 -3.710048019156348346e+03 -5.580657945365203459e-02 -3.688644398280428049e+03 4.230773851884370856e-02 4.230773851884370856e-02 7.420096038312696692e+03 2.266353476865338390e+00 7.066382744903282331e-02 -3.146538527028518713e-08 -1.133178579260500252e+00 -1.112104642176372452e-03 -1.133176738432669195e+00 -2.764366422540415289e-03
1.680477417437035159e-01 -6.015495263527542019e-02 -3.637999485628154162e+03 -3.736438119690589247e+03 -5.492401321699565825e-02 -3.714863135188365050e+03 4.163854708452573161e-02 4.163854708452573161e-02 7.472876239381178493e+03 2.282459784328969565e+00 6.954608632091202614e-02 -3.098631911295813946e-08 -1.141231703880221771e+00 -1.117070440043628227e-03 -1.141229892164484783e+00 -2.783559789236958459e-03
1.699936826266028600e-01 -5.924383055094098460e-02 -3.666763799074095004e+03 -3.765470979580661606e+03 -5.409209735592770268e-02 -3.743804781872866897e+03 4.100773103439384754e-02 4.100773103439384754e-02 7.530941959161323211e+03 2.300238295632015095e+00 6.849243335930296772e-02 -3.051443069833595856e-08 -1.150120932113237071e+00 -1.114710638754660152e-03 -1.150119147816007548e+00 -2.803539139219989994e-03
1.719621459094460569e-01 -5.838706715664143676e-02 -3.698825868701335366e+03 -3.797257873412439039e+03 -5.330981115281271943e-02 -3.775579460153967830e+03 4.041438858152271441e-02 4.041438858152271441e-02 7.594515746824878079e+03 2.319753029679386014e+00 6.750132016991219897e-02 -3.016425469832896093e-08 -1.159878273363565526e+00 -1.105660860905338617e-03 -1.159876514839693007e+00 -2.824475500568033107e-03
1.739533945937466186e-01 -5.758056087737493250e-02 -3.734108066073458303e+03 -3.831743153085960785e+03 -5.257338274677181289e-02 -3.810128232773535728e+03 3.985583258611909152e-02 3.985583258611909152e-02 7.663486306171921569e+03 2.340972430261784698e+00 6.656831543880374624e-02 -2.968644993572869484e-08 -1.170487949415158102e+00 -1.090086120362520825e-03 -1.170486215130892349e+00 -2.846358205391105387e-03
1.759676944121461584e-01 -5.681962708169795151e-02 -3.772443538122377959e+03 -3.868806998931874659e+03 -5.187853920886221354e-02 -3.847324243210449367e+03 3.932882854864561128e-02 3.932882854864561128e-02 7.737613997863749319e+03 2.363818737803464298e+00 6.568801839947738253e-02 -2.911229531546236747e-08 -1.181911080335684039e+00 -1.068800554729028946e-03 -1.181909368901732149e+00 -2.869223551406229443e-03
1.780053138783520561e-01 -5.609860289009174078e-02 -3.813544786997413212e+03 -3.908228369148531783e+03 -5.122014578017280301e-02 -3.886936595748428772e+03 3.882930625619519793e-02 3.882930625619519793e-02 7.816456738297063566e+03 2.388144768845956722e+00 6.485357231625242524e-02 -2.867429520402067747e-08 -1.194074074207179370e+00 -1.042728537266003966e-03 -1.194072384422978361e+00 -2.893045376631761707e-03
1.800665243391547377e-01 -5.540975142677870280e-02 -3.856959341416230473e+03 -3.949644795594581410e+03 -5.059111555315336239e-02 -3.928589585257826002e+03 3.835206970404730215e-02 3.835206970404730215e-02 7.899289591189162820e+03 2.413724799901097562e+00 6.405635690693048390e-02 -2.826775639642281163e-08 -1.206864069061460487e+00 -1.013493075761086066e-03 -1.206862399950548781e+00 -2.917815222365796168e-03
1.821516000286105552e-01 -5.474557162182286385e-02 -3.902187112797625559e+03 -3.992656874893265922e+03 -4.998459920640094950e-02 -3.971868989846520435e+03 3.789195758734886788e-02 3.789195758734886788e-02 7.985313749786531844e+03 2.440305362850972770e+00 6.328776189263780882e-02 -2.786683244293957442e-08 -1.220154330612697624e+00 -9.821118696732495691e-04 -1.220152681425486385e+00 -2.943399677887145911e-03
1.842608181244770882e-01 -5.409783704843555002e-02 -3.948590919387667327e+03 -4.036745462667363427e+03 -4.939313248920188665e-02 -4.016238380231086012e+03 3.744308293993273834e-02 3.744308293993273834e-02 8.073490925334726853e+03 2.467549595334480372e+00 6.253787940410573953e-02 -2.747878170628959913e-08 -1.233776427408499021e+00 -9.504867636020394080e-04 -1.233774797667240186e+00 -2.969705939967839242e-03
1.863944588069902375e-01 -5.346062937436185658e-02 -3.995708270504750544e+03 -4.081565001204658074e+03 -4.881126066126183910e-02 -4.061334785759450824e+03 3.700163407827753576e-02 3.700163407827753576e-02 8.163130002409316148e+03 2.495244785564949552e+00 6.180044975967260296e-02 -2.709671474671879150e-08 -1.247624003400330972e+00 -9.198798004165356429e-04 -1.247622392782474776e+00 -2.996684920259957540e-03
1.885528053200754284e-01 -5.282416705037656229e-02 -4.042679745952711073e+03 -4.126389652687778835e+03 -4.823008360877890227e-02 -4.106413044905373681e+03 3.656072015883297249e-02 3.656072015883297249e-02 8.252779305375557669e+03 2.522928565131411727e+00 6.106391630118764707e-02 -2.673283084209817695e-08 -1.261465874071955762e+00 -8.920456165863004105e-04 -1.261464282565705863e+00 -3.024077565259025799e-03
1.907361440350868187e-01 -5.217892721454071153e-02 -4.088623437428233046e+03 -4.170467409870048868e+03 -4.764089458814765865e-02 -4.150702438534403882e+03 3.611384337691250779e-02 3.611384337691250779e-02 8.340934819740097737e+03 2.550130956114188052e+00 6.031746010562114013e-02 -2.635125951655739690e-08 -1.275067050180972439e+00 -8.687802685672875360e-04 -1.275065478057094026e+00 -3.051622565330096900e-03
1.929447645171716574e-01 -5.151807234918571315e-02 -4.132795977527523974e+03 -4.213172262654466067e+03 -4.703747012299510505e-02 -4.193559959891580547e+03 3.565619257537714498e-02 3.565619257537714498e-02 8.426344525308932134e+03 2.576453845786617958e+00 5.955301472817327996e-02 -2.598278792409277554e-08 -1.288228475148032404e+00 -8.513685840232644532e-04 -1.288226922893308979e+00 -3.079062084254916010e-03
1.951789595943591582e-01 -5.083564372432260170e-02 -4.174498607134690246e+03 -4.253908387590085113e+03 -4.641436313441982264e-02 -4.234374957796234412e+03 3.518369295909714450e-02 3.518369295909714450e-02 8.507816775180170225e+03 2.601524055658872125e+00 5.876379234862610934e-02 -2.562332206438990340e-08 -1.300763559551119775e+00 -8.410592254290928313e-04 -1.300762027829436063e+00 -3.106161314167623418e-03
1.974390254294766112e-01 -5.012734670966430273e-02 -4.213136749561946090e+03 -4.292162732847817097e+03 -4.576765176368498972e-02 -4.272622707572853869e+03 3.469338323652031153e-02 3.469338323652031153e-02 8.584325465695634193e+03 2.625019806983020398e+00 5.794485084883629206e-02 -2.524493742209241785e-08 -1.312511413886904288e+00 -8.387221585898764443e-04 -1.312509903491510199e+00 -3.132685950167449565e-03
1.997252615949978716e-01 -4.939097014669775049e-02 -4.248276392898425911e+03 -4.327556534900943916e+03 -4.509531847245080299e-02 -4.307916588516016418e+03 3.418372568792739374e-02 3.418372568792739374e-02 8.655113069801887832e+03 2.646703452008482671e+00 5.709361917415865101e-02 -2.487311269121331528e-08 -1.323353214212883433e+00 -8.448676999456331514e-04 -1.323351726004241335e+00 -3.158442615334071044e-03
2.020379711509324716e-01 -4.862622226259159103e-02 -4.279654393285241895e+03 -4.359851680597958875e+03 -4.439709582566131463e-02 -4.340015041941834170e+03 3.365451555828390118e-02 3.365451555828390118e-02 8.719703361195917751e+03 2.666426696510019845e+00 5.620975467343841681e-02 -2.449821128619526705e-08 -1.333214813408485355e+00 -8.596177193056147659e-04 -1.333213348255009922e+00 -3.183280381814824686e-03
2.043774607258675713e-01 -4.783481264062660471e-02 -4.307206945096382697e+03 -4.388974549692464279e+03 -4.367454340114555744e-02 -4.368846085376112569e+03 3.310692559940318219e-02 3.310692559940318219e-02 8.777949099384928559e+03 2.684145135614529831e+00 5.529521295595080099e-02 -2.412092808161294624e-08 -1.342074009090029607e+00 -8.825661844109106884e-04 -1.342072567807264916e+00 -3.207085951970090141e-03
2.067440406012767962e-01 -4.702090169749394838e-02 -4.331131481676876319e+03 -4.415080689695872024e+03 -4.293145715128614953e-02 -4.394571449163410762e+03 3.254382800229108086e-02 3.254382800229108086e-02 8.830161379391744049e+03 2.699958096959305553e+00 5.435478941561627808e-02 -2.373886946539445714e-08 -1.349980465203644453e+00 -9.130743112477532038e-04 -1.349979048479652777e+00 -3.229874669815319729e-03
2.091380247992159491e-01 -4.618977732532840441e-02 -4.351788166018787706e+03 -4.438452868514778856e+03 -4.217266273127964066e-02 -4.417485333588179856e+03 3.196886502046107636e-02 3.196886502046107636e-02 8.876905737029557713e+03 2.714045847716344717e+00 5.339456214567745579e-02 -2.335513494515302488e-08 -1.357024315497023625e+00 -9.498802180910713043e-04 -1.357022923858172359e+00 -3.251658596229604035e-03
2.115597311735266106e-01 -4.534846492125939321e-02 -4.369765937432857754e+03 -4.459572360129995104e+03 -4.140457869594305756e-02 -4.438084765395512477e+03 3.138684663617327675e-02 3.138684663617327675e-02 8.919144720259990208e+03 2.726711520189940341e+00 5.242254647190346117e-02 -2.296699752040212260e-08 -1.363357126333361480e+00 -9.914896779485810833e-04 -1.363355760094970170e+00 -3.272554604707961223e-03
2.140094815046751087e-01 -4.450409409582928993e-02 -4.385758995113848869e+03 -4.478997068875576588e+03 -4.063369690618064134e-02 -4.456947678709948377e+03 3.080275854588718915e-02 3.080275854588718915e-02 8.957994137751153175e+03 2.738312976532578880e+00 5.144709082197797961e-02 -2.258230827932993174e-08 -1.369157829013732952e+00 -1.035800865883085850e-03 -1.369156488266289440e+00 -3.292648728864029043e-03
2.164876015983565050e-01 -4.366532459335670940e-02 -4.400676636625497849e+03 -4.497485607626216733e+03 -3.986792848162842851e-02 -4.474854587389612789e+03 3.022254093778683343e-02 3.022254093778683343e-02 8.994971215252433467e+03 2.749327394355120635e+00 5.047809779225109761e-02 -2.219790646975810769e-08 -1.374665012603641490e+00 -1.081047306652989804e-03 -1.374663697177560318e+00 -3.312215079233358887e-03
2.189944213879996548e-01 -4.283971431432161137e-02 -4.415408798337335611e+03 -4.515761265107854342e+03 -3.911417163032666899e-02 -4.492553199927541755e+03 2.965140181085651472e-02 2.965140181085651472e-02 9.031522530215708684e+03 2.760213181684665340e+00 4.952425882865837264e-02 -2.181743830800350695e-08 -1.380107881346988474e+00 -1.124975519180295824e-03 -1.380106590842332670e+00 -3.331431375902652037e-03
2.215302750413118416e-01 -4.203390068782503902e-02 -4.430821655775766885e+03 -4.534522188163248757e+03 -3.837848285533632803e-02 -4.510766338763935892e+03 2.909392148619447185e-02 2.909392148619447185e-02 9.069044376326497513e+03 2.771413862067980016e+00 4.859322044763784987e-02 -2.144509367249783237e-08 -1.385708197220254512e+00 -1.165294118547722082e-03 -1.385706931033990008e+00 -3.350452459984322191e-03
2.240955010710084794e-01 -4.125514721434355575e-02 -4.447912014634316620e+03 -4.554605969816263496e+03 -3.766749027687362611e-02 -4.530354675486349151e+03 2.855512285809759174e-02 2.855512285809759174e-02 9.109211939632526992e+03 2.783458042051531134e+00 4.769337140766040373e-02 -2.107517781781154006e-08 -1.391730263718232274e+00 -1.200191166174166850e-03 -1.391729021025765567e+00 -3.369604316841945044e-03
2.266904424498776272e-01 -4.050823504344634035e-02 -4.467457814824799243e+03 -4.576658991016806795e+03 -3.698555015700108473e-02 -4.551983739615025115e+03 2.803834572358282137e-02 2.803834572358282137e-02 9.153317982033613589e+03 2.796756335944937444e+00 4.683030223724180680e-02 -2.071873652632461154e-08 -1.398379388144724178e+00 -1.228215450131388492e-03 -1.398378167972468722e+00 -3.389133452353773699e-03
2.293154467303346600e-01 -3.979665742693051789e-02 -4.490112499360649053e+03 -4.601210827023082857e+03 -3.633587473611711582e-02 -4.576201271202926364e+03 2.754587690465332486e-02 2.754587690465332486e-02 9.202421654046165713e+03 2.811637855585287671e+00 4.600778352035995999e-02 -2.036867606544283876e-08 -1.405820126513404489e+00 -1.247737049124536101e-03 -1.405818927792643835e+00 -3.409165546670530483e-03
2.319708661686279982e-01 -3.912386645479209307e-02 -4.516557750578900595e+03 -4.628880438656845399e+03 -3.572159464559796632e-02 -4.603634826547220655e+03 2.708021343587613261e-02 2.708021343587613261e-02 9.257760877313690798e+03 2.828493992444684135e+00 4.523002666827003609e-02 -2.004734727822844810e-08 -1.414248174674368030e+00 -1.258254092212333789e-03 -1.414246996222342068e+00 -3.430071250798321595e-03
2.346570578538647034e-01 -3.848991729439842774e-02 -4.547082227913389033e+03 -4.659916099921249952e+03 -3.514275577361189451e-02 -4.634538472179982818e+03 2.664141903424116498e-02 2.664141903424116498e-02 9.319832199842499904e+03 2.847482269845401426e+00 4.449714764300709974e-02 -1.969386955340298279e-08 -1.423742294292422939e+00 -1.259355619474310370e-03 -1.423741134922700713e+00 -3.451967573331910823e-03
2.373743838420289687e-01 -3.789374321770040688e-02 -4.581769806855583738e+03 -4.694421121592680720e+03 -3.459841484714748505e-02 -4.669012348638621916e+03 2.622861907928473318e-02 2.622861907928473318e-02 9.388842243185361440e+03 2.868655669242926809e+00 4.380763302196398479e-02 -1.937168530753974496e-08 -1.434328976047817061e+00 -1.251885759951665289e-03 -1.434327834621463404e+00 -3.475044972094081929e-03
2.401232112951752762e-01 -3.733260660970600525e-02 -4.620496710522631474e+03 -4.732342548413340410e+03 -3.408605047328644444e-02 -4.706992685875957250e+03 2.584004954475715987e-02 2.584004954475715987e-02 9.464685096826680820e+03 2.891982507870855201e+00 4.315858510097077966e-02 -1.906859661850789556e-08 -1.445992378484364016e+00 -1.236876306020959692e-03 -1.445991253935427601e+00 -3.499426046358113020e-03
2.429039126259848469e-01 -3.680158924642547985e-02 -4.662787646176204362e+03 -4.773306698594955378e+03 -3.360117888815017384e-02 -4.748090796882720497e+03 2.547229632910670560e-02 2.547229632910670560e-02 9.546613397189910756e+03 2.917223075814570965e+00 4.254429661805994578e-02 -1.876428187907969307e-08 -1.458612646492374765e+00 -1.215745907501706007e-03 -1.458611537907285483e+00 -3.525054844181179075e-03
2.457168656478824487e-01 -3.629426263876250197e-02 -4.707890047416954076e+03 -4.816713170343734419e+03 -3.313792613653215868e-02 -4.791683879287158561e+03 2.512096559425521652e-02 2.512096559425521652e-02 9.633426340687468837e+03 2.943998015079319686e+00 4.195744838604075627e-02 -1.848266134244878520e-08 -1.472000100881542650e+00 -1.190762115247727534e-03 -1.471999007539659843e+00 -3.551846283628503492e-03
2.485624537309174820e-01 -3.580312739225795932e-02 -4.754790687509577765e+03 -4.861722943176367153e+03 -3.268946985922098480e-02 -4.836907527655781450e+03 2.478077206828084925e-02 2.478077206828084925e-02 9.723445886352734306e+03 2.971769686291288348e+00 4.138917545108216495e-02 -1.819949812307299352e-08 -1.485885921725946801e+00 -1.164238876404831684e-03 -1.485884843145644174e+00 -3.579541245663128615e-03
2.514410659636251433e-01 -3.532035384398655303e-02 -4.802370496006432404e+03 -4.907412491525304176e+03 -3.224864058188117721e-02 -4.882809690676894206e+03 2.444643204358059804e-02 2.444643204358059804e-02 9.814824983050608353e+03 2.999961917091259700e+00 4.083070276675354604e-02 -1.792215483345966389e-08 -1.499982022618607358e+00 -1.138687905722022111e-03 -1.499980958545629850e+00 -3.607867081531524866e-03
2.543530973210892943e-01 -3.483877222849731531e-02 -4.849468558209570801e+03 -4.952817167446657550e+03 -3.180891097321011246e-02 -4.928397154125595989e+03 2.411291639050551494e-02 2.411291639050551494e-02 9.905634334893315099e+03 3.027959777593792534e+00 4.027360390676208018e-02 -1.765611585286060309e-08 -1.513980938390610653e+00 -1.116709066509897000e-03 -1.513979888796896267e+00 -3.636520249392734185e-03
2.572989488394419877e-01 -3.435139783317778250e-02 -4.894897300606391582e+03 -4.996929450797708341e+03 -3.136389561531164466e-02 -4.972636401881943129e+03 2.377545210019619756e-02 2.377545210019619756e-02 9.993858901595416683e+03 3.055132481466649175e+00 3.970992920805371112e-02 -1.738716796684334136e-08 -1.527567275668414215e+00 -1.100319012453275166e-03 -1.527566240733324587e+00 -3.665089391187939527e-03
2.602790277970433164e-01 -3.385367181924222452e-02 -4.937735993861690986e+03 -5.038985925874785607e+03 -3.090944013788370082e-02 -5.014741104728654136e+03 2.343086208939483897e-02 2.343086208939483897e-02 1.007797185174957121e+04 3.080995366767926402e+00 3.913436309680265457e-02 -1.712226449774379143e-08 -1.540498703339125752e+00 -1.091629037043108808e-03 -1.540497683383963201e+00 -3.693344845185582859e-03
2.632937479025973526e-01 -3.334211285138268671e-02 -4.977210063089996765e+03 -5.078322767560153807e+03 -3.044236122936607933e-02 -5.054031523320006272e+03 2.307676651548469515e-02 2.307676651548469515e-02 1.015664553512030761e+04 3.105133129392781743e+00 3.854294171579058376e-02 -1.686192506492225468e-08 -1.552567569247441881e+00 -1.091677075646316133e-03 -1.552566564696390872e+00 -3.720971169102397450e-03
2.663435294904725748e-01 -3.281520178529780118e-02 -5.012824670843681815e+03 -5.114505006774785215e+03 -2.996127682403572703e-02 -5.090064216497653433e+03 2.271208804064134973e-02 2.271208804064134973e-02 1.022901001354957043e+04 3.127271604552281037e+00 3.793385590588833900e-02 -1.659650564773513819e-08 -1.563636790950818423e+00 -1.100968374009240807e-03 -1.563635802276140518e+00 -3.747732403274060559e-03
2.694287997235069176e-01 -3.227317820737388154e-02 -5.044391711454476535e+03 -5.147344559034333543e+03 -2.946640210014620301e-02 -5.122651419516606438e+03 2.233700154661304865e-02 2.233700154661304865e-02 1.029468911806866709e+04 3.147296402888636102e+00 3.730740163609246735e-02 -1.632855021028226436e-08 -1.573649173779654742e+00 -1.119219984333099695e-03 -1.573648201444318051e+00 -3.773454120759932306e-03
2.725499928035917119e-01 -3.171807419750241608e-02 -5.072048577942859993e+03 -5.176917493550588006e+03 -2.895959736913608293e-02 -5.151878514131985867e+03 2.195287305788594726e-02 2.195287305788594726e-02 1.035383498710117601e+04 3.165257078842225624e+00 3.666584587755294250e-02 -1.606116675299314981e-08 -1.582629495013670340e+00 -1.145473647845995100e-03 -1.582628539421112812e+00 -3.798045526037978695e-03
2.757075501903450965e-01 -3.115340333654795929e-02 -5.096268058241619656e+03 -5.203577403321050951e+03 -2.844405700808186679e-02 -5.178116840798802514e+03 2.156217812986709059e-02 2.156217812986709059e-02 1.040715480664210190e+04 3.181385700681404138e+00 3.601334114684266730e-02 -1.579374204133994210e-08 -1.590693788900445105e+00 -1.177624270007253046e-03 -1.590692850340702069e+00 -3.821448221133008465e-03
2.789019208281970919e-01 -3.058453359927133797e-02 -5.117906826351516429e+03 -5.228019306608606712e+03 -2.792468015312025639e-02 -5.202085117389993684e+03 2.116861993563056224e-02 2.116861993563056224e-02 1.045603861321721342e+04 3.196123341345518121e+00 3.535606900604525843e-02 -1.552414838551972186e-08 -1.598062592073266508e+00 -1.213744233399449398e-03 -1.598061670672759060e+00 -3.843870226798490677e-03
2.821335613822293364e-01 -3.001752690322053579e-02 -5.138032807982358463e+03 -5.251108506851849597e+03 -2.740701486476765369e-02 -5.224678362907220617e+03 2.077629772680722117e-02 2.077629772680722117e-02 1.050221701370369919e+04 3.210012065203553089e+00 3.470084094327852142e-02 -1.525527646029891435e-08 -1.605006936894185277e+00 -1.250969656613403836e-03 -1.605006032601776544e+00 -3.865490980055100514e-03
2.854029364831274229e-01 -2.945895331958910124e-02 -5.157950150328391828e+03 -5.273936421989931659e+03 -2.689703807934182983e-02 -5.247018878908614170e+03 2.038984171730877024e-02 2.038984171730877024e-02 1.054787284397986332e+04 3.223748790750591731e+00 3.405542315224511368e-02 -1.499639513369989994e-08 -1.611875282820151689e+00 -1.286406423623144080e-03 -1.611874395375295865e+00 -3.886662586681896136e-03
2.887105189816230877e-01 -2.891525575975783038e-02 -5.178996082038696841e+03 -5.297633358230808881e+03 -2.640064800827517794e-02 -5.270266894245867661e+03 2.001361293960100471e-02 2.001361293960100471e-02 1.059526671646161776e+04 3.238037852102551906e+00 3.342706314497018855e-02 -1.473239591912102893e-08 -1.619019797096635793e+00 -1.317778942129184698e-03 -1.619018926051275953e+00 -3.907840630282964807e-03
2.920567902128236026e-01 -2.839156265654555270e-02 -5.202393380014705144e+03 -5.323241171842490076e+03 -2.592251024004692608e-02 -5.295490335744507320e+03 1.965122671959357997e-02 1.965122671959357997e-02 1.064648234368498015e+04 3.253541345022956222e+00 3.282182517613345396e-02 -1.447286815940368214e-08 -1.626771527768724690e+00 -1.342617913391790097e-03 -1.626770672511478111e+00 -3.929402769557375531e-03
2.954422402708464790e-01 -2.789142798043055607e-02 -5.229097571865982900e+03 -5.351579698551846377e+03 -2.546587255817946496e-02 -5.323528526257072372e+03 1.930512028152132215e-02 1.930512028152132215e-02 1.070315939710369275e+04 3.270772920742473389e+00 3.224377174831369319e-02 -1.422170097504046910e-08 -1.635387300557792800e+00 -1.359580360323375077e-03 -1.635386460371236694e+00 -3.951730040132624307e-03
2.988673682942013521e-01 -2.741628224620885554e-02 -5.259656177514756564e+03 -5.383121616260889823e+03 -2.503205418687005912e-02 -5.354864856767871061e+03 1.897621612077525499e-02 1.897621612077525499e-02 1.076624323252177965e+04 3.290022889682444607e+00 3.169441804626767917e-02 -1.398739302472074357e-08 -1.645012270711444069e+00 -1.367973719751404502e-03 -1.645011444841222303e+00 -3.975047965772124381e-03
3.023326827623828428e-01 -2.696536527564901559e-02 -5.294200242840411192e+03 -5.417991199473570305e+03 -2.462034562262537668e-02 -5.389624431083808304e+03 1.866407233880836361e-02 1.866407233880836361e-02 1.083598239894714061e+04 3.311375891555293549e+00 3.117305764881761476e-02 -1.375939501130958673e-08 -1.655688758070038125e+00 -1.367987113012439880e-03 -1.655687945777646775e+00 -3.999482572920049460e-03
3.058387018041656691e-01 -2.653627339259789081e-02 -5.332437547518879910e+03 -5.455963225135401444e+03 -2.422855493991741757e-02 -5.427572096094509106e+03 1.836702510010312928e-02 1.836702510010312928e-02 1.091192645027080289e+04 3.334687254221480490e+00 3.067691086637071990e-02 -1.352084945352243772e-08 -1.667344426489522746e+00 -1.360750446272596982e-03 -1.667343627110740245e+00 -4.025042198937121493e-03
3.093859535181198162e-01 -2.612544618425827886e-02 -5.373747378696558371e+03 -5.496544303108718850e+03 -2.385343599134825965e-02 -5.468195702698643800e+03 1.808260376997146424e-02 1.808260376997146424e-02 1.099308860621743770e+04 3.359641386598538393e+00 3.020184796647202088e-02 -1.330300612365729309e-08 -1.679821480318488103e+00 -1.347987914580529075e-03 -1.679820693299269196e+00 -4.051631108793561815e-03
3.129749763058925494e-01 -2.572849925028843771e-02 -5.417228317176970450e+03 -5.539013333741579117e+03 -2.349099254651794769e-02 -5.510747622407380732e+03 1.780776405772632395e-02 1.780776405772632395e-02 1.107802666748315823e+04 3.385777503472837235e+00 2.974277942541022485e-02 -1.308352691191038137e-08 -1.692889526813685874e+00 -1.332647810035773222e-03 -1.692888751736418618e+00 -4.079175733228758080e-03
3.166063192188353637e-01 -2.534059470641053524e-02 -5.461776461612183084e+03 -5.582475329500236512e+03 -2.313681345202321660e-02 -5.554302234274482544e+03 1.753914634201688208e-02 1.753914634201688208e-02 1.116495065900047302e+04 3.412525210939417075e+00 2.929408878891933202e-02 -1.288113299956649520e-08 -1.706263368873242259e+00 -1.317158136636057417e-03 -1.706262605469708538e+00 -4.107397109758337446e-03
3.202805423185864364e-01 -2.495660564024250114e-02 -5.506162943428147628e+03 -5.625916224732122828e+03 -2.278620106028134140e-02 -5.597814136878782847e+03 1.727330594783513598e-02 1.727330594783513598e-02 1.125183244946424566e+04 3.439253293295943870e+00 2.885006111895772191e-02 -1.266682945934299139e-08 -1.719627398498549731e+00 -1.304242678957339080e-03 -1.719626646647971935e+00 -4.135992260543616857e-03
3.239982170522552885e-01 -2.457201016305825617e-02 -5.549160373389457163e+03 -5.668303414210151459e+03 -2.243504164917621557e-02 -5.640222503741779292e+03 1.700705426828192507e-02 1.700705426828192507e-02 1.133660682842030292e+04 3.465303468699454381e+00 2.840534763233396043e-02 -1.246186902716905554e-08 -1.732652474624120753e+00 -1.296392050558045975e-03 -1.732651734349727191e+00 -4.164591200913392299e-03
3.277599266428925517e-01 -2.418307387852184492e-02 -5.589689734839894300e+03 -5.708708165791576903e+03 -2.207992522659669304e-02 -5.680577055514192580e+03 1.673781829624322245e-02 1.673781829624322245e-02 1.141741633158315381e+04 3.490093133878513054e+00 2.795565481291997431e-02 -1.226174785017393697e-08 -1.745047295501484630e+00 -1.295331285925049522e-03 -1.745046566939256527e+00 -4.192792793183432870e-03
3.315662664959703743e-01 -2.378760048761408702e-02 -5.627009635344949857e+03 -5.746477118270236133e+03 -2.171884510234875845e-02 -5.718211997194754076e+03 1.646408786933743762e-02 1.646408786933743762e-02 1.149295423654047227e+04 3.513214485070305315e+00 2.749846400855732870e-02 -1.205727523884740100e-08 -1.756607959183605017e+00 -1.301908106536430560e-03 -1.756607242535152658e+00 -4.220260893849491803e-03
3.354178446226382948e-01 -2.338537457375012424e-02 -5.660876515948983069e+03 -5.781379759524526889e+03 -2.135160089759200602e-02 -5.752895203459545883e+03 1.618572793304973861e-02 1.618572793304973861e-02 1.156275951904905378e+04 3.534526894406638586e+00 2.703355520496137851e-02 -1.185635172335115983e-08 -1.767264151731850363e+00 -1.315909418026643555e-03 -1.767263447203319293e+00 -4.246801820302505311e-03
3.393152820805684922e-01 -2.297800434891517085e-02 -5.691537385384468507e+03 -5.813600790167675768e+03 -2.097966750249168413e-02 -5.784820652481043908e+03 1.590380932473167350e-02 1.590380932473167350e-02 1.162720158033535154e+04 3.554144693272138333e+00 2.656270135430751148e-02 -1.165852918795744723e-08 -1.777073038884273037e+00 -1.336409766305676891e-03 -1.777072346636069167e+00 -4.272403917811781575e-03
3.432592134332514977e-01 -2.256851510757842266e-02 -5.719709685917368915e+03 -5.843727187563828011e+03 -2.060580223864873911e-02 -5.814594403733490253e+03 1.562043488773487247e-02 1.562043488773487247e-02 1.168745437512765602e+04 3.572441627215115822e+00 2.608941881290099268e-02 -1.146516085344720200e-08 -1.786221493509155378e+00 -1.361357423202093700e-03 -1.786220813607557911e+00 -4.297179091572119608e-03
3.472502872286558073e-01 -2.216047011674724884e-02 -5.746369722266805184e+03 -5.872555066465652999e+03 -2.023324857920805186e-02 -5.843038952030361543e+03 1.533810317780717747e-02 1.533810317780717747e-02 1.174511013293130600e+04 3.589927654652512956e+00 2.561789382394893955e-02 -1.126346653424493439e-08 -1.794964494927780985e+00 -1.388176144364029925e-03 -1.794963827326256478e+00 -4.321314438697729764e-03
3.512891664982214501e-01 -2.175767430375503617e-02 -5.772621629777269845e+03 -5.900985096356247595e+03 -1.986549209282167244e-02 -5.871084751574391703e+03 1.505937461791773124e-02 1.505937461791773124e-02 1.180197019271249519e+04 3.607165255655505831e+00 2.515237584121914061e-02 -1.106160327166958613e-08 -1.803583283285509653e+00 -1.414517803476307740e-03 -1.803582627827752916e+00 -4.345092037546749615e-03
3.553765292772165796e-01 -2.136357819217397577e-02 -5.799583193433176348e+03 -5.929933277054695282e+03 -1.950568402789591010e-02 -5.899677301780812741e+03 1.478661873463957450e-02 1.478661873463957450e-02 1.185986655410939056e+04 3.624732727734347737e+00 2.469681610575287511e-02 -1.087867611793996955e-08 -1.812367007441675337e+00 -1.437907475236369558e-03 -1.812366363867173868e+00 -4.368792742675969148e-03
3.595130691475507123e-01 -2.098102802998853128e-02 -5.828309079874560666e+03 -5.960287390346962638e+03 -1.915640104848720382e-02 -5.929728558217308091e+03 1.452190360005793483e-02 1.452190360005793483e-02 1.192057478069392528e+04 3.643204067649295830e+00 2.425470659570839668e-02 -1.067491565288626647e-08 -1.821602665873181204e+00 -1.455777381846190630e-03 -1.821602033824647915e+00 -4.392678255306364278e-03
3.636994958042065185e-01 -2.061225733046831432e-02 -5.859619235048638075e+03 -5.992759520413126666e+03 -1.881970554675236121e-02 -5.961965991739846686e+03 1.426665624882202110e-02 1.426665624882202110e-02 1.198551904082625333e+04 3.663009573866108592e+00 2.382838578233964499e-02 -1.049101962080843049e-08 -1.831505407869320257e+00 -1.467486398710158907e-03 -1.831504786933054296e+00 -4.417142131760448676e-03
3.679365356465255088e-01 -2.025816260090749013e-02 -5.894025912527482433e+03 -6.027827292953884353e+03 -1.849639928982119846e-02 -5.996871740082719043e+03 1.402158247921526588e-02 1.402158247921526588e-02 1.205565458590776871e+04 3.684457465588841352e+00 2.341906482043597248e-02 -1.030899317329349224e-08 -1.842229343067056435e+00 -1.472760756595137711e-03 -1.842228732794420676e+00 -4.442495012552048241e-03
3.722249323956614564e-01 -1.991816449386767454e-02 -5.931502048397813269e+03 -6.065508179252728951e+03 -1.818596597569896098e-02 -6.034456386604983891e+03 1.378622409765136413e-02 1.378622409765136413e-02 1.213101635850545790e+04 3.707545651503810547e+00 2.302595639834311564e-02 -1.013354501986989128e-08 -1.853773425785799178e+00 -1.472466492033669633e-03 -1.853772825751905273e+00 -4.468867708195132377e-03
3.765654477396007671e-01 -1.958996876533348683e-02 -5.971448720604412301e+03 -6.105318382146147997e+03 -1.788631192947061008e-02 -6.074219237036672894e+03 1.355899893996715191e-02 1.355899893996715191e-02 1.221063676429229599e+04 3.731966786630303012e+00 2.264641960649731514e-02 -9.970150144292316454e-09 -1.865983983465107965e+00 -1.468323471101436184e-03 -1.865983393315151506e+00 -4.496173224757724594e-03
3.809588620072369425e-01 -1.927023876011733569e-02 -6.012865005003876831e+03 -6.146423164802265092e+03 -1.759437965290512954e-02 -6.115301397073762018e+03 1.333766500370352215e-02 1.333766500370352215e-02 1.229284632960453018e+04 3.757203264866207704e+00 2.227673481458182503e-02 -9.795605800915519111e-09 -1.878602212958128570e+00 -1.462308337688439548e-03 -1.878601632433103852e+00 -4.524123604681306449e-03
3.854059748730874757e-01 -1.895553803592410144e-02 -6.054562950573976195e+03 -6.187823801518215078e+03 -1.730704103293969481e-02 -6.156676717558155360e+03 1.311981054377686293e-02 1.311981054377686293e-02 1.237564760303643016e+04 3.782619267206360103e+00 2.191286056073483632e-02 -9.632532945663636476e-09 -1.891310204653634530e+00 -1.457202719858638950e-03 -1.891309633603180052e+00 -4.552419367373153856e-03
3.899076060943419408e-01 -1.864299885554089944e-02 -6.095486358585516427e+03 -6.228643559615163213e+03 -1.702167193870022729e-02 -6.197442335680906581e+03 1.290348972124694474e-02 1.290348972124694474e-02 1.245728711923032643e+04 3.807666327945595341e+00 2.155156119983089175e-02 -9.465509158500478612e-09 -1.903833725614977990e+00 -1.455030096419773376e-03 -1.903833163972797671e+00 -4.580744411074840275e-03
3.944645962820444995e-01 -1.833079826132484602e-02 -6.134830270450805074e+03 -6.268216086016644113e+03 -1.673662327613662654e-02 -6.236911699003083413e+03 1.268737083902079371e-02 1.268737083902079371e-02 1.253643217203328823e+04 3.831910943084313459e+00 2.119058561122365292e-02 -9.327203580345854588e-09 -1.915956023779859629e+00 -1.457606500970579869e-03 -1.915955471542156729e+00 -4.608882143671064538e-03
3.990778077083337871e-01 -1.801776693364415260e-02 -6.172079821777530924e+03 -6.306101088538650401e+03 -1.645081407311044241e-02 -6.274633788185416961e+03 1.247071425697124369e-02 1.247071425697124369e-02 1.261220217707730080e+04 3.855087744013525608e+00 2.082872475771712500e-02 -9.143499567509850997e-09 -1.927544414814764462e+00 -1.465601431761830034e-03 -1.927543872006762804e+00 -4.636631900422236337e-03
4.037481251517932024e-01 -1.770364148512886676e-02 -6.207024974294123240e+03 -6.342085942444825378e+03 -1.616400689322728887e-02 -6.310396741913235019e+03 1.225331865100882066e-02 1.225331865100882066e-02 1.268417188488965076e+04 3.877063593450679413e+00 2.046563535025284347e-02 -8.986546061143836495e-09 -1.938532330069219434e+00 -1.478650344510668230e-03 -1.938531796725339706e+00 -4.663785383242862945e-03
4.084764567831039583e-01 -1.738912048443048974e-02 -6.239857968481104763e+03 -6.376287076952164171e+03 -1.587684089741830257e-02 -6.344328463541058227e+03 1.203565414519392959e-02 1.203565414519392959e-02 1.275257415390432834e+04 3.897915011419978537e+00 2.010209784673363739e-02 -8.829536764350684370e-09 -1.948958029576006501e+00 -1.495526714252360442e-03 -1.948957505709989269e+00 -4.690241295493652492e-03
4.132637350933441311e-01 -1.707608240701032065e-02 -6.271260037355659733e+03 -6.409252388447314843e+03 -1.559103942930121708e-02 -6.376996440919308952e+03 1.181897139025413039e-02 1.181897139025413039e-02 1.281850477689462969e+04 3.917981616532625999e+00 1.974018271271255065e-02 -8.680296891570966014e-09 -1.958991322693753423e+00 -1.514711360484106506e-03 -1.958990808266313000e+00 -4.716154379020800168e-03
4.181109178674388138e-01 -1.676683777280773766e-02 -6.302256467369573329e+03 -6.441842609178536804e+03 -1.530868624486970107e-02 -6.409285267610312985e+03 1.160498772175690141e-02 1.160498772175690141e-02 1.288368521835707361e+04 3.937829204917854042e+00 1.938280368032672604e-02 -8.524861152640699475e-09 -1.968915107569465084e+00 -1.533462046955961881e-03 -1.968914602458927021e+00 -4.741750239887988251e-03
4.230189892054410095e-01 -1.646396215533614885e-02 -6.333931576630346171e+03 -6.474982572381937644e+03 -1.503215309972671596e-02 -6.442142747516047166e+03 1.139537751266322604e-02 1.139537751266322604e-02 1.294996514476387529e+04 3.958020091962235476e+00 1.903271655659203102e-02 -8.369681487615666164e-09 -1.979010541964713488e+00 -1.550245943163267113e-03 -1.979010045981117738e+00 -4.767436108974077921e-03
4.279889605945126907e-01 -1.616903540687450111e-02 -6.367093199628719958e+03 -6.509354416970774764e+03 -1.476288195805458385e-02 -6.476269203810702493e+03 1.119123096246485947e-02 1.119123096246485947e-02 1.301870883394154953e+04 3.978983559365047995e+00 1.869174124944927157e-02 -8.228383422061313001e-09 -1.989492266777223461e+00 -1.563590797689355010e-03 -1.989491779682523998e+00 -4.793476682476321624e-03
4.330218720346788452e-01 -1.588247276337477129e-02 -6.402118725854269542e+03 -6.545269791636256741e+03 -1.450124060222583722e-02 -6.511985873334858297e+03 1.099289002210795778e-02 1.099289002210795778e-02 1.309053958327251348e+04 4.000927742113505658e+00 1.836046971520839677e-02 -8.082698142966674377e-09 -2.000464349518606522e+00 -1.572514898935924946e-03 -2.000463871056752829e+00 -4.819959100639692288e-03
4.381187932216465963e-01 -1.560403831469002293e-02 -6.439029140906259272e+03 -6.582755742910025219e+03 -1.424701905844752078e-02 -6.549318822854703285e+03 1.080016689718947195e-02 1.080016689718947195e-02 1.316551148582005044e+04 4.023863698156637803e+00 1.803857885852233611e-02 -7.939679220683588952e-09 -2.011932319153575399e+00 -1.577480946703872875e-03 -2.011931849078318901e+00 -4.846967180773356122e-03
4.432808247902226828e-01 -1.533300032271526191e-02 -6.477590561143843843e+03 -6.621652022785422560e+03 -1.399954913528199917e-02 -6.588096740499351654e+03 1.061256044972827550e-02 1.061256044972827550e-02 1.324330404557084512e+04 4.047687094481329240e+00 1.772523345130037550e-02 -7.794664222203178839e-09 -2.023844009153363377e+00 -1.579529160545092284e-03 -2.023843547240664620e+00 -4.874541639310109656e-03
4.485090996221165471e-01 -1.506822525340730662e-02 -6.517322890549753538e+03 -6.661601510830042571e+03 -1.375779813515270664e-02 -6.627944182263220682e+03 1.042928233541639410e-02 1.042928233541639410e-02 1.332320302166008514e+04 4.072166190755209136e+00 1.741911497933280525e-02 -7.660463299904360603e-09 -2.036083549316238361e+00 -1.580571217644255932e-03 -2.036083095377604568e+00 -4.902711505636631224e-03
4.538047842222004413e-01 -1.480786450487157208e-02 -6.557390481008048482e+03 -6.701910124619144881e+03 -1.352007314922666452e-02 -6.668146458154948050e+03 1.024908486847236552e-02 1.024908486847236552e-02 1.340382024923828976e+04 4.096868773985819168e+00 1.711815129828516205e-02 -7.522347594959111140e-09 -2.048434833092421581e+00 -1.582199308205029702e-03 -2.048434386992909584e+00 -4.931227328877300226e-03
4.591690801675959444e-01 -1.455010900872484927e-02 -6.596864795447104370e+03 -6.741776102093228474e+03 -1.328473280066518915e-02 -6.707883661060145641e+03 1.007066965278542552e-02 1.007066965278542552e-02 1.348355220418645695e+04 4.121280626335257047e+00 1.682015596016585290e-02 -7.393613622295013919e-09 -2.060640751503292289e+00 -1.586160753419652274e-03 -2.060640313167628523e+00 -4.959769572626383100e-03
4.646032256342891298e-01 -1.429361403293065956e-02 -6.635046172143898730e+03 -6.780583831169967198e+03 -1.305054379887601521e-02 -6.746528293393438616e+03 9.893136563776466774e-03 9.893136563776466774e-03 1.356116766233993440e+04 4.145023026423058532e+00 1.652363703848226326e-02 -7.262929858874046775e-09 -2.072511943820589231e+00 -1.593328237938272792e-03 -2.072511513211529266e+00 -4.988039207300417818e-03
4.701084970063304502e-01 -1.403836818113181166e-02 -6.671823385245869758e+03 -6.818242787105346906e+03 -1.281750446451262668e-02 -6.783986798131382784e+03 9.716433701073128384e-03 9.716433701073128384e-03 1.363648557421069381e+04 4.168027989938655864e+00 1.622849115233507278e-02 -7.143734512938090664e-09 -2.084014417884544113e+00 -1.603953633666639535e-03 -2.084013994969327932e+00 -5.015997088549203030e-03
4.756862105730638723e-01 -1.378475961762416074e-02 -6.707447053084260006e+03 -6.854962832650493510e+03 -1.258594452239977270e-02 -6.820474953532985637e+03 9.540949423042805605e-03 9.540949423042805605e-03 1.370992566530098702e+04 4.190457202090922095e+00 1.593541258726045851e-02 -7.005593047849721809e-09 -2.095229016323219451e+00 -1.616791811700610823e-03 -2.095228601045461048e+00 -5.043637005234412850e-03
4.813377243202531242e-01 -1.353385606656974140e-02 -6.742404229885470158e+03 -6.891136169705898283e+03 -1.235686280341448222e-02 -6.856398894151946479e+03 9.367298823668903512e-03 9.367298823668903512e-03 1.378227233941179657e+04 4.212530410847999285e+00 1.564538182350989903e-02 -6.879201436571467665e-09 -2.106265613141597992e+00 -1.631073121384229736e-03 -2.106265205423999642e+00 -5.071091537007695049e-03
4.870644398214268311e-01 -1.328634775216244214e-02 -6.777168399111153121e+03 -6.927120408920288355e+03 -1.213088053193546109e-02 -6.892133459619515634e+03 9.195999339266465455e-03 9.195999339266465455e-03 1.385424081784057671e+04 4.234487709591443050e+00 1.535927842762604620e-02 -6.751745179333519084e-09 -2.117244255055749758e+00 -1.645064244890530498e-03 -2.117243854795721525e+00 -5.098368763578763410e-03
4.928678042362698020e-01 -1.304326876122847804e-02 -6.812391852039428159e+03 -6.963460688089240648e+03 -1.190894209120564422e-02 -6.928239351994500794e+03 9.027761626091498556e-03 9.027761626091498556e-03 1.392692137617848130e+04 4.256672384088392214e+00 1.507828761631291661e-02 -6.628678769668222826e-09 -2.128336584980460966e+00 -1.657518463644852297e-03 -2.128336192044196107e+00 -5.125669646720356319e-03
4.987493124234270714e-01 -1.280564435735336189e-02 -6.848733591698095552e+03 -7.000746491698585487e+03 -1.169198691959925061e-02 -6.965315748504349358e+03 8.863276295590217027e-03 8.863276295590217027e-03 1.400149298339717097e+04 4.279447415743759642e+00 1.480355575287069063e-02 -6.509586422299147926e-09 -2.139724093647583647e+00 -1.667668985438778943e-03 -2.139723707871879821e+00 -5.153291446833179780e-03
5.047105091756856066e-01 -1.257369986698797862e-02 -6.886461386279839644e+03 -7.039230882293179093e+03 -1.148021339765321717e-02 -7.003617541614569745e+03 8.702736325476844240e-03 8.702736325476844240e-03 1.407846176458635819e+04 4.302979304773184133e+00 1.453541919759842801e-02 -6.391590237328031760e-09 -2.151490031175213424e+00 -1.675332114152037295e-03 -2.151489652386592066e+00 -5.181396490041061120e-03
5.107529915861438452e-01 -1.234674081546465428e-02 -6.925247693679210897e+03 -7.078626588811363945e+03 -1.127299130161280895e-02 -7.042851752307276001e+03 8.545644221337149807e-03 8.545644221337149807e-03 1.415725317762272789e+04 4.327083441837308087e+00 1.427304051761641053e-02 -6.275916506166835880e-09 -2.163542092870809785e+00 -1.681246363690660009e-03 -2.163541720918654043e+00 -5.209887157992342151e-03
5.168784115546921631e-01 -1.212380241747416758e-02 -6.964556490339776246e+03 -7.118477946118715408e+03 -1.106943999917657517e-02 -7.082551123673374605e+03 8.391334441872009761e-03 8.391334441872009761e-03 1.423695589223743082e+04 4.351473221423776572e+00 1.401530878841219553e-02 -6.161714624818917384e-09 -2.175736975948862284e+00 -1.686511232909873158e-03 -2.175736610711888286e+00 -5.238604725216860526e-03
5.230884784448982527e-01 -1.190421726445369151e-02 -7.003983895817666053e+03 -7.158475028131269937e+03 -1.086894714163832640e-02 -7.122391793954949208e+03 8.239363256236519398e-03 8.239363256236519398e-03 1.431695005626253987e+04 4.375954986501445099e+00 1.376148963548019105e-02 -6.047722696976764784e-09 -2.187977851874971957e+00 -1.692242791918889240e-03 -2.187977493250722549e+00 -5.267499412082767354e-03
5.293849619022480413e-01 -1.168755695502324103e-02 -7.043206696223802282e+03 -7.198371594164960698e+03 -1.067112908838974833e-02 -7.162116092329459207e+03 8.089398959789878898e-03 8.089398959789878898e-03 1.439674318832992140e+04 4.400359891246668376e+00 1.351101555969765403e-02 -5.940012181755160459e-09 -2.200180297720738309e+00 -1.699556557377973056e-03 -2.200179945623334188e+00 -5.296549633193405916e-03
5.357696948456177610e-01 -1.147313063148177985e-02 -7.081796307373359014e+03 -7.237777617206559626e+03 -1.047535069696838884e-02 -7.201328724209560278e+03 7.940986279993789143e-03 7.940986279993789143e-03 1.447555523441311925e+04 4.424451855974669279e+00 1.326313480161317622e-02 -5.831026688732630897e-09 -2.212226273624988249e+00 -1.708784219091223329e-03 -2.212225927987334639e+00 -5.325536311148512843e-03
5.422445766448765747e-01 -1.126062589679789269e-02 -7.119547352175200103e+03 -7.276476703801338772e+03 -1.028132716238677746e-02 -7.239815364153380870e+03 7.793905855007826101e-03 7.793905855007826101e-03 1.455295340760267754e+04 4.448098324800450420e+00 1.301747983880117109e-02 -5.723298203990843832e-09 -2.224049501635657844e+00 -1.719621364084714154e-03 -2.224049162400225210e+00 -5.354260943638339786e-03
5.488115764986444267e-01 -1.105065518272774390e-02 -7.156883085213585218e+03 -7.314840315332165119e+03 -1.008961714180739606e-02 -7.277954811197916570e+03 7.648581986735247112e-03 7.648581986735247112e-03 1.462968063066433024e+04 4.471532310150707623e+00 1.277475961078017308e-02 -5.614678519494865528e-09 -2.235766487984879536e+00 -1.731317557308989768e-03 -2.235766155075353812e+00 -5.382874635867867207e-03
5.554727370274595843e-01 -1.084397239664309197e-02 -7.194374815807325831e+03 -7.353367694849222062e+03 -9.900909223115131677e-03 -7.316256548435469085e+03 7.505532816217984349e-03 7.505532816217984349e-03 1.470673538969844412e+04 4.495065741024394157e+00 1.253583825266471954e-02 -5.509839527499569333e-09 -2.247533197194831800e+00 -1.743005956406341655e-03 -2.247532870512197078e+00 -5.411600936183739823e-03
5.622301780989703568e-01 -1.064083938038366643e-02 -7.232301735413461756e+03 -7.392271602110536151e+03 -9.715442303596498116e-03 -7.354943199982521037e+03 7.364938356094242328e-03 7.364938356094242328e-03 1.478454320422107230e+04 4.518835055889903529e+00 1.230101606541464561e-02 -5.406828717895666291e-09 -2.259417848507772497e+00 -1.753757610862379662e-03 -2.259417527944951765e+00 -5.440452975191251671e-03
5.690861009032603945e-01 -1.044126175472017380e-02 -7.270744331547663933e+03 -7.431595688747117492e+03 -9.533224193644577668e-03 -7.394064014816259260e+03 7.226788548971788649e-03 7.226788548971788649e-03 1.486319137749423498e+04 4.542865544450363835e+00 1.207027098165236803e-02 -5.306631023596756149e-09 -2.271433086774180765e+00 -1.763311566937410041e-03 -2.271432772225181917e+00 -5.469419483132032314e-03
5.760427922980685400e-01 -1.024536976480817409e-02 -7.309888389848582847e+03 -7.471529289960499227e+03 -9.354367995408646719e-03 -7.433807456401736090e+03 7.091202922503091720e-03 7.091202922503091720e-03 1.494305857992099845e+04 4.567283253717542735e+00 1.184381378114873935e-02 -5.207064026062846074e-09 -2.283641935506624421e+00 -1.771600793691470530e-03 -2.283641626858771367e+00 -5.498634459193679248e-03
5.831026294454845216e-01 -1.005326922294361505e-02 -7.349857143290788372e+03 -7.512234625040555329e+03 -9.178970546381132883e-03 -7.474329461993284895e+03 6.958254937815225305e-03 6.958254937815225305e-03 1.502446925008111066e+04 4.592184362846515100e+00 1.162176717678732249e-02 -5.107823032945186809e-09 -2.296092484285658486e+00 -1.779235908319116858e-03 -2.296092181423257550e+00 -5.528301930013959295e-03
5.902680847637135075e-01 -9.864001060056059797e-03 -7.389930121304431850e+03 -7.553046292976602672e+03 -9.006162066384224354e-03 -7.514957293184069385e+03 6.827253233255936408e-03 6.827253233255936408e-03 1.510609258595320534e+04 4.617145309879503223e+00 1.140296589031674669e-02 -5.011433086060566648e-09 -2.308572952100622189e+00 -1.787102919017227384e-03 -2.308572654939751612e+00 -5.558073511868237213e-03
5.975417312197353059e-01 -9.677161474790465720e-03 -7.429804509723982846e+03 -7.593710803056216719e+03 -8.835571113289111128e-03 -7.555430299329353147e+03 6.697933328985091438e-03 6.697933328985091438e-03 1.518742160611243344e+04 4.642011368700352136e+00 1.118697382259416923e-02 -4.916392012138619098e-09 -2.321005975882533434e+00 -1.795708771904035942e-03 -2.321005684350176068e+00 -5.587850228996473802e-03
6.049262479911456936e-01 -9.492855183944038516e-03 -7.469563130797138911e+03 -7.634334663936434481e+03 -8.667293326096418490e-03 -7.595851158736716570e+03 6.570367879195730676e-03 6.570367879195730676e-03 1.526866932787286896e+04 4.666845696380360842e+00 1.097391237225832025e-02 -4.822767572241461366e-09 -2.333423134170170776e+00 -1.805310161710814518e-03 -2.333422848190180421e+00 -5.617743852618861493e-03
6.124244265282117183e-01 -9.310952400218971622e-03 -7.509133998664456158e+03 -7.674836782924564432e+03 -8.501210161458215217e-03 -7.636140320324921049e+03 6.444466800571824368e-03 6.444466800571824368e-03 1.534967356584912886e+04 4.691599361989532646e+00 1.076363100851884108e-02 -4.730455360699058844e-09 -2.345799961494664743e+00 -1.815708771855872481e-03 -2.345799680994766323e+00 -5.647667873876360475e-03
6.200391770502056143e-01 -9.131566165038866936e-03 -7.548662620212787260e+03 -7.715328364879248511e+03 -8.337424741665447336e-03 -7.676414080105766516e+03 6.320307810981886515e-03 6.320307810981886515e-03 1.543065672975849702e+04 4.716343668838239189e+00 1.055625938654356465e-02 -4.639452658102994855e-09 -2.358172109514689918e+00 -1.826453643213452353e-03 -2.358171834419119595e+00 -5.677634476614339988e-03
6.277735355134692607e-01 -8.954668036136270021e-03 -7.588190708674257621e+03 -7.755809167736923882e+03 -8.175910994136059706e-03 -7.716678657075239244e+03 6.197870632531469332e-03 6.197870632531469332e-03 1.551161833547384776e+04 4.741082252134926733e+00 1.035176346869339653e-02 -4.549669307984755273e-09 -2.370541395833711373e+00 -1.836932121399174238e-03 -2.370541126067463367e+00 -5.707553532373008283e-03
6.356306710924183312e-01 -8.781055723764781898e-03 -7.628480870896467422e+03 -7.797012882723784060e+03 -8.017397191450219285e-03 -7.757670935162544083e+03 6.077707041912620844e-03 6.077707041912620844e-03 1.559402576544756812e+04 4.766267726160209328e+00 1.015106474020683464e-02 -4.461478004968941321e-09 -2.383134127616124864e+00 -1.846904352847647708e-03 -2.383133863080104664e+00 -5.737906018477657855e-03
6.436138942188908141e-01 -8.610118267031416014e-03 -7.669072970227672158e+03 -7.838473614805577199e+03 -7.861325517993913992e-03 -7.798926706147124605e+03 5.959394222521189645e-03 5.959394222521189645e-03 1.567694722961115440e+04 4.791614885456976225e+00 9.953457021785383149e-03 -4.374571484281852979e-09 -2.395807702114959969e+00 -1.856275477756345665e-03 -2.395807442728488112e+00 -5.768350997730095804e-03
6.517266652299278373e-01 -8.441861077151720932e-03 -7.710009862695494121e+03 -7.880253286070666036e+03 -7.707700965837819933e-03 -7.840504849818572438e+03 5.842936219449708368e-03 5.842936219449708368e-03 1.576050657214133207e+04 4.817159995659216598e+00 9.758947155598975132e-03 -4.288993774556022032e-09 -2.408580252147325407e+00 -1.865353923412223789e-03 -2.408579997829608299e+00 -5.798977433203673752e-03
6.599726036793022166e-01 -8.276271689277549942e-03 -7.751312414663999334e+03 -7.922403637760970014e+03 -7.556512215126824812e-03 -7.882452264178653422e+03 5.728324768840170264e-03 5.728324768840170264e-03 1.584480727552194003e+04 4.842931994232894333e+00 9.567521443897851474e-03 -4.204783818206123689e-09 -2.421466246445770576e+00 -1.874548205923732896e-03 -2.421465997116447166e+00 -5.829881306677705231e-03
6.683554983739679045e-01 -8.113021414384715552e-03 -7.792699911708762556e+03 -7.964669701934260956e+03 -7.407459217008871728e-03 -7.924510454476036102e+03 5.615332677067498210e-03 5.615332677067498210e-03 1.592933940386852191e+04 4.868772176876815294e+00 9.378800511648860069e-03 -4.121810609480984992e-09 -2.434386332849744150e+00 -1.884178972854695482e-03 -2.434386088438407647e+00 -5.860930373169015092e-03
6.768793182031612732e-01 -7.951816930662365321e-03 -7.833913851600644193e+03 -8.006800920342804602e+03 -7.260274167985115989e-03 -7.966428069466119268e+03 5.503756971574195501e-03 5.503756971574195501e-03 1.601360184068560920e+04 4.894526142222202836e+00 9.192445364615633302e-03 -4.039925215563388591e-09 -2.447263310666013325e+00 -1.894281054166605926e-03 -2.447263071111101418e+00 -5.891953323692549448e-03
6.855482238352487157e-01 -7.793151570704377751e-03 -7.875494176842104935e+03 -8.049326874702647729e+03 -7.115407458346532411e-03 -8.008735376851784167e+03 5.393938900018386239e-03 5.393938900018386239e-03 1.609865374940529546e+04 4.920519615952906101e+00 9.009025900542172449e-03 -3.959355469752168156e-09 -2.460260042751400533e+00 -1.904745127937649413e-03 -2.460259807976453050e+00 -5.923306035844421759e-03
6.943665803656867697e-01 -7.636613447722323186e-03 -7.917090374511324626e+03 -8.091874597487630126e+03 -6.972482983292360194e-03 -8.051063507365581245e+03 5.285593144749087605e-03 5.285593144749087605e-03 1.618374919497526025e+04 4.946525878596174763e+00 8.828065510331285434e-03 -3.879858700571758282e-09 -2.473263169357158286e+00 -1.915203700751948093e-03 -2.473262939298087382e+00 -5.954672534854729346e-03
7.033389710087731839e-01 -7.482386294181310980e-03 -7.958953858415393370e+03 -8.134677382048388608e+03 -6.831668466335742533e-03 -8.093648144066860368e+03 5.178846698621372528e-03 5.178846698621372528e-03 1.626935476409677722e+04 4.972689659890217051e+00 8.649776248816519117e-03 -3.801510867420243684e-09 -2.486345055357955136e+00 -1.925475072344048780e-03 -2.486344829945108525e+00 -5.986190459781891120e-03
7.124702119363601760e-01 -7.330694005633448147e-03 -8.001394021847868316e+03 -8.178039934922674547e+03 -6.693168319983721151e-03 -8.136794191924352162e+03 5.073854476497615708e-03 5.073854476497615708e-03 1.635607986984534909e+04 4.999198264556643068e+00 8.474416842597256097e-03 -3.724420844374581754e-09 -2.499599353121351175e+00 -1.935530167990022693e-03 -2.499599132278321534e+00 -6.018069654082336926e-03
7.217653683785456575e-01 -7.181186650369431913e-03 -8.044085272671565690e+03 -8.221645744913212184e+03 -6.556663073354254863e-03 -8.180184284926949658e+03 4.970374428038323161e-03 4.970374428038323161e-03 1.644329148982642437e+04 5.025856760818663282e+00 8.301583058718494876e-03 -3.648429358695427841e-09 -2.512928596748383647e+00 -1.945488599239797532e-03 -2.512928380409331641e+00 -6.050105480927263357e-03
7.312297721147489327e-01 -7.033813597885752930e-03 -8.087011017695414012e+03 -8.265494388237748353e+03 -6.422106526775776120e-03 -8.223815510112883203e+03 4.868371670802545265e-03 4.868371670802545265e-03 1.653098877647549671e+04 5.052663426705775507e+00 8.131216682218340985e-03 -3.573530972460701170e-09 -2.526331925252248922e+00 -1.955571264989171797e-03 -2.526331713352887753e+00 -6.082329966491505785e-03
7.408690404987389178e-01 -6.888646511273472349e-03 -8.130304145675330801e+03 -8.309730416270165733e+03 -6.289564122214572756e-03 -8.267830374703862617e+03 4.767895879291134988e-03 4.767895879291134988e-03 1.661946083254033147e+04 5.079705853769333146e+00 7.963400701608587887e-03 -3.499770433107227721e-09 -2.539853134410773539e+00 -1.965921753546739145e-03 -2.539852926884666573e+00 -6.114865433252721603e-03
7.506890971783762856e-01 -6.745355991732035657e-03 -8.173626545363437799e+03 -8.354015790874707818e+03 -6.158735112406941645e-03 -8.311891409823098002e+03 4.668719076423041500e-03 4.668719076423041500e-03 1.670803158174941564e+04 5.106776712447604005e+00 7.797754349546217982e-03 -3.426979964949526099e-09 -2.553388559433163785e+00 -1.976504668097252455e-03 -2.553388356223802003e+00 -6.147469202687346965e-03
7.606961946903557648e-01 -6.604156161605898717e-03 -8.217298409283204819e+03 -8.398662176381012614e+03 -6.029814975465135410e-03 -8.356311057820747010e+03 4.570989344320165390e-03 4.570989344320165390e-03 1.679732435276202523e+04 5.134067913887257362e+00 7.634524920748122015e-03 -3.355254150907142558e-09 -2.567034155899224235e+00 -1.987214785466496266e-03 -2.567033956943628681e+00 -6.180344669727150415e-03
7.708969391324559384e-01 -6.465222358245247339e-03 -8.261624213942648566e+03 -8.443964233289967524e+03 -5.902963784375118463e-03 -8.401384984727837946e+03 4.474827950634291569e-03 4.474827950634291569e-03 1.688792846657993505e+04 5.161761070316355671e+00 7.473914932272635731e-03 -3.284674147992178368e-09 -2.580880729928284989e+00 -1.997978704102459143e-03 -2.580880535158177835e+00 -6.213688342415151986e-03
7.812983171411170824e-01 -6.327765494036753299e-03 -8.305646685341795092e+03 -8.488958842910102248e+03 -5.777461076999875454e-03 -8.446152625846567389e+03 4.379688729934576828e-03 4.379688729934576828e-03 1.697791768582020450e+04 5.189266008918021811e+00 7.315012168796827287e-03 -3.214829159798515071e-09 -2.594633195088133615e+00 -2.008558038881175754e-03 -2.594633004459010905e+00 -6.246788244746118851e-03
7.919077254310604719e-01 -6.192609710512227139e-03 -8.350506723615551891e+03 -8.534793366633153710e+03 -5.654059321634754762e-03 -8.491758377228175959e+03 4.286142119945256582e-03 4.286142119945256582e-03 1.706958673326630742e+04 5.217285847672517463e+00 7.158769388694063637e-03 -3.146150499584225205e-09 -2.608643110393729536e+00 -2.019229850815244202e-03 -2.608642923836258731e+00 -6.280491539240507307e-03
8.027330031867079274e-01 -6.059192650048646558e-03 -8.395515422777567437e+03 -8.580785747780708334e+03 -5.532245086195023212e-03 -8.537520298783234466e+03 4.193798984616936912e-03 4.193798984616936912e-03 1.716157149556141667e+04 5.245401652491436195e+00 7.004536677890161982e-03 -3.078359617776127063e-09 -2.622701008783910659e+00 -2.030001355795212330e-03 -2.622700826245718098e+00 -6.314319983159330518e-03
8.137824676329847851e-01 -5.927691587832420450e-03 -8.440979381224427925e+03 -8.627247841536427586e+03 -5.412180228622153269e-03 -8.583748900655644320e+03 4.102782033722804193e-03 4.102782033722804193e-03 1.725449568307285517e+04 5.273804207588923099e+00 6.852518991447047007e-03 -3.011548736072733993e-09 -2.636902282371089257e+00 -2.040961104200995913e-03 -2.636902103794461549e+00 -6.348505503677095638e-03
8.250649531564983041e-01 -5.797977859858319261e-03 -8.486789027092543620e+03 -8.674068552792467017e+03 -5.293747273220762543e-03 -8.630333513085315644e+03 4.013002201899477928e-03 4.013002201899477928e-03 1.734813710558493403e+04 5.302425512871442592e+00 6.702567567563684839e-03 -2.945650292677207593e-09 -2.651212931104623305e+00 -2.052071748360299874e-03 -2.651212756435721296e+00 -6.382964545885745980e-03
8.365898543979577440e-01 -5.669980283095722023e-03 -8.532911814449769736e+03 -8.721210376258150063e+03 -5.176881221137764715e-03 -8.677237458875319135e+03 3.924410182196180590e-03 3.924410182196180590e-03 1.744242075251630013e+04 5.331243013290305477e+00 6.554600042053430886e-03 -2.880623011944828482e-09 -2.665621677458028138e+00 -2.063258414315868178e-03 -2.665621506645152738e+00 -6.417659778660590036e-03
8.483671737941044233e-01 -5.543768003192161946e-03 -8.579529483816582797e+03 -8.768852146832599828e+03 -5.061645197534801049e-03 -8.724639713242067955e+03 3.837053797889016567e-03 3.837053797889016567e-03 1.753770429366519966e+04 5.360366649652082316e+00 6.408696280179246307e-03 -2.816497970409632865e-09 -2.680183491836680698e+00 -2.074489308907494309e-03 -2.680183324826041158e+00 -6.452712105639628326e-03
8.604075741136114619e-01 -5.419144303065783277e-03 -8.626409065318608555e+03 -8.816761980986966591e+03 -4.947859599924234186e-03 -8.772308623588436603e+03 3.750796923828804072e-03 3.750796923828804072e-03 1.763352396197393318e+04 5.389654111875518794e+00 6.264628932266514370e-03 -2.753178801038145820e-09 -2.694827219194021684e+00 -2.085772292241615082e-03 -2.694827055937759397e+00 -6.487959902248215983e-03
8.727224366078529805e-01 -5.296370565710626678e-03 -8.674050350998712020e+03 -8.865444535744443783e+03 -4.835763078295579089e-03 -8.820747231130706496e+03 3.665820476618180442e-03 3.665820476618180442e-03 1.773088907148888757e+04 5.419414468313195066e+00 6.122700169023622373e-03 -2.690800840598011333e-09 -2.709707393714213985e+00 -2.097221953342187552e-03 -2.709707234156597533e+00 -6.523774446445602254e-03
8.853239254858574769e-01 -5.175095040474904894e-03 -8.721961212600481304e+03 -8.914409450796294550e+03 -4.725034480779249230e-03 -8.869465745418598090e+03 3.581881031293502379e-03 3.581881031293502379e-03 1.782881890159258910e+04 5.449346816011177985e+00 5.982503428492839427e-03 -2.629187522404681675e-09 -2.724673563909689289e+00 -2.108807772836425367e-03 -2.724673408005588993e+00 -6.559806741672367242e-03
8.982250595252105896e-01 -5.055474531349826023e-03 -8.770489862258147696e+03 -8.964004663966652515e+03 -4.615816967103578659e-03 -8.918811548998339276e+03 3.499087085184746527e-03 3.499087085184746527e-03 1.792800932793330503e+04 5.479664565619215999e+00 5.844219915402765197e-03 -2.568414808077246323e-09 -2.739832435110051811e+00 -2.120535535242976891e-03 -2.739832282809607999e+00 -6.596301867212316442e-03
9.114397917495351553e-01 -4.937269640146488975e-03 -8.819306020408788754e+03 -9.013897714196937159e+03 -4.507891961885696075e-03 -8.968453087677125950e+03 3.417272949123023075e-03 3.417272949123023075e-03 1.802779542839387432e+04 5.510164016187532710e+00 5.707572895263056563e-03 -2.508361302339552368e-09 -2.755082156833198237e+00 -2.132354040706619432e-03 -2.755082008093766355e+00 -6.633018864376707437e-03
9.249830982413081992e-01 -4.820695829134729465e-03 -8.868888151584458683e+03 -9.064567393974148217e+03 -4.401456183183289489e-03 -9.018868281203413062e+03 3.336587727921392667e-03 3.336587727921392667e-03 1.812913478794829643e+04 5.541138782604354773e+00 5.572811398185927370e-03 -2.449134930220525151e-09 -2.770569536529739363e+00 -2.144308986372542390e-03 -2.770569391302177387e+00 -6.670300726432367051e-03
9.388710773194973713e-01 -4.705516700014176698e-03 -8.918898946881177835e+03 -9.115677831795126622e+03 -4.296293797955930138e-03 -9.069721613527259251e+03 3.256867829182582066e-03 3.256867829182582066e-03 1.823135566359025324e+04 5.572382743978995023e+00 5.439662197638524960e-03 -2.390618210896528799e-09 -2.786191513747202197e+00 -2.156394051897283191e-03 -2.786191371989497512e+00 -6.707910632731460196e-03
9.531210604987441215e-01 -4.591854103472866808e-03 -8.969669824607590272e+03 -9.167562800942219837e+03 -4.192516056833578940e-03 -9.121345922097874791e+03 3.178197580496542121e-03 3.178197580496542121e-03 1.833512560188443967e+04 5.604100387616459678e+00 5.308266136143938857e-03 -2.332872374022375461e-09 -2.802050332141765132e+00 -2.168656910525772977e-03 -2.802050193808229839e+00 -6.746089898976104747e-03
9.677517368651720187e-01 -4.479528751633071737e-03 -9.020956741629646785e+03 -9.219978460415544760e+03 -4.089959266928465224e-03 -9.173497753540492340e+03 3.100452900454072919e-03 3.100452900454072919e-03 1.843995692083108952e+04 5.636142144635878815e+00 5.178415974107063689e-03 -2.275806828957601432e-09 -2.818071207267588640e+00 -2.181073728071792044e-03 -2.818071072317939407e+00 -6.784663717151004185e-03
9.827832927587716316e-01 -4.368490357357267088e-03 -9.072756628043180172e+03 -9.272921176703073797e+03 -3.988577511936613855e-03 -9.226173567372177786e+03 3.023598971389724471e-03 3.023598971389724471e-03 1.854584235340614759e+04 5.668505831074056367e+00 5.050053555273992245e-03 -2.219393761416548375e-09 -2.834253047141562121e+00 -2.193612000757242525e-03 -2.834252915537028183e+00 -6.823624585968723552e-03
9.982375689499297655e-01 -4.258976587323761061e-03 -9.125691307992630755e+03 -9.327014777860551476e+03 -3.888587788489275814e-03 -9.279995811759954449e+03 2.947800289338685376e-03 2.947800289338685376e-03 1.865402955572110295e+04 5.701573873877578968e+00 4.923453622557631693e-03 -2.163757320487325636e-09 -2.850787065244139828e+00 -2.206409084289115505e-03 -2.850786936938789484e+00 -6.863431225656004865e-03
1.014138237845315871e+00 -4.150579160135789772e-03 -9.179008852938375639e+03 -9.381506699553237922e+03 -3.789617325303259055e-03 -9.334213312663750912e+03 2.872774278669565102e-03 2.872774278669565102e-03 1.876301339910647584e+04 5.734884764724403894e+00 4.798144217517691205e-03 -2.108687368589643152e-09 -2.867442507401997354e+00 -2.219326893985910237e-03 -2.867442382362201947e+00 -6.903534317190275146e-03
1.030511003664290826e+00 -4.043585223792970848e-03 -9.233470756440454352e+03 -9.437161348079862364e+03 -3.691928294773126184e-03 -9.389588715127341857e+03 2.798719674585196156e-03 2.798719674585196156e-03 1.887432269615972473e+04 5.768907060214261584e+00 4.674457267461394963e-03 -2.054331627070842920e-09 -2.884453651923654327e+00 -2.232506681082540613e-03 -2.884453530107130792e+00 -6.944491731722261460e-03
1.047383829000692934e+00 -3.937830404208745270e-03 -9.288856304536833704e+03 -9.493758411108101427e+03 -3.595370620249500708e-03 -9.445902023317346902e+03 2.725522716011791712e-03 2.725522716011791712e-03 1.898751682221620285e+04 5.803505602956663623e+00 4.552202769404606851e-03 -2.000606859238643787e-09 -2.901752920108911393e+00 -2.245927504223075178e-03 -2.901752801478331811e+00 -6.986145596380573426e-03
1.064787191736691785e+00 -3.832850036473509168e-03 -9.344169041543746062e+03 -9.550298649861528247e+03 -3.499520047160251286e-03 -9.502156143029320447e+03 2.652861786928251576e-03 2.652861786928251576e-03 1.910059729972305649e+04 5.838067780573533483e+00 4.430843554949753099e-03 -1.947270789781054847e-09 -2.919034005754732153e+00 -2.259348065774092335e-03 -2.919033890286766741e+00 -7.027757811114841886e-03
1.082754376916745809e+00 -3.729311766602873539e-03 -9.401174156297916852e+03 -9.608553706212460384e+03 -3.404986156127331152e-03 -9.560118679974553743e+03 2.581198986010160932e-03 2.581198986010160932e-03 1.921710741242492077e+04 5.873679596484404186e+00 4.311151426291944498e-03 -1.894670798893877003e-09 -2.936839910590999025e+00 -2.273160689464129650e-03 -2.936839798242202093e+00 -7.070631383153300718e-03
1.101321808932232527e+00 -3.626772765779221613e-03 -9.458939800822356119e+03 -9.667590244352295485e+03 -3.311364631947940392e-03 -9.618858130284655999e+03 2.510227821113058047e-03 2.510227821113058047e-03 1.933518048870459097e+04 5.909768745567408388e+00 4.192614477944442593e-03 -1.842578020681120089e-09 -2.954884482043436122e+00 -2.287174406700748491e-03 -2.954884372783704194e+00 -7.114082078538171497e-03
1.120529430222394707e+00 -3.525468562511663469e-03 -9.518258663588472700e+03 -9.728204781131309574e+03 -3.218870519752582964e-03 -9.679169053412641006e+03 2.440111311381040326e-03 2.440111311381040326e-03 1.945640956226261915e+04 5.946823401991959912e+00 4.075504986913038898e-03 -1.791115830294851992e-09 -2.973411807203845569e+00 -2.301578950346275503e-03 -2.973411700995979956e+00 -7.158697676610274209e-03
1.140421133674343723e+00 -3.424814354489590876e-03 -9.577705183513991869e+03 -9.788967949425266852e+03 -3.126969875106185709e-03 -9.739625122994610138e+03 2.370444686824919617e-03 2.370444686824919617e-03 1.957793589885053370e+04 5.983967232682763537e+00 3.959146899329715058e-03 -1.739978931769609832e-09 -2.991983719516962292e+00 -2.316021878990402738e-03 -2.991983616341381769e+00 -7.203421217358820829e-03
1.161045257009182263e+00 -3.325376831685968471e-03 -9.639030675699814310e+03 -9.851638561620538894e+03 -3.036180104130795001e-03 -9.801980976485278006e+03 2.301620176812643401e-03 2.301620176812643401e-03 1.970327712324107779e+04 6.022278278985652378e+00 3.844195322399486352e-03 -1.689463205040221227e-09 -3.011139239672774970e+00 -2.330916397432163719e-03 -3.011139139492826189e+00 -7.249549811245818882e-03
1.182455148669888212e+00 -3.226772258033150115e-03 -9.701344995908295459e+03 -9.915325091148386491e+03 -2.946150844034036483e-03 -9.865346831210687014e+03 2.233372184698376346e-03 2.233372184698376346e-03 1.983065018229677298e+04 6.061209864957757709e+00 3.730206653529948273e-03 -1.639369743014220071e-09 -3.030605029688290042e+00 -2.346065144988168649e-03 -3.030604932478878855e+00 -7.296427566024455032e-03
1.204709816062109029e+00 -3.129118422362061301e-03 -9.765205476849827392e+03 -9.980588504239298345e+03 -2.856989639840034137e-03 -9.930282130524547028e+03 2.165782237289961762e-03 2.165782237289961762e-03 1.996117700847859669e+04 6.101105710445424712e+00 3.617317060081094715e-03 -1.589760490615353730e-09 -3.050552949490226151e+00 -2.361602806438058665e-03 -3.050552855222712356e+00 -7.344468501374739298e-03
1.227874668400109170e+00 -3.032265831992241728e-03 -9.830371700492223681e+03 -1.004718934129981972e+04 -2.768559999724698722e-03 -9.996547678471921245e+03 2.098746864101497245e-03 2.098746864101497245e-03 2.009437868259963943e+04 6.141818853875525619e+00 3.505353724037866235e-03 -1.540557961220001359e-09 -3.070909518287518569e+00 -2.377472070328149820e-03 -3.070909426937762809e+00 -7.393495640453875625e-03
1.252022367796842284e+00 -2.936103993299290713e-03 -9.896691331738693407e+03 -1.011497640654384304e+04 -2.680761039924576920e-03 -1.006399236347821170e+04 2.032189584029974339e-03 2.032189584029974339e-03 2.022995281308768608e+04 6.183256445183988426e+00 3.394188904135727464e-03 -1.491701997971795474e-09 -3.091628311044799293e+00 -2.393636496446025982e-03 -3.091628222591994213e+00 -7.443397135040881289e-03
1.277233803468756479e+00 -2.840970299115962855e-03 -9.965574670734840765e+03 -1.018536719409646685e+04 -2.593900809497969636e-03 -1.013403013758930683e+04 1.966343927238687912e-03 1.966343927238687912e-03 2.037073438819293369e+04 6.226287223879221955e+00 3.284212648436690956e-03 -1.443374899558866504e-09 -3.113143697526440601e+00 -2.410428587183396140e-03 -3.113143611939610977e+00 -7.495218185848877626e-03
1.303599204768434383e+00 -2.746484031773400742e-03 -1.003599329146540549e+04 -1.025733157424974161e+04 -2.507631701621304207e-03 -1.020563290250521459e+04 1.900946380256869107e-03 1.900946380256869107e-03 2.051466314849948321e+04 6.270279524141796124e+00 3.174984831706058677e-03 -1.395375894248320927e-09 -3.135139844811255294e+00 -2.427609196464188945e-03 -3.135139762070898062e+00 -7.548199223540321898e-03
1.331219408836837870e+00 -2.652596367305421008e-03 -1.010800899665722682e+04 -1.033093397211000593e+04 -2.421909138405311818e-03 -1.027886456887701934e+04 1.835963150189451939e-03 1.835963150189451939e-03 2.066186794422001185e+04 6.315272612419041920e+00 3.066449012626463414e-03 -1.347680092165468713e-09 -3.157636386121439820e+00 -2.445195737904312574e-03 -3.157636306209520960e+00 -7.602387857589589133e-03
1.360207297399638415e+00 -2.559395962498346548e-03 -1.018223240626024017e+04 -1.040678994756159591e+04 -2.336814066362615915e-03 -1.035433887878475070e+04 1.771455600080720262e-03 1.771455600080720262e-03 2.081357989512319182e+04 6.361643568876399257e+00 2.958707680658587309e-03 -1.300334097051696955e-09 -3.180821861542384443e+00 -2.463335839260251230e-03 -3.180821784438199629e+00 -7.658238271261317599e-03
1.390689413738294355e+00 -2.466810402038100130e-03 -1.025868144383047547e+04 -1.048492072798237859e+04 -2.252280368067814675e-03 -1.043207651440033624e+04 1.707373609431992812e-03 1.707373609431992812e-03 2.096984145596475719e+04 6.409405102329865045e+00 2.851677124161866930e-03 -1.253300734740474224e-09 -3.204702625479904921e+00 -2.482041775400630791e-03 -3.204702551164932522e+00 -7.715766895214275743e-03
1.422807763849379237e+00 -2.374803621832145221e-03 -1.033750528812545781e+04 -1.056547972891591235e+04 -2.168275115990783274e-03 -1.051222997538759228e+04 1.643692216734111327e-03 1.643692216734111327e-03 2.113095945783182469e+04 6.458650907164401822e+00 2.745315652000891119e-03 -1.206561666820449674e-09 -3.229325525125397167e+00 -2.501355755688078764e-03 -3.229325453582200911e+00 -7.775087432905226394e-03
1.456721793412865118e+00 -2.283412917671113432e-03 -1.041917996020477403e+04 -1.064894813274887019e+04 -2.084832361833827662e-03 -1.059527882300493911e+04 1.580437234129480851e-03 1.580437234129480851e-03 2.129789626549774039e+04 6.509675621002435797e+00 2.639666375535176020e-03 -1.160136108009975219e-09 -3.254837879291198277e+00 -2.521381536271599666e-03 -3.254837810501217898e+00 -7.836552983032759462e-03
1.492610511875782864e+00 -2.192521205277709988e-03 -1.050346943443356213e+04 -1.073509267241782436e+04 -2.001845203931757692e-03 -1.068098976599272646e+04 1.517527623323936588e-03 1.517527623323936588e-03 2.147018534483564872e+04 6.562335911375642539e+00 2.534593943593107645e-03 -1.113963537865295613e-09 -3.281168021739617746e+00 -2.542070318154223026e-03 -3.281167955687821269e+00 -7.899992031288473326e-03
1.530674703405736858e+00 -2.102142985498246797e-03 -1.059068602262486274e+04 -1.082423129395036995e+04 -1.919326882719086472e-03 -1.076967933675940731e+04 1.454973423833750895e-03 1.454973423833750895e-03 2.164846258790073989e+04 6.616826259455648618e+00 2.430115125098861444e-03 -1.068052194170925976e-09 -3.308413193056906287e+00 -2.563522974262022122e-03 -3.308413129727824309e+00 -7.965642631620648353e-03
1.571139117705580679e+00 -2.012339882081987889e-03 -1.068136681437126208e+04 -1.091690654296811772e+04 -1.837333661646074973e-03 -1.086188830903791495e+04 1.392817283584646404e-03 1.392817283584646404e-03 2.183381308593623544e+04 6.673478906415259537e+00 2.326301150041524147e-03 -1.022433195902223078e-09 -3.336739513831322945e+00 -2.585841323791123868e-03 -3.336739453207629769e+00 -8.033900611572625944e-03
1.614254467621440092e+00 -1.922844317694185788e-03 -1.077416634997937763e+04 -1.101177213137221224e+04 -1.755621234827469280e-03 -1.095627283429457930e+04 1.330874005306923857e-03 1.330874005306923857e-03 2.202354426274442449e+04 6.731468205603716726e+00 2.222842700353477082e-03 -9.769704223523265042e-10 -3.365734160729427327e+00 -2.608743902051123206e-03 -3.365734102801858363e+00 -8.103777930865444998e-03
1.660298972313143162e+00 -1.834401686374743110e-03 -1.087335149240867395e+04 -1.111311827264365820e+04 -1.674870198053406969e-03 -1.105711216264819996e+04 1.269659348856153405e-03 1.269659348856153405e-03 2.222623654528731640e+04 6.793422839821810832e+00 2.120601146797958508e-03 -9.320660159359234298e-10 -3.396711475174059025e+00 -2.633167359287895935e-03 -3.396711419910905416e+00 -8.178426537182368825e-03
1.709579075771010093e+00 -1.746320803832682482e-03 -1.097485113149338576e+04 -1.121686127470988686e+04 -1.594449423708159440e-03 -1.116033155247748800e+04 1.208695227963987612e-03 1.208695227963987612e-03 2.243372254941977371e+04 6.856840207665252152e+00 2.018778098742979223e-03 -8.873217140196480593e-10 -3.428420156442272937e+00 -2.658298443630942656e-03 -3.428420103832626076e+00 -8.254857737372620421e-03
1.762428850887697296e+00 -1.659214339741003560e-03 -1.108211135066072529e+04 -1.132646708043010221e+04 -1.514918347137971010e-03 -1.126938793640245967e+04 1.148405437327100227e-03 1.148405437327100227e-03 2.265293416086020443e+04 6.923843437371866472e+00 1.918081286745091513e-03 -8.433948983285710723e-10 -3.461921768671418764e+00 -2.684913952581354651e-03 -3.461921718685933236e+00 -8.335620415095036650e-03
1.819207495364619565e+00 -1.572805080006781835e-03 -1.119273356167322345e+04 -1.143953006745847051e+04 -1.436023818266687511e-03 -1.138188090646070123e+04 1.088598324804290101e-03 1.088598324804290101e-03 2.287906013491694102e+04 6.992958463371120814e+00 1.818190694041352728e-03 -7.994880080036576218e-10 -3.496479279067901569e+00 -2.712421753942660489e-03 -3.496479231685560407e+00 -8.418936777207598754e-03
1.880294287442067391e+00 -1.487491859599229761e-03 -1.130845268269093867e+04 -1.155779660350806262e+04 -1.358130010152091335e-03 -1.149955206820025160e+04 1.029549824083171757e-03 1.029549824083171757e-03 2.311559320701612523e+04 7.065254946510425960e+00 1.719567144742511784e-03 -7.561382965211939260e-10 -3.532627518067425587e+00 -2.741268411357953173e-03 -3.532627473255212980e+00 -8.506099481946530899e-03
1.946080473928930132e+00 -1.403438486530517171e-03 -1.142909949078009595e+04 -1.168110068803280046e+04 -1.281386485248279519e-03 -1.162223520993732745e+04 9.713733137269684337e-04 9.713733137269684337e-04 2.336220137606560093e+04 7.140630771939501464e+00 1.622400005361648379e-03 -7.134298752951038674e-10 -3.570315428249790202e+00 -2.771443633439827237e-03 -3.570315385969750732e+00 -8.596990102958433980e-03
2.016957903271166419e+00 -1.320934752777231345e-03 -1.155506277708504786e+04 -1.180983439294121126e+04 -1.206057832964568160e-03 -1.175032122507106396e+04 9.142693681382134873e-04 9.142693681382134873e-04 2.361966878588242253e+04 7.219326098260691715e+00 1.527024277351624612e-03 -6.715102445476871419e-10 -3.609663088924896179e+00 -2.803043584336716455e-03 -3.609663049130345858e+00 -8.691898235159999098e-03
2.093304861657969695e+00 -1.240120084373453040e-03 -1.168491616383840847e+04 -1.194256378922394288e+04 -1.132271354033470090e-03 -1.188237980990578035e+04 8.583344899590158355e-04 8.583344899590158355e-04 2.388512757844788575e+04 7.300462159617118196e+00 1.433601140813781484e-03 -6.304485410080810207e-10 -3.650231117168504902e+00 -2.835757470339242761e-03 -3.650231079808559098e+00 -8.789770544257018495e-03
2.175470491957367081e+00 -1.161573877354186860e-03 -1.182089495342421105e+04 -1.208153395795732831e+04 -1.060556056647084851e-03 -1.202065068419862837e+04 8.039696993559686169e-04 8.039696993559686169e-04 2.416306791591465662e+04 7.385415019480132237e+00 1.342800384033377694e-03 -5.905393968933516986e-10 -3.692707544733746072e+00 -2.870140999369598118e-03 -3.692707509740066119e+00 -8.892267075461259343e-03
2.263760163733009811e+00 -1.085493712081612083e-03 -1.196149460370425732e+04 -1.222522984035738227e+04 -9.910923234251669146e-04 -1.216362301044484411e+04 7.513118227795635056e-04 7.513118227795635056e-04 2.445045968071476454e+04 7.473256846426093780e+00 1.254850564256819066e-03 -5.516493057677014238e-10 -3.736628455914759783e+00 -2.905846927578246974e-03 -3.736628423213046890e+00 -8.998272737500251708e-03
2.358424805892701315e+00 -1.012244146886185541e-03 -1.210673100928130953e+04 -1.237366150915119033e+04 -9.242130371918563748e-04 -1.231130774057703093e+04 7.006130412264468393e-04 7.006130412264468393e-04 2.474732301830238066e+04 7.563993592019962797e+00 1.170172822771717649e-03 -5.144416292556411114e-10 -3.781996826504994136e+00 -2.942939186126630920e-03 -3.781996796009981399e+00 -9.107804190116763204e-03
2.459657033634705225e+00 -9.420867892333242757e-04 -1.225568690137399426e+04 -1.252589999323322081e+04 -8.601570396373897903e-04 -1.246277930085194748e+04 6.520544944333273984e-04 6.520544944333273984e-04 2.505179998646644162e+04 7.657056967718125939e+00 1.089069728629397504e-03 -4.788047777050077955e-10 -3.828528512240530812e+00 -2.981204867058424076e-03 -3.828528483859062970e+00 -9.220178413289942948e-03
2.567595655563507773e+00 -8.752908985253289326e-04 -1.240804412450279597e+04 -1.268161717224482527e+04 -7.991701735493389426e-04 -1.261771166887666004e+04 6.058225470842577799e-04 6.058225470842577799e-04 2.536323434448965054e+04 7.752246671641949582e+00 1.011852550501585873e-03 -4.448758022765893052e-10 -3.876123362190164734e+00 -3.020600166932666929e-03 -3.876123335820974791e+00 -9.335159475809672036e-03
2.682338115609762763e+00 -8.120470957721807534e-04 -1.256336268152905359e+04 -1.284036230554268695e+04 -7.414264823075126121e-04 -1.277565653245291469e+04 5.620491347765231788e-04 5.620491347765231788e-04 2.568072461108537391e+04 7.849287263484670873e+00 9.387416487384827365e-04 -4.127514614942016222e-10 -3.924643656206256992e+00 -3.061054004720947710e-03 -3.924643631742335437e+00 -9.452421274550091776e-03
2.803958393736257548e+00 -7.524845994550650010e-04 -1.272150556159954431e+04 -1.300198928393272035e+04 -6.870439465598873578e-04 -1.293646943434151945e+04 5.208236951061278328e-04 5.208236951061278328e-04 2.600397856786544071e+04 7.948090000556645940e+00 8.698864033707148129e-04 -3.824990178282340968e-10 -3.974045022947877648e+00 -3.102570403369991296e-03 -3.974045000278322970e+00 -9.571862885957259370e-03
2.932526725452886396e+00 -6.965716185536830959e-04 -1.288093156302426905e+04 -1.316494046175723633e+04 -6.359935401467707973e-04 -1.309859793604320657e+04 4.821242230662850146e-04 4.821242230662850146e-04 2.632988092351447267e+04 8.047701066973447226e+00 8.052500609252787956e-04 -3.540992016985376854e-10 -4.023850554471856356e+00 -3.144816137191415277e-03 -4.023850533486723613e+00 -9.692341651541102471e-03
3.068127610135964023e+00 -6.443526926420507566e-04 -1.304271896956450109e+04 -1.333029342349991384e+04 -5.883159289876657184e-04 -1.326311787916618778e+04 4.459815469497619821e-04 4.459815469497619821e-04 2.666058684699982769e+04 8.148781467656185384e+00 7.448841115084304382e-04 -3.275764535104600407e-10 -4.074390753240090923e+00 -3.188088301769494322e-03 -4.074390733828092692e+00 -9.814659628732399360e-03
3.210873706785042803e+00 -5.956661564440977061e-04 -1.320525807505681769e+04 -1.349642379022968817e+04 -5.438635072774315477e-04 -1.342840993379205975e+04 4.122837721311164191e-04 4.122837721311164191e-04 2.699284758045937633e+04 8.250336302317581527e+00 6.886016673211711433e-04 -3.028385728307459040e-10 -4.125168169104070692e+00 -3.232051156062070493e-03 -4.125168151158790764e+00 -9.937626760953300123e-03
3.360914710114393245e+00 -5.504320223055791548e-04 -1.336953214101618505e+04 -1.366431603498448203e+04 -5.025632734768789795e-04 -1.359545669574979365e+04 3.809753842053925752e-04 3.809753842053925752e-04 2.732863206996896406e+04 8.352967376034767355e+00 6.363099499389131709e-04 -2.802469507599179027e-10 -4.176483704599937674e+00 -3.277018739251685506e-03 -4.176483688017383678e+00 -1.006198002222571247e-02
3.518441553360023288e+00 -5.083892927715057564e-04 -1.353300639229804074e+04 -1.383141712735954752e+04 -4.641768369974114388e-04 -1.376171233009016214e+04 3.518761980828016703e-04 3.518761980828016703e-04 2.766283425471909504e+04 8.455116338530192621e+00 5.877081868297317439e-04 -2.585347936437375490e-10 -4.227558184581094558e+00 -3.322316613589456659e-03 -4.227558169265096311e+00 -1.018583238530093929e-02
3.683687005795827307e+00 -4.694192602211087664e-04 -1.369692516435074867e+04 -1.399897593192627392e+04 -4.285958935038839844e-04 -1.392842285926219847e+04 3.249036549879416808e-04 3.249036549879416808e-04 2.799795186385254783e+04 8.557543924170461835e+00 5.426583365270254379e-04 -2.386965605419187883e-10 -4.278771976227235818e+00 -3.368545046636138227e-03 -4.278771962085230918e+00 -1.031014681406040162e-02
3.856923940526868932e+00 -4.334099665745848535e-04 -1.386366801247546027e+04 -1.416938550774496798e+04 -3.957182186101048261e-04 -1.409797515326365465e+04 2.999802685666665028e-04 2.999802685666665028e-04 2.833877101548993596e+04 8.661716410089999485e+00 5.010309824194146642e-04 -2.204153796783444552e-10 -4.330858218102196844e+00 -3.416110992637610543e-03 -4.330858205044999742e+00 -1.043666363802012512e-02
4.038462416263060462e+00 -4.001052960712518712e-04 -1.403150610302103632e+04 -1.434090534892110554e+04 -3.653099335333192458e-04 -1.426863349258912422e+04 2.769289694889595058e-04 2.769289694889595058e-04 2.868181069784221108e+04 8.766570551106172005e+00 4.625304555428897107e-04 -2.035122942257490110e-10 -4.383285287606964786e+00 -3.464945038994759335e-03 -4.383285275553086002e+00 -1.056415558288181615e-02
4.228646433708256325e+00 -3.691234937455945496e-04 -1.419286838935951891e+04 -1.450591663111187700e+04 -3.370225240922782831e-04 -1.443279949404510080e+04 2.554853061596144902e-04 2.554853061596144902e-04 2.901183326222375399e+04 8.867434177001115359e+00 4.267149812526517452e-04 -1.877732608115881380e-10 -4.433717099621085289e+00 -3.512951926031762390e-03 -4.433717088500557679e+00 -1.068695420094401861e-02
4.427850924999102489e+00 -3.406004407794687361e-04 -1.435907912724093512e+04 -1.467581359621854062e+04 -3.109800343219737374e-04 -1.460183705494273818e+04 2.357434387018150378e-04 2.357434387018150378e-04 2.935162719243708125e+04 8.971291029534409489e+00 3.937418687865171978e-04 -1.732934506584366122e-10 -4.485645525028457037e+00 -3.563136747596874331e-03 -4.485645514767204745e+00 -1.081351291357322830e-02
4.636479280628705624e+00 -3.142223904390875969e-04 -1.452473812369871666e+04 -1.484516250221015980e+04 -2.868960187526944103e-04 -1.477032693093119815e+04 2.174861267284040271e-04 2.174861267284040271e-04 2.969032500442031960e+04 9.074809575300829323e+00 3.632482487378185798e-04 -1.598530340136844392e-10 -4.537404797117001287e+00 -3.614206736618537450e-03 -4.537404787650414661e+00 -1.093982077756010599e-02
4.854961533624194914e+00 -2.897810282278294393e-04 -1.468703303927155503e+04 -1.501113242517691833e+04 -2.645802364983113227e-04 -1.493544592138800726e+04 2.005694135520552548e-04 2.005694135520552548e-04 3.002226485035383666e+04 9.176260581953682660e+00 3.349937679536098929e-04 -1.474804928749221855e-10 -4.588130299707120940e+00 -3.665828244092214638e-03 -4.588130290976841330e+00 -1.106384777199997602e-02
5.083753201805744304e+00 -2.673804401742044365e-04 -1.485909683657537607e+04 -1.518694227906958622e+04 -2.441277716935771923e-04 -1.511037700375590430e+04 1.850650801736574444e-04 1.850650801736574444e-04 3.037388455813917244e+04 9.283737204179194791e+00 3.090982174021024518e-04 -1.360990446440956267e-10 -4.641868610145039931e+00 -3.721095920006985743e-03 -4.641868602089597395e+00 -1.119533056781450535e-02
5.323334722426276144e+00 -2.465825356650491740e-04 -1.502522504997596843e+04 -1.535678561913102021e+04 -2.251387370373772272e-04 -1.527935658150998279e+04 1.706693815274801837e-04 1.706693815274801837e-04 3.071357123826204042e+04 9.387537002784318574e+00 2.850540787772619746e-04 -1.263708296172343464e-10 -4.693768508820984842e+00 -3.776703810042251336e-03 -4.693768501392159287e+00 -1.132265894279757198e-02
5.574211384433898964e+00 -2.273804819490284372e-04 -1.519184749703496709e+04 -1.552713421399956133e+04 -2.076065956670053220e-04 -1.544883884926342944e+04 1.573791057342258711e-04 1.573791057342258711e-04 3.105426842799912265e+04 9.491671714657357484e+00 2.628565625362616100e-04 -1.163703985531463690e-10 -4.745835864179046126e+00 -3.833794024101142266e-03 -4.745835857328678742e+00 -1.145059803484188912e-02
5.836913658873376320e+00 -2.096682984837142116e-04 -1.535992851832603446e+04 -1.569896006746331295e+04 -1.914347883895845025e-04 -1.561979296153891300e+04 1.451198539927809012e-04 1.451198539927809012e-04 3.139792013492662591e+04 9.596705317833814419e+00 2.423810108751791302e-04 -1.074670590212292739e-10 -4.798352665233683645e+00 -3.893167780386846619e-03 -4.798352658916907210e+00 -1.157991746687554377e-02
6.111997837247349352e+00 -1.932410932221553118e-04 -1.552218070359084231e+04 -1.586492629352398035e+04 -1.764362167109501047e-04 -1.578490225076431852e+04 1.337499446578344423e-04 1.337499446578344423e-04 3.172985258704796070e+04 9.698146296774636355e+00 2.233908351270126429e-04 -9.945265121752797839e-11 -4.849073154209211367e+00 -3.953299507477392102e-03 -4.849073148387318177e+00 -1.170524296744731435e-02
6.400046903544740040e+00 -1.781942573906246375e-04 -1.569453657748801197e+04 -1.604107514375706705e+04 -1.626978976945108531e-04 -1.596016452218748054e+04 1.233357981026225617e-04 1.233357981026225617e-04 3.208215028751413411e+04 9.805841341016130031e+00 2.059971217724323881e-04 -9.094956070411742241e-11 -4.902920675876695000e+00 -4.017577474161042501e-03 -4.902920670508065015e+00 -1.183836196541884940e-02
6.701671583159408030e+00 -1.642857437584696785e-04 -1.586554030566109213e+04 -1.621587380556204153e+04 -1.499989500497352893e-04 -1.613407862242222654e+04 1.137092998901168136e-04 1.137092998901168136e-04 3.243174761112408305e+04 9.912699551280034882e+00 1.899188622600744510e-04 -8.406388631390930317e-11 -4.956349780589654586e+00 -4.084475402881524754e-03 -4.956349775640017441e+00 -1.197092707353832573e-02
7.017511528129986687e+00 -1.514140982587041490e-04 -1.603317868648652984e+04 -1.638729517323215623e+04 -1.382467250455705291e-04 -1.630462306821327911e+04 1.048003159364764835e-04 1.048003159364764835e-04 3.277459034646431246e+04 1.001748090179394524e+01 1.750389506050646085e-04 -7.739270955772864478e-11 -5.008740455458839946e+00 -4.153250523514207503e-03 -5.008740450896972618e+00 -1.210140468573394842e-02
7.348236611607034341e+00 -1.395051955797237217e-04 -1.619723658968554082e+04 -1.655512260126045294e+04 -1.273735025295222691e-04 -1.647158181932031948e+04 9.655775071765797745e-05 9.655775071765797745e-05 3.311024520252090588e+04 1.012006299515409680e+01 1.612721257974752032e-04 -7.128727976735176953e-11 -5.060031501780155594e+00 -4.224188898872634559e-03 -5.060031497577048398e+00 -1.222969892282778880e-02
7.694548314804565692e+00 -1.284905346942902932e-04 -1.635751842274384762e+04 -1.671915920130957966e+04 -1.173167563996641217e-04 -1.663475852499109169e+04 8.893410417602876463e-05 8.893410417602876463e-05 3.343831840261915931e+04 1.022032073982096811e+01 1.485390192475530909e-04 -6.569313183868210597e-11 -5.110160373781769572e+00 -4.297489844675601856e-03 -5.110160369910484057e+00 -1.235569706472692229e-02
8.057181197146181972e+00 -1.184337466587480499e-04 -1.653186971273131348e+04 -1.689738135876023080e+04 -1.081345770505629103e-04 -1.681207854864169713e+04 8.197345634962879021e-05 8.197345634962879021e-05 3.379476271752046159e+04 1.032926981628757801e+01 1.369132684327580723e-04 -6.057500834908387955e-11 -5.164634911712111531e+00 -4.378132153670867555e-03 -5.164634908143789005e+00 -1.249276976482455864e-02
8.436904445393944130e+00 -1.091005223843763248e-04 -1.669823849205066654e+04 -1.706757863922246179e+04 -9.961303785188851728e-05 -1.698139400061793640e+04 7.551360007820662808e-05 7.551360007820662808e-05 3.413515727844492358e+04 1.043330040808245229e+01 1.261239406901976784e-04 -5.582432662551952754e-11 -5.216650207328381583e+00 -4.460858282324025106e-03 -5.216650204041226147e+00 -1.262453540446092926e-02
8.834523500847938138e+00 -1.004987349400605229e-04 -1.686560062149118312e+04 -1.723879372329646867e+04 -9.175932505327700616e-05 -1.715172174275167345e+04 6.955999778726762038e-05 6.955999778726762038e-05 3.447758744659293734e+04 1.053795337319972347e+01 1.161801643084896815e-04 -5.143411472586934738e-11 -5.268976689627884902e+00 -4.548406990128307098e-03 -5.268976686599861736e+00 -1.275775536763444282e-02
9.250881765769570109e+00 -9.252880536373833751e-05 -1.702601958742755960e+04 -1.740303214006728012e+04 -8.448251961740778533e-05 -1.731508995792876158e+04 6.404372578567866440e-05 6.404372578567866440e-05 3.480606428013456025e+04 1.063833080795083497e+01 1.069668216647148157e-04 -4.737158570154247984e-11 -5.319165406763343817e+00 -4.639129289284236839e-03 -5.319165403975417483e+00 -1.288657158532066464e-02
9.686862391444771347e+00 -8.522344199671585963e-05 -1.719461565376198268e+04 -1.757552873327644920e+04 -7.781248573788522333e-05 -1.748668968285581650e+04 5.898742529136436386e-05 5.898742529136436386e-05 3.515105746655289840e+04 1.074376621949586230e+01 9.852172914633212616e-05 -4.365571551301292058e-11 -5.371883112315781084e+00 -4.737678580514987151e-03 -5.371883109747931151e+00 -1.302237977308572450e-02
1.014339015107741027e+01 -7.850830497521388014e-05 -1.736789992394610090e+04 -1.775277146986262596e+04 -7.168134870225291130e-05 -1.766301847850154809e+04 5.433964044352192143e-05 5.433964044352192143e-05 3.550554293972525193e+04 1.085210747755912131e+01 9.075894370986196556e-05 -4.023376086796890028e-11 -5.426053741145116405e+00 -4.843709469430516890e-03 -5.426053738779560653e+00 -1.316266442486807922e-02
1.062143340119719248e+01 -7.228835375688548925e-05 -1.753460672184261057e+04 -1.792341104013604490e+04 -6.600233206991587228e-05 -1.783275940414162687e+04 5.003459483736359919e-05 5.003459483736359919e-05 3.584682208027208981e+04 1.095640220342409066e+01 8.356860665588794284e-05 -3.707193226775211346e-11 -5.478201103890222967e+00 -4.954831171796016467e-03 -5.478201101712045329e+00 -1.329910237204848938e-02
1.112200613561059548e+01 -6.657276904691630370e-05 -1.770603975974634523e+04 -1.809884027980032261e+04 -6.078381645371405483e-05 -1.800727200639006696e+04 4.607865161556893186e-05 4.607865161556893186e-05 3.619768055960064521e+04 1.106363093926974273e+01 7.696134911656590805e-05 -3.413956011963972267e-11 -5.531815471640868509e+00 -5.074556782316112964e-03 -5.531815469634871363e+00 -1.344022169523446074e-02
1.164617013619385411e+01 -6.132171461786183845e-05 -1.788287099195023256e+04 -1.827973968364923348e+04 -5.598943538944387406e-05 -1.818723429627629957e+04 4.244421432019883123e-05 4.244421432019883123e-05 3.655947936729846697e+04 1.117420717170898747e+01 7.089106979207524548e-05 -3.147243627451668157e-11 -5.587103587702301866e+00 -5.204278907155994970e-03 -5.587103585854493737e+00 -1.358670971077288389e-02
1.219503722506606280e+01 -5.643420906052659642e-05 -1.804508011462216382e+04 -1.844593494428103804e+04 -5.152698660714244048e-05 -1.835253032685978178e+04 3.906139845165252251e-05 3.906139845165252251e-05 3.689186988856207608e+04 1.127577285370163551e+01 6.524105025071165345e-05 -2.899451447610580555e-11 -5.637886428551389884e+00 -5.338941783900432239e-03 -5.637886426850817756e+00 -1.372364805426548595e-02
1.276977162291000134e+01 -5.195800280543588941e-05 -1.821647688469648347e+04 -1.862142549057783981e+04 -4.744006823376718091e-05 -1.852708910508863846e+04 3.596325789972957480e-05 3.596325789972957480e-05 3.724285098115567962e+04 1.138303032496915002e+01 6.006649874033835243e-05 -2.672354939344887780e-11 -5.691515164050301223e+00 -5.486367799465913415e-03 -5.691515162484575008e+00 -1.386906332134216907e-02
1.337159241843930246e+01 -4.783171602373124270e-05 -1.838750838424951144e+04 -1.879658728063730086e+04 -4.367263698139582304e-05 -1.870131406887236517e+04 3.310731500402908670e-05 3.310731500402908670e-05 3.759317456127460173e+04 1.149008473390854768e+01 5.529647076213848006e-05 -2.463171382891002747e-11 -5.745042368395696819e+00 -5.645001432750022634e-03 -5.745042366954273838e+00 -1.401597108781559714e-02
1.400177615424875910e+01 -4.402485303814678339e-05 -1.855661024120699949e+04 -1.896984702855122305e+04 -4.019685095822261449e-05 -1.887363600675535781e+04 3.047245274854775774e-05 3.047245274854775774e-05 3.793969405710244610e+04 1.159597028268003704e+01 5.089569275706013119e-05 -2.269950810363241199e-11 -5.797985142666761682e+00 -5.815313271099771010e-03 -5.797985141340018522e+00 -1.416333871440875539e-02
1.466165953453220716e+01 -4.049505061027480524e-05 -1.871513763041571292e+04 -1.913249364559758033e+04 -3.697402940045970966e-05 -1.903536899354785055e+04 2.802935712963570448e-05 2.802935712963570448e-05 3.826498729119516065e+04 1.169535200827080601e+01 4.681520690875346158e-05 -2.090846773733303874e-11 -5.847676005355811668e+00 -5.995972853138077131e-03 -5.847676004135403005e+00 -1.430485704756195159e-02
1.535264226041133817e+01 -3.730585978097466972e-05 -1.890453888545476366e+04 -1.932631946304754092e+04 -3.406219992369282848e-05 -1.922818061814379325e+04 2.582200912073864693e-05 2.582200912073864693e-05 3.865263892609508184e+04 1.181382882760802211e+01 4.312846826021495000e-05 -1.929242300286510647e-11 -5.906914414928346346e+00 -6.202209415737575636e-03 -5.906914413804011055e+00 -1.447216070789109424e-02
1.607618999888940792e+01 -3.429773661996315378e-05 -1.905643498662165803e+04 -1.948238907704082158e+04 -3.131568922958730350e-05 -1.938333953739306162e+04 2.373998501694900596e-05 2.373998501694900596e-05 3.896477815408164315e+04 1.190917398332086741e+01 3.965104772621634073e-05 -1.776681989492057463e-11 -5.954586992694149039e+00 -6.412903595690713950e-03 -5.954586991660433704e+00 -1.461368265986491555e-02
1.683383749172745780e+01 -3.154358061929136742e-05 -1.921656855967244701e+04 -1.964682473710261183e+04 -2.880105890453389360e-05 -1.954683033659053399e+04 2.183374232446842411e-05 2.183374232446842411e-05 3.929364947420522367e+04 1.200964029085304396e+01 3.646721992256400755e-05 -1.637084844513801429e-11 -6.004820146377269907e+00 -6.644097141898825873e-03 -6.004820145426521982e+00 -1.476421919948097371e-02
1.762719181083737041e+01 -2.903345679350152080e-05 -1.939347702157646927e+04 -1.982824720680119935e+04 -2.650923958858856196e-05 -1.972724614030769226e+04 2.009640158355503010e-05 2.009640158355503010e-05 3.965649441360239871e+04 1.212050630631711456e+01 3.356549326976157236e-05 -1.509887062755356938e-11 -6.060253154033691914e+00 -6.902121408475759938e-03 -6.060253153158557282e+00 -1.493078458330354512e-02
1.845793576709684558e+01 -2.672073305610724568e-05 -1.957024934885100811e+04 -2.000961068507910750e+04 -2.439765261651641762e-05 -1.990759117471700665e+04 1.849569055323332765e-05 1.849569055323332765e-05 4.001922137015821500e+04 1.223133155927527049e+01 3.089196795216817226e-05 -1.392711814658818640e-11 -6.115665780443100275e+00 -7.182505916132957309e-03 -6.115665779637635247e+00 -1.510074456914505849e-02
1.932783147981688643e+01 -2.453863821995062066e-05 -1.970506084090131480e+04 -2.014873643875485141e+04 -2.240533247779713465e-05 -2.004581365786658353e+04 1.698539011758040866e-05 1.698539011758040866e-05 4.029747287750970281e+04 1.231627887991146686e+01 2.836944711556932275e-05 -1.282161338781829840e-11 -6.158139440695464373e+00 -7.471981970491035560e-03 -6.158139439955733430e+00 -1.524249368122506353e-02
2.023872411443312913e+01 -2.263001086301559756e-05 -1.992562170460027846e+04 -2.037445104777809684e+04 -2.066270040277186210e-05 -2.027034702496818500e+04 1.566437318073068621e-05 1.566437318073068621e-05 4.074890209555619367e+04 1.245425917572256758e+01 2.616307126064847466e-05 -1.185634495325245960e-11 -6.227129588543520278e+00 -7.821791015806787983e-03 -6.227129587861283788e+00 -1.545420953590886937e-02
2.119254579634909064e+01 -2.078693864437519492e-05 -2.006764881211371176e+04 -2.052104823732657678e+04 -1.897991972449851122e-05 -2.041598871970561231e+04 1.438872307700478631e-05 1.438872307700478631e-05 4.104209647465315356e+04 1.254377014562633263e+01 2.403246622278417755e-05 -1.092256360453603989e-11 -6.271885073439883662e+00 -8.172018838860071327e-03 -6.271885072813166317e+00 -1.561053021124285227e-02
2.219131970923321973e+01 -1.914751350935668794e-05 -2.026796207197101830e+04 -2.072656442165201588e+04 -1.748307794028986439e-05 -2.062035077613215981e+04 1.325402807162804734e-05 1.325402807162804734e-05 4.145312884330403176e+04 1.266936234032422881e+01 2.213728665809870506e-05 -1.009328650111343327e-11 -6.334681170739446365e+00 -8.579778215874023228e-03 -6.334681170162114405e+00 -1.581698992832026793e-02
2.323716438646269111e+01 -1.758171612130484386e-05 -2.040486905248676703e+04 -2.086822866087998409e+04 -1.605345766343047566e-05 -2.076103916887544983e+04 1.217028994631278547e-05 1.217028994631278547e-05 4.173645732175996818e+04 1.275583667628316498e+01 2.032721547669658527e-05 -9.300389703269224520e-12 -6.377918338671747733e+00 -8.995696932322118020e-03 -6.377918338141582488e+00 -1.597994589116138661e-02
2.433229820481675176e+01 -1.616287642293172110e-05 -2.056697944702996756e+04 -2.103546200643023985e+04 -1.475801616764381098e-05 -2.092719644523098759e+04 1.118826870950471897e-05 1.118826870950471897e-05 4.207092401286047971e+04 1.285796316003523998e+01 1.868703337703842335e-05 -8.582433966696112844e-12 -6.428981580505044313e+00 -9.465379293636031616e-03 -6.428981580017619990e+00 -1.616908562531122265e-02
2.547904408995127667e+01 -1.486147965602608505e-05 -2.073411384130457373e+04 -2.120791676529827237e+04 -1.356983729667679272e-05 -2.109853576881553090e+04 1.028736505384748710e-05 1.028736505384748710e-05 4.241583353059654473e+04 1.296315707571076281e+01 1.718227078347520095e-05 -7.924409682490397087e-12 -6.481578538303589099e+00 -9.981664142476438101e-03 -6.481578537855381406e+00 -1.636890748763884795e-02
2.667983444363553502e+01 -1.366462618761261470e-05 -2.090284353884743541e+04 -2.138215127961385224e+04 -1.247704331413140650e-05 -2.127162338749387709e+04 9.459157842078354955e-06 9.459157842078354955e-06 4.276430255922770448e+04 1.306967101662063868e+01 1.579905485558125126e-05 -7.319698662319190391e-12 -6.534835508722489195e+00 -1.054764968416474664e-02 -6.534835508310319341e+00 -1.657788842725898756e-02
2.793721630320246163e+01 -1.255194118788735728e-05 -2.105178049660909892e+04 -2.153658884832292824e+04 -1.146113052507755511e-05 -2.142494870600767899e+04 8.689036628698303743e-06 8.689036628698303743e-06 4.307317769664585649e+04 1.316392728922820865e+01 1.451279062609134390e-05 -6.758002519517542144e-12 -6.581963644992758766e+00 -1.115872594920722452e-02 -6.581963644614104325e+00 -1.677978348139478118e-02
2.925385674415631243e+01 -1.155153906592777044e-05 -2.124198453325995797e+04 -2.173289949585774593e+04 -1.054773739187878698e-05 -2.161998187689611950e+04 7.996632961990024225e-06 7.996632961990024225e-06 4.346579899171549187e+04 1.328381509594828813e+01 1.335633157598007748e-05 -6.252500958780289162e-12 -6.641907548322663501e+00 -1.185268294440601673e-02 -6.641907547974144066e+00 -1.702376216552156998e-02
3.063254853739741890e+01 -1.069613874168051029e-05 -2.156684626780153121e+04 -2.206544254490909225e+04 -9.766740882766262303e-06 -2.195077100870526556e+04 7.404600234264569907e-06 7.404600234264569907e-06 4.413088508981818450e+04 1.348712215302230177e+01 1.236751524781185789e-05 -5.823965455363458147e-12 -6.743561076833908707e+00 -1.269599939461129451e-02 -6.743561076511150887e+00 -1.738617742141819814e-02
3.207621607306366940e+01 -9.736310440171656340e-06 -2.152154166680917842e+04 -2.202437055803405747e+04 -8.890384227599189518e-06 -2.190911778036768010e+04 6.740261209050713422e-06 6.740261209050713422e-06 4.404874111606811493e+04 1.346159407821711262e+01 1.125792636118014151e-05 -5.335439860806566663e-12 -6.730797039402397708e+00 -1.338928155260983924e-02 -6.730797039108556312e+00 -1.746366423248030264e-02
3.358792156355409020e+01 -8.983064713280763280e-06 -2.177134069158378406e+04 -2.228165135631769954e+04 -8.202654707174144430e-06 -2.216480463747087560e+04 6.218931096124959397e-06 6.218931096124959397e-06 4.456330271263539908e+04 1.361877442381833703e+01 1.038719851543817529e-05 -4.957394556911028530e-12 -6.809387212180324056e+00 -1.434637779407892284e-02 -6.809387211909168514e+00 -1.779081110100868071e-02
3.517087153889189466e+01 -8.235260540666393178e-06 -2.188193075586043778e+04 -2.239859257897419229e+04 -7.519888840440424899e-06 -2.228056702821998260e+04 5.701354905977758461e-06 5.701354905977758461e-06 4.479718515794838459e+04 1.368998541187939821e+01 9.522737601830069237e-06 -4.579586461753745212e-12 -6.844992706188329556e+00 -1.530239311643674487e-02 -6.844992705939699107e+00 -1.801942363296027763e-02
3.682842364820457703e+01 -7.574227347164728889e-06 -2.206511252823886753e+04 -2.258921705875085172e+04 -6.916350469867977713e-06 -2.246971805244692587e+04 5.243840340508465295e-06 5.243840340508465295e-06 4.517843411750170344e+04 1.380629754342797177e+01 8.758593063536963217e-06 -4.247063559272992247e-12 -6.903148771942706929e+00 -1.640549710616216045e-02 -6.903148771713985887e+00 -1.832227890139225684e-02
3.856409378174787150e+01 -6.960037648861327949e-06 -2.222955548811480548e+04 -2.276127732205083885e+04 -6.355580943799745412e-06 -2.264030985498072914e+04 4.818747871577653421e-06 4.818747871577653421e-06 4.552255464410167770e+04 1.391121813015903008e+01 8.048600507194397178e-06 -3.938062992671136555e-12 -6.955609065289737103e+00 -1.760599713944311154e-02 -6.955609065079515041e+00 -1.862708903670098198e-02
4.038156352858037934e+01 -6.407610026560878129e-06 -2.243731416825518681e+04 -2.297754935982312600e+04 -5.851204209733100563e-06 -2.285489952417037784e+04 4.436404668464174889e-06 4.436404668464174889e-06 4.595509871964625199e+04 1.404318214717687496e+01 7.410008284485771039e-06 -3.661248877950384953e-12 -7.021591073782023074e+00 -1.896448846887229672e-02 -7.021591073588437482e+00 -1.898715781097035440e-02
4.228468798570753506e+01 -5.886889131973714327e-06 -2.259965575665519646e+04 -2.314835825397295775e+04 -5.375774822285654016e-06 -2.302411121574517892e+04 4.076005033910097478e-06 4.076005033910097478e-06 4.629671650794591551e+04 1.414727829445461715e+01 6.808066362240904469e-06 -3.399693030090256794e-12 -7.073639147405209826e+00 -2.042017857816094337e-02 -7.073639147227308577e+00 -1.933029852583181135e-02
4.427750393525924721e+01 -5.411311482617403278e-06 -2.277491643621622279e+04 -2.333273430033954719e+04 -4.941563240666112533e-06 -2.320676696634608743e+04 3.746851479410967186e-06 3.746851479410967186e-06 4.666546860067909438e+04 1.425964895051715686e+01 6.258312148648725055e-06 -3.161362239868652940e-12 -7.129824475422156915e+00 -2.203571395383797579e-02 -7.129824475258578431e+00 -1.970750740181409152e-02
4.636423840704600963e+01 -4.963123974858240786e-06 -2.289979609240977879e+04 -2.346667233816159933e+04 -4.532357870030734449e-06 -2.333908010141999330e+04 3.436652116745362741e-06 3.436652116745362741e-06 4.693334467632319866e+04 1.434110053331613344e+01 5.740214765977382630e-06 -2.935924914495832815e-12 -7.170550266808145778e+00 -2.376234955579888466e-02 -7.170550266658066718e+00 -2.006643645384219299e-02
4.854931764465584365e+01 -4.581865165993551724e-06 -2.317736589573152378e+04 -2.375579674874324337e+04 -4.184266694346173469e-06 -2.362592871469764577e+04 3.172785605683275766e-06 3.172785605683275766e-06 4.751159349748648674e+04 1.451752390854310271e+01 5.299504537775177112e-06 -2.747339255466113547e-12 -7.258761954410151596e+00 -2.583454981569115530e-02 -7.258761954271551353e+00 -2.058721681362940883e-02
5.083737649411040138e+01 -4.184277820400819714e-06 -2.320232848483476846e+04 -2.378979862016662082e+04 -3.821257017967005409e-06 -2.365848024632688248e+04 2.897601652534014956e-06 2.897601652534014956e-06 4.757959724033324164e+04 1.453770812201082485e+01 4.839889050572197766e-06 -2.545741495511659505e-12 -7.268854061132035582e+00 -2.781414057879492974e-02 -7.268854061005412426e+00 -2.091497234864105048e-02
5.323326823499476035e+01 -3.845893299316188332e-06 -2.337862312763712544e+04 -2.397777946697339576e+04 -3.512307326994619462e-06 -2.384433872675901875e+04 2.663404443708927094e-06 2.663404443708927094e-06 4.795555893394679151e+04 1.465211688875198703e+01 4.448732055665724052e-06 -2.377047227757104323e-12 -7.326058444492426602e+00 -3.018585268266314389e-02 -7.326058444375993517e+00 -2.141088937374112725e-02
5.574207487491413815e+01 -3.532363016476985364e-06 -2.353888384210522418e+04 -2.415033031650114935e+04 -3.226049784360199354e-06 -2.401470070948245484e+04 2.446408718540629005e-06 2.446408718540629005e-06 4.830066063300229871e+04 1.475702562775700422e+01 4.086304990988246732e-06 -2.220681263156262911e-12 -7.378512813985494745e+00 -3.277785287438504669e-02 -7.378512813878502108e+00 -2.192983874541218348e-02
5.836911792911337216e+01 -3.242685504159809525e-06 -2.368713166708227436e+04 -2.431158771672239891e+04 -2.961570120972158111e-06 -2.417367785160656058e+04 2.245921473896928938e-06 2.245921473896928938e-06 4.862317543344479782e+04 1.485496257566409994e+01 3.751450417548293343e-06 -2.076186426795373525e-12 -7.427481287930318921e+00 -3.561423690881543314e-02 -7.427481287832049972e+00 -2.247842167847676279e-02
6.111996970812420926e+01 -2.979945225700146094e-06 -2.386147612613483216e+04 -2.450030440793121670e+04 -2.721686090781743084e-06 -2.435985729462120071e+04 2.064080244239470378e-06 2.064080244239470378e-06 4.900060881586243340e+04 1.496964280822521154e+01 3.447738965781346639e-06 -1.945885140221634162e-12 -7.484821404202964601e+00 -3.878303708127406324e-02 -7.484821404112605769e+00 -2.309732170071285284e-02
6.400046513738307397e+01 -2.735362192198762807e-06 -2.400874825187929309e+04 -2.466263304499936567e+04 -2.498378684065061712e-06 -2.451958862879386288e+04 1.894807159438520262e-06 1.894807159438520262e-06 4.932526608999873133e+04 1.506811170696176028e+01 3.165019647858929516e-06 -1.824313087337128313e-12 -7.534055853563873306e+00 -4.222870558761804977e-02 -7.534055853480880138e+00 -2.374028258483952894e-02
6.701671413389014731e+01 -2.517699627941731730e-06 -2.422271198197988633e+04 -2.489391093169504165e+04 -2.299653546733522513e-06 -2.474780315302312738e+04 1.744168706990223812e-06 1.744168706990223812e-06 4.978782186339008331e+04 1.520868999539772837e+01 2.913424027295482303e-06 -1.717621675691625848e-12 -7.604344997775305259e+00 -4.615228578025553502e-02 -7.604344997698864184e+00 -2.450497686260783708e-02
7.017511456616259125e+01 -2.305600092533448977e-06 -2.431262453141096194e+04 -2.500044465157382001e+04 -2.106002910132037620e-06 -2.485159444753326534e+04 1.597372101772091562e-06 1.597372101772091562e-06 5.000088930314764002e+04 1.527283860512699754e+01 2.668243476009817832e-06 -1.611449672044083590e-12 -7.636419302633552064e+00 -5.022192935118126311e-02 -7.636419302563498768e+00 -2.520469790999872034e-02
7.348236582497136737e+01 -2.097759545094995753e-06 -2.424326901683510732e+04 -2.494624924300871862e+04 -1.916234757369026578e-06 -2.479515762363316753e+04 1.453512298847341553e-06 1.453512298847341553e-06 4.989249848601743724e+04 1.523854920072755093e+01 2.427965908351272062e-06 -1.504457580987813281e-12 -7.619274600427565325e+00 -5.433037136716249715e-02 -7.619274600363775463e+00 -2.579775517566341297e-02
7.694548303364732078e+01 -1.975294919287722115e-06 -2.502522250061671366e+04 -2.576034603017681002e+04 -1.804450362535081067e-06 -2.560290664281260979e+04 1.368803509681151760e-06 1.368803509681151760e-06 5.152069206035362004e+04 1.573543985038217663e+01 2.286494428727513797e-06 -1.456797738840708836e-12 -7.867719925251209112e+00 -6.095673834622227644e-02 -7.867719925191088315e+00 -2.738611037544451746e-02
8.057181192809824211e+01 -1.780991354325507300e-06 -2.472439435818910351e+04 -2.547351341702253194e+04 -1.627032971780669725e-06 -2.531441145739526473e+04 1.234296996745072087e-06 1.234296996745072087e-06 5.094702683404506388e+04 1.555860997696511205e+01 2.061835750544113405e-06 -1.352320675903137465e-12 -7.779304988536816623e+00 -6.541796165555995024e-02 -7.779304988482556027e+00 -2.787036304924915553e-02
8.436904443809967802e+01 -1.652890954367019263e-06 -2.514897321206193010e+04 -2.592798482944022544e+04 -1.510089171452998463e-06 -2.576349928125854785e+04 1.145662472413775724e-06 1.145662472413775724e-06 5.185596965888045088e+04 1.583517749406336250e+01 1.913802651963548026e-06 -1.295077305429375673e-12 -7.917588747082090705e+00 -7.239553123762090814e-02 -7.917588747031681251e+00 -2.926067010404451510e-02
8.834523500290913489e+01 -1.502028495804256834e-06 -2.504169154861380957e+04 -2.584186162170904936e+04 -1.372342232768659810e-06 -2.567426580984688553e+04 1.041237667803089122e-06 1.041237667803089122e-06 5.168372324341809872e+04 1.578092688850741965e+01 1.739389777413367641e-06 -1.216310969287086643e-12 -7.890463444299573581e+00 -7.843024304720880302e-02 -7.890463444253709824e+00 -3.012734152696386336e-02
9.250881765581175387e+01 -1.378612670606303463e-06 -2.518552512386869057e+04 -2.601432340102395756e+04 -1.259664951739652679e-06 -2.584202299633978328e+04 9.558249135216288025e-07 9.558249135216288025e-07 5.202864680204791512e+04 1.588468487447874544e+01 1.596733589107784811e-06 -1.156150393790889805e-12 -7.942342437281521228e+00 -8.589300278772012132e-02 -7.942342437239372721e+00 -3.139458729019391214e-02
9.686862391383557735e+01 -1.264524330065958754e-06 -2.531227976755775308e+04 -2.617187705712453317e+04 -1.155503168509565751e-06 -2.599456338147628048e+04 8.768682894621064247e-07 8.768682894621064247e-07 5.234375411424906633e+04 1.597917076006811143e+01 1.464860786796335268e-06 -1.100455800395916931e-12 -7.989585380072771414e+00 -9.405854771131902381e-02 -7.989585380034055717e+00 -3.275938282308472199e-02
1.014339015105832971e+02 -1.158172359443707180e-06 -2.540031066853847733e+04 -2.629250377782165742e+04 -1.058403408978027627e-06 -2.610996355825794308e+04 8.032636296516828931e-07 8.032636296516828931e-07 5.258500755564331484e+04 1.605090111950942244e+01 1.341926407058437004e-06 -1.047947250749671831e-12 -8.025450559790225924e+00 -1.028852093887314689e-01 -8.025450559754711222e+00 -3.419988729980426995e-02
1.062143340119150423e+02 -1.060535555323670733e-06 -2.548124915756567862e+04 -2.640879163151720059e+04 -9.692607599966514033e-07 -2.622060830426780376e+04 7.356895726243892531e-07 7.356895726243892531e-07 5.281758326303440117e+04 1.611977773486750110e+01 1.229063955249248149e-06 -9.997179129836148124e-13 -8.059888867466321827e+00 -1.125556329080455026e-01 -8.059888867433750548e+00 -3.576698196360731524e-02
1.112200613560898717e+02 -9.819124604999730151e-07 -2.584641315257990937e+04 -2.682073740996382912e+04 -8.974890754729117869e-07 -2.662464277327317177e+04 6.812956676069075749e-07 6.812956676069075749e-07 5.364147481992765825e+04 1.636913958051329132e+01 1.138219066345263213e-06 -9.664365575130356290e-13 -8.184569790286859714e+00 -1.245991897602962278e-01 -8.184569790256645661e+00 -3.790581848929168440e-02
1.164617013619343737e+02 -8.988529726027721104e-07 -2.591627482532395152e+04 -2.693290337577821629e+04 -8.216555402500769300e-07 -2.673010172918572425e+04 6.238101679659077703e-07 6.238101679659077703e-07 5.386580675155643257e+04 1.643502129078481389e+01 1.042206450869013293e-06 -9.253899138609414280e-13 -8.217510645420119886e+00 -1.363506436208545003e-01 -8.217510645392406943e+00 -3.978975826733636284e-02
1.219503722506598251e+02 -8.496586622267405190e-07 -2.683736384528004055e+04 -2.792813775943711880e+04 -7.767742761130905318e-07 -2.771220942938209555e+04 5.898247473522371006e-07 5.898247473522371006e-07 5.585627551887423760e+04 1.704013233132620897e+01 9.854559256759456584e-07 -9.174316320293008623e-13 -8.520066165689360815e+00 -1.543039213912654750e-01 -8.520066165663104485e+00 -4.324516060467664680e-02
1.276977162291001520e+02 -7.509022474098849397e-07 -2.596833039944397387e+04 -2.707858567226828382e+04 -6.865738136655663035e-07 -2.686111638044778738e+04 5.214058463164881707e-07 5.214058463164881707e-07 5.415717134453656763e+04 1.651792786571765248e+01 8.711682392163684281e-07 -8.508747621068846465e-13 -8.258963932882085857e+00 -1.628952042035001491e-01 -8.258963932858826240e+00 -4.396984713629219221e-02
1.337159241843934296e+02 -6.829432064632873000e-07 -2.586160900311730438e+04 -2.702021968911760996e+04 -6.245198207064575779e-07 -2.679540443997758484e+04 4.743644718165585412e-07 4.743644718165585412e-07 5.404043937823521992e+04 1.647895760614207816e+01 7.925989884563139848e-07 -8.142167791331589823e-13 -8.239478803092248782e+00 -1.771939501135311457e-01 -8.239478803071039081e+00 -4.612584297194889660e-02
1.400177615424880457e+02 -6.348162548910663055e-07 -2.632265494993587708e+04 -2.755668080254430970e+04 -5.805956819303266739e-07 -2.731933119275913123e+04 4.410846061948785201e-07 4.410846061948785201e-07 5.511336160508861940e+04 1.680272780197559612e+01 7.370202919070068122e-07 -7.981701166195099880e-13 -8.401363901007567137e+00 -1.971732328640063703e-01 -8.401363900987798061e+00 -4.957113257966552083e-02
1.466165953453225939e+02 -5.797208780056216131e-07 -2.631520728335353488e+04 -2.761234766647673314e+04 -5.302912149026536063e-07 -2.736518353088996082e+04 4.029491122724484650e-07 4.029491122724484650e-07 5.522469533295346628e+04 1.683259554697695037e+01 6.733254208190851653e-07 -7.698402196409846967e-13 -8.416297773506586921e+00 -2.154350714713544335e-01 -8.416297773488475187e+00 -5.241581691071914989e-02
1.535264226041139466e+02 -5.359064461848235531e-07 -2.662839705273688378e+04 -2.800932571477020610e+04 -4.902990549426587840e-07 -2.774857738971379149e+04 3.726426511019886051e-07 3.726426511019886051e-07 5.601865142954041221e+04 1.707026956226938097e+01 6.227105384681801917e-07 -7.532133037402396800e-13 -8.535134781151489491e+00 -2.383964792142513056e-01 -8.535134781134690485e+00 -5.622154443013506475e-02
1.607618999888946405e+02 -4.628774812537754061e-07 -2.516459527528237231e+04 -2.654926461219914927e+04 -4.235649017342201292e-07 -2.629044764999070321e+04 3.219955125772556239e-07 3.219955125772556239e-07 5.309852922439829854e+04 1.617505763711343647e+01 5.380997997208456776e-07 -6.887232260192357155e-13 -8.087528818571282585e+00 -2.459408570286013840e-01 -8.087528818556718235e+00 -5.635830845818883689e-02
1.683383749172751607e+02 -4.449177860349081918e-07 -2.647290230997987965e+04 -2.800609500535066400e+04 -4.072167615769192948e-07 -2.772190527880512309e+04 3.096527303926805834e-07 3.096527303926805834e-07 5.601219001070132799e+04 1.705805193243454809e+01 5.175012703910287065e-07 -7.036285683915879352e-13 -8.529025966231328582e+00 -2.833560835946362100e-01 -8.529025966217274046e+00 -6.312687758230993429e-02
1.762719181083743365e+02 -4.107988208669364814e-07 -2.674168783209179674e+04 -2.838143016495728807e+04 -3.760744866099898497e-07 -2.808018842322396085e+04 2.860565235124654104e-07 2.860565235124654104e-07 5.676286032991457614e+04 1.728102136069722050e+01 4.780944253723413098e-07 -6.910858201283003447e-13 -8.640510680361645157e+00 -3.131555851738750396e-01 -8.640510680348610251e+00 -6.796816692340562627e-02
1.845793576709690740e+02 -3.864110047977831889e-07 -2.751500612509929124e+04 -2.930370935276888849e+04 -3.538366988305791572e-07 -2.897794546380031534e+04 2.692275068249886387e-07 2.692275068249886387e-07 5.860741870553777699e+04 1.783630153476975622e+01 4.499958389422481024e-07 -6.927375417505751423e-13 -8.918150767397197143e+00 -3.527297303900717163e-01 -8.918150767384878108e+00 -7.469401750115550742e-02
1.932783147981695322e+02 -3.369298711888417558e-07 -2.623284854358556186e+04 -2.804922061609269440e+04 -3.086096034973906088e-07 -2.772135038826409072e+04 2.348909157651684485e-07 2.348909157651684485e-07 5.609844123218538880e+04 1.706554658260557034e+01 3.926294306559178955e-07 -6.436387209031205791e-13 -8.532773291313581865e+00 -3.674881733824966190e-01 -8.532773291302785168e+00 -7.608343726092475778e-02
2.023872411443319663e+02 -3.128162810377070219e-07 -2.662782930004695299e+04 -2.859052908509764166e+04 -2.866078391856229223e-07 -2.823919643720154636e+04 2.182248348371050498e-07 2.182248348371050498e-07 5.718105817019528331e+04 1.738745671647554047e+01 3.647977098777397827e-07 -6.383799455221755136e-13 -8.693728358247849286e+00 -4.082863915508121444e-01 -8.693728358237770237e+00 -8.273064646081478013e-02
2.119254579634915956e+02 -2.862629569339775438e-07 -2.663353868484169652e+04 -2.872764932758663781e+04 -2.623632933007248690e-07 -2.835584540605684379e+04 1.998455302628758983e-07 1.998455302628758983e-07 5.745529865517327562e+04 1.746272343503286706e+01 3.341002372005128885e-07 -6.246316238865380179e-13 -8.731361717525716770e+00 -4.468522217490168424e-01 -8.731361717516433529e+00 -8.875207501342814720e-02
2.219131970923329220e+02 -2.568587361369635394e-07 -2.611265213489407324e+04 -2.830585279136483587e+04 -2.354959750285741488e-07 -2.791951447903131339e+04 1.794567098133638045e-07 1.794567098133638045e-07 5.661170558272967173e+04 1.719758713868573352e+01 3.000394258695335940e-07 -5.998124866157019885e-13 -8.598793569351249388e+00 -4.792242804901075126e-01 -8.598793569342866761e+00 -9.343078147065930761e-02
2.323716438646276572e+02 -2.429012285851119822e-07 -2.697356642368116809e+04 -2.939868515969764121e+04 -2.227842137904878302e-07 -2.897475733262426729e+04 1.698523840344493804e-07 1.698523840344493804e-07 5.879737031939528242e+04 1.785181824584706334e+01 2.840087146212300642e-07 -6.081707824499933675e-13 -8.925909122931516393e+00 -5.421310478514146380e-01 -8.925909122923531669e+00 -1.038607598847474944e-01
2.433229820481682850e+02 -2.138947400513202510e-07 -2.593852749759449944e+04 -2.843483638266406342e+04 -1.962605106362256461e-07 -2.800160130473643585e+04 1.497044491306985495e-07 1.497044491306985495e-07 5.686967276532812684e+04 1.725639830347776638e+01 2.503437706023005328e-07 -5.740251456114457222e-13 -8.628199151745967299e+00 -5.700843206837005184e-01 -8.628199151738883188e+00 -1.074814947673217030e-01
2.547904408995135555e+02 -1.985881241783134364e-07 -2.628735398996617005e+04 -2.900248640421277378e+04 -1.822975180841923295e-07 -2.853458012858464281e+04 1.391308142049571616e-07 1.391308142049571616e-07 5.800497280842554756e+04 1.758960633186456590e+01 2.326872488888297060e-07 -5.722054679229787771e-13 -8.794803165938915868e+00 -6.324573311230090589e-01 -8.794803165932282951e+00 -1.174620060403750721e-01
2.667983444363561603e+02 -1.818669795243474078e-07 -2.626859196590779538e+04 -2.918294257801035928e+04 -1.670291159119405261e-07 -2.868404903912994268e+04 1.275534755374670020e-07 1.275534755374670020e-07 5.836588515602071857e+04 1.768684999613245878e+01 2.133496720969161757e-07 -5.629314697690797950e-13 -8.843424998072359600e+00 -6.916912946861972777e-01 -8.843424998066229392e+00 -1.266894204809664304e-01
2.793721630320254690e+02 -1.618944678300022450e-07 -2.550764658637961838e+04 -2.854643371829078751e+04 -1.487642337372306826e-07 -2.802947144023281726e+04 1.136754674861043110e-07 1.136754674861043110e-07 5.709286743658157502e+04 1.728842271860479229e+01 1.901598765378723837e-07 -5.383821208810556432e-13 -8.644211359307904630e+00 -7.346563172244178208e-01 -8.644211359302396147e+00 -1.328458767915342564e-01
2.925385674415639983e+02 -1.553210834024494688e-07 -2.667472673850166757e+04 -3.010331205464481536e+04 -1.428052095202233678e-07 -2.952365158727304879e+04 1.091998175062191920e-07 1.091998175062191920e-07 6.020662410928963072e+04 1.821633578245379681e+01 1.826983326323556223e-07 -5.556494220308001850e-13 -9.108167891232238134e+00 -8.412846306118585415e-01 -9.108167891226898405e+00 -1.503177827033753966e-01
3.063254853739750843e+02 -1.351276955007890356e-07 -2.529528345697057739e+04 -2.878814497135964120e+04 -1.243152928614465220e-07 -2.820084524800500003e+04 9.512922680037154690e-08 9.512922680037154690e-08 5.757628994271928241e+04 1.740621441223752086e+01 1.591796303853584941e-07 -5.198024361120113895e-13 -8.703107206123458894e+00 -8.723449341000145685e-01 -8.703107206118760431e+00 -1.541710256776318566e-01
3.207621607306376177e+02 -1.332107935370095491e-07 -2.714825873885530382e+04 -3.120650542996020886e+04 -1.226330845094613307e-07 -3.052798965800085716e+04 9.391826214240432237e-08 9.391826214240432237e-08 6.241301085992041772e+04 1.885000998718240695e+01 1.571782531574210708e-07 -5.514322124844530726e-13 -9.425004993595893055e+00 -1.025093476535376302e+00 -9.425004993591203473e+00 -1.793311491869910845e-01
3.358792156355418683e+02 -1.067907210749355889e-07 -2.371237516523733211e+04 -2.750686336086663869e+04 -9.838144138997555471e-08 -2.687531688299476446e+04 7.540591883872813402e-08 7.540591883872813402e-08 5.501372672173327737e+04 1.660108314653019690e+01 1.262164773299448828e-07 -4.752664659593885026e-13 -8.300541573268906959e+00 -9.783113104438088126e-01 -8.300541573265098449e+00 -1.695580728648352076e-01
3.517087153889199840e+02 -1.073951935426491845e-07 -2.592809821329155602e+04 -3.043072585627322769e+04 -9.901432168810026645e-08 -2.968511267056865472e+04 7.596097743805849110e-08 7.596097743805849110e-08 6.086145171254645538e+04 1.834489204396250983e+01 1.271683744540746672e-07 -5.146612526200090296e-13 -9.172446021985138032e+00 -1.170873238677648365e+00 -9.172446021981254916e+00 -2.011887841787026454e-01
3.682842364820468788e+02 -1.043732808583021789e-07 -2.738865140077655451e+04 -3.253874297264697452e+04 -9.630757309874238018e-08 -3.168980749033811298e+04 7.395566463090043648e-08 7.395566463090043648e-08 6.507748594529394904e+04 1.959287680036594281e+01 1.238344359870988567e-07 -5.380539165669854995e-13 -9.796438400186803008e+00 -1.352784705074100202e+00 -9.796438400182971407e+00 -2.306130500889634616e-01
3.856409378174798803e+02 -8.720682479894027414e-08 -2.488408349734761578e+04 -2.991316128149067663e+04 -8.053976768268521615e-08 -2.908736951286006661e+04 6.190935683497725604e-08 6.190935683497725604e-08 5.982632256298135326e+04 1.799255492261390899e+01 1.036837717492697217e-07 -4.837352941455946105e-13 -8.996277461310207002e+00 -1.343411046337763315e+00 -8.996277461306954493e+00 -2.273393152332293388e-01
4.038156352858049445e+02 -9.107878769818251014e-08 -2.820086303873775250e+04 -3.438864406541614153e+04 -8.419493491505388110e-08 -3.337673920827904658e+04 6.478817551069386926e-08 6.478817551069386926e-08 6.877728813083228306e+04 2.065645057295565579e+01 1.085276172926104874e-07 -5.428881544362361312e-13 -1.032822528648128113e+01 -1.664119941949648629e+00 -1.032822528647782789e+01 -2.797447129005449229e-01
4.228468798570765443e+02 -6.611344537841702894e-08 -2.225280271842114234e+04 -2.747514354099698176e+04 -6.118064025126132704e-08 -2.662377828101841806e+04 4.713261475321775380e-08 4.713261475321775380e-08 5.495028708199396351e+04 1.648620904101251838e+01 7.897006944361034231e-08 -4.244465792199304724e-13 -8.243104520508813593e+00 -1.435589152048545314e+00 -8.243104520506259192e+00 -2.398019935356306698e-01
4.427750393525937511e+02 -6.275836284418247108e-08 -2.290572288067586487e+04 -2.871863728413084391e+04 -5.813927014676060978e-08 -2.777419486058523398e+04 4.484286217328688273e-08 4.484286217328688273e-08 5.743727456826168782e+04 1.720839561276766005e+01 7.515090680987444455e-08 -4.329533846754017394e-13 -8.604197806386300940e+00 -1.614569253518584935e+00 -8.604197806383830027e+00 -2.681734910286542872e-01
4.636423840704614463e+02 -5.867950544946532571e-08 -2.321303443731342122e+04 -2.957328912939812290e+04 -5.442402838120230134e-08 -2.854309474724006213e+04 4.202937257685100811e-08 4.202937257685100811e-08 5.914657825879624579e+04 1.769530137722560426e+01 7.045273805839306651e-08 -4.347305110955339047e-13 -8.847650688615159353e+00 -1.786933121401109492e+00 -8.847650688612802128e+00 -2.952575323407111707e-01
4.854931764465598576e+02 -5.420819447008891963e-08 -2.323072478248527113e+04 -3.009430518001898599e+04 -5.033975472757866386e-08 -2.898570954812708078e+04 3.892564203126906727e-08 3.892564203126906727e-08 6.018861036003797199e+04 1.798083405200566531e+01 6.526634538063587176e-08 -4.312017585314672487e-13 -8.990417026005058432e+00 -1.952568331305626792e+00 -8.990417026002832657e+00 -3.210756134992368560e-01
5.083737649411054349e+02 -4.162532778796534176e-08 -1.931941996254833066e+04 -2.546400522887569605e+04 -3.870764306344868402e-08 -2.447407844859703255e+04 2.997493139925822748e-08 2.997493139925822748e-08 5.092801045775139210e+04 1.519274176141714960e+01 5.027295203264855491e-08 -3.560955000132664388e-13 -7.596370880710321849e+00 -1.776058394307915123e+00 -7.596370880708574802e+00 -2.907204225920537177e-01
5.323326823499490956e+02 -4.311858806437202067e-08 -2.164956788724852231e+04 -2.906589100751145816e+04 -4.015238841203424629e-08 -2.787394532017450183e+04 3.113510217558087726e-08 3.113510217558087726e-08 5.813178201502291631e+04 1.731423367975845906e+01 5.223210724814742585e-08 -3.950397129301420334e-13 -8.657116839881087600e+00 -2.169085676353576631e+00 -8.657116839879229531e+00 -3.536350380763135792e-01
5.574207487491429447e+02 -3.716897567929499498e-08 -2.017955212576184931e+04 -2.761889384311549657e+04 -3.466482891669464858e-08 -2.642588850034740608e+04 2.692039643644628203e-08 2.692039643644628203e-08 5.523778768623099313e+04 1.642649917465652010e+01 4.517458564371403313e-08 -3.652255401125419714e-13 -8.213249587329899626e+00 -2.207360501285505539e+00 -8.213249587328260048e+00 -3.585097944889790167e-01
5.836911792911354269e+02 -3.777777777752709211e-08 -2.217914803116213079e+04 -3.094230761244467067e+04 -3.528930610644963892e-08 -2.953974185048973595e+04 2.744470398836309760e-08 2.744470398836309760e-08 6.188461522488934133e+04 1.837458735675831889e+01 4.606708145010895474e-08 -3.975201258166533740e-13 -9.187293678380871853e+00 -2.643098408437605684e+00 -9.187293678379159445e+00 -4.277991912620654480e-01
6.111996970812439258e+02 -3.339700485523348928e-08 -2.118304420343991296e+04 -3.016361745421506566e+04 -3.125108687713729957e-08 -2.872890968702570171e+04 2.434282639143053384e-08 2.434282639143053384e-08 6.032723490843013133e+04 1.788367463606830654e+01 4.087288106357256553e-08 -3.765667438732301388e-13 -8.941837318035711135e+00 -2.753937940058779787e+00 -8.941837318034153270e+00 -4.442957561774160125e-01
6.400046513738326439e+02 -3.219031027364945720e-08 -2.206274039152974728e+04 -3.206170754718952230e+04 -3.017764092513719195e-08 -3.046691894708009931e+04 2.354400802377779127e-08 2.354400802377779127e-08 6.412341509437904460e+04 1.897979592006778660e+01 3.954360581626734385e-08 -3.886486489271771318e-13 -9.489897960035440505e+00 -3.126189598054858632e+00 -9.489897960033893298e+00 -5.028397386744238862e-01
6.701671413389035479e+02 -2.861171869988325144e-08 -2.116844420989503487e+04 -3.143683523951999450e+04 -2.687565911559632247e-08 -2.980163149351736865e+04 2.100351123188099701e-08 2.100351123188099701e-08 6.287367047903998900e+04 1.858020281693947240e+01 3.528810768485949881e-08 -3.698572317118090374e-13 -9.290101408471151956e+00 -3.271283925147669081e+00 -9.290101408469736199e+00 -5.247126292688073512e-01
7.017511456616281293e+02 -2.195908141624805509e-08 -1.750354425135354904e+04 -2.662609718156587041e+04 -2.066914720967642028e-08 -2.517560117545566754e+04 1.618198211402621197e-08 1.618198211402621197e-08 5.325219436313174083e+04 1.570923235531922479e+01 2.719667742563075874e-08 -3.035060474489710812e-13 -7.854616177660735943e+00 -2.950916369361627822e+00 -7.854616177659612397e+00 -4.721228249476131511e-01
7.348236582497160043e+02 -2.006106352322340225e-08 -1.725285670117860718e+04 -2.684273771029810450e+04 -1.892494207646682618e-08 -2.531990639258842202e+04 1.484273613692365630e-08 1.484273613692365630e-08 5.368547542059620901e+04 1.581241081292945339e+01 2.495423675472832470e-08 -2.966808105347231391e-13 -7.906205406465788066e+00 -3.170410883101240529e+00 -7.906205406464726693e+00 -5.060212357587816623e-01
7.694548303364756521e+02 -1.780446039044085235e-08 -1.651156068116130336e+04 -2.629595479013618024e+04 -1.683625848136499130e-08 -2.474410963954748877e+04 1.322889920682705230e-08 1.322889920682705230e-08 5.259190958027236047e+04 1.546610845414948265e+01 2.224873379331088230e-08 -2.816947495049784475e-13 -7.733054227075716547e+00 -3.307702820509023312e+00 -7.733054227074741327e+00 -5.267543100600380335e-01
8.057181192809850927e+02 -2.014956544436850117e-08 -2.016474587574751422e+04 -3.286184787685950141e+04 -1.910428885568138462e-08 -3.085020274334197165e+04 1.504214964522981371e-08 1.504214964522981371e-08 6.572369575371900282e+04 1.930132021131565523e+01 2.530822707653709998e-08 -3.419361722405874932e-13 -9.650660105658971588e+00 -4.411892284549090881e+00 -9.650660105657827614e+00 -7.010781331883080281e-01
8.436904443809994518e+02 -1.674481732865414031e-08 -1.804279922651510788e+04 -3.016161181498820224e+04 -1.591911588116479043e-08 -2.824365390620286053e+04 1.255951213389193024e-08 1.255951213389193024e-08 6.032322362997640448e+04 1.768708503491799888e+01 2.113924529749089519e-08 -3.037367628509818371e-13 -8.843542517459987096e+00 -4.305798700783845412e+00 -8.843542517458999441e+00 -6.829032189007266940e-01
8.834523500290941911e+02 -1.446280572597323414e-08 -1.677549653611841859e+04 -2.878033211613382082e+04 -1.378957916448372118e-08 -2.688229747709632284e+04 1.090230380940012996e-08 1.090230380940012996e-08 5.756066423226764164e+04 1.685096716085645951e+01 1.835721282767783904e-08 -2.805766407385223919e-13 -8.425483580429117936e+00 -4.368520820458468457e+00 -8.425483580428229757e+00 -6.915994918940946423e-01
9.250881765581204945e+02 -9.777105825319509960e-09 -1.223300672567300899e+04 -2.148879181474160214e+04 -9.351268068117941176e-09 -2.002660192230161920e+04 7.407287032362454064e-09 7.407287032362454064e-09 4.297758362948320428e+04 1.256449517085080991e+01 1.247675704769444180e-08 -2.028094903445779014e-13 -6.282247585426030234e+00 -3.468315700658506362e+00 -6.282247585425404957e+00 -5.481526543742839541e-01
9.686862391383589284e+02 -1.048758803765545553e-08 -1.407772680652043891e+04 -2.549670912013893394e+04 -1.006396844146798008e-08 -2.369452831230891388e+04 7.992819166013561790e-09 7.992819166013561790e-09 5.099341824027786788e+04 1.488372078442043289e+01 1.346964622165910120e-08 -2.328040884352904674e-13 -7.441860392210912778e+00 -4.372287289488848039e+00 -7.441860392210216446e+00 -6.899281914062516119e-01
1.014339015105836438e+03 -1.141859810962177363e-08 -1.640991525632375487e+04 -3.071274671197016505e+04 -1.099460256730659212e-08 -2.845752796999470229e+04 8.754857959794066469e-09 8.754857959794066469e-09 6.142549342394033010e+04 1.789710588230735766e+01 1.476106527776039551e-08 -2.705491656503602916e-13 -8.948552941154467533e+00 -5.579535266782484015e+00 -8.948552941153678830e+00 -8.791724391697853802e-01
1.062143340119154118e+03 -1.263535117849467200e-08 -1.942636431778001133e+04 -3.760126959379859909e+04 -1.220919167936045429e-08 -3.473796524007004336e+04 9.746671390971666730e-09 9.746671390971666730e-09 7.520253918759719818e+04 2.187219804953556235e+01 1.644104486210204943e-08 -3.190294304887049286e-13 -1.093609902476868889e+01 -7.222749312785174070e+00 -1.093609902476778117e+01 -1.136612561517059472e+00
1.112200613560902639e+03 -7.941861646801200571e-09 -1.311022490997966452e+04 -2.615906946289399639e+04 -7.705314420141319653e-09 -2.410477070494128566e+04 6.168150621157376137e-09 6.168150621157376137e-09 5.231813892578799278e+04 1.519619781682242632e+01 1.040997263727870065e-08 -2.147585795457231653e-13 -7.598098908411809127e+00 -5.337702641443391904e+00 -7.598098908411213159e+00 -8.388638043857248316e-01
1.164617013619347745e+03 -7.938555855066084883e-09 -1.399910424923082792e+04 -2.894626119919156918e+04 -7.732674471534444638e-09 -2.659485718054147583e+04 6.206541312304943531e-09 6.206541312304943531e-09 5.789252239838313835e+04 1.678623375395158490e+01 1.047991400672557983e-08 -2.285317124728949066e-13 -8.393116876976410623e+00 -6.235477205317828009e+00 -8.393116876975792451e+00 -9.788512634613772967e-01
1.219503722506602344e+03 -6.380548114905953529e-09 -1.200196111275928342e+04 -2.577060569597754511e+04 -6.241372852333551787e-09 -2.360613293478034757e+04 5.024315019010121254e-09 5.024315019010121254e-09 5.154121139195509022e+04 1.491958855542837092e+01 8.488286824936307588e-09 -1.956678167528131705e-13 -7.459794277714704158e+00 -5.860013971140603850e+00 -7.459794277714185462e+00 -9.189313689894562653e-01
1.276977162291005698e+03 -3.657886721292732274e-09 -7.269015567110775919e+03 -1.638260315037052169e+04 -3.592433282988844162e-09 -1.495107900338929903e+04 2.902181523638116679e-09 2.902181523638116679e-09 3.276520630074104338e+04 9.464465280126280078e+00 4.906254726528719879e-09 -1.188662721775054087e-13 -4.732232640063447349e+00 -3.906935123523171960e+00 -4.732232640063140039e+00 -6.121093654896276881e-01
1.337159241843938844e+03 -1.035954122183520487e-08 -2.232626217142170935e+04 -5.132118091485646437e+04 -1.023117423895408079e-08 -4.676815467185126181e+04 8.279465742016886153e-09 8.279465742016886153e-09 1.026423618297129287e+05 2.962821409403193584e+01 1.400113792429441541e-08 -3.613506919858699454e-13 -1.481410704701688630e+01 -1.303735473090425323e+01 -1.481410704701596792e+01 -2.040358833187781329e+00
