# Transfer functions T_i(k) for adiabatic (AD) mode (normalized to initial curvature=1)
# d_i   stands for (delta rho_i/rho_i)(k,z) with above normalization
# d_tot stands for (delta rho_tot/rho_tot)(k,z) with rho_Lambda NOT included in rho_tot
# (note that this differs from the transfer function output from CAMB/CMBFAST, which gives the same
#  quantities divided by -k^2 with k in Mpc^-1; use format=camb to match CAMB)
# t_i   stands for theta_i(k,z) with above normalization
# t_tot stands for (sum_i [rho_i+p_i] theta_i)/(sum_i [rho_i+p_i]))(k,z)
# 1:k (h/Mpc)              2:d_g                    3:d_b                    4:d_cdm                  5:d_ur        6:d_ncdm[0]              7:d_ncdm[1]              8:d_ncdm[2]              9:d_tot                 10:phi     11:psi                   12:h                     13:h_prime               14:eta                   15:eta_prime     16:t_g                   17:t_b                   18:t_ur        19:t_ncdm[0]             20:t_ncdm[1]             21:t_ncdm[2]             22:t_tot
1.056848109388965018e-05 -1.579049341126792137e-05 -1.184291932518006337e-05 -1.184291974185942088e-05 -1.579048557470977743e-05 -1.195479386595839275e-05 6.121173896021100402e-01 5.968675266857136341e-01 2.368583948371884176e-05 3.194496748496075837e-08 9.999995771891674323e-01 -2.873138037297341020e-10 -1.495335162869504823e-13 -1.328377160542716010e-16 -1.592971577061247832e-13 -5.767577278525895298e-15
1.106655826294804973e-05 -1.731392430459604905e-05 -1.298550246007366523e-05 -1.298550296103215725e-05 -1.731391488298770218e-05 -1.310817028094580959e-05 6.121173588495166795e-01 5.968675062061752357e-01 2.597100592206431449e-05 3.502695888624042131e-08 9.999995363971744267e-01 -3.150332172800447226e-10 -1.797787777841081045e-13 -1.597060252901894966e-16 -1.915172418868001313e-13 -6.934150907932723645e-15
1.158810908580147262e-05 -1.898433154467562455e-05 -1.423831987056722153e-05 -1.423832047285210948e-05 -1.898432021741448757e-05 -1.437282225246274817e-05 6.121173242183540752e-01 5.968674830952327426e-01 2.847664094570421896e-05 3.840629501347215630e-08 9.999994916696743896e-01 -3.454269346543546819e-10 -2.161415559530717865e-13 -1.920089331942511731e-16 -2.302542825472310958e-13 -8.336680058723703913e-15
1.213423984167073046e-05 -2.081589485766549972e-05 -1.561200675895655932e-05 -1.561200748306228140e-05 -2.081588123930981952e-05 -1.575948543672454579e-05 6.121172866013919744e-01 5.968674579600554697e-01 3.122401496612456281e-05 4.211166303994125822e-08 9.999994426269583903e-01 -3.787529401365781964e-10 -2.598592119391258187e-13 -2.308454799429830758e-16 -2.768264219534145382e-13 -1.002289013022724857e-14
1.270610894711004794e-05 -2.282416191984313445e-05 -1.711822437257597707e-05 -1.711822524314250826e-05 -2.282414554698887664e-05 -1.727993122499650643e-05 6.121172453238392652e-01 5.968674303821124294e-01 3.423645048628501652e-05 4.617451788083059725e-08 9.999993888526944597e-01 -4.152941798682758598e-10 -3.124193651559154197e-13 -2.775372859661055904e-16 -3.328184124777104329e-13 -1.205015931443560659e-14
1.330492941316388579e-05 -2.502618035578718349e-05 -1.876975901912210991e-05 -1.876976006577325864e-05 -2.502616067130011092e-05 -1.894706669373718254e-05 6.121172001701808973e-01 5.968674002380807142e-01 3.753952013154651727e-05 5.062934912049774738e-08 9.999993298904108485e-01 -4.553607789784221493e-10 -3.756105287685242557e-13 -3.336731606783345697e-16 -4.001355441809317680e-13 -1.448747135879671029e-14
1.393197141832602897e-05 -2.744064241614274118e-05 -2.058063059502811563e-05 -2.058063185337944215e-05 -2.744061875020217570e-05 -2.077504415755307199e-05 6.121171506498401804e-01 5.968673671870425856e-01 4.116126370675888429e-05 5.551397384503314018e-08 9.999992652395662818e-01 -4.992929224592678487e-10 -4.515829656309628048e-13 -4.011633258994687075e-16 -4.810684742383587260e-13 -1.741776283150249952e-14
1.458856500275836158e-05 -3.008804364608145312e-05 -2.256621161091485362e-05 -2.256621312378591306e-05 -3.008801519338673080e-05 -2.277938131825123268e-05 6.121170964138382686e-01 5.968673310140752974e-01 4.513242624757182611e-05 6.086985762511308036e-08 9.999991943513480974e-01 -5.474634929718126403e-10 -5.429218561283105784e-13 -4.823043598894190281e-16 -5.783711752677818106e-13 -2.094074527797048985e-14
1.527610288948452735e-05 -3.299085682770796086e-05 -2.474335767737924103e-05 -2.474335949625017177e-05 -3.299082262007583871e-05 -2.497709298233917260e-05 6.121170369164764535e-01 5.968672913052859297e-01 4.948671899250034354e-05 6.674246655263470791e-08 9.999991166239966534e-01 -6.002814180206082210e-10 -6.527352659908409186e-13 -5.798573155727303816e-16 -6.953546438417811168e-13 -2.517629812909549409e-14
1.599604343854208081e-05 -3.617372273260184790e-05 -2.713055060424548527e-05 -2.713055279100954381e-05 -3.617368160602417958e-05 -2.738683551094523832e-05 6.121169717645688069e-01 5.968672478564809314e-01 5.426110558201908762e-05 7.318165314654412300e-08 9.999990313976776513e-01 -6.581950604323173432e-10 -7.847599054113380426e-13 -6.971419329851365107e-16 -8.359995636410696259e-13 -3.026854789691111686e-14
1.674991374035968386e-05 -3.966365922670085235e-05 -2.974805527112010916e-05 -2.974805790018854700e-05 -3.966360978173391237e-05 -3.002906517091297769e-05 6.121169001658449682e-01 5.968672000695821600e-01 5.949611580037709400e-05 8.024207962023964419e-08 9.999989379489178098e-01 -7.216960046045807715e-10 -9.434882763873233171e-13 -8.381488870972627679e-16 -1.005091759235215784e-12 -3.639077227068347999e-14
1.753931285492064623e-05 -4.349029061278751574e-05 -3.261809168462208492e-05 -3.261809484545769185e-05 -4.349023116693291841e-05 -3.292621181574691125e-05 6.121168217664921807e-01 5.968671477647199408e-01 6.523618969091538370e-05 8.798368178376841026e-08 9.999988354844495664e-01 -7.913233029403936375e-10 -1.134321545683037323e-12 -1.007676493510606627e-15 -1.208385043972207077e-12 -4.375129652839661952e-14
1.836591520358356333e-05 -4.768609900251754587e-05 -3.576502356796000960e-05 -3.576502736811988984e-05 -4.768602753297487308e-05 -3.610286925475732033e-05 6.121167357762763439e-01 5.968670903893771307e-01 7.153005473623977968e-05 9.647217795795581472e-08 9.999987231344555916e-01 -8.676679925236104895e-10 -1.363753326601397453e-12 -1.211493468775119951e-15 -1.452797001159200444e-12 -5.260058200364705594e-14
1.923147412075439184e-05 -5.228670001612450746e-05 -3.921556520852057399e-05 -3.921556977731587403e-05 -5.228661409097446925e-05 -3.958600405228519684e-05 6.121166416807085620e-01 5.968670275680934001e-01 7.843113955463174806e-05 1.057796267414190343e-07 9.999985999451997953e-01 -9.513781309365235706e-10 -1.639590660001130650e-12 -1.456534526523541461e-15 -1.746644371329589009e-12 -6.323974897593334783e-14
2.013782557294399253e-05 -5.733114500431492181e-05 -4.299900821177200756e-05 -4.299901370467074595e-05 -5.733104169972988174e-05 -4.340518442082337504e-05 6.121165384140775378e-01 5.968669586806822913e-01 8.599802740934149191e-05 1.159850387769686928e-07 9.999984648709713264e-01 -1.043164279133444746e-09 -1.971219587326536348e-12 -1.751139178756846763e-15 -2.099926044237326367e-12 -7.603082157727755826e-14
2.108689205309911423e-05 -6.286225244156761806e-05 -4.714747015151435344e-05 -4.714747675543281533e-05 -6.286212824234937958e-05 -4.759283121672904041e-05 6.121164249743836772e-01 5.968668829880070525e-01 9.429495351086563065e-05 1.271750474635946158e-07 9.999983167651189664e-01 -1.143805577520392690e-09 -2.369924618359502193e-12 -2.105332629189078358e-15 -2.524663280324746730e-12 -9.140904776297237089e-14
2.208068665846772469e-05 -6.892697133717056509e-05 -5.169616725467221703e-05 -5.169617519432780284e-05 -6.892682201715486239e-05 -5.218449319684715932e-05 6.121163007383539911e-01 5.968668001247450228e-01 1.033923503886556057e-04 1.394446441906141715e-07 9.999981543703966302e-01 -1.254156301240158390e-09 -2.849272683932925752e-12 -2.531166320758570954e-15 -3.035308759954349656e-12 -1.098977088746483926e-13
2.312131736064817195e-05 -7.557677951679076639e-05 -5.668371326449957301e-05 -5.668372281006847782e-05 -7.557659999499170161e-05 -5.721914870001915815e-05 6.121161642324954855e-01 5.968667090734168790e-01 1.133674456201369556e-04 1.528979850052441883e-07 9.999979763083002293e-01 -1.375153106706718066e-09 -3.425574693048249934e-12 -3.043132599316139375e-15 -3.649238353455463569e-12 -1.321259239655780382e-13
2.421099147687961147e-05 -8.286812055760143852e-05 -6.215244732494981097e-05 -6.215245880124230216e-05 -8.286790472545139399e-05 -6.273953662285645840e-05 6.121160149015358876e-01 5.968666093757307722e-01 1.243049176024846043e-04 1.676492743708217426e-07 9.999977810672808776e-01 -1.507823156514582552e-09 -4.118440761383725018e-12 -3.658646916209088059e-15 -4.387342347201826013e-12 -1.588500596691679821e-13
2.535202035205764550e-05 -9.086288257884069766e-05 -6.814879329318885507e-05 -6.814880709072476347e-05 -9.086262309218217823e-05 -6.879251911941641361e-05 6.121158510650027695e-01 5.968665000572264123e-01 1.362976141814495269e-04 1.838237349730930823e-07 9.999975669899716646e-01 -1.653292474927990566e-09 -4.951447077326908942e-12 -4.398659779832687738e-15 -5.274736253000665986e-12 -1.909794605734331968e-13
2.654682426140697848e-05 -9.962892344505161588e-05 -7.472365390656121890e-05 -7.472367049484566234e-05 -9.962861147433083422e-05 -7.542947948305718010e-05 6.121156716782844009e-01 5.968663804567168052e-01 1.494473409896913247e-04 2.015586703483803954e-07 9.999973322591306779e-01 -1.812795858155366089e-09 -5.952938460644489895e-12 -5.288351663427141252e-15 -6.341615390655239205e-12 -2.296073958058956446e-13
2.779793754420947134e-05 -1.092406462471744578e-04 -8.193284271108834443e-05 -8.193286265459210206e-05 -1.092402711770097527e-04 -8.270675814484290244e-05 6.121154744793608771e-01 5.968662488346824224e-01 1.638657253091842041e-04 2.210046310543179705e-07 9.999970748821946920e-01 -1.987687178743879958e-09 -7.156992662946942187e-12 -6.357995789408930526e-15 -7.624282277909455538e-12 -2.760482553974630737e-13
2.910801397947764677e-05 -1.197796309041450141e-04 -8.983755814471927246e-05 -8.983758212208271571e-05 -1.197791799721186081e-04 -9.068613122281072637e-05 6.121152585083379227e-01 5.968661047492609395e-01 1.796751642441654314e-04 2.423266914546190874e-07 9.999967926743873470e-01 -2.179450873971516534e-09 -8.604579903807630720e-12 -7.643990424705060401e-15 -9.166381856109758985e-12 -3.318822741311971636e-13
3.047983241497571167e-05 -1.313353258369125208e-04 -9.850490275216015282e-05 -9.850493157928805275e-05 -1.313347836993387550e-04 -9.943533462663599711e-05 6.121150217894809620e-01 5.968659468412071956e-01 1.970098631585761055e-04 2.657058520225491317e-07 9.999964832401556647e-01 -2.389714649548321175e-09 -1.034495688680336428e-11 -9.190094960520501570e-15 -1.102038647313856619e-11 -3.990092982164645389e-13
3.191630266152825624e-05 -1.440058068165932183e-04 -1.080084528731958533e-04 -1.080084875310236220e-04 -1.440051550264664101e-04 -1.090286391095577164e-04 6.121147621087851265e-01 5.968657735876019554e-01 2.160169750620472440e-04 2.913405754316525244e-07 9.999961439528120000e-01 -2.620263119099190024e-09 -1.243734275109799216e-11 -1.104892131919946182e-14 -1.324938123453041649e-11 -4.797134274362170866e-13
3.342047166511913397e-05 -1.578986089137489432e-04 -1.184288832685433330e-04 -1.184289249364114092e-04 -1.578978252930812666e-04 -1.195474807731514730e-04 6.121144773743738554e-01 5.968655836180443153e-01 2.368578498728228184e-04 3.194484709115497267e-07 9.999957719323032679e-01 -2.873053095424968955e-09 -1.495293399503029370e-11 -1.328372097644438800e-14 -1.592921043342738957e-11 -5.767407303838376350e-13
3.499552996987248413e-05 -1.731316384229103283e-04 -1.298546518614033369e-04 -1.298547019571980640e-04 -1.731306963081603455e-04 -1.310811522513267947e-04 6.121141651691485164e-01 5.968653753196216938e-01 2.597094039143961280e-04 3.502681416392127838e-07 9.999953640207261962e-01 -3.150230117418712904e-09 -1.797732687841232794e-11 -1.597053986298523366e-14 -1.915105804480293879e-11 -6.933926769034592816e-13
3.664481848562430505e-05 -1.898341727698499390e-04 -1.423827506275398950e-04 -1.423828108559202564e-04 -1.898330401047401770e-04 -1.437275606624154891e-04 6.121138228419213956e-01 5.968651469163283041e-01 2.847656217118405128e-04 3.840612099846566413e-07 9.999949167555591822e-01 -3.454146664363139626e-09 -2.161342974138920591e-11 -1.920080429188043766e-14 -2.302455011508501629e-11 -8.336384660639982341e-13
3.837183557444053976e-05 -2.081479567163865851e-04 -1.561195289025098156e-04 -1.561196013129360763e-04 -2.081465949612270228e-04 -1.575940586562297714e-04 6.121134475006662079e-01 5.968648964786584799e-01 3.122392026258721527e-04 4.211145381994553885e-07 9.999944263402925637e-01 -3.787382112634202461e-09 -2.598496430265700756e-11 -2.308443408365590126e-14 -2.768148458376230476e-11 -1.002250071861808566e-12
4.018024447111176890e-05 -2.282284041559080922e-04 -1.711815961153241627e-04 -1.711816831717955694e-04 -2.282267669764357243e-04 -1.727983556301834994e-04 6.121130359429720613e-01 5.968646218945380388e-01 3.423633663435911387e-04 4.617426633054468861e-07 9.999938886119681403e-01 -4.152764602947154625e-09 -3.124067503593449211e-11 -2.775358218394044585e-14 -3.328031522380596213e-11 -1.204964596498690452e-12
4.207388105336543906e-05 -2.502459156359395872e-04 -1.876968115978842216e-04 -1.876969162627659365e-04 -2.502439473269441939e-04 -1.894695168345973343e-04 6.121125846635253609e-01 5.968643208168400438e-01 3.753938325255318730e-04 5.062904668891571255e-07 9.999932990061415339e-01 -4.553395032264615377e-09 -3.755938985740465496e-11 -3.336712825805695062e-14 -4.001154261811932473e-11 -1.448679460906551393e-12
4.405676197827679394e-05 -2.743873226778387273e-04 -2.058053698294998006e-04 -2.058054956643369797e-04 -2.743849562678900896e-04 -2.077490588036432081e-04 6.121120897146034023e-01 5.968639905483509311e-01 4.116109913286739594e-04 5.551361026093969819e-07 9.999926525183340242e-01 -4.992673351907367360e-09 -4.515610420021225161e-11 -4.011608969265478110e-14 -4.810419538497711964e-11 -1.741687069629396336e-12
4.613309320213712975e-05 -3.008574714876916315e-04 -2.256609906299606621e-04 -2.256611419167157853e-04 -3.008546264605446567e-04 -2.277921507130048647e-04 6.121115471027264165e-01 5.968636285525603657e-01 4.513222838334315706e-04 6.086942050768514450e-07 9.999919436610190671e-01 -5.474327317354862217e-09 -5.428929506012057346e-11 -4.823013276971510735e-14 -5.783362149375636537e-11 -2.093956914452980626e-12
4.830727890185066711e-05 -3.298809584996146454e-04 -2.474322237159575551e-04 -2.474324056025434802e-04 -3.298775380562351590e-04 -2.497689311650833381e-04 6.121109524348676834e-01 5.968632317963459277e-01 4.948648112050869604e-04 6.674194099795050393e-07 9.999911664172791426e-01 -6.002444421604955017e-09 -6.526971654618627482e-11 -5.798531170589048987e-14 -6.953085567197522827e-11 -2.517474774361360128e-12
5.058393081678472719e-05 -3.617040331366539211e-04 -2.713038792527700666e-04 -2.713040979284768949e-04 -3.616999209004209096e-04 -2.738659521411215153e-04 6.121103001048949777e-01 5.968627965429689208e-01 5.426081958569537898e-04 7.318102131460667205e-07 9.999903141899879611e-01 -6.581505972318229904e-09 -7.847096774165256453e-11 -6.971362167870122402e-14 -8.359388090754627195e-11 -3.026650402733019346e-12
5.296787803088693242e-05 -3.965966842362702726e-04 -2.974785968638261587e-04 -2.974788597698120401e-04 -3.965917402949518163e-04 -3.002877626954276406e-04 6.121095848035312814e-01 5.968623192668883748e-01 5.949577195396240801e-04 8.024132000011000419e-07 9.999893797456268496e-01 -7.216425559865423235e-09 -9.434220604379514322e-11 -8.381414855945540438e-14 -1.005011670263093682e-10 -3.638807790666166532e-12
5.546417721581976698e-05 -4.348549263437665943e-04 -3.261785653853937691e-04 -3.261788814677901911e-04 -4.348489824905348868e-04 -3.292586447914075203e-04 6.121088006181989449e-01 5.968617960515169019e-01 6.523577629355803821e-04 8.798276852876034505e-07 9.999883551527838366e-01 -7.912590443760163473e-09 -1.134234256160337663e-10 -1.007666728735772101e-13 -1.208279466069065009e-10 -4.374774466481007535e-12
5.807812335683912937e-05 -4.768033059541100104e-04 -3.576474086001531693e-04 -3.576477886146287857e-04 -4.767961599649372180e-04 -3.610245166513698437e-04 6.121079407635515723e-01 5.968612223509208725e-01 7.152955772292575714e-04 9.647107998922305730e-07 9.999872317151864420e-01 -8.675907404087755853e-09 -1.363638254606322092e-10 -1.211480638448685859e-13 -1.452657823008206580e-10 -5.259589970740516430e-12
6.081526098416808036e-05 -5.227976489824336321e-04 -3.921522531183429584e-04 -3.921527099961468312e-04 -5.227890577377908516e-04 -3.958550199342475819e-04 6.121069979307123265e-01 5.968605932846018369e-01 7.843054199922936624e-04 1.057783067255723847e-06 9.999859998976616815e-01 -9.512852417465351006e-09 -1.639438940349137334e-10 -1.456518837353079388e-13 -1.746460899724973730e-10 -6.323357614548411473e-12
6.368139593368842542e-05 -5.732280721324333351e-04 -4.299859956535945888e-04 -4.299865449412348093e-04 -5.732177433484023608e-04 -4.340458081432691916e-04 6.121059642508495102e-01 5.968599036195051388e-01 8.599730898824696186e-04 1.159834517799788471e-06 9.999846492454261826e-01 -1.043052603051670815e-08 -1.971019579354422780e-10 -1.751118556509076854e-13 -2.099684181700420493e-10 -7.602268415741335069e-12
6.668260766189761666e-05 -6.285222829067753283e-04 -4.714697885468994575e-04 -4.714704489356306245e-04 -6.285098651926446017e-04 -4.759210552867034643e-04 6.121048307563811131e-01 5.968591473246175338e-01 9.429408978712612490e-04 1.271731394676279993e-06 9.999831682954067880e-01 -1.143671304369057776e-08 -2.369660963654796000e-10 -2.105305012865124804e-13 -2.524344447935405026e-10 -9.139832071811940328e-12
6.982526214125061778e-05 -6.891491973789732033e-04 -5.169557657420447913e-04 -5.169565597036522965e-04 -6.891342682864795045e-04 -5.218362071906733866e-04 6.121035877945321113e-01 5.968583180057884796e-01 1.033913119407304593e-03 1.394423503341378805e-06 9.999815444786043228e-01 -1.253994857746626036e-08 -2.848925105758346483e-10 -2.531130220801623464e-13 -3.034888461322799025e-10 -1.098835676866351984e-11
7.311602536324119338e-05 -7.556229045368621430e-04 -5.668300312477285181e-04 -5.668309857988974203e-04 -7.556049561965243015e-04 -5.721809976952170647e-04 6.121022251385660473e-01 5.968574087832201336e-01 1.133661971597794841e-03 1.528952271455591145e-06 9.999797640140986044e-01 -1.374959046305407972e-08 -3.425116561157195316e-10 -3.043082336437356177e-13 -3.648684293902636518e-10 -1.321072833287766752e-11
7.656187747786348313e-05 -8.285070104054881313e-04 -6.215159354966797974e-04 -6.215170831189863361e-04 -8.284854322484861431e-04 -6.273827553676363921e-04 6.121007309653141437e-01 5.968564118401957774e-01 1.243034166237972672e-03 1.676459587161376084e-06 9.999778117920666842e-01 -1.507589800779224920e-08 -4.117836777260258022e-10 -3.658583838861976952e-13 -4.386611956892791214e-10 -1.588254859573237046e-11
8.017012759944603729e-05 -9.084193992600202725e-04 -6.814776682358030576e-04 -6.814790479805096736e-04 -9.083934572606618043e-04 -6.879100296140671852e-04 6.120990925792211268e-01 5.968553186467369098e-01 1.362958095961019347e-03 1.838197487338744912e-06 9.999756712452976259e-01 -1.653011919332275795e-08 -4.950650863475288673e-10 -4.398577442346482874e-13 -5.273773418727897767e-10 -1.909470661806503810e-11
8.394842931026340836e-05 -9.960374509350332015e-04 -7.472241979163356642e-04 -7.472258567331461392e-04 -9.960062626506937470e-04 -7.542765664207929863e-04 6.120972962482721380e-01 5.968541200827696125e-01 1.494451713466292278e-03 2.015538779815818273e-06 9.999733242091044527e-01 -1.812458564403858835e-08 -5.951888852254607788e-10 -5.288242781028920110e-13 -6.340346140733132968e-10 -2.295646919564811370e-11
8.790479689480967947e-05 -1.092103756545968534e-03 -8.193135902380480062e-04 -8.193155845728534873e-04 -1.092066261113817461e-03 -8.270456666564987699e-04 6.120953266882077637e-01 5.968528059397889551e-01 1.638631169145706975e-03 2.209988692421116484e-06 9.999707507670262396e-01 -1.987281653802056086e-08 -7.155609028082276551e-10 -6.357851849457113117e-13 -7.622609104147413620e-10 -2.759919614697898774e-11
9.204762233917128031e-05 -1.197432381506180607e-03 -8.983577435800771957e-04 -8.983601412962351944e-04 -1.197387303570757785e-03 -9.068349649898576866e-04 6.120931669832747613e-01 5.968513649253319731e-01 1.796720282592470389e-03 2.423197643136885573e-06 9.999679290823986211e-01 -2.178963349568836659e-08 -8.602755881684710096e-10 -7.643803093500443257e-13 -9.164176211173270044e-10 -3.318080642665035923e-11
9.638569313155393586e-05 -1.312915727922865866e-03 -9.850275817054659957e-04 -9.850304643911874172e-04 -1.312861534298035305e-03 -9.943216701453348912e-04 6.120907991816874061e-01 5.968497849995363369e-01 1.970060928782374834e-03 2.656975238565089028e-06 9.999648352127008533e-01 -2.389128511418242706e-08 -1.034255246488914058e-09 -9.189845028730910528e-13 -1.101747889756591305e-09 -3.989114729720280856e-11
1.009282109017236228e-04 -1.439532049921439473e-03 -1.080058745380343879e-03 -1.080062211128061988e-03 -1.439466897444497111e-03 -1.090248308491159959e-03 6.120882028571776878e-01 5.968480526281738641e-01 2.160124422256123975e-03 2.913305628255936724e-06 9.999614429077723354e-01 -2.619558439107725731e-08 -1.243417310056098607e-09 -1.104859471888829222e-12 -1.324554836123425704e-09 -4.795844698498062653e-11
1.056848109388967898e-04 -1.578353687960187303e-03 -1.184257834477419865e-03 -1.184262001217421941e-03 -1.578275360877898605e-03 -1.195429022935040608e-03 6.120853561518452279e-01 5.968461531180382362e-01 2.368524002434843883e-03 3.194364332004795122e-06 9.999577233861944858e-01 -2.872205924821893843e-08 -1.494875570375246376e-09 -1.328328803341467745e-12 -1.592415780542664589e-09 -5.765707347943496359e-11
1.106655826294810090e-04 -1.730556086476796708e-03 -1.298509250881085863e-03 -1.298514260398313984e-03 -1.730461921118961032e-03 -1.310756477874198706e-03 6.120822348632346532e-01 5.968440704028211696e-01 2.597028520796627968e-03 3.502536692263369264e-06 9.999536450922101860e-01 -3.149211610825316542e-08 -1.797181889796902690e-09 -1.596997026508744176e-12 -1.914439750878871730e-09 -6.931685829343654012e-11
1.158810908580152683e-04 -1.897427669241392697e-03 -1.423782700867297748e-03 -1.423788723623657139e-03 -1.897314463521599347e-03 -1.437209429309937048e-03 6.120788124579841227e-01 5.968417867281174960e-01 2.847577447247314278e-03 3.840438105031779146e-06 9.999491734283565414e-01 -3.452922193485095285e-08 -2.160616890328443158e-09 -1.920005370231106839e-12 -2.301576999666781977e-09 -8.333430575442682884e-11
1.213423984167078738e-04 -2.080380654526652658e-03 -1.561141421668072252e-03 -1.561148662603470622e-03 -2.080244559149986051e-03 -1.575861025363209812e-03 6.120750600878004377e-01 5.968392828543312989e-01 3.122297325206941244e-03 4.210936195734216524e-06 9.999442704624894596e-01 -3.785910013702720707e-08 -2.597539284903487178e-09 -2.308344652522984975e-12 -2.766991035056066235e-09 -1.001860655531155149e-10
1.270610894711010825e-04 -2.280962893582821113e-03 -1.711751198794179757e-03 -1.711759904299624529e-03 -2.280799281269662096e-03 -1.727887904255407097e-03 6.120709456709674257e-01 5.968365373565434062e-01 3.423519808599249058e-03 4.617175139115284729e-06 9.999388946067382378e-01 -4.150994792707574638e-08 -3.122805753640879496e-09 -2.775228216361992641e-12 -3.326505775801509290e-09 -1.204451254335020220e-10
1.330492941316394745e-04 -2.500870834062879616e-03 -1.876890255094112482e-03 -1.876900721397498301e-03 -2.500674142412595211e-03 -1.894580171346845008e-03 6.120664345560622444e-01 5.968335270667862735e-01 3.753801442794996602e-03 5.062602310963721627e-06 9.999330002658475269e-01 -4.551267314087641243e-08 -3.754275722987898740e-09 -3.336542190585011987e-12 -3.999142995969689056e-09 -1.448002764976805935e-10
1.393197141832606793e-04 -2.741963706113483262e-03 -2.057960090367344421e-03 -2.057972673607768883e-03 -2.741727248678303003e-03 -2.077352334605490208e-03 6.120614883934035744e-01 5.968302264315872296e-01 4.115945347215537765e-03 5.550997515017409354e-06 9.999265374514453297e-01 -4.990115347591986471e-08 -4.513417867040708559e-09 -4.011384271743746430e-12 -4.807768250753964059e-09 -1.740795034886248020e-10
1.458856500275840359e-04 -3.006279047752839599e-03 -2.256497365944090672e-03 -2.256512494294380181e-03 -3.005994787045744663e-03 -2.277755293604589223e-03 6.120560652531035206e-01 5.968266074204461313e-01 4.513024988588760361e-03 6.086505021442103324e-06 9.999194513587010835e-01 -5.471252121629672320e-08 -5.426039285320421262e-09 -4.822715436881925703e-12 -5.779867179900235058e-09 -2.092781026006441250e-10
1.527610288948459986e-04 -3.296049692854058095e-03 -2.474186934721348680e-03 -2.474205122958498572e-03 -3.295707967481158272e-03 -2.497489483202223332e-03 6.120501191437079935e-01 5.968226393478922587e-01 4.948410245916997144e-03 6.673668686902513037e-06 9.999116819044884252e-01 -5.998747326645030882e-08 -6.523161651100340622e-09 -5.798141967823626271e-12 -6.948478464990191773e-09 -2.515924692851040356e-10
1.599604343854215739e-04 -3.613722353541297134e-03 -2.712876125498887240e-03 -2.712897992514210713e-03 -3.613311550377383986e-03 -2.738419281457073976e-03 6.120435996981730131e-01 5.968182885594697229e-01 5.425795985028421427e-03 7.317470457332723556e-06 9.999031632173301931e-01 -6.577061257487518237e-08 -7.842074376882353852e-09 -6.970849192787821399e-12 -8.353314979824378213e-09 -3.024607069859856308e-10
1.674991374035976314e-04 -3.961977943682693827e-03 -2.974590403182675227e-03 -2.974616693042962234e-03 -3.961484103823347848e-03 -3.002588804133489008e-03 6.120364517086827050e-01 5.968135182013907247e-01 5.949233386085924467e-03 8.023372574053908517e-06 9.998938230841020181e-01 -7.211082022318813763e-08 -9.427600056173977667e-09 -8.380737336765740457e-12 -1.004211111506042831e-08 -3.636114260163734532e-10
1.753931285492072822e-04 -4.343753798070458354e-03 -3.261550535153184133e-03 -3.261582142422387535e-03 -4.343160143370996921e-03 -3.292239216838233323e-03 6.120286143824679170e-01 5.968082876065928799e-01 6.523164284844775070e-03 8.797363846291898748e-06 9.998835823379360610e-01 -7.906166433143422053e-08 -1.133361530746814613e-08 -1.007577604963012450e-11 -1.207224172316417376e-08 -4.371223851319909991e-10
1.836591520358361754e-04 -4.762267967801175721e-03 -3.576191416110592429e-03 -3.576229416287136920e-03 -4.761554331968035833e-03 -3.609827717989022751e-03 6.120200216869423615e-01 5.968025527799453167e-01 7.152458832574273839e-03 9.646010349971465274e-06 9.998723541918559388e-01 -8.668184382929182346e-08 -1.362487826609849112e-08 -1.211363472031621040e-11 -1.451266744543420094e-08 -5.254909566773473609e-10
1.923147412075444944e-04 -5.221045752377182804e-03 -3.921182692262276635e-03 -3.921228378361567464e-03 -5.220187897455374169e-03 -3.958048334140817914e-03 6.120106004255598808e-01 5.967962646698119489e-01 7.842456756723134928e-03 1.057651104895081622e-05 9.998600435062077185e-01 -9.503567893342162716e-08 -1.637922455741681759e-08 -1.456364235620463661e-11 -1.744627201921501871e-08 -6.317187958829894284e-10
2.013782557294408740e-04 -5.723948707255805540e-03 -4.299451388301010410e-03 -4.299506314847335517e-03 -5.722917502333052867e-03 -4.339854732267914468e-03 6.120002712975305403e-01 5.967893704370851315e-01 8.599012629694671034e-03 1.159675868979363942e-05 9.998465459885644835e-01 -1.041936427160313989e-07 -1.969020568822243768e-08 -1.750914686451164284e-11 -2.097267044512376724e-08 -7.594135684469118904e-10
2.108689205309921045e-04 -6.275206288101776997e-03 -4.714206687726646763e-03 -4.714272723668427520e-03 -6.273966722636136438e-03 -4.758485200007015088e-03 6.119889463515302275e-01 5.967818111623250932e-01 9.428545447336855040e-03 1.271540663696860185e-05 9.998317473124674892e-01 -1.142329457008963119e-07 -2.367025907359007956e-08 -2.105036096204695275e-11 -2.521158251031738602e-08 -9.129111703287023898e-10
2.208068665846782701e-04 -6.879450424605033920e-03 -5.168967121699631281e-03 -5.169046513988916590e-03 -6.877960423236700697e-03 -5.217490050243359795e-03 6.119765300637323158e-01 5.967735231020309117e-01 1.033809302797783318e-02 1.394194202684196522e-05 9.998155221575351081e-01 -1.252381725914599077e-07 -2.845451658380554114e-08 -2.530775488009778958e-11 -3.030688541721918839e-08 -1.097422555380362904e-09
2.312131736064827834e-04 -7.541753211026152280e-03 -5.667590349032943300e-03 -5.667685799060972335e-03 -7.539962209834188966e-03 -5.720761633061596622e-03 6.119629172330296463e-01 5.967644358644889069e-01 1.133537159812194467e-02 1.528676603159876847e-05 9.997977331587254435e-01 -1.373019780640629221e-07 -3.420537961618033716e-08 -3.042615733624678962e-11 -3.643148167512965697e-08 -1.319210111908144281e-09
2.421099147687968262e-04 -8.267668027124839419e-03 -6.214305813765833193e-03 -6.214420569281536855e-03 -8.265515263625356976e-03 -6.272567242547377742e-03 6.119479927709918776e-01 5.967544725422541108e-01 1.242884113856307371e-02 1.676128176177324298e-05 9.997782297466594192e-01 -1.505258485113548344e-07 -4.111801465727141740e-08 -3.657968577723895335e-11 -4.379314562990089224e-08 -1.585799514400216771e-09
2.535202035205772072e-04 -9.063274339871859459e-03 -6.813750529617026812e-03 -6.813888495212915529e-03 -9.060686799377163508e-03 -6.877585168027440347e-03 6.119316303394983780e-01 5.967435485834590159e-01 1.362777699042583106e-02 1.837799063866174637e-05 9.997568468901916194e-01 -1.650209310201115205e-07 -4.942695437217359308e-08 -4.397766068952705641e-11 -5.264154508049260762e-08 -1.906234175587413244e-09
2.654682426140705302e-04 -9.935226514129561967e-03 -7.471008310477135657e-03 -7.471174180503627367e-03 -9.932116463332973932e-03 -7.540944209669179533e-03 6.119136917238643392e-01 5.967315715983556590e-01 1.494234836100725473e-02 2.015059796241199921e-05 9.997334037098578596e-01 -1.809089415841839792e-07 -5.941402483818556194e-08 -5.287174910604961676e-11 -6.327667285894522762e-08 -2.291380813063449431e-09
2.779793754420960619e-04 -1.089080692475193415e-02 -8.191652756333671695e-03 -8.191852174461585270e-03 -1.088706895122580273e-02 -8.268266967500683545e-03 6.118940253617669578e-01 5.967184401119538517e-01 1.638370434892317054e-02 2.209412863025915971e-05 9.997077019651712249e-01 -1.983231487024929979e-07 -7.141786674908487789e-08 -6.356444359494017918e-11 -7.605897053255404889e-08 -2.754296392596124694e-09
2.910801397947778433e-04 -1.193798373155303093e-02 -8.981794368640607165e-03 -8.982034119953062959e-03 -1.193349118823805108e-02 -9.065717278646323943e-03 6.118724650728118997e-01 5.967040428819403441e-01 1.796406823990612592e-02 2.422505390483501188e-05 9.996795244002140146e-01 -2.174094552155030961e-07 -8.584536535553031310e-08 -7.641944450950297918e-11 -9.142148236518017301e-08 -3.310668674480850793e-09
3.047983241497585261e-04 -1.308547366369665343e-02 -9.848132185193359672e-03 -9.848420427083318454e-03 -1.308007440097258729e-02 -9.940052191736482162e-03 6.118488288556022114e-01 5.966882581133521324e-01 1.969684085416663691e-02 2.656143029695281224e-05 9.996486329283004180e-01 -2.383275685278171822e-07 -1.031853744899616826e-07 -9.187400061747277281e-11 -1.098844442663338028e-07 -3.979345094501022820e-09
3.191630266152840532e-04 -1.434281017150192822e-02 -1.079801035595936119e-02 -1.079835689550657368e-02 -1.433632141606907238e-02 -1.089867889901789504e-02 6.118229172793664405e-01 5.966709521968756036e-01 2.159671379101314737e-02 2.912305174444148730e-05 9.996147666472093851e-01 -2.612522792476641705e-07 -1.240251930895690085e-07 -1.104537083701032101e-10 -1.320727932626030415e-07 -4.782967631050979773e-09
3.342047166511929253e-04 -1.572041734961886553e-02 -1.183948014321856840e-02 -1.183989677079402315e-02 -1.571261955848636538e-02 -1.194971710861291413e-02 6.117945118934438042e-01 5.966519787431100452e-01 2.367979354158804631e-02 3.193161628933888040e-05 9.995776396717713785e-01 -2.863748515315856591e-07 -1.490703386574310866e-07 -1.327903792225593610e-10 -1.587371784668625222e-07 -5.748734690925213784e-09
3.499552996987258442e-04 -1.722969001011049814e-02 -1.298136784995684335e-02 -1.298186874045257483e-02 -1.722031949443574711e-02 -1.310206735827933351e-02 6.117633732070564268e-01 5.966311772657956203e-01 2.596373748090514966e-02 3.501090866518730192e-05 9.995369387642958348e-01 -3.139045300387987609e-07 -1.791682744182765372e-07 -1.596436733280463616e-10 -1.907791691156728523e-07 -6.909315299173344266e-09
3.664481848562447987e-04 -1.888308030772133800e-02 -1.423334924724911632e-02 -1.423395144221657402e-02 -1.887182038840190881e-02 -1.436548583779835402e-02 6.117292390654442968e-01 5.966083719554721165e-01 2.846790288443314804e-02 3.838700025895156880e-05 9.994923207345089988e-01 -3.440701870485973771e-07 -2.153368856466811978e-07 -1.919266998894952727e-10 -2.292814916275296872e-07 -8.303945961954316195e-09
3.837183557444070916e-04 -2.069419131750833626e-02 -1.560603110776505840e-02 -1.560675509497848161e-02 -2.068066171556987368e-02 -1.575066632322816296e-02 6.116918221974914083e-01 5.965833700614866508e-01 3.121351018995696322e-02 4.208846810890512778e-05 9.994434096094131359e-01 -3.771220952072183594e-07 -2.587986318607245715e-07 -2.307371346806696678e-10 -2.755442911448886838e-07 -9.979746178558693552e-09
4.018024447111195321e-04 -2.267787795753337804e-02 -1.711104052472562850e-02 -1.711191093509617164e-02 -2.266162207381359692e-02 -1.726932989646168259e-02 6.116508080314005946e-01 5.965559604252914649e-01 3.422382187019234329e-02 4.614663468885072610e-05 9.993897935358085904e-01 -4.133338616527328396e-07 -3.110215111786335480e-07 -2.773945312617013565e-10 -3.311286073818146631e-07 -1.199329606244206481e-08
4.207388105336563422e-04 -2.485035562337231663e-02 -1.876112274220279041e-02 -1.876216918758391583e-02 -2.483082529118486523e-02 -1.893432316794543130e-02 6.116058520104783458e-01 5.965259116008015949e-01 3.752433837516783166e-02 5.059583045179455647e-05 9.993310213961527078e-01 -4.530045137473850855e-07 -3.737681783114889012e-07 -3.334850610438153585e-10 -3.979084851603907751e-07 -1.441252768376423765e-08
4.405676197827699723e-04 -2.722931689265310762e-02 -2.057024830817543240e-02 -2.057150638856074243e-02 -2.720585410608504506e-02 -2.075972580425871836e-02 6.115565769458014556e-01 5.964929700807724000e-01 4.114301277712148486e-02 5.547368120805659290e-05 9.992665991130724734e-01 -4.964607553051763085e-07 -4.491548240135853474e-07 -4.009154926416928102e-10 -4.781334167330057004e-07 -1.731899196108942915e-08
4.613309320213726528e-04 -2.983405657719460230e-02 -2.255373040955172687e-02 -2.255524292346231668e-02 -2.980587160261036206e-02 -2.276096820651882929e-02 6.115025697557279205e-01 5.964568579991852415e-01 4.511048584692463337e-02 6.082142270434109287e-05 9.991959856287272457e-01 -5.440594037703616632e-07 -5.397217363889503981e-07 -4.819777577682795015e-10 -5.745031401875374597e-07 -2.081057478660402206e-08
4.830727890185088666e-04 -3.268560538867112258e-02 -2.472835336411412233e-02 -2.473017176414746277e-02 -3.265175055410041854e-02 -2.495496029987359990e-02 6.114433783639537934e-01 5.964172710641874042e-01 4.946034352829492553e-02 6.668424481950599057e-05 9.991185884914172144e-01 -5.961900108764572606e-07 -6.485178352860318240e-07 -5.794267809930002999e-10 -6.902572041511544690e-07 -2.500475037999916760e-08
5.058393081678492099e-04 -3.580687233053680973e-02 -2.711251328095036842e-02 -2.711469942424659871e-02 -3.576621064482802398e-02 -2.736023242489974902e-02 6.113785078546360996e-01 5.963738758394059314e-01 5.422939884849319742e-02 7.311166822414970454e-05 9.990337590800211220e-01 -6.532776850485035456e-07 -7.792019062819583369e-07 -6.965744422129317187e-10 -8.292821763157530019e-07 -3.004247667949380553e-08
5.296787803088717772e-04 -3.922279587126120681e-02 -2.972637205662917795e-02 -2.972900030684656053e-02 -3.917396348453288518e-02 -2.999708947062018974e-02 6.113074167102569012e-01 5.963263071428810402e-01 5.945800061369312106e-02 8.015795633794061325e-05 9.989407873710515195e-01 -7.157861148301772211e-07 -9.361638042862994868e-07 -8.374009008052522621e-10 -9.962399095073139923e-07 -3.609285756969713022e-08
5.546417721582002584e-04 -4.296050376168016049e-02 -3.259202590496304563e-02 -3.259518566207431772e-02 -4.290186506132395716e-02 -3.288777942281769645e-02 6.112295123870671310e-01 5.962741649665806998e-01 6.519037132414863545e-02 8.788256591890076760e-05 9.988388962454934905e-01 -7.842208113113489240e-07 -1.124669475011091817e-06 -1.006690762326110505e-09 -1.196720931220383495e-06 -4.335872045209778867e-08
5.807812335683939500e-04 -4.704948118139355706e-02 -3.573368979918313537e-02 -3.573748853753301591e-02 -4.697907512012736847e-02 -3.605667765953993881e-02 6.111441467850865505e-01 5.962170113134481753e-01 7.147497707506603182e-02 9.635063967684581905e-05 9.987272353205672859e-01 -8.591325485505852553e-07 -1.351034425394403004e-06 -1.210194327133573288e-09 -1.437427783152903932e-06 -5.208328555330598096e-08
6.081526098416830534e-04 -5.152174662726545507e-02 -3.917789925059365908e-02 -3.918246617346041877e-02 -5.143722260145267705e-02 -3.953048838047569513e-02 6.110506110477419428e-01 5.961543665136387338e-01 7.836493234692083754e-02 1.056335447803032220e-04 9.986048741986967014e-01 -9.411210455312454903e-07 -1.622831093547572047e-06 -1.454823071805032767e-09 -1.726394020076129005e-06 -6.255813633480315329e-08
6.368139593368868021e-04 -5.641203467282903533e-02 -4.295373104080338345e-02 -4.295922147366063037e-02 -5.631057596621242417e-02 -4.333846472469740640e-02 6.109481302073684894e-01 5.960857054576662595e-01 8.591844294732126075e-02 1.158094612679193297e-04 9.984707951614599786e-01 -1.030838854619569300e-06 -1.949136619085409362e-06 -1.748884375091430353e-09 -2.073245649302797979e-06 -7.513273939967892305e-08
6.668260766189786602e-04 -6.175798429232000342e-02 -4.709304461952078247e-02 -4.709964528584586335e-02 -6.163621674820240343e-02 -4.751264921690102894e-02 6.108358571879675125e-01 5.960104532998670157e-01 9.419929057169172670e-02 1.269640248346172722e-04 9.983238852538259822e-01 -1.128995450993690055e-06 -2.340828699163718892e-06 -2.102360548976249361e-09 -2.489513004018549387e-06 -9.022580705839141208e-08
6.982526214125088070e-04 -6.760033098782759764e-02 -5.163074600408653486e-02 -5.163868137362732230e-02 -6.745421412437133113e-02 -5.208813630897456137e-02 6.107128662130524299e-01 5.959279807098504245e-01 1.032773627472546446e-01 1.391910288099952044e-04 9.981629276481943647e-01 -1.236361537854665407e-06 -2.810938597131699425e-06 -2.527249450197333618e-09 -2.989002484678531202e-06 -1.083388501514853311e-07
7.311602536324154303e-04 -7.398310040827613121e-02 -5.660507628902786831e-02 -5.661461620509618264e-02 -7.380779772734905042e-02 -5.710335900820476956e-02 6.105781462729672482e-01 5.958375992359306039e-01 1.132292324101923653e-01 1.525931902260580170e-04 9.979865923486194168e-01 -1.353773525263582949e-06 -3.375072060480787297e-06 -3.037969245381475280e-09 -3.588239290621882505e-06 -1.300723297667706767e-07
7.656187747786383007e-04 -8.095380021932629955e-02 -6.205792682411463007e-02 -6.206939567090796056e-02 -8.074352488093419766e-02 -6.260040153836714250e-02 6.104305931667202145e-01 5.957385553992626814e-01 1.241387913418159211e-01 1.672829859567392008e-04 9.977934261317469300e-01 -1.482138164403328627e-06 -4.051910769346654700e-06 -3.651845152229929691e-09 -4.306994181303215324e-06 -1.561448893486011151e-07
8.017012759944648452e-04 -8.856360646587495278e-02 -6.803518356511524534e-02 -6.804897128835343811e-02 -8.831143782932154851e-02 -6.862534039558268462e-02 6.102690018138076100e-01 5.956300251225273845e-01 1.360979425767068762e-01 1.833835642706345740e-04 9.975818416172617109e-01 -1.622437286857341619e-06 -4.863809157884788588e-06 -4.389696933594321883e-09 -5.168909534917335660e-06 -1.874162320817902260e-07
8.394842931026372549e-04 -9.686753916163881595e-02 -7.458710302233242939e-02 -7.460367837419458470e-02 -9.656520496527000452e-02 -7.522861604495113819e-02 6.100920573663962676e-01 5.955111070694953934e-01 1.492073567483891694e-01 2.010297387012208279e-04 9.973501055756182065e-01 -1.775732639856863741e-06 -5.837504054947370884e-06 -5.276540705079497637e-09 -6.202242584660705167e-06 -2.249143052521111175e-07
8.790479689481001287e-04 -1.059246209565930380e-01 -8.176872264382882560e-02 -8.178864909933586391e-02 -1.055622390360679702e-01 -8.246543789262505975e-02 6.098983260570826070e-01 5.953808157871326445e-01 1.635772981986717278e-01 2.203690705836013996e-04 9.970963262874902311e-01 -1.943170676412590827e-06 -7.004957479998946057e-06 -6.342432281823264692e-09 -7.440746569416888886e-06 -2.698675629504547346e-07
9.204762233917169502e-04 -1.157980109790884005e-01 -8.964030852167965968e-02 -8.966426340980014620e-02 -1.153637834355891456e-01 -9.039622518328767342e-02 6.096862452321183401e-01 5.952380741043832302e-01 1.793285268196002924e-01 2.415630476946610506e-04 9.968184399688848618e-01 -2.125987287381533073e-06 -8.404356306543098949e-06 -7.623481196966069631e-09 -8.924713885809583655e-06 -3.237432047288439931e-07
9.638569313155439123e-04 -1.265551042192353259e-01 -9.826784358933325636e-02 -9.829664109390254256e-02 -1.260349558565331540e-01 -9.908708670747456981e-02 6.094541127607580044e-01 5.950817049388698043e-01 1.965932821878050851e-01 2.647883666129003158e-04 9.965141962492343186e-01 -2.325512306739189107e-06 -1.008129633292207856e-05 -9.163072567664769405e-09 -1.070220903676147749e-05 -3.882924304193799007e-07
1.009282109017240782e-03 -1.382675846768270933e-01 -1.077235597451855764e-01 -1.077581785329646408e-01 -1.376447363717549777e-01 -1.086103423932975320e-01 6.092000758894983159e-01 5.949104225312925598e-01 2.155163570659292815e-01 2.902383267500270548e-04 9.961811426533462299e-01 -2.543173714966834959e-06 -1.209018263729317536e-05 -1.101332081769522346e-08 -1.283052326488381612e-05 -4.656039079310671636e-07
1.056848109388972912e-03 -1.510114179608867679e-01 -1.180865174364076342e-01 -1.181281338403344511e-01 -1.502658842811450401e-01 -1.190450899353877878e-01 6.089221192543278205e-01 5.947228228242619208e-01 2.362562676806689022e-01 3.181243447668783818e-04 9.958166080497127259e-01 -2.780501253242550520e-06 -1.449588277980365119e-05 -1.323681432084407798e-08 -1.537788726507363304e-05 -5.581668286307943918e-07
1.106655826294814264e-03 -1.648667664246763753e-01 -1.294432364939761826e-01 -1.294932644595399585e-01 -1.639747652038759107e-01 -1.304778198765161601e-01 6.086180524605954156e-01 5.945173733276691852e-01 2.589865289190799169e-01 3.486775980572039482e-04 9.954176850036279278e-01 -3.039129409073151993e-06 -1.737567456782350417e-05 -1.590874733977428912e-08 -1.842548320140274592e-05 -6.689451183101073814e-07
1.158810908580157209e-03 -1.799178057840226941e-01 -1.418883824785826808e-01 -1.419485214657882355e-01 -1.788510663066248119e-01 -1.430030826592022797e-01 6.082854969194891881e-01 5.942924020230260229e-01 2.838970429315764710e-01 3.821508068177525736e-04 9.949812113077514120e-01 -3.320799314887395216e-06 -2.082153629774994211e-05 -1.911940416537402813e-08 -2.206980241715413352e-05 -8.014645682581974319e-07
1.213423984167083481e-03 -1.962524194306884961e-01 -1.555255125202646138e-01 -1.555978051279542640e-01 -1.949773738583564786e-01 -1.567242112916262808e-01 6.079218721980732543e-01 5.940460856046657634e-01 3.111956102559085280e-01 4.188201640494055482e-04 9.945037502755932346e-01 -3.627359420486079556e-06 -2.494283252696094354e-05 -2.297720868859029736e-08 -2.642540019822611921e-05 -9.599148774867279818e-07
1.270610894711015487e-03 -2.139617412515179284e-01 -1.704678853654028325e-01 -1.705547865466545965e-01 -2.124385827742278632e-01 -1.717541034511637643e-01 6.075243819335648388e-01 5.937764368977049845e-01 3.411095730933091930e-01 4.589874235892691312e-04 9.939815702992347290e-01 -3.960764412485128295e-06 -2.986945544298932686e-05 -2.761234708605043855e-08 -3.162810427455536953e-05 -1.149268803090651762e-06
1.330492941316400871e-03 -2.331395133785014173e-01 -1.868393401865326431e-01 -1.869438004072906945e-01 -2.313211032294294756e-01 -1.882160668821541150e-01 6.070899992759878350e-01 5.934812913577863780e-01 3.738876008145813890e-01 5.029821560664486267e-04 9.934106234014844494e-01 -4.323072048614664270e-06 -3.575548751384046678e-05 -3.318111371393979589e-08 -3.783873795681681502e-05 -1.375420825350338801e-06
1.393197141832613461e-03 -2.538808741482684872e-01 -2.047749810099248335e-01 -2.049005914218600954e-01 -2.517120748291369892e-01 -2.062445059662473545e-01 6.066146444125394277e-01 5.931576092523569432e-01 4.098011828437201909e-01 5.511635187494282008e-04 9.927853903742412944e-01 -4.716399915029436165e-06 -4.278339212321839697e-05 -3.987646089910566775e-08 -4.524661269331420853e-05 -1.645334882666763853e-06
1.458856500275847136e-03 -2.762816178328598715e-01 -2.244225124964553120e-01 -2.245736165777142690e-01 -2.736977825025303512e-01 -2.259861613194084906e-01 6.060944084483529393e-01 5.928024676778487212e-01 4.491472331554285380e-01 6.039236594579083361e-04 9.921005449361943729e-01 -5.142971018236983978e-06 -5.116900671238428763e-05 -4.792763475255742669e-08 -5.407539799676813074e-05 -1.967244621986779367e-06
1.527610288948465624e-03 -3.004374422436011383e-01 -2.459439007671284094e-01 -2.461256410974614062e-01 -2.973614458208029276e-01 -2.476016320082935762e-01 6.055267222419612461e-01 5.924141184713743735e-01 4.922512821949228123e-01 6.616918487983571798e-04 9.913526739188454062e-01 -5.605159409441059968e-06 -6.116734495524635295e-05 -5.759759734481335970e-08 -6.459043379365621848e-05 -2.350893288772735894e-06
1.599604343854221702e-03 -3.264408710064266028e-01 -2.695156148760807779e-01 -2.697341711657845753e-01 -3.227820573921619252e-01 -2.712657023191089034e-01 6.049074694851146461e-01 5.919895265200779688e-01 5.394683423315691506e-01 7.249351281487475922e-04 9.905362135484075958e-01 -6.105338708716220601e-06 -7.307886627651858421e-05 -6.921103274883371158e-08 -7.710225543448456667e-05 -2.807730521067843415e-06
1.674991374035982548e-03 -3.543794571356940204e-01 -2.953302983678324223e-01 -2.955930961497756360e-01 -3.500315237416081748e-01 -2.971688785972172453e-01 6.042322339116650287e-01 5.915253992265923078e-01 5.911861922995512719e-01 7.941624924136765152e-04 9.896451707042210888e-01 -6.645915335148143959e-06 -8.725696545956563937e-05 -8.315740026639259303e-08 -9.197498117958809573e-05 -3.351206839396489900e-06
1.753931285492080954e-03 -3.843329878949640066e-01 -3.235981646377890653e-01 -3.239141258227778430e-01 -3.791716237746884377e-01 -3.255186973880496160e-01 6.034962872472268147e-01 5.910181688428339797e-01 6.478282516455556861e-01 8.699283565463070828e-04 9.886731005449743703e-01 -7.229297484613458690e-06 -1.041163382323109646e-04 -9.990375359045364088e-08 -1.096344247104914403e-04 -3.997084739437124945e-06
1.836591520358370156e-03 -4.163700983071898509e-01 -3.545484950792100465e-01 -3.549283391758295547e-01 -4.102503767596677453e-01 -3.565411239403253330e-01 6.026945788501815171e-01 5.904639740864298103e-01 7.098566783516591094e-01 9.528362529752839325e-04 9.876130850469378997e-01 -7.857856061517361305e-06 -1.241423590708705220e-04 -1.200102157475237942e-07 -1.305770708135684085e-04 -4.763785759695194388e-06
1.923147412075453888e-03 -4.505442122399133664e-01 -3.884312463439701935e-01 -3.888878513095917477e-01 -4.432977518342961498e-01 -3.904820452121447460e-01 6.018217288545358867e-01 5.898586423216733987e-01 7.777757026191834955e-01 1.043542767140092286e-03 9.864577150722689813e-01 -8.533875926344101060e-06 -1.479014888178439553e-04 -1.441480907266207390e-07 -1.553798814136849631e-04 -5.672773401114438912e-06
2.013782557294414594e-03 -4.868887316167366253e-01 -4.255187672298463286e-01 -4.260676035548115470e-01 -4.783206575936245208e-01 -4.276088596478181958e-01 6.008720239801371710e-01 5.891976711745360307e-01 8.521352071096230940e-01 1.142761713552063740e-03 9.851990740836745752e-01 -9.259496151731424959e-06 -1.760526809871740955e-04 -1.731221267063404443e-07 -1.847108365726275628e-04 -6.748969966449716676e-06
2.108689205309929177e-03 -5.254113905852413335e-01 -4.661076320978343457e-01 -4.667672825089387856e-01 -5.152971590431026927e-01 -4.682121674343007744e-01 5.998394178101624785e-01 5.884762106825434103e-01 9.335345650178775712e-01 1.251268555564172182e-03 9.838287262692690938e-01 -1.003663770243088178e-05 -2.093596968593194072e-04 -2.078961592024404694e-07 -2.193400387255918223e-04 -8.021202577798206465e-06
2.208068665846790995e-03 -5.660877109264098594e-01 -5.105205881587520089e-01 -5.113133726385553635e-01 -5.541698875395382196e-01 -5.126075631991897641e-01 5.987175359988172740e-01 5.876890459286540080e-01 1.022626745277110727e+00 1.369905068004011964e-03 9.823377086297168104e-01 -1.086691681535475666e-05 -2.487041404974768078e-04 -2.496250143002218927e-07 -2.601510987365308024e-04 -9.522670303279879867e-06
2.312131736064836508e-03 -6.088534974097449259e-01 -5.591086231313322497e-01 -5.600613472327028441e-01 -5.948386367721422152e-01 -5.611375349565908000e-01 5.974996884581306178e-01 5.868305814895743433e-01 1.120122694465405688e+00 1.499584241986101499e-03 9.807165303941776102e-01 -1.175154266196134482e-05 -2.950989138581939109e-04 -2.996910295128521181e-07 -3.081523854611568762e-04 -1.129141910183085181e-05
2.421099147687979809e-03 -6.535963541115705766e-01 -6.122531467643678171e-01 -6.133980005380959000e-01 -6.371521797430659273e-01 -6.141734707472564780e-01 5.961788888586960766e-01 5.858948274242128385e-01 1.226796001076191800e+00 1.641295426401558240e-03 9.789551791815735982e-01 -1.269119793759232947e-05 -3.497016186714343999e-04 -3.597490880769314522e-07 -3.644875377540234213e-04 -1.337080548230670061e-05
2.535202035205783890e-03 -7.001462298477544310e-01 -6.703682894910643064e-01 -6.717439239253222283e-01 -6.808993995097488705e-01 -6.721177770253125017e-01 5.947478836834173554e-01 5.848753883087448591e-01 1.343487847850644457e+00 1.796109699839883904e-03 9.770431370654394376e-01 -1.368590060273558287e-05 -4.138272356954675584e-04 -4.317787244817366970e-07 -4.304444182046802915e-04 -1.580992128300561693e-05
2.654682426140717554e-03 -7.482650737250150508e-01 -7.339033084730622880e-01 -7.355561269389262469e-01 -7.257999050150676368e-01 -7.354061113856602550e-01 5.931991918698110711e-01 5.837654557602035554e-01 1.471112253877852494e+00 1.965185464555422278e-03 9.749694073417043416e-01 -1.473484699122612120e-05 -4.889591376106362840e-04 -5.181475020152463900e-07 -5.074614140069242958e-04 -1.866394255902960978e-05
2.779793754420968425e-03 -7.976357553525834643e-01 -8.033450962320236588e-01 -8.053308031104959852e-01 -7.714944079788969011e-01 -8.045097346118548209e-01 5.915251569241241070e-01 5.825578057514655406e-01 1.610661606220991970e+00 2.149774252214029305e-03 9.727225543807507258e-01 -1.583623562280523858e-05 -5.767571759907639617e-04 -6.216860515547337609e-07 -5.971296708956156003e-04 -2.199435313082365133e-05
2.910801397947786889e-03 -8.478505155995426090e-01 -8.792207853000255646e-01 -8.816062389369835328e-01 -8.175352690350428109e-01 -8.799379889435822166e-01 5.897180136034610998e-01 5.812448024274805558e-01 1.763212477873967066e+00 2.351226733607144313e-03 9.702907594723968465e-01 -1.698707234393740512e-05 -6.790611906789472503e-04 -7.457756874330356648e-07 -7.011894811534405067e-04 -2.586897917934294835e-05
3.047983241497591658e-03 -8.983993700123061865e-01 -9.621004267174302349e-01 -9.649658604467620249e-01 -8.633777908120345845e-01 -9.622409084343737096e-01 5.877699691713812458e-01 5.798184082900906811e-01 1.929931720893524050e+00 2.570998918299006401e-03 9.676618918161289384e-01 -1.818296034255307582e-05 -7.978878265638865083e-04 -8.944544967786226186e-07 -8.215186408404265457e-04 -3.036175557265063880e-05
3.191630266152838038e-03 -9.486590592572174963e-01 -1.052599732533207044e+00 -1.056041414979844495e+00 -9.083730309910909018e-01 -1.052011976896953138e+00 5.856733032983637566e-01 5.782702050409253003e-01 2.112082829959688990e+00 2.810658547303246727e-03 9.648236009737988228e-01 -1.941787827556277474e-05 -9.354180443513825192e-04 -1.072542654368338246e-06 -9.601101994860343752e-04 -3.555212685250290218e-05
3.342047166511882307e-03 -9.978833731239501459e-01 -1.151382858778029927e+00 -1.155516276870474757e+00 -9.517631535389222686e-01 -1.149891046261887650e+00 5.834204852821762710e-01 5.765914245045909992e-01 2.311032553740949513e+00 3.071891671944066132e-03 9.617634287463798781e-01 -2.068395337394177171e-05 -1.093972158084606516e-03 -1.285789884163837114e-06 -1.119036636269698072e-03 -4.152396796715805591e-05
3.499552996987025880e-03 -1.045195951003926149e+00 -1.259165203867341098e+00 -1.264128870053353060e+00 -9.926805943924591480e-01 -1.256567439119451679e+00 5.810043109393394634e-01 5.747729934521100814e-01 2.528257740106706120e+00 3.356509436780633071e-03 9.584689445097526184e-01 -2.197124001975919163e-05 -1.275968699362849471e-03 -1.541049794280804067e-06 -1.300397245200078352e-03 -4.836389452919490263e-05
3.664481848561484782e-03 -1.089586984054340402e+00 -1.376716185665867176e+00 -1.382676192118583058e+00 -1.030152610921718948e+00 -1.372783259255167199e+00 5.784180570770168783e-01 5.728055925586755803e-01 2.765352384237166117e+00 3.666455082465035122e-03 9.549279015002826165e-01 -2.326751622123851503e-05 -1.483862945977344706e-03 -1.846487433078125096e-06 -1.506245433586774797e-03 -5.615882127407888837e-05
3.837183557440435912e-03 -1.129915595911046733e+00 -1.504861970038821939e+00 -1.512017434064009125e+00 -1.063113054257454282e+00 -1.499336952410500468e+00 5.756556558519145828e-01 5.706797353515048465e-01 3.024034868128018250e+00 4.003811228063168526e-03 9.511284192062684495e-01 -2.455811757786585412e-05 -1.720060690975452455e-03 -2.211824829226416469e-06 -1.738492942945892928e-03 -6.499262613306361379e-05
4.018024447098098376e-03 -1.164920038369194666e+00 -1.644488108824107231e+00 -1.653077673646841772e+00 -1.090423457804287066e+00 -1.637087152772284782e+00 5.727118826635203552e-01 5.683858657761304833e-01 3.306155347293683544e+00 4.370807491361937240e-03 9.470591852711731651e-01 -2.582583034064805694e-05 -1.986802891280589883e-03 -2.648625743960007062e-06 -1.998788792930628749e-03 -7.494179043181346692e-05
4.207388105291347963e-03 -1.193238229823199825e+00 -1.796542026438339379e+00 -1.806851629791079050e+00 -1.110905677194262919e+00 -1.786956863897421144e+00 5.695825542107679773e-01 5.659144776108869790e-01 3.613703259582158100e+00 4.769828542412453756e-03 9.427096740696371269e-01 -2.705087453589572730e-05 -2.286017470643778287e-03 -3.170638895469084659e-06 -2.288372362313079167e-03 -8.606992727506713396e-05
4.405676197677859188e-03 -1.213441416090273339e+00 -1.962035329582563215e+00 -1.974407464655834499e+00 -1.123388299089320252e+00 -1.949938031318224629e+00 5.662647310388455590e-01 5.632562586698186546e-01 3.948814929311668998e+00 5.203422738965393299e-03 9.380703794960234543e-01 -2.821100943095325287e-05 -2.619136035409500192e-03 -3.794193913521842040e-06 -2.607902672290902685e-03 -9.842117996978805338e-05
4.613309319736440782e-03 -1.224083926595235905e+00 -2.142045865646488689e+00 -2.156890633712431171e+00 -1.126768738913623613e+00 -2.127096567773019586e+00 5.627569174449910117e-01 5.604022633989205193e-01 4.313781267424862342e+00 5.674311522169606624e-03 9.331330555772904267e-01 -2.928180342383556410e-05 -2.986875990452392358e-03 -4.538673757185242552e-06 -2.957269998670364938e-03 -1.120125992918474681e-04
4.830727888722279734e-03 -1.223771843895144373e+00 -2.337719458820731511e+00 -2.355527743198714941e+00 -1.120092283861913396e+00 -2.319577848477657689e+00 5.590592376409084796e-01 5.573441056118706438e-01 4.711055486397429881e+00 6.185399744008768935e-03 9.278909428066851595e-01 -3.023711153028819771e-05 -3.388992819553206942e-03 -5.427071157750310651e-06 -3.335401576236422718e-03 -1.268257868302018838e-04
5.058393077360478704e-03 -1.211252919731255151e+00 -2.550271332194430585e+00 -2.571630447445154566e+00 -1.102648063946337409e+00 -2.528612742881479747e+00 5.551735841987184283e-01 5.540741822912932379e-01 5.143260894890309132e+00 6.739787228031428497e-03 9.223389821137050193e-01 -3.104980414112609705e-05 -3.824013810533026352e-03 -6.486614217519332078e-06 -3.740080865850050739e-03 -1.427983501711042142e-04
5.296787790800646170e-03 -1.185529093391942901e+00 -2.780986964219432700e+00 -2.806599355344900459e+00 -1.074080018837602957e+00 -2.755524119825578655e+00 5.511037069878529371e-01 5.505859129089915038e-01 5.613198710689800919e+00 7.340781733063825136e-03 9.164739790048329615e-01 -3.169279251369828325e-05 -4.288973434334703363e-03 -7.749573319967697639e-06 -4.167809173536781049e-03 -1.598160741367097811e-04
5.546417687838480284e-03 -1.145990377575294206e+00 -3.031221885358062362e+00 -3.061927620907338721e+00 -1.034508201346108214e+00 -3.001733409791939700e+00 5.468551587942435122e-01 5.468739271701579252e-01 6.123855241814677441e+00 7.991912564885989001e-03 9.102945937794127973e-01 -3.214037211133398164e-05 -4.779180752496978851e-03 -9.254185319873047081e-06 -4.613748937957858065e-03 -1.777070711351036783e-04
5.807812246187955309e-03 -1.092569245170059711e+00 -3.302403334429425463e+00 -3.339205843642816696e+00 -9.846513427197849389e-01 -3.268768877797700867e+00 5.424354198722360909e-01 5.429345396223549391e-01 6.678411687285633391e+00 8.696949998548204885e-03 9.038017119926776699e-01 -3.236992986182710532e-05 -5.288072450878598778e-03 -1.104550277100366294e-05 -5.071802012055372580e-03 -1.962398811258243381e-04
6.081525868951633690e-03 -1.025902619208755473e+00 -3.596027786725018327e+00 -3.640125262880582024e+00 -9.259385851843323634e-01 -3.558271874718810679e+00 5.378534889913609840e-01 5.387658112599584825e-01 7.280250525761164049e+00 9.459921136272288200e-03 8.969980224350664333e-01 -3.236394033435801567e-05 -5.807200828891520734e-03 -1.317678201038219435e-05 -5.534878754441003613e-03 -2.151275528754926093e-04
6.368139024098529687e-03 -9.474938891211608372e-01 -3.913659517529588072e+00 -3.966481970441899652e+00 -8.605907914880359666e-01 -3.872003726202978058e+00 5.331195693775909739e-01 5.343678299451853908e-01 7.932963940883799303e+00 1.028513053484070988e-02 8.898878660256244189e-01 -3.211223996557565610e-05 -6.326447456135295133e-03 -1.571090742368072156e-05 -5.995427078457416133e-03 -2.340406886239247578e-04
6.668259398486746370e-03 -8.598525773023862895e-01 -4.256928003069808675e+00 -4.320180996195945866e+00 -7.916479652822654423e-01 -4.211851342664358455e+00 5.282445481984551217e-01 5.297429047171058336e-01 8.640361992391891732e+00 1.117718156548215547e-02 8.824768613471537515e-01 -3.161443076716026327e-05 -6.834549830631710642e-03 -1.872202088428192519e-05 -6.446278605324104807e-03 -2.526322720525983070e-04
6.982523029089719377e-03 -7.665848472886906961e-01 -4.627523877690571830e+00 -4.703240252259679899e+00 -7.229144304555769063e-01 -4.579830720908725006e+00 5.232392856421705929e-01 5.248956679960558036e-01 9.406480504519359798e+00 1.214099764466669562e-02 8.747713342513897539e-01 -3.088221545716468287e-05 -7.320037631228074743e-03 -2.229751368188862771e-05 -6.881848621439558972e-03 -2.705769859071062455e-04
7.311595340874101241e-03 -6.724000615568795913e-01 -5.027193387674231850e+00 -5.117794171695638106e+00 -6.587917391191194794e-01 -4.978087266121372423e+00 5.181137341293275966e-01 5.198330633924022059e-01 1.023558834339127621e+01 1.318184167398689551e-02 8.667775733192896181e-01 -2.994137064733887765e-05 -7.772662141788892753e-03 -2.654024893323957815e-05 -7.299679699244492059e-03 -2.876266754794638402e-04
7.656171964803711559e-03 -5.829928552011750531e-01 -5.457730684940041321e+00 -5.566096869268195135e+00 -6.039726553008440968e-01 -5.408891711113332335e+00 5.128759330584942155e-01 5.145641954848282351e-01 1.113219373853639027e+01 1.430533138057706391e-02 8.585009572176413029e-01 -2.883298084456566415e-05 -8.185363342241472329e-03 -3.157125334997213175e-05 -7.702240369108810311e-03 -3.036816046124178386e-04
8.016979119066392628e-03 -5.047580962918353231e-01 -5.920967143571783886e+00 -6.050523936770588307e+00 -5.629806961366017326e-01 -5.874629893439863082e+00 5.075309129078863224e-01 5.090999765804977706e-01 1.210104787354117661e+01 1.551744607568729221e-02 8.499449583878488923e-01 -2.761346866142192798e-05 -8.556739143347395424e-03 -3.753276874049738508e-05 -8.098776132018023488e-03 -3.188735902015906788e-04
8.394773196937217741e-03 -4.443020461486198447e-01 -6.418756962665720600e+00 -6.573572329987529272e+00 -5.395617251325302011e-01 -6.377785301600259693e+00 5.020796497846029549e-01 5.034525831592049361e-01 1.314714465997505854e+01 1.682452083927857972e-02 8.411101813526110638e-01 -2.635292713857530193e-05 -8.893852927993875154e-03 -4.459171516147992267e-05 -8.506864419828837759e-03 -3.336520748452493929e-04
8.790338998460931960e-03 -4.077301498117302248e-01 -6.952956055957761450e+00 -7.137855704315254179e+00 -5.359688197384571140e-01 -6.920911924919638913e+00 4.965181134170185140e-01 4.976346134857328463e-01 1.427571140863050836e+01 1.823321875186338994e-02 8.319934054252168254e-01 -2.513129388069774517e-05 -9.215027411295800136e-03 -5.294374848398628849e-05 -8.953164759829157493e-03 -3.488576325603399888e-04
9.204485753412941507e-03 -3.997257443196327586e-01 -7.525395079554224154e+00 -7.746095853480988502e+00 -5.522300035725467016e-01 -7.506599352689232063e+00 4.908368105843321505e-01 4.916581872143204746e-01 1.549219170696197700e+01 1.975048076774150660e-02 8.225871789508039100e-01 -2.403206505277966049e-05 -9.552040555924659962e-03 -6.281768908297165094e-05 -9.472725269867534117e-03 -3.657602608436670544e-04
9.638039698587475348e-03 -4.224865758770093849e-01 -8.137839157589185746e+00 -8.401102606258218586e+00 -5.855434178461080830e-01 -8.137425515720110525e+00 4.850206762282544548e-01 4.855336958383861812e-01 1.680220521251643717e+01 2.138343297549605282e-02 8.128795837963039839e-01 -2.313354400714551747e-05 -9.950873347516712292e-03 -7.448037676193286873e-05 -1.010616649070360425e-02 -3.860334178613005558e-04
1.009183149774433262e-02 -4.746592790177405208e-01 -8.791932358152340754e+00 -9.105739843049432736e+00 -6.299983362619611116e-01 -8.815899486271913332e+00 4.790497157251414895e-01 4.792685196396767044e-01 1.821147968609886547e+01 2.313924666813295047e-02 8.028547197458848483e-01 -2.249813465944967481e-05 -1.046995902464652878e-02 -8.824173644372324855e-05 -1.089422685130638641e-02 -4.116328531302785990e-04
1.056667626369737351e-02 -5.504980343641574514e-01 -9.489126988010614383e+00 -9.862876695078121259e+00 -6.768499816756636811e-01 -9.544399972824585632e+00 4.729007819338002516e-01 4.728661132261574029e-01 1.972575339015624252e+01 2.502495350138072075e-02 7.924944649185049483e-01 -2.216088041686056513e-05 -1.117484490009459930e-02 -1.044597827773230604e-04 -1.186963402225480781e-02 -4.445557928274614123e-04
1.106334345167875668e-02 -6.395536371624260807e-01 -1.023057994310690511e+01 -1.067530376621412636e+01 -7.155461274499564928e-01 -1.032509765175699101e+01 4.665498215066284926e-01 4.663249796892962040e-01 2.135060753242825271e+01 2.704717338618012681e-02 7.817803926591341268e-01 -2.211919862980691061e-05 -1.212845831700871090e-02 -1.235448215078241777e-04 -1.304712196377415950e-02 -4.864752094365537051e-04
1.158251362365353941e-02 -7.272428832095595430e-01 -1.101702764991694750e+01 -1.154562418003379065e+01 -7.355916086800848852e-01 -1.115987791591765443e+01 4.599754428381238047e-01 4.596387834307010256e-01 2.309124836006758130e+01 2.921179279480549604e-02 7.706973891089972106e-01 -2.232657522307813990e-05 -1.337705218169026912e-02 -1.459624796284391204e-04 -1.441371183534855514e-02 -5.382831763243340088e-04
1.212471934250097111e-02 -7.965978051527085047e-01 -1.184862176207382412e+01 -1.247609520408351713e+01 -7.290936461009962510e-01 -1.205024458253928366e+01 4.531626113704529391e-01 4.527970422408482132e-01 2.495219040816703426e+01 3.152354849549870996e-02 7.592372496602877163e-01 -2.269324908394874647e-05 -1.493341875094412498e-02 -1.722336628395512747e-04 -1.592273155453521188e-02 -5.996309065895639220e-04
1.269026869237107127e-02 -8.312955438169469247e-01 -1.272473925113602355e+01 -1.346842908894647728e+01 -6.934882992117104017e-01 -1.299720959077441584e+01 4.461065357982156865e-01 4.457872769925171341e-01 2.693685817789295456e+01 3.398555446750066433e-02 7.474028120204533332e-01 -2.309653498668264368e-05 -1.676119043018382479e-02 -2.029302792321943704e-04 -1.749600208991383340e-02 -6.686165195080223450e-04
1.327915267599051943e-02 -8.196734678227420856e-01 -1.364376562413298544e+01 -1.452354445294741048e+01 -6.335685003495513667e-01 -1.400114631612032845e+01 4.388155081087974363e-01 4.385982199173016904e-01 2.904708890589482095e+01 3.659876011921942701e-02 7.352111319869790718e-01 -2.340164737360442526e-05 -1.876634132036887267e-02 -2.386648969237155869e-04 -1.903801011653397796e-02 -7.418123607551848448e-04
1.389094243964361305e-02 -7.588756820213220511e-01 -1.460288808085742751e+01 -1.564129631643401375e+01 -5.617191215123523707e-01 -1.506160833602388927e+01 4.313123855555272002e-01 4.312243345822205920e-01 3.128259263286802749e+01 3.936140870086087679e-02 7.226957557106894470e-01 -2.349074303917981344e-05 -2.080326762830293427e-02 -2.800724452214023593e-04 -2.046276366570245683e-02 -8.148037399168952350e-04
1.452468881619262998e-02 -6.577160407910302986e-01 -1.559791296897318347e+01 -1.682019371955479059e+01 -4.954725507365781989e-01 -1.617708948357863719e+01 4.236333816798354412e-01 4.236702312222735967e-01 3.364038743910958118e+01 4.226849602119726185e-02 7.099062162079098348e-01 -2.329369176598577773e-05 -2.270111732944976937e-02 -3.277829508560723055e-04 -2.172786646403451413e-02 -8.832799302605353221e-04
1.517884380799623505e-02 -5.366263597036330379e-01 -1.662317771271674971e+01 -1.805717318550136596e+01 -4.523526382953878544e-01 -1.734476441592070373e+01 4.158247586885870928e-01 4.159545257338373436e-01 3.611434637100273193e+01 4.531136093803065507e-02 6.969056382184051213e-01 -2.281064298350661077e-05 -2.430991494930660052e-02 -3.823851239697981371e-04 -2.286302631105056535e-02 -9.444732255395422646e-04
1.585122851229519778e-02 -4.235821432320995283e-01 -1.767159102540121296e+01 -1.934747453257933003e+01 -4.433719843422024298e-01 -1.856025033424048942e+01 4.079376178141071452e-01 4.081113519173643067e-01 3.869494906515866006e+01 4.847747280314818746e-02 6.837660570265954307e-01 -2.211601907080970296e-05 -2.555563692408031537e-02 -4.443854025571365458e-04 -2.397589969272594101e-02 -9.984499528589332439e-04
1.653907060435434034e-02 -3.463466971740639111e-01 -1.873485410699316134e+01 -2.068468552984785092e+01 -4.678664980909583160e-01 -1.981748886966422418e+01 4.000223992791976380e-01 4.001887766947311298e-01 4.136937105969570183e+01 5.175054664395625087e-02 6.705629075115628890e-01 -2.133843022355898898e-05 -2.648299087853846212e-02 -5.141651819187500506e-04 -2.522280150435529320e-02 -1.048599980025753360e-03
1.723912362201555568e-02 -3.233252129553214615e-01 -1.980385764124391557e+01 -2.206098829886948209e+01 -5.125696300324324994e-01 -2.110884562875170545e+01 3.921245774438147924e-01 3.922439221651060626e-01 4.412197659773896419e+01 5.511106366061772205e-02 6.573698776872555216e-01 -2.062064994451246117e-05 -2.726161499920858391e-02 -5.919468146613444471e-04 -2.674757524009952619e-02 -1.100844996149273223e-03
1.794786062100798413e-02 -3.566902533116831364e-01 -2.086922513918991484e+01 -2.346760157862559382e+01 -5.562460572438120421e-01 -2.242549387576669773e+01 3.842827374582553634e-01 3.843360071438930992e-01 4.693520315725118763e+01 5.853722675467649961e-02 6.442553830688840799e-01 -2.007389901733664850e-05 -2.814220046285329305e-02 -6.777728207895173957e-04 -2.861269141709177344e-02 -1.161634955933912687e-03
1.866171274261874125e-02 -4.310769316113469696e-01 -2.192190780577876552e+01 -2.489535077232719473e+01 -5.783135082320012277e-01 -2.375804879841930273e+01 3.765289297121987566e-01 3.765191819969848086e-01 4.979070154465438947e+01 6.200624847922359822e-02 6.312807683988495011e-01 -1.974488590626706267e-05 -2.937200532548076351e-02 -7.715044660322986940e-04 -3.075824748025757227e-02 -1.235479253183568559e-03
1.937730883908756960e-02 -5.188344475375273879e-01 -2.295372784100075236e+01 -2.633526811436876969e+01 -5.674423981680642992e-01 -2.509732715404016901e+01 3.688903734300637560e-01 3.688372558094993869e-01 5.267053622873753937e+01 6.549578603306234481e-02 6.184998459946425831e-01 -1.960859020904035194e-05 -3.110229833530162719e-02 -8.728400930517252318e-04 -3.301508418693271246e-02 -1.323119118892132889e-03
2.009167290790427746e-02 -5.897496478925319252e-01 -2.395778721014535506e+01 -2.777912074894011596e+01 -5.259230080014447584e-01 -2.643505335635371978e+01 3.613911868982891407e-01 3.613215179922323328e-01 5.555824149788023192e+01 6.898528603166464990e-02 6.059589713231575692e-01 -1.958737389465585446e-05 -3.332802043044531815e-02 -9.813475785497023218e-04 -3.517015875369893657e-02 -1.421192527002475454e-03
2.080235112478557441e-02 -6.211621526728139386e-01 -2.492868715230571652e+01 -2.921977959060651742e+01 -4.678799814902094290e-01 -2.776434285573605365e+01 3.540530261872560369e-01 3.539913891624694720e-01 5.843955918121303483e+01 7.245699243180353522e-02 5.936967311289698124e-01 -1.958525769369868537e-05 -3.588605897950812584e-02 -1.096502765474551000e-03 -3.705329589215113073e-02 -1.523502321569216280e-03
2.150746173203011910e-02 -6.045548477547326716e-01 -2.586256214876604531e+01 -3.065140924596235550e+01 -4.126455636656992665e-01 -2.907989736709274098e+01 3.468946062573114442e-01 3.468569695963975019e-01 6.130281849192471100e+01 7.589651326912240370e-02 5.817433395819188169e-01 -1.952168791870015173e-05 -3.851137682325786460e-02 -1.217728648460548449e-03 -3.860365014053128430e-02 -1.623244379775226707e-03
2.220567931428660269e-02 -5.466555777181785203e-01 -2.675698522269870594e+01 -3.206950353934299613e+01 -3.767463733230024259e-01 -3.037794744909201583e+01 3.399307003898532353e-01 3.399222482840245640e-01 6.413900707868599227e+01 7.929296519926865017e-02 5.701202189746161775e-01 -1.935275930602021360e-05 -4.092580958522622214e-02 -1.344427398536165476e-03 -3.988696391415609555e-02 -1.715211432834229735e-03
2.289617455521950756e-02 -4.655116436064414831e-01 -2.761075562108355541e+01 -3.347077686097354388e+01 -3.680299212850108859e-01 -3.165600011888253462e+01 3.331709245974063260e-01 3.331875540900195998e-01 6.694155372194708775e+01 8.263869862589565130e-02 5.588395307977457316e-01 -1.907573687770325758e-05 -4.292443843977434420e-02 -1.476005960381291272e-03 -4.106055606167318545e-02 -1.797161556601995424e-03
2.357853143827573841e-02 -3.836953407163529173e-01 -2.842369720025756052e+01 -3.485302707190104599e+01 -3.838975781918230190e-01 -3.291256373773572363e+01 3.266195912349714736e-01 3.266515512152315948e-01 6.970605414380209197e+01 8.592890644211148565e-02 5.479051998804954637e-01 -1.871994768014222050e-05 -4.443072328131612847e-02 -1.611891629697667768e-03 -4.230623601669262351e-02 -1.870025034454585221e-03
2.425265934354510142e-02 -3.212732257330694341e-01 -2.919641725564117962e+01 -3.621492742340757331e+01 -4.135805485929259229e-01 -3.414685036824720754e+01 3.202758393089151223e-01 3.203118373678118802e-01 7.242985484681514663e+01 8.916103056624850864e-02 5.373138152342864515e-01 -1.833071137052273881e-05 -4.550698315990194670e-02 -1.751539650748920119e-03 -4.376108775037555743e-02 -1.937104976985118496e-03
2.491871125949503274e-02 -2.906437823758086236e-01 -2.993010780912780078e+01 -3.755584762694650180e+01 -4.429029959614872447e-01 -3.535856729216719430e+01 3.141346732276201204e-01 3.141651948197658473e-01 7.511169525389300361e+01 9.233424080518927435e-02 5.270564692588707301e-01 -1.795312332239900059e-05 -4.632359366244438725e-02 -1.894437881999604112e-03 -4.547198727690165282e-02 -2.002731572479233505e-03
2.557701376442500854e-02 -2.943133256050176616e-01 -3.062639047358941013e+01 -3.887568954728782700e+01 -4.594432403155691569e-01 -3.654777997172880077e+01 3.081882903905596716e-01 3.082075076100605493e-01 7.775137909457565399e+01 9.544897394552967484e-02 5.171206680513292797e-01 -1.762027598595728033e-05 -4.710179557550610296e-02 -2.040103690841685215e-03 -4.738653952362574528e-02 -2.070882008142594256e-03
2.622801048314959971e-02 -3.256318020936805890e-01 -3.128716590842782708e+01 -4.017473500100533812e+01 -4.563272039254308576e-01 -3.771481901157370231e+01 3.024272921489174482e-01 3.024335148966237896e-01 8.034947000201067624e+01 9.850652455387083617e-02 5.074918642467763918e-01 -1.734776754269324686e-05 -4.804960189468299170e-02 -2.188082907545093377e-03 -4.937844292401072366e-02 -2.144161294577835112e-03
2.687221839163572712e-02 -3.717412173665626263e-01 -3.191454040116976643e+01 -4.145354969166128711e+01 -4.337008787812944299e-01 -3.886025517399036033e+01 2.968419515717604651e-01 2.968369552491755825e-01 8.290709938332257423e+01 1.015088075979818094e-01 4.981550882237582578e-01 -1.713406474642850699e-05 -4.930866182064755354e-02 -2.337943225644313876e-03 -5.129443640063458681e-02 -2.223339900263833924e-03
2.751019523150421281e-02 -4.176067602472549045e-01 -3.251074044467090118e+01 -4.271288830032987249e+01 -3.978308428568615995e-01 -3.998486477440280851e+01 2.914229277871014934e-01 2.914106543985505171e-01 8.542577660065974499e+01 1.044581369947108623e-01 4.890957797861247291e-01 -1.696491598733476484e-05 -5.092395234945570892e-02 -2.489271020100926064e-03 -5.300519140911173765e-02 -2.307445460705637250e-03
2.814251596030548433e-02 -4.499776193291060156e-01 -3.307807036888409868e+01 -4.395362949584196599e+01 -3.584907604702415318e-01 -4.108960580448925981e+01 2.861617247211573067e-01 2.861468418693738358e-01 8.790725899168393198e+01 1.073570927712494544e-01 4.803003608670531888e-01 -1.681960534505586700e-05 -5.284080303467823120e-02 -2.641664997880915650e-03 -5.444409983573277045e-02 -2.394267691573756431e-03
2.876975624806120055e-02 -4.603648897716310917e-01 -3.361887634656216051e+01 -4.517672932612713765e+01 -3.256594208339151919e-01 -4.217558632444892197e+01 2.810508458618057315e-01 2.810375282139433439e-01 9.035345865225427531e+01 1.102084316265020819e-01 4.717564606081595113e-01 -1.667708990578594755e-05 -5.492660120207817215e-02 -2.794733062732581048e-03 -5.562370860232804248e-02 -2.481068543411603378e-03
2.939248130186405961e-02 -4.465073756538393557e-01 -3.413552906521286445e+01 -4.638318960649492340e+01 -3.065706850929478811e-01 -4.324402714998272756e+01 2.760837519658403405e-01 2.760748887392033835e-01 9.276637921298984679e+01 1.130150317350007844e-01 4.634529264267726045e-01 -1.652067435440018918e-05 -5.700926305610929529e-02 -2.948088629007756221e-03 -5.662731564865270545e-02 -2.565289298888661328e-03
3.001123862340659629e-02 -4.122150651974022528e-01 -3.463041328973550748e+01 -4.757403681680351326e+01 -3.038928063645403577e-01 -4.429622025484569292e+01 2.712546983224250474e-01 2.712515777309113529e-01 9.514807363360702652e+01 1.157798550948021671e-01 4.553796955654268452e-01 -1.634059995167590033e-05 -5.892180397634716460e-02 -3.101348329928627252e-03 -5.758051404081287322e-02 -2.645095156944756755e-03
3.062655361119403022e-02 -3.658445795310673598e-01 -3.510591539455425902e+01 -4.875028928983574161e+01 -3.153955566960846557e-01 -4.533347143652768096e+01 2.665584335888039336e-01 2.665608404437815881e-01 9.750057857967148323e+01 1.185058744561916372e-01 4.475274446139241302e-01 -1.613454052671262418e-05 -6.054220999576129247e-02 -3.254123969082182381e-03 -5.861249650455620935e-02 -2.719667746591313776e-03
3.123892718189351034e-02 -3.179145013964482236e-01 -3.556443309638807193e+01 -4.991298317909454596e+01 -3.350205769292386448e-01 -4.635709614836736847e+01 2.619902049327708093e-01 2.619967997705640594e-01 9.982596635818909192e+01 1.211961320692596378e-01 4.398877343871827050e-01 -1.590648197086226483e-05 -6.182006224067160272e-02 -3.406033603433310415e-03 -5.981884120454952769e-02 -2.789237590834032707e-03
3.184883479720129751e-02 -2.784815206771047436e-01 -3.600836060587069909e+01 -5.106312380248073879e+01 -3.549066287823997579e-01 -4.736835698054943578e+01 2.575454002828473921e-01 2.575542316190567727e-01 1.021262476049614776e+02 1.238536187543256006e-01 4.324524930426743574e-01 -1.566457174785203300e-05 -6.278481876784279547e-02 -3.556686753681662094e-03 -6.123609289706128528e-02 -2.854890977421266438e-03
3.245672644728565120e-02 -2.548735292042352274e-01 -3.644010592068980259e+01 -5.220171646118352271e+01 -3.677261986391368587e-01 -4.836848049332628108e+01 2.532196554903627939e-01 2.532286701214216951e-01 1.044034329223670454e+02 1.264813389603001159e-01 4.252142375149989273e-01 -1.541867464233975549e-05 -6.353534236558640302e-02 -3.705691780952879294e-03 -6.283434489485252572e-02 -2.918241272672517615e-03
3.306302726662871394e-02 -2.502381151709751617e-01 -3.686207374191525332e+01 -5.332973957549041444e+01 -3.686721386464615335e-01 -4.935863080771297717e+01 2.490087044869074284e-01 2.490161699646118165e-01 1.066594791509808289e+02 1.290822371568340898e-01 4.181658179505025608e-01 -1.517813193563186615e-05 -6.421403024695292172e-02 -3.852654821136083235e-03 -6.452888338003734403e-02 -2.981046781640833872e-03
3.366813855094760027e-02 -2.631420611104093865e-01 -3.727669310438722050e+01 -5.444816676697375613e+01 -3.566091526422785485e-01 -5.033993791215854685e+01 2.449085178896046600e-01 2.449132919958924848e-01 1.088963335339475123e+02 1.316592479619866085e-01 4.113006154976431850e-01 -1.495005932213668640e-05 -6.497226433864150552e-02 -3.997174101470245440e-03 -6.620605159094734848e-02 -3.044849207079855947e-03
3.427243901208298915e-02 -2.882285854373607958e-01 -3.768639802440351616e+01 -5.555794869310012984e+01 -3.341413856172756325e-01 -5.131349096863318238e+01 2.409152470408637003e-01 2.409168726217493506e-01 1.111158973862002597e+02 1.342152461361238447e-01 4.046123988204098909e-01 -1.473844325460241384e-05 -6.593522834999498983e-02 -4.138846599072544021e-03 -6.775691756002252819e-02 -3.110712193704263419e-03
3.487628615734092441e-02 -3.176953176108434640e-01 -3.809362122278715646e+01 -5.666001565569889920e+01 -3.066444105839500334e-01 -5.228035255164203221e+01 2.370252721986872424e-01 2.370239480286381872e-01 1.133200313113977984e+02 1.367530493996856611e-01 3.980953535622787087e-01 -1.454396906897794531e-05 -6.717401873381508015e-02 -4.277266995520766571e-03 -6.910873613021122075e-02 -3.179080969660059205e-03
3.548001771553758316e-02 -3.432321657236605539e-01 -3.850084439163559580e+01 -5.775531080656450911e+01 -2.806034310980792257e-01 -5.324160630100244163e+01 2.332353889065677810e-01 2.332318370023000187e-01 1.155106216131290182e+02 1.392755064257907294e-01 3.917443446419795472e-01 -1.436432287337031107e-05 -6.869107918878418484e-02 -4.412023216544078835e-03 -7.024395678868926296e-02 -3.249740519733242215e-03
3.608395305759470872e-02 -3.579315814660636863e-01 -3.891052901906174810e+01 -5.884473419559449781e+01 -2.617733354876451979e-01 -5.419831121359224824e+01 2.295425590339918720e-01 2.295378122026990320e-01 1.176894683911889956e+02 1.417853577265657528e-01 3.855544701947226649e-01 -1.419499964556516063e-05 -7.042168308076239558e-02 -4.542702333497377308e-03 -7.120441810685707029e-02 -3.321901619729362813e-03
3.668839457771982948e-02 -3.578013666046950814e-01 -3.932516877445996073e+01 -5.992920149864717416e+01 -2.536165040846408147e-01 -5.515156504384828651e+01 2.259441597540654545e-01 2.259393385315622005e-01 1.198584029972943483e+02 1.442853814331762630e-01 3.795214530163134592e-01 -1.403032902079183941e-05 -7.225086330087407416e-02 -4.668890196703728152e-03 -7.207884500472151734e-02 -3.394371816357907683e-03
3.729362901402294428e-02 -3.424910799392655858e-01 -3.974726496351111393e+01 -6.100960018786644667e+01 -2.564798169864382915e-01 -5.610246769294595737e+01 2.224377785321224876e-01 2.224338868683614634e-01 1.220192003757328933e+02 1.467783010817122202e-01 3.736413008507364908e-01 -1.386451225425630769e-05 -7.404168018085219294e-02 -4.790166894565677826e-03 -7.297702191714351694e-02 -3.465772881922038213e-03
3.789992869637211909e-02 -3.152307200062468562e-01 -4.017934141483402755e+01 -6.208683349009592689e+01 -2.676297781001488740e-01 -5.705215921444298033e+01 2.190213432377392799e-01 2.190191076005117699e-01 1.241736669801918538e+02 1.492668800400378248e-01 3.679105172354620312e-01 -1.369257902572255174e-05 -7.566766368702911028e-02 -4.906116090176041410e-03 -7.399887234883056886e-02 -3.534780653026867343e-03
3.850755271546368874e-02 -2.818640956670053210e-01 -4.062388870812633002e+01 -6.316177152377235160e+01 -2.821982675367824545e-01 -5.800176681086433206e+01 2.156928686688366070e-01 2.156926401269104177e-01 1.263235430475447032e+02 1.517538154888810331e-01 3.623257138882628459e-01 -1.351114223013744739e-05 -7.704322430861658411e-02 -5.016327797296055678e-03 -7.520609007136785928e-02 -3.600356908335629672e-03
3.911674801127665996e-02 -2.494697538534292602e-01 -4.108344373795121385e+01 -6.423530610665024199e+01 -2.945933750043498445e-01 -5.895245526144435644e+01 2.124506509950379873e-01 2.124523740468912403e-01 1.284706122133004840e+02 1.542418515085959840e-01 3.568839119251809855e-01 -1.331884454902870848e-05 -7.814203920070660059e-02 -5.120389330402622292e-03 -7.660628737940050614e-02 -3.661922957397066320e-03
3.972775038186501101e-02 -2.245479757347251526e-01 -4.156053089224285912e+01 -6.530831524049987991e+01 -3.001920440998768203e-01 -5.990537903545738629e+01 2.092930282284677646e-01 2.092962815625714068e-01 1.306166304809997598e+02 1.567337334088488299e-01 3.515822305888368637e-01 -1.311656751082228943e-05 -7.900536114465228632e-02 -5.217892886632006545e-03 -7.815059226332454756e-02 -3.719501531215861287e-03
4.034078541523104106e-02 -2.115822970748323095e-01 -4.205765813182469515e+01 -6.638167092607172037e+01 -2.965760169309282768e-01 -6.086167845758117068e+01 2.062183784577010792e-01 2.062224736349790311e-01 1.327633418521434407e+02 1.592321898430658633e-01 3.464178679302400976e-01 -1.290719516475390897e-05 -7.972967918262223452e-02 -5.308441888719173454e-03 -7.975018068833029938e-02 -3.773722367574506176e-03
4.095606934811429206e-02 -2.121613933909884397e-01 -4.257729932025039687e+01 -6.745624035736388180e+01 -2.840697929004883382e-01 -6.182246933476593398e+01 2.032250906272631552e-01 2.032292106900788486e-01 1.349124807147277636e+02 1.617399062926520859e-01 3.413880482352529278e-01 -1.269505573533561886e-05 -8.044261200614831464e-02 -5.391655844292693456e-03 -8.130310300130616508e-02 -3.825723143114960912e-03
4.157380985613690072e-02 -2.243764586353819979e-01 -4.312192122791523019e+01 -6.853289169017952531e+01 -2.657693758785447113e-01 -6.278884264617058619e+01 2.003114745558470244e-01 2.003148416105189067e-01 1.370657833803590506e+02 1.642596671859137270e-01 3.364900322727166770e-01 -1.248527959793691005e-05 -8.127770754229479699e-02 -5.467161989358810051e-03 -8.272345230945160610e-02 -3.877024890139534313e-03
4.219420678001870040e-02 -2.438787545392484546e-01 -4.369398020019491469e+01 -6.961249163920837191e+01 -2.461755326202693106e-01 -6.376186206586652361e+01 1.974758734319141673e-01 1.974778936373887683e-01 1.392249832784167438e+02 1.667941546930686303e-01 3.317210827455409072e-01 -1.228254125155610038e-05 -8.233240088041426930e-02 -5.534597787788032332e-03 -8.397052179799205374e-02 -3.929119812529331159e-03
4.281745279262447884e-02 -2.647891479644690071e-01 -4.429583424315003981e+01 -7.069590258802485039e+01 -2.300041265564909676e-01 -6.474254948143683919e+01 1.947165310731033272e-01 1.947169081494308784e-01 1.413918051760497008e+02 1.693460420553802026e-01 3.270783943064672905e-01 -1.209032648064016338e-05 -8.365270781687202117e-02 -5.593635696309003091e-03 -8.505747871787631975e-02 -3.983238544824838079e-03
4.344373401150596753e-02 -2.808820002712717478e-01 -4.492981161285651126e+01 -7.178396769513200582e+01 -2.209788039391717973e-01 -6.573188850862673860e+01 1.920315495859073462e-01 1.920303472334897177e-01 1.435679353902640116e+02 1.719180631033243312e-01 3.225590942130270866e-01 -1.191033290127108352e-05 -8.522654036488372387e-02 -5.643958414048904672e-03 -8.604788143487410168e-02 -4.040120931087380282e-03
4.407323056140848710e-02 -2.883223063336303182e-01 -4.559817863773595548e+01 -7.287753821949677047e+01 -2.198297846218841001e-01 -6.673086160351647322e+01 1.894193164102792870e-01 1.894169119634732112e-01 1.457550764389935409e+02 1.745125771314275376e-01 3.181603896144253318e-01 -1.174118795425100938e-05 -8.696310930881670509e-02 -5.685275482122614452e-03 -8.703871243258129442e-02 -4.099408189446053161e-03
4.470611709096387887e-02 -2.849705740392175501e-01 -4.630309170602183144e+01 -7.397744425790057221e+01 -2.255432598406850730e-01 -6.774042391586895917e+01 1.868779461385329244e-01 1.868749556040520121e-01 1.479548885158011444e+02 1.771322325732952729e-01 3.138794374634227835e-01 -1.158013434823762405e-05 -8.876029893041506580e-02 -5.717329867586508005e-03 -8.812102544822013328e-02 -4.160293228743199533e-03
4.534256324751334555e-02 -2.716003943302228718e-01 -4.704662994955086219e+01 -7.508450614253511901e+01 -2.349489011174681619e-01 -6.876153264986268709e+01 1.844056923080748533e-01 1.844028282575329580e-01 1.501690122850702380e+02 1.797794979877085919e-01 3.097134460378999088e-01 -1.142262208069069625e-05 -9.049940070780072843e-02 -5.739890017338386032e-03 -8.936191428345194310e-02 -4.221226119257208940e-03
4.598273411371570779e-02 -2.553605308272689500e-01 -4.783073767535970688e+01 -7.619951772696657599e+01 -2.405704413111091899e-01 -6.979515466026435888e+01 1.820020188341726630e-01 1.819998228612846880e-01 1.523990354539331520e+02 1.824549980372959790e-01 3.056597334800091326e-01 -1.125922560870128680e-05 -9.197995511279090375e-02 -5.752762574818438314e-03 -9.077829577265024430e-02 -4.278374036107584523e-03
4.662679060930779301e-02 -2.347632240866552589e-01 -4.865723946306905390e+01 -7.732327502925686247e+01 -2.462610641075020368e-01 -7.084223461994029947e+01 1.796629390716916186e-01 1.796618333620190744e-01 1.546465500585137249e+02 1.851647189661481119e-01 3.017154863617252381e-01 -1.109578704084531360e-05 -9.342446413331678690e-02 -5.755796628731677488e-03 -9.229985233204900108e-02 -4.334628059602290209e-03
4.727488986110456315e-02 -2.151149766092333437e-01 -4.952782286677139467e+01 -7.845655127769641979e+01 -2.467824331897476853e-01 -7.190369052984709697e+01 1.773879639533350039e-01 1.773881580291414850e-01 1.569131025553928396e+02 1.879090097651766600e-01 2.978779152019276899e-01 -1.092474046093658509e-05 -9.468313895496015264e-02 -5.748880426299294091e-03 -9.391670289627288004e-02 -4.386733252104225815e-03
4.792718554406058540e-02 -2.003272073877157833e-01 -5.044400495157449171e+01 -7.960008972734536314e+01 -2.413889106291075837e-01 -7.298041884514007904e+01 1.751754274773204001e-01 1.751768225056826445e-01 1.592001794546907263e+02 1.906900156327332452e-01 2.941442086231159658e-01 -1.074521429189961200e-05 -9.579237878889815261e-02 -5.731948541446741340e-03 -9.555332434056099111e-02 -4.434176905064851799e-03
4.858382819596484409e-02 -1.840722232802930736e-01 -5.140714041914303323e+01 -8.075464687721024859e+01 -2.448001811541267447e-01 -7.407331213586974172e+01 1.730190330022599865e-01 1.730212671705166072e-01 1.615092937544204972e+02 1.935172111117154647e-01 2.905111456870919096e-01 -1.058223506918991933e-05 -9.736152187803660818e-02 -5.704995689799253339e-03 -9.712586372703704840e-02 -4.488195615126600209e-03
4.924496550810793932e-02 -1.748793093092434747e-01 -5.241832337161163480e+01 -8.192087428985962561e+01 -2.302194516932869195e-01 -7.518292264328717067e+01 1.709260055444898341e-01 1.709292213847663500e-01 1.638417485797192512e+02 1.963770974883748133e-01 2.869758078752817076e-01 -1.038927635920833464e-05 -9.822736553246069757e-02 -5.668062965318880139e-03 -9.879714013603201062e-02 -4.527280638390634472e-03
4.991074259404815888e-02 -1.779936990031049104e-01 -5.347843560219002512e+01 -8.309939084167005774e+01 -2.123561958360706825e-01 -7.631013705789285950e+01 1.688899725715786726e-01 1.688933310959389311e-01 1.661987816833401155e+02 1.992793768462476356e-01 2.835352443167899472e-01 -1.019204296802167982e-05 -9.911164554649225245e-02 -5.621249404923075142e-03 -1.002885754442759958e-01 -4.562493501558098803e-03
5.058130223840454076e-02 -1.916206426787959993e-01 -5.458811240722366875e+01 -8.429079479811065312e+01 -1.963130985348555679e-01 -7.745557187185103487e+01 1.669089189846839905e-01 1.669115529992691860e-01 1.685815895962213062e+02 2.022256417120776861e-01 2.801861243674474977e-01 -9.998207874067568477e-06 -1.001674506368182144e-01 -5.564726353334028576e-03 -1.015829621802981364e-01 -4.597042949725305312e-03
5.125678512742705417e-02 -2.121728728937712360e-01 -5.574781499153197473e+01 -8.549570057570454651e+01 -2.118215483611358418e-01 -7.862009104768259249e+01 1.649722874709027287e-01 1.649722874709027287e-01 1.709914011514090930e+02 2.052321970542151652e-01 2.769245813217335872e-01 -9.865198659832580356e-06 -1.026166654760664876e-01 -5.498725088270393913e-03 -1.026160985271075826e-01 -4.657515980059608214e-03
5.193733006292985260e-02 -2.098676545380319114e-01 -5.695764410015512169e+01 -8.671461784483943802e+01 -2.095198604269246090e-01 -7.980303684857464930e+01 1.630942181654063128e-01 1.630942181654063128e-01 1.734292356896788760e+02 2.082695893500116635e-01 2.737465838474372193e-01 -9.702559929221677717e-06 -1.041353566261935121e-01 -5.423550701532127601e-03 -1.041347946750058318e-01 -4.703200753402653894e-03
5.262307416102589286e-02 -2.076241078207915203e-01 -5.821733026068802275e+01 -8.794791609664169130e+01 -2.072797363739747045e-01 -8.100527505168535924e+01 1.612640322778523816e-01 1.612640322778523816e-01 1.758958321932833826e+02 2.113545589620404730e-01 2.706488412942906763e-01 -9.542261210041995680e-06 -1.056778366171581413e-01 -5.339578997638879700e-03 -1.056772794810202365e-01 -4.748469750808983515e-03
5.331415303696597496e-02 -2.054388273562859080e-01 -5.952635409932995003e+01 -8.919597781617379439e+01 -2.050977782410611794e-01 -8.222704203352712682e+01 1.594793996563931837e-01 1.594793996563931837e-01 1.783919556323475888e+02 2.144878345876618519e-01 2.676275480000235296e-01 -9.384462376404174895e-06 -1.072444697819643494e-01 -5.247260864281295088e-03 -1.072439172938309260e-01 -4.793403556888463195e-03
5.401070097726425739e-02 -2.033083026333871168e-01 -6.088383752765676604e+01 -9.045911934571695667e+01 -2.029704831423288502e-01 -8.346846604800816749e+01 1.577379230011867750e-01 1.577379230011867750e-01 1.809182386914339133e+02 2.176698903780065475e-01 2.646787899590817283e-01 -9.229220075124528833e-06 -1.088354931800915720e-01 -5.147135688838678537e-03 -1.088349451890032737e-01 -4.838091133051806644e-03
5.471285110018249409e-02 -2.012289514454921879e-01 -6.228858132908976586e+01 -9.173758190234822507e+01 -2.008942765881044368e-01 -8.472956547940933092e+01 1.560371507597768936e-01 1.560371507597768936e-01 1.834751638046964501e+02 2.209009349212789908e-01 2.617985623483858326e-01 -9.076634367224390351e-06 -1.104510110894443009e-01 -5.039808340620519425e-03 -1.104504674606394954e-01 -4.882626193609677055e-03
5.542073550554455635e-02 -1.991970948723631729e-01 -6.373897686411734753e+01 -9.303153129273411537e+01 -1.988654875725784921e-01 -8.601023537347815306e+01 1.543745680616587235e-01 1.543745680616587235e-01 1.860630625854682307e+02 2.241808844674195167e-01 2.589827575916018865e-01 -8.926830579607934908e-06 -1.120909816183828095e-01 -4.925983302623369170e-03 -1.120904422337097583e-01 -4.927111771942337820e-03
5.613448541476506043e-02 -1.972089951971585098e-01 -6.523305396099233633e+01 -9.434104865669952744e+01 -1.968803863686683364e-01 -8.731024700972415076e+01 1.527476126971194781e-01 1.527476126971194781e-01 1.886820973133990549e+02 2.275093545832900521e-01 2.562271879305447753e-01 -8.779920388762066488e-06 -1.137552125336451364e-01 -4.806438589723569139e-03 -1.137546772916450261e-01 -4.971656192003441437e-03
5.685423130189300872e-02 -1.952608400731395411e-01 -6.676842204946886739e+01 -9.566612621876404887e+01 -1.949351687455823101e-01 -8.862923558667930024e+01 1.511536694403658732e-01 1.511536694403658732e-01 1.913322524375280977e+02 2.308856339495508614e-01 2.535275780071358231e-01 -8.636008950341000695e-06 -1.154433481586452925e-01 -4.682044350510827617e-03 -1.154428169747754307e-01 -5.016375339736051792e-03
5.758010301639941708e-02 -1.933487687028862256e-01 -6.834228091483680601e+01 -9.700666491476613373e+01 -1.930259820866643272e-01 -8.996669988409311713e+01 1.495900860084413142e-01 1.495900860084413142e-01 1.940133298295322675e+02 2.343086820493865408e-01 2.508795902737001038e-01 -8.495196412140636801e-06 -1.171548682179762574e-01 -4.553757771330620326e-03 -1.171543410246932704e-01 -5.061391863457291931e-03
5.831222989837119702e-02 -1.914688923315885360e-01 -6.995142960840810531e+01 -9.836247013907926373e+01 -1.911489458241906747e-01 -9.132200010419440162e+01 1.480541846248755455e-01 1.480541846248755455e-01 1.967249402781585275e+02 2.377771217405416360e-01 2.482788430352104170e-01 -8.357576035798430013e-06 -1.188890841235729356e-01 -4.422614130084571646e-03 -1.188885608702708180e-01 -5.106833706282933906e-03
5.905074088671428273e-02 -1.896172775241483921e-01 -7.159221777428875555e+01 -9.973324245816823463e+01 -1.893001347636414089e-01 -9.269434294457209944e+01 1.465432525291763544e-01 1.465432525291763544e-01 1.994664849163364693e+02 2.412892041702294765e-01 2.457208956336570105e-01 -8.223242567182610386e-06 -1.206451214320500148e-01 -4.289740423674142863e-03 -1.206446020851147383e-01 -5.152835472898198606e-03
5.979576462091484856e-02 -1.877899979302161959e-01 -7.326059221622722362e+01 -1.011185827117673171e+02 -1.874756307290065538e-01 -9.408279277121670248e+01 1.450545748824882963e-01 1.450545748824882963e-01 2.022371654235346341e+02 2.448428336455353016e-01 2.432013013713500427e-01 -8.092276602046651233e-06 -1.224219322801710502e-01 -4.156339557995423518e-03 -1.224214168227676508e-01 -5.199536547593378889e-03
6.054742953685864071e-02 -1.859831209823321618e-01 -7.495206103306934153e+01 -1.025179815482671160e+02 -1.856715092888600316e-01 -9.548625764309642250e+01 1.435854258516404136e-01 1.435854258516404136e-01 2.050359630965342319e+02 2.484355332038388486e-01 2.407155930010601574e-01 -7.964763037904904803e-06 -1.242182781700013200e-01 -4.023695863838372237e-03 -1.242177666019194243e-01 -5.247081268768245300e-03
6.130586395716473153e-02 -1.841927394773810456e-01 -7.666171781960474618e+01 -1.039308213856307077e+02 -1.838838712692494326e-01 -9.690349455177060634e+01 1.421330897942510441e-01 1.421330897942510441e-01 2.078616427712614154e+02 2.520644565213471244e-01 2.382593172286003314e-01 -7.840773861893234685e-06 -1.260327359233200106e-01 -3.893167822935837859e-03 -1.260322282606735622e-01 -5.295618071965396516e-03
6.207119617644986376e-02 -1.824150090299652971e-01 -7.838426896425178825e+01 -1.053563828745292739e+02 -1.821088801296121273e-01 -9.833311882514423985e+01 1.406948859747753078e-01 1.406948859747753078e-01 2.107127657490585477e+02 2.557264094247316821e-01 2.358280748105346103e-01 -7.720361224911733314e-06 -1.278637084376008093e-01 -3.766178544127080433e-03 -1.278632047123658411e-01 -5.345298478163538342e-03
6.284355454190333756e-02 -1.806461205963045269e-01 -8.011400554672080432e+01 -1.067938253147907233e+02 -1.803427345342909771e-01 -9.977358382132334214e+01 1.392681487274737562e-01 1.392681487274737562e-01 2.135876506295814465e+02 2.594177984964681771e-01 2.334174877429447958e-01 -7.603590905649142197e-06 -1.297093989885970411e-01 -3.644217510298523432e-03 -1.297088992482340886e-01 -5.396276391676121421e-03
6.362306752952029409e-02 -1.788823669384792259e-01 -8.184486598980249994e+01 -1.082422065268913514e+02 -1.785817346853494081e-01 -1.012232066508324237e+02 1.378502735407134139e-01 1.378502735407134139e-01 2.164844130537827027e+02 2.631346936217437427e-01 2.310232748530308688e-01 -7.490480736034666629e-06 -1.315678425040569810e-01 -3.528826197428528051e-03 -1.315673468108718713e-01 -5.448707135059801566e-03
6.440986381631071123e-02 -1.771201480125688954e-01 -8.357045195431277307e+01 -1.097004756768280345e+02 -1.768222876896899665e-01 -1.026801646627766758e+02 1.364387180833853686e-01 1.364387180833853686e-01 2.194009513536560689e+02 2.668728156715591826e-01 2.286412525204957191e-01 -7.381077942927272559e-06 -1.334368994053374557e-01 -3.421586500835956807e-03 -1.334364078357795913e-01 -5.502745500583517205e-03
6.520407234877542701e-02 -1.753559904958734983e-01 -8.528404162278728506e+01 -1.111674811112620489e+02 -1.750609270596538425e-01 -1.041425038751334000e+02 1.350310187246368809e-01 1.350310187246368809e-01 2.223349622225240978e+02 2.706275591753266041e-01 2.262673628354867350e-01 -7.275400968479499379e-06 -1.353142669437324419e-01 -3.324122655446635870e-03 -1.353137795876633021e-01 -5.558546459164094913e-03
6.600582240791560973e-02 -1.735865825120757877e-01 -8.697866278016937258e+01 -1.126419718334912545e+02 -1.732943473489146347e-01 -1.056081511421487562e+02 1.336248095122538337e-01 1.336248095122538337e-01 2.252839436669825091e+02 2.743940157377944833e-01 2.238977029144162967e-01 -7.173438360612273561e-06 -1.371974909091529249e-01 -3.238072940611917173e-03 -1.371970078688972416e-01 -5.616261397893424802e-03
6.681524367101977779e-02 -1.718087863162903739e-01 -8.864710926472028518e+01 -1.141226038142274177e+02 -1.715194168232013761e-01 -1.070749218064457011e+02 1.322178328480127507e-01 1.322178328480127507e-01 2.282452076284548355e+02 2.781669932630106423e-01 2.215285430775091879e-01 -7.075197209247181128e-06 -1.390839752421189068e-01 -3.165088071161764344e-03 -1.390834966315053212e-01 -5.676038240367242173e-03
6.763246627045320369e-02 -1.700196677121378896e-01 -9.028199951862390549e+01 -1.156079498566825379e+02 -1.697332068147000828e-01 -1.085405365824546777e+02 1.308079595898896108e-01 1.308079595898896108e-01 2.312158997133650757e+02 2.819410555732532186e-01 2.191563597186440282e-01 -6.980648094032688587e-06 -1.409710018433557588e-01 -3.106814932131770918e-03 -1.409705277866266093e-01 -5.738019773637081933e-03
6.845762084965525962e-02 -1.682165258214219083e-01 -9.187585561167425396e+01 -1.170965061606416384e+02 -1.679330214267284460e-01 -1.100026387957077532e+02 1.293932064299472273e-01 1.293932064299472273e-01 2.341930123212832768e+02 2.857105592812620998e-01 2.167778626430549582e-01 -6.889751615340317521e-06 -1.428557490100567928e-01 -3.064872553111169882e-03 -1.428552796406310499e-01 -5.802340770530618058e-03
6.929083861653398402e-02 -1.663969061204277067e-01 -9.342114228354125771e+01 -1.185867028722244356e+02 -1.661164105473694474e-01 -1.114588089045154078e+02 1.279717472426947222e-01 1.279717472426947222e-01 2.371734057444488712e+02 2.894696899634522369e-01 2.143900145068931007e-01 -6.802460353278568970e-06 -1.447353095225241137e-01 -3.040843380374386173e-03 -1.447348449817261185e-01 -5.869127371157491051e-03
7.013225139443227119e-02 -1.645586400505819336e-01 -9.491035714920310795e+01 -1.200769236624807945e+02 -1.642812093860148426e-01 -1.129065941105209987e+02 1.265419391383269809e-01 1.265419391383269809e-01 2.401538473249615890e+02 2.932125311492339015e-01 2.119900730418991519e-01 -6.718692713893282508e-06 -1.466067251389762682e-01 -3.036251242560842733e-03 -1.466062655746169507e-01 -5.938495102192852503e-03
7.098199167082609728e-02 -1.626998568550938051e-01 -9.633611136097977123e+01 -1.215655112423127235e+02 -1.624255502777998683e-01 -1.143435249808758698e+02 1.251023298933948980e-01 1.251023298933948980e-01 2.431310224846254471e+02 2.969331017427208064e-01 2.095756029696888845e-01 -6.638376283045447009e-06 -1.484670053064790496e-01 -3.052538585789116906e-03 -1.484665508713604032e-01 -6.010546197259517172e-03
7.184019264390206772e-02 -1.608189978041343060e-01 -9.769119404916719418e+01 -1.230507809949948381e+02 -1.605478768883507323e-01 -1.157671363100430710e+02 1.236516679314584866e-01 1.236516679314584866e-01 2.461015619899896762e+02 3.006254047151137865e-01 2.071444924097020635e-01 -6.561390237944371041e-06 -1.503131515071687296e-01 -3.091051246984027889e-03 -1.503127023575568932e-01 -6.085368247295686386e-03
7.270698826715141228e-02 -1.589148695467860473e-01 -9.896869826085756472e+01 -1.245310598271510969e+02 -1.586469974640699054e-01 -1.171750179241757195e+02 1.221889410893264721e-01 1.221889410893264721e-01 2.490621196543021938e+02 3.042835515275145175e-01 2.046950170979552619e-01 -6.487631201964668395e-06 -1.521422194698517361e-01 -3.153012072204136942e-03 -1.521417757637572588e-01 -6.163032612167389408e-03
7.358251329210553637e-02 -1.569866181041365272e-01 -1.001620859544118787e+02 -1.260046730815795399e+02 -1.567220588661936143e-01 -1.185648136671206316e+02 1.207133559964009284e-01 1.207133559964009284e-01 2.520093461631590799e+02 3.079017532539107815e-01 2.022258056423153760e-01 -6.416960238547568372e-06 -1.539513147314355290e-01 -3.239498434698662860e-03 -1.539508766269553908e-01 -6.243590916302783900e-03
7.446690330933006252e-02 -1.550337721029139415e-01 -1.012653030021083538e+02 -1.274699850819963132e+02 -1.547725897340841983e-01 -1.199342719572710934e+02 1.192243701700242131e-01 1.192243701700242131e-01 2.549399701639926263e+02 3.114744444558185110e-01 1.997358929172136366e-01 -6.349221709287100969e-06 -1.557376545743663632e-01 -3.351421512570996325e-03 -1.557372222279092555e-01 -6.327074290353376998e-03
7.536029478778462354e-02 -1.530562656896901630e-01 -1.022729001713755252e+02 -1.289254272631895049e+02 -1.527985233529761122e-01 -1.212812870378796504e+02 1.177217091756830314e-01 1.177217091756830314e-01 2.578508545263790097e+02 3.149963831718582408e-01 1.972247486672646655e-01 -6.284256415057066401e-06 -1.574986180215068587e-01 -3.489498886975373956e-03 -1.574981915859291204e-01 -6.413491173833925016e-03
7.626282511264856345e-02 -1.510544235271840674e-01 -1.031801231476755163e+02 -1.303694998156817633e+02 -1.508001826796653289e-01 -1.226039138210105364e+02 1.162053546810231097e-01 1.162053546810231097e-01 2.607389996313635265e+02 3.184626818410105087e-01 1.946922573605906481e-01 -6.221866748509688275e-06 -1.592317612977108832e-01 -3.654231442590333279e-03 -1.592313409205052543e-01 -6.502824464233363487e-03
7.717463262170440319e-02 -1.490289953073033746e-01 -1.039830257862590344e+02 -1.318008229855801403e+02 -1.487783148022598645e-01 -1.239004270199983324e+02 1.146755733428661828e-01 1.146755733428661828e-01 2.636016459711602806e+02 3.218689564123214386e-01 1.921387673406270147e-01 -6.161868466792791492e-06 -1.609348923847497836e-01 -3.845886128015747491e-03 -1.609344782061607193e-01 -6.595031747760694840e-03
7.809585664036562680e-02 -1.469811318687464508e-01 -1.046785828761322250e+02 -1.332181320184790536e+02 -1.467340670944645709e-01 -1.251693338951048844e+02 1.131328978870207030e-01 1.131328978870207030e-01 2.664362640369581072e+02 3.252113509231273070e-01 1.895650589527836938e-01 -6.104045962175524700e-06 -1.626060833103705194e-01 -4.064465324400294566e-03 -1.626056754615636535e-01 -6.690041211409511294e-03
7.902663751542811366e-02 -1.449124160121755267e-01 -1.052648086472634219e+02 -1.346203312942317325e+02 -1.446690179896171768e-01 -1.264094365032583767e+02 1.115781524524595003e-01 1.115781524524595003e-01 2.692406625884634650e+02 3.284866931253098699e-01 1.869723875325383922e-01 -6.048172424296092952e-06 -1.642437479614713147e-01 -4.309689385371684445e-03 -1.642433465626549349e-01 -6.787751962989052069e-03
7.996711664761979588e-02 -1.428248402165338549e-01 -1.057408507582400574e+02 -1.360065049182384200e+02 -1.425851547423573062e-01 -1.276198544881828099e+02 1.100124383497391306e-01 1.100124383497391306e-01 2.720130098364768401e+02 3.316925492205772263e-01 1.843624604815423951e-01 -5.994018044179656893e-06 -1.658466694516455564e-01 -4.580978409586261048e-03 -1.658462746102886132e-01 -6.888032349245016249e-03
8.091743652301802703e-02 -1.407208171841095590e-01 -1.061071180822167150e+02 -1.373759554386087984e+02 -1.404848839597452048e-01 -1.288000760504179425e+02 1.084371432662025320e-01 1.084371432662025320e-01 2.747519108772175969e+02 3.348273491727635776e-01 1.817374530442868730e-01 -5.941327121126567683e-06 -1.674140627773462731e-01 -4.877427704017243959e-03 -1.674136745863817888e-01 -6.990718657812903039e-03
8.187774074339886077e-02 -1.386031508547261593e-01 -1.063653457800509443e+02 -1.387282199672137040e+02 -1.383710026836887652e-01 -1.299499809477706833e+02 1.068539239526893336e-01 1.068539239526893336e-01 2.774564399344274079e+02 3.378904449106698848e-01 1.790999809074168281e-01 -5.889856485234745595e-06 -1.689456039191490899e-01 -5.197801134982252096e-03 -1.689452224553349424e-01 -7.095615219513992482e-03
8.284817405557953762e-02 -1.364750192490251923e-01 -1.065186793093824775e+02 -1.400630936248137743e+02 -1.362466812773727165e-01 -1.310698723529228573e+02 1.052646960720275277e-01 1.052646960720275277e-01 2.801261872496275487e+02 3.408821890682472433e-01 1.764530841740197808e-01 -5.839337187943113214e-06 -1.704414692117422470e-01 -5.540517983576326300e-03 -1.704410945341236217e-01 -7.202493930027317227e-03
8.382888237981066248e-02 -1.343399725404191003e-01 -1.065717988461291839e+02 -1.413806634959126143e+02 -1.341154615070904166e-01 -1.321605234053356241e+02 1.036716346758062152e-01 1.036716346758062152e-01 2.827613269918252286e+02 3.438040502789701525e-01 1.738002287971056325e-01 -5.789514314143709566e-06 -1.719023929910807602e-01 -5.903632553144110180e-03 -1.719020251394850762e-01 -7.311093380219360616e-03
8.482001283727112761e-02 -1.322018939243996272e-01 -1.065309243417429457e+02 -1.426813317156685912e+02 -1.319812175105546381e-01 -1.332231969404075471e+02 1.020771517687379393e-01 1.020771517687379393e-01 2.853626634313371824e+02 3.466586679964583917e-01 1.711452714601670311e-01 -5.740108914037334080e-06 -1.733296950044611040e-01 -6.284846522322667071e-03 -1.733293339982291958e-01 -7.421121715885294762e-03
8.582171377671704571e-02 -1.300649638563331489e-01 -1.064038832515447837e+02 -1.439658236224649386e+02 -1.298481201095432747e-01 -1.342596623393622792e+02 1.004838724637689279e-01 1.004838724637689279e-01 2.879316472449298772e+02 3.494498944065858037e-01 1.684924208111027721e-01 -5.690866849657449539e-06 -1.747253013664186727e-01 -6.681501173192784179e-03 -1.747249472032929019e-01 -7.532256268577077439e-03
8.683413480033068399e-02 -1.279336373532617699e-01 -1.062001392504985802e+02 -1.452352223775807545e+02 -1.277206141725116262e-01 -1.352722282822484203e+02 9.889462381422785275e-02 9.889462381422785275e-02 2.904704447551615090e+02 3.521828825540622154e-01 1.658462207829020374e-01 -5.641518268058851736e-06 -1.760917886218650863e-01 -7.090584421746877475e-03 -1.760914412770311077e-01 -7.644146248462832006e-03
8.785742678881594547e-02 -1.258125925995624561e-01 -1.059307754115652500e+02 -1.464909610744412589e+02 -1.256033673560950914e-01 -1.362637337407823566e+02 9.731239322314894080e-02 9.731239322314894080e-02 2.929819221488825178e+02 3.548640524300360477e-01 1.632114802289120203e-01 -5.591811499548558733e-06 -1.774323667895996437e-01 -7.508739468875052017e-03 -1.774320262150180239e-01 -7.756413394917485195e-03
8.889174192578154499e-02 -1.237066804304722267e-01 -1.056085123945257038e+02 -1.477348484754547258e+02 -1.235012196498530140e-01 -1.372375718531039865e+02 9.574031344179821656e-02 9.574031344179821656e-02 2.954696969509094515e+02 3.575011881000317859e-01 1.605932555292732544e-01 -5.541490617273752115e-06 -1.787509279261353667e-01 -7.932287449841503996e-03 -1.787505940500158930e-01 -7.868657155643115839e-03
8.993723372145331907e-02 -1.216208715590369194e-01 -1.052475808163180773e+02 -1.489690559985962182e+02 -1.214191307838009964e-01 -1.381976600986436097e+02 9.418161119083343080e-02 9.418161119083343080e-02 2.979381119971924363e+02 3.601033373166204754e-01 1.579967609833635989e-01 -5.490322828225142191e-06 -1.800519959316363994e-01 -8.357255781874198264e-03 -1.800516686583102377e-01 -7.980457018674821934e-03
9.099405703575423610e-02 -1.195602114712707165e-01 -1.048637042262314907e+02 -1.501961383611798340e+02 -1.193621351955077708e-01 -1.391484547097809070e+02 9.263959055153189737e-02 9.263959055153189737e-02 3.003922767223596679e+02 3.626808774327794360e-01 1.554273468476827791e-01 -5.438085504750569032e-06 -1.813407595064266131e-01 -8.779412497758848355e-03 -1.813404387163897180e-01 -8.091378843257371681e-03
9.206236810078877175e-02 -1.175297563294513681e-01 -1.044739868824914453e+02 -1.514189931982558051e+02 -1.173352780950712576e-01 -1.400949006650464526e+02 9.111757530695295537e-02 9.111757530695295537e-02 3.028379863965116101e+02 3.652453677594595938e-01 1.528904000107696171e-01 -5.384569993588494743e-06 -1.826229983294547221e-01 -9.194279485829303517e-03 -1.826226838797297969e-01 -8.200974061538456386e-03
9.314232454276763495e-02 -1.155344903379003640e-01 -1.040967062631207085e+02 -1.526408710950151999e+02 -1.153435329836133560e-01 -1.410424088322869522e+02 8.961887516230684914e-02 8.961887516230684914e-02 3.052817421900303998e+02 3.678095450241981590e-01 1.503912970435686558e-01 -5.329593530111862355e-06 -1.839050807872327220e-01 -9.597226681456525257e-03 -1.839047725120990795e-01 -8.308793580838422579e-03
9.423408540340727502e-02 -1.135792750767852105e-01 -1.037511939751347967e+02 -1.538653292633793228e+02 -1.133917511207929579e-01 -1.419968000499974892e+02 8.814673515808638116e-02 8.814673515808638116e-02 3.077306585267586456e+02 3.703871579953005311e-01 1.479353156705763839e-01 -5.272990179801589005e-06 -1.851938812856724625e-01 -9.983485910354460494e-03 -1.851935789976502655e-01 -8.414386742105595118e-03
9.533781116083715756e-02 -1.116687835842895410e-01 -1.034575907300444584e+02 -1.550962259370116954e+02 -1.114845957519149250e-01 -1.429642637946975583e+02 8.670430021576687463e-02 8.670430021576687463e-02 3.101924518740233907e+02 3.729928922003439840e-01 1.455275803003580615e-01 -5.214624278004037162e-06 -1.864967426089995384e-01 -1.034823747882248138e-02 -1.864964461001719920e-01 -8.517312769104543047e-03
9.645366375004689463e-02 -1.098073951658859321e-01 -1.032365613581949049e+02 -1.563376315302886610e+02 -1.096264371241205821e-01 -1.439512424560376189e+02 8.529454017324873683e-02 8.529454017324873683e-02 3.126752630605773220e+02 3.756420865259736952e-01 1.431729383492085506e-01 -5.154392109868047207e-06 -1.878213342192465163e-01 -1.068667313995464753e-02 -1.878210432629868476e-01 -8.617144813174423823e-03
9.758180658290545317e-02 -1.079991695315911937e-01 -1.031090605873751258e+02 -1.575938389807394628e+02 -1.078213266993764130e-01 -1.449644047296699796e+02 8.392023669858776624e-02 8.392023669858776624e-02 3.151876779614789257e+02 3.783506853421059746e-01 1.408759405149581923e-01 -5.092199479210052782e-06 -1.891756283181610099e-01 -1.099407539873065512e-02 -1.891753426710529873e-01 -8.713480832342039920e-03
9.872240456778225148e-02 -1.062477391299235935e-01 -1.030959655407580442e+02 -1.588692576377189027e+02 -1.060728896996454562e-01 -1.460105033322940642e+02 8.258390711608337709e-02 8.258390711608337709e-02 3.177385152754378055e+02 3.811348924461894772e-01 1.386407152993965053e-01 -5.028009753682828927e-06 -1.905677268189215623e-01 -1.126590051649644861e-02 -1.905674462230947386e-01 -8.805949439359054762e-03
9.987562412880132690e-02 -1.045562539942118813e-01 -1.032177295013198233e+02 -1.601683680261284906e+02 -1.043842700728427747e-01 -1.470962859313210913e+02 8.128776880036828190e-02 8.128776880036828190e-02 3.203367360522569811e+02 3.840109664636255360e-01 1.364709115577707188e-01 -4.961811789476760928e-06 -1.920057590460894081e-01 -1.149787062706569309e-02 -1.920054832318127680e-01 -8.894219749382783341e-03
1.010416332247576487e-01 -1.029273138424654094e-01 -1.034940130264961766e+02 -1.614956397196292812e+02 -1.027580627249136125e-01 -1.482283723637030732e+02 8.003369155137954327e-02 8.003369155137954327e-02 3.229912794392585624e+02 3.869949266212170946e-01 1.343696201971465720e-01 -4.893631223104237048e-06 -1.934977346220737859e-01 -1.168605825235073149e-02 -1.934974633106085473e-01 -8.978008422534556818e-03
1.022206013677256636e-01 -1.013629317946580649e-01 -1.039433124986583863e+02 -1.628554883682251671e+02 -1.011962773212685962e-01 -1.494131636474409675e+02 7.882317490626712664e-02 7.882317490626712664e-02 3.257109767364503341e+02 3.901023451490759353e-01 1.323393378526618314e-01 -4.823514123647828743e-06 -1.950514396678954265e-01 -1.182698863384490894e-02 -1.950511725745379676e-01 -9.057090972566442591e-03
1.034126996413888416e-01 -9.986439178890800517e-02 -1.045823190250312678e+02 -1.642520832714568826e+02 -9.970019597195134420e-02 -1.506565877559945079e+02 7.765724646712963974e-02 7.765724646712963974e-02 3.285041665429137652e+02 3.933477253692547193e-01 1.303817991291677802e-01 -4.751568159455462926e-06 -1.966741258469906495e-01 -1.191776484529286431e-02 -1.966738626846273597e-01 -9.131308703989341954e-03
1.046181007191199219e-01 -9.843233709277161847e-02 -1.054258985487331302e+02 -1.656893956760518165e+02 -9.827046155833267516e-02 -1.519641363297473049e+02 7.653652301004516822e-02 7.653652301004516822e-02 3.313787913521036330e+02 3.967446026225239786e-01 1.284980767468455465e-01 -4.677922474100840679e-06 -1.983725608289786391e-01 -1.195608490692235543e-02 -1.983723013112619893e-01 -9.200573142367966459e-03
1.058369788818405155e-01 -9.706664603264876512e-02 -1.064863071915794848e+02 -1.671710415578940285e+02 -9.690695372312553568e-02 -1.533406178680828589e+02 7.546112683289188383e-02 7.546112683289188383e-02 3.343420831157880571e+02 4.003049557655241064e-01 1.266884452390846239e-01 -4.602741398442232966e-06 -2.001527340376940134e-01 -1.194042210771911576e-02 -2.001524778827620532e-01 -9.264881793884257796e-03
1.070695100356900270e-01 -9.576640262297264616e-02 -1.077728713046438003e+02 -1.687001451977311604e+02 -9.560875952195276029e-02 -1.547899976633681547e+02 7.443065807441663628e-02 7.443065807441663628e-02 3.374002903954623207e+02 4.040388057820809564e-01 1.249523329414140849e-01 -4.526231377884491038e-06 -2.020196559568628591e-01 -1.187006716104369551e-02 -2.020194028910404782e-01 -9.324316892866441400e-03
1.083158717295323731e-01 -9.452992820176399358e-02 -1.092916255472574818e+02 -1.702793265212176550e+02 -9.437420500097752629e-02 -1.563153331526717977e+02 7.344421918781281200e-02 7.344421918781281200e-02 3.405586530424353100e+02 4.079540761798950976e-01 1.232883630471221653e-01 -4.448629599896892238e-06 -2.039772883285497218e-01 -1.174522134638453057e-02 -2.039770380899475488e-01 -9.379056618147460500e-03
1.095762431723309033e-01 -9.335474110058900044e-02 -1.110448874881903976e+02 -1.719105391444500412e+02 -9.320081491547758945e-02 -1.579185770663779920e+02 7.250037920647692258e-02 7.250037920647692258e-02 3.438210782889000825e+02 4.120560987954243748e-01 1.216942922204216765e-01 -4.370196732498153312e-06 -2.060282970555614990e-01 -1.156705354297163715e-02 -2.060280493977121874e-01 -9.429374312625991850e-03
1.108508052504212915e-01 -9.223757922049286018e-02 -1.130309097580020818e+02 -1.735950073916444012e+02 -9.208533524989626073e-02 -1.596004735351530144e+02 7.159718839733415774e-02 7.159718839733415774e-02 3.471900147832888024e+02 4.163473668871182642e-01 1.201670342782783507e-01 -4.291231325524782347e-06 -2.081739287481918499e-01 -1.133777131883321673e-02 -2.081736834435591321e-01 -9.475644417168227127e-03
1.121397405447126239e-01 -9.117445747311388182e-02 -1.152437050542037724e+02 -1.753331812037695556e+02 -9.102379052191932052e-02 -1.613604948079050700e+02 7.073221287992351169e-02 7.073221287992351169e-02 3.506663624075391112e+02 4.208273752310613958e-01 1.187027151112842460e-01 -4.212039642203429455e-06 -2.104139307723587315e-01 -1.106063643249014482e-02 -2.104136876155306979e-01 -9.518341779919375217e-03
1.134432333478475746e-01 -9.016065522594832182e-02 -1.176726173258897461e+02 -1.771246032629778711e+02 -9.001147123138041051e-02 -1.631966677854408942e+02 6.990252150174396106e-02 6.990252150174396106e-02 3.542492065259557421e+02 4.254921900337008123e-01 1.172966495780400770e-01 -4.132966241415396716e-06 -2.127463362059987262e-01 -1.074002900724488167e-02 -2.127460950168504061e-01 -9.558043135158088288e-03
1.147614696813528540e-01 -8.919082609744630186e-02 -1.203024470364365186e+02 -1.789678911293802628e+02 -8.904304339555217662e-02 -1.651055781186321383e+02 6.910475288041066644e-02 6.910475288041066644e-02 3.579357822587605256e+02 4.303344391914911693e-01 1.159434482173176406e-01 -4.054348320610943085e-06 -2.151674589694839990e-01 -1.038137598732845855e-02 -2.151672195957455846e-01 -9.595416298597329863e-03
1.160946373128123599e-01 -8.825901250669634934e-02 -1.231131113117461240e+02 -1.808606411350389465e+02 -8.811256305554801549e-02 -1.670822402933047499e+02 6.833512273658283454e-02 6.833512273658283454e-02 3.617212822700778929e+02 4.353429904403057771e-01 1.146370282899485948e-01 -3.976547091402927431e-06 -2.176717329004392298e-01 -9.991199343406965278e-03 -2.176714952201528885e-01 -9.631221300934694404e-03
1.174429257730950776e-01 -8.735879730386769682e-02 -1.260799644540698239e+02 -1.827994770809543184e+02 -8.721362756845468800e-02 -1.691201856919545889e+02 6.758952121967733151e-02 6.758952121967733151e-02 3.655989541619086367e+02 4.405031476670682733e-01 1.133707706162848106e-01 -3.899917848096344148e-06 -2.202518099102994675e-01 -9.577004247524133207e-03 -2.202515738335341366e-01 -9.666297458445523641e-03
1.188065263736708260e-01 -8.648336504599207775e-02 -1.291738245729796688e+02 -1.847799891329239301e+02 -8.633943672764429755e-02 -1.712114163729353038e+02 6.686354841444470953e-02 6.686354841444470953e-02 3.695599782658478603e+02 4.457965161702766022e-01 1.121375753149045640e-01 -3.824800475893158470e-06 -2.228984926149425450e-01 -9.147222305724572386e-03 -2.228982580851383011e-01 -9.701552422418831256e-03
1.201856322240487246e-01 -8.562562325927193518e-02 -1.323612911826066068e+02 -1.867967581547224825e+02 -8.548291374898346617e-02 -1.733464726725505898e+02 6.615259172874786431e-02 6.615259172874786431e-02 3.735935163094449649e+02 4.512011457966350059e-01 1.109299863372262135e-01 -3.751543649839778788e-06 -2.256008059036175295e-01 -8.711092975933811336e-03 -2.256005728983175029e-01 -9.737947251048996097e-03
1.215804382493723829e-01 -8.477834025597870415e-02 -1.356051974705439136e+02 -1.888434189914713954e+02 -8.463684278374629388e-02 -1.755145530008333310e+02 6.545191527869313741e-02 6.545191527869313741e-02 3.776868379829427909e+02 4.566918009986086768e-01 1.097403358636801357e-01 -3.680462034196001607e-06 -2.283461319683824653e-01 -8.278520070691781571e-03 -2.283459004993043384e-01 -9.776480157292648243e-03
1.229911412082075051e-01 -8.393427779987351622e-02 -1.388651571188182459e+02 -1.909127265917757370e+02 -8.379400128426352234e-02 -1.777036501417429690e+02 6.475674566691191902e-02 6.475674566691191902e-02 3.818254531835514740e+02 4.622402679059954833e-01 1.085608827726914222e-01 -3.611851575613329657e-06 -2.311203638405493754e-01 -7.859898344008933030e-03 -2.311201339529977417e-01 -9.818166507713655539e-03
1.244179397105592416e-01 -8.308633138080774583e-02 -1.420982543987436486e+02 -1.929966439515031311e+02 -8.294729996733563038e-02 -1.799007269602589076e+02 6.406236204601198359e-02 6.406236204601198359e-02 3.859932879030062622e+02 4.678157507581673369e-01 1.073839577798680611e-01 -3.545962175385699548e-06 -2.339081036074859843e-01 -7.465907135845596850e-03 -2.339078753790836684e-01 -9.864015602549796799e-03
1.258610342361554946e-01 -8.222770724699057787e-02 -1.452599270268413818e+02 -1.950865411692880400e+02 -8.208995947165077800e-02 -1.820920123111911835e+02 6.336421706060213488e-02 6.336421706060213488e-02 3.901730823385760800e+02 4.733855810080727644e-01 1.062021611575563185e-01 -3.483025413740497496e-06 -2.366930169653974070e-01 -7.107287520988831396e-03 -2.366927905040363822e-01 -9.915010857872722655e-03
1.273206271530360756e-01 -8.135204939787933631e-02 -1.483048784938461040e+02 -1.971733040689176448e+02 -8.121563706147354178e-02 -1.842632270480470140e+02 6.265801818114487276e-02 6.265801818114487276e-02 3.943466081378352897e+02 4.789157324289669004e-01 1.050084937285932912e-01 -3.423214588438115172e-06 -2.394580907733316055e-01 -6.794581398723431066e-03 -2.394578662144834502e-01 -9.972080706559603713e-03
1.287969227364861302e-01 -8.045360009239535537e-02 -1.511881561926629445e+02 -1.992475499200581908e+02 -8.031858680056522259e-02 -1.863999228942239199e+02 6.193983519112302577e-02 6.193983519112302577e-02 3.984950998401163815e+02 4.843716211933273841e-01 1.037965317958691874e-01 -3.366652229530641710e-06 -2.421860330933344740e-01 -6.537860448078253693e-03 -2.421858105966636920e-01 -1.003607332756686725e-02
1.302901271883544765e-01 -7.952735222195611575e-02 -1.538663254146254644e+02 -2.012998625914283650e+02 -7.939381161278544208e-02 -1.884878516521289100e+02 6.120620194747539849e-02 6.120620194747539849e-02 4.025997251828567300e+02 4.897189766319491877e-01 1.025605926459283446e-01 -3.313416007407621531e-06 -2.448597085706448462e-01 -6.346438613390455868e-03 -2.448594883159745939e-01 -1.010773025287437649e-02
1.318004486567992406e-01 -7.856920474423643996e-02 -1.562987946797776999e+02 -2.033211129206639214e+02 -7.843721837780441575e-02 -1.905134271237882899e+02 6.045423189365891486e-02 6.045423189365891486e-02 4.066422258413278428e+02 4.949249870388464090e-01 1.012959267964616966e-01 -3.263517834870774719e-06 -2.474627113368287890e-01 -6.228582682976753146e-03 -2.474624935194232045e-01 -1.018766483975551071e-02
1.333280972565025480e-01 -7.757602680153241614e-02 -1.584488821332166424e+02 -2.053025577034635205e+02 -7.744568193709695791e-02 -1.924639662934783360e+02 5.968164671958663126e-02 5.968164671958663126e-02 4.106051154069270410e+02 4.999587999799130489e-01 9.999875931359139547e-02 -3.216914787420782700e-06 -2.499796151643680076e-01 -6.191215637092458562e-03 -2.499793999899565244e-01 -1.027632758557981210e-02
1.348732850893988866e-01 -7.654582377505883550e-02 -1.602853052933367053e+02 -2.072362878017994490e+02 -7.641721081653324310e-02 -1.943282808646006856e+02 5.888690366746476834e-02 5.888690366746476834e-02 4.144725756035988979e+02 5.047930010923620259e-01 9.866650298458412571e-02 -3.173503854192626713e-06 -2.523967128670054350e-01 -6.239634024728269758e-03 -2.523965005461810129e-01 -1.037399184234573217e-02
1.364362262659618019e-01 -7.547776749274578978e-02 -1.617832880620675269e+02 -2.091153829313619212e+02 -7.535097737792480210e-02 -1.960969703823953125e+02 5.806921312299002935e-02 5.806921312299002935e-02 4.182307658627238425e+02 5.094042913421252816e-01 9.729778595793094065e-02 -3.133120680371655365e-06 -2.547023549285642452e-01 -6.377245721351215008e-03 -2.547021456710626408e-01 -1.048072755383923360e-02
1.380171369270953574e-01 -7.437227879780811124e-02 -1.629258174819597969e+02 -2.109342606734259107e+02 -7.424740025068529703e-02 -1.977628974120760859e+02 5.722860141423993796e-02 5.722860141423993796e-02 4.218685213468518214e+02 5.137746506601327257e-01 9.589255672488913862e-02 -3.095543524088496482e-06 -2.568875313213131450e-01 -6.605337582164380258e-03 -2.568873253300663628e-01 -1.059638853531704415e-02
1.396162352666780460e-01 -7.323100867598497654e-02 -1.637045424224958197e+02 -2.126888332938520989e+02 -7.310812551453710340e-02 -1.993214511056178821e+02 5.636589981846244074e-02 5.636589981846244074e-02 4.253776665877041978e+02 5.178919653285608549e-01 9.445206683054382935e-02 -3.060499837639585585e-06 -2.589461851989524055e-01 -6.922891878016161973e-03 -2.589459826642804274e-01 -1.072059695967513861e-02
1.412337415548077513e-01 -7.205687194415391628e-02 -1.641208102989110102e+02 -2.143768497288314734e+02 -7.193606036463916220e-02 -2.007709836247291832e+02 5.548277680640655019e-02 5.548277680640655019e-02 4.287536994576629468e+02 5.217511140298511929e-01 9.297892693654752350e-02 -3.027669905793100909e-06 -2.608757559210944654e-01 -7.326438658524680320e-03 -2.608755570149255965e-01 -1.085274176264697590e-02
1.428698781617981639e-01 -7.085395122329343764e-02 -1.641861585113821889e+02 -2.159979581889704718e+02 -7.073527730425475946e-02 -2.021129352427226706e+02 5.458167567129378062e-02 5.458167567129378062e-02 4.319959163779409437e+02 5.253542677403890693e-01 9.147700602345258669e-02 -2.996681114878902067e-06 -2.626773289996177652e-01 -7.809985238771236481e-03 -2.626771338701945346e-01 -1.099197378551390082e-02
1.445248695829773056e-01 -6.962745355798355407e-02 -1.639228119725100044e+02 -2.175539613659564964e+02 -6.951097090791569233e-02 -2.033521186369601708e+02 5.366579611217503487e-02 5.366579611217503487e-02 4.351079227319129927e+02 5.287116214938266667e-01 8.995140535632895062e-02 -2.967140902985747161e-06 -2.643560019799406358e-01 -8.365012460442100908e-03 -2.643558107469133334e-01 -1.113721891540391667e-02
1.461989424643425350e-01 -6.838355562453359016e-02 -1.633636570167957416e+02 -2.190488005303891725e+02 -6.826930337746027477e-02 -2.044967019059068605e+02 5.273899433908588869e-02 5.273899433908588869e-02 4.380976010607783451e+02 5.318413686121746808e-01 8.840829729835439355e-02 -2.938624340201672092e-06 -2.659208715558026292e-01 -8.980548825547869304e-03 -2.659206843060873404e-01 -1.128718861030739325e-02
1.478923256291241328e-01 -6.712928737306765592e-02 -1.625520762526943770e+02 -2.204886880717364477e+02 -6.701728848301748143e-02 -2.055582927314716244e+02 5.180571597271847045e-02 5.180571597271847045e-02 4.409773761434728954e+02 5.347699616297719727e-01 8.685482011498762978e-02 -2.910700559465836305e-06 -2.673851640305342503e-01 -9.643337796153266667e-03 -2.673849808148859863e-01 -1.144040962332151107e-02
1.496052501053151407e-01 -6.587232601272435817e-02 -1.615412517403074162e+02 -2.218819951558313051e+02 -6.576258600870624194e-02 -2.065517416114693958e+02 5.087086316220675031e-02 5.087086316220675031e-02 4.437639903116626101e+02 5.375316706515187448e-01 8.529886359081330360e-02 -2.882931012858047565e-06 -2.687660144951638519e-01 -1.033808758977166481e-02 -2.687658353257593724e-01 -1.159525282639291971e-02
1.513379491542228561e-01 -6.462081424187152145e-02 -1.603932234427109620e+02 -2.232392262387482731e+02 -6.451332041463901656e-02 -2.074949797891370622e+02 4.993968280227063100e-02 4.993968280227063100e-02 4.464784524774965462e+02 5.401682588495784199e-01 8.374889078992769909e-02 -2.854893476828307192e-06 -2.700843045757821970e-01 -1.104782233977948287e-02 -2.700841294247892099e-01 -1.174997927688778074e-02
1.530906583001012955e-01 -6.338308224958243142e-02 -1.591773500212243846e+02 -2.245726700283283606e+02 -6.327780343541584973e-02 -2.084085017138762623e+02 4.901758188409139488e-02 4.901758188409139488e-02 4.491453400566567211e+02 5.427277581236730208e-01 8.221363810337353750e-02 -2.826179074940549880e-06 -2.713640502624215523e-01 -1.175430339949410166e-02 -2.713638790618365104e-01 -1.190277985802359884e-02
1.548636153609244670e-01 -6.216747077465110266e-02 -1.579687228187469259e+02 -2.258963706926242310e+02 -6.206435757267698972e-02 -2.093151036602934880e+02 4.811002316005562329e-02 4.811002316005562329e-02 4.517927413852484619e+02 5.452639438625692669e-01 8.070195069761072759e-02 -2.796428895408355347e-06 -2.726321392887819939e-01 -1.243856741300330970e-02 -2.726319719312846335e-01 -1.205184534122736087e-02
1.566570604803618760e-01 -6.098199057377321625e-02 -1.568457625561570978e+02 -2.272254719268745475e+02 -6.088097627329806111e-02 -2.102389844751604357e+02 4.722228932939751683e-02 4.722228932939751683e-02 4.544509438537490951e+02 5.478341447967811639e-01 7.922239584081021413e-02 -2.765323055534437880e-06 -2.739172360571269227e-01 -1.308148350419128907e-02 -2.739170723983905820e-01 -1.219540812886525313e-02
1.584712361610192410e-01 -5.983411640341912419e-02 -1.558879205385403566e+02 -2.285759921801009682e+02 -5.973511837790660556e-02 -2.112052163094873549e+02 4.635935894597239398e-02 4.635935894597239398e-02 4.571519843602019364e+02 5.504980819811545745e-01 7.778306610142386723e-02 -2.732601717599351705e-06 -2.752492011285184725e-01 -1.366443092347044419e-02 -2.752490409905772872e-01 -1.233182113882996117e-02
1.603063872990092009e-01 -5.873049674603222220e-02 -1.551728286164918416e+02 -2.299641688689215755e+02 -5.863341845919649298e-02 -2.122387785297549954e+02 4.552570566969140614e-02 4.552570566969140614e-02 4.599283377378431510e+02 5.533155332709043250e-01 7.639125026762280668e-02 -2.698068216863071046e-06 -2.766579234595720749e-01 -1.416996290941204689e-02 -2.766577666354521625e-01 -1.245961266576757140e-02
1.621627612199179336e-01 -5.767674502592082947e-02 -1.547734933505290371e+02 -2.314060131430314584e+02 -5.758147848905133953e-02 -2.133637712837746108e+02 4.472516367349602118e-02 4.472516367349602118e-02 4.628120262860629168e+02 5.563445072080803744e-01 7.505321624420960291e-02 -2.661610571869605504e-06 -2.781724073447148782e-01 -1.458252962305493609e-02 -2.781722536040401872e-01 -1.257755954495992298e-02
1.640406077162359644e-01 -5.667717525251524807e-02 -1.547551397463421097e+02 -2.329164880156151582e+02 -5.658360400952954644e-02 -2.146022670307916940e+02 4.396073996608761136e-02 4.396073996608761136e-02 4.658329760312303165e+02 5.596384403143643826e-01 7.377390166032751773e-02 -2.623187165731644255e-06 -2.798193710615410335e-01 -1.488913664035892634e-02 -2.798192201571821913e-01 -1.268473246840149705e-02
1.659401790863228587e-01 -5.573463899887893397e-02 -1.551723023177858352e+02 -2.345089408199061722e+02 -5.564264144250855720e-02 -2.159734081446800928e+02 4.323450543894154230e-02 4.323450543894154230e-02 4.690178816398123445e+02 5.632440581313032935e-01 7.255673663945499952e-02 -2.582838413440248735e-06 -2.816221773902452541e-01 -1.508001977181789612e-02 -2.816220290656516467e-01 -1.278055615218157311e-02
1.678617301749758539e-01 -5.485040572645832196e-02 -1.560661103694483245e+02 -2.361945182676232946e+02 -5.475985864313059198e-02 -2.174925193308669407e+02 4.254750911879733033e-02 4.254750911879733033e-02 4.723890365352465892e+02 5.671992323013143045e-01 7.140350217206134498e-02 -2.540692937246177614e-06 -2.835997621536874846e-01 -1.514920802964787698e-02 -2.835996161506571522e-01 -1.286485281905853581e-02
1.698055184156776753e-01 -5.402405814935585388e-02 -1.574617189334832119e+02 -2.379814830428008747e+02 -5.393484043888524537e-02 -2.191701609586221480e+02 4.189969928868615689e-02 4.189969928868615689e-02 4.759629660856017495e+02 5.715306682535603588e-01 7.031419848062708811e-02 -2.496948934931549921e-06 -2.857654780600388245e-01 -1.509500413910002010e-02 -2.857653341267801794e-01 -1.293787026550673701e-02
1.717718038745959241e-01 -5.325349099405663617e-02 -1.593663719110474801e+02 -2.398747606962035945e+02 -5.316548735399850845e-02 -2.210114664082000218e+02 4.128991577088873127e-02 4.128991577088873127e-02 4.797495213924071891e+02 5.762522859338735648e-01 6.928702991260632382e-02 -2.451883539704475061e-06 -2.881262850678767973e-01 -1.492031406928324283e-02 -2.881261429669367824e-01 -1.300030048883009381e-02
1.737608492964129170e-01 -5.253495329879005055e-02 -1.617679833451245202e+02 -2.418755077701481753e+02 -5.244805776747630405e-02 -2.230155745248445101e+02 4.071590879823350911e-02 4.071590879823350911e-02 4.837510155402963505e+02 5.813638048850470197e-01 6.831843215288047055e-02 -2.405834042333672895e-06 -2.906820429267116812e-01 -1.463281590703790352e-02 -2.906819024425235098e-01 -1.305327827709969017e-02
1.757729201520633611e-01 -5.186316461739885059e-02 -1.646344385777424861e+02 -2.439808473729783032e+02 -5.177728381902875487e-02 -2.251753075789216325e+02 4.017440759866885286e-02 4.017440759866885286e-02 4.879616947459566063e+02 5.868499147809262961e-01 6.740318042606487092e-02 -2.359188992760943153e-06 -2.934250964447400190e-01 -1.424494306247725550e-02 -2.934249573904631481e-01 -1.309836319253692219e-02
1.778082846884607437e-01 -5.123149777051002468e-02 -1.679137415009639653e+02 -2.461837620125905062e+02 -5.114655371956423197e-02 -2.274771052744088990e+02 3.966123285665094228e-02 3.966123285665094228e-02 4.923675240251810123e+02 5.926800490525484522e-01 6.653456885157943423e-02 -2.312374675372244528e-06 -2.963401623029267018e-01 -1.377365371793944950e-02 -2.963400245262742261e-01 -1.313750110319515836e-02
1.798672139802957315e-01 -5.063221841636832837e-02 -1.715350566128373373e+02 -2.484731340251830431e+02 -5.054815076082393860e-02 -2.299012141647187661e+02 3.917144566223745850e-02 3.917144566223745850e-02 4.969462680503660863e+02 5.988087510217399156e-01 6.570464859940791658e-02 -2.265834791643315246e-06 -2.994045121230747286e-01 -1.323997347729927339e-02 -2.994043755108699578e-01 -1.317296312784772307e-02
1.819499819839902610e-01 -5.005680071045062046e-02 -1.754107748410733336e+02 -2.508341109008192404e+02 -4.997356825602315006e-02 -2.324222975080720630e+02 3.869955382825519125e-02 3.869955382825519125e-02 5.016682218016384809e+02 6.051770962091438388e-01 6.490456179787132407e-02 -2.220025065548511537e-06 -3.025886836234178423e-01 -1.266833467575077463e-02 -3.025885481045719194e-01 -1.320727415765148537e-02
1.840568655938956688e-01 -4.949623291210781401e-02 -1.794392338182989590e+02 -2.532483759199277529e+02 -4.941381445014418616e-02 -2.350100654001658143e+02 3.823970010014723919e-02 3.823970010014723919e-02 5.064967518398555058e+02 6.117140567585567235e-01 6.412484173501133145e-02 -2.175373409619475807e-06 -3.058571628323550895e-01 -1.208569136206423707e-02 -3.058570283792783617e-01 -1.324310698340526969e-02
1.861881447008231494e-01 -4.894402413835103466e-02 -1.835254452287095148e+02 -2.557072896706061726e+02 -4.886241342148313349e-02 -2.376431809281516223e+02 3.778794104502715412e-02 3.778794104502715412e-02 5.114145793412123453e+02 6.183724106260402031e-01 6.335922038794797317e-02 -2.132346259954559215e-06 -3.091863386939460168e-01 -1.151881393933295097e-02 -3.091862053130201016e-01 -1.328355267326765399e-02
1.883441022529979136e-01 -4.839050686401730195e-02 -1.875475480690856216e+02 -2.581846381279029856e+02 -4.830971835009104098e-02 -2.402818369229805455e+02 3.733779656523886908e-02 3.733779656523886908e-02 5.163692762558059712e+02 6.250569782919606077e-01 6.259714920941535088e-02 -2.091273420183693418e-06 -3.125286214046223421e-01 -1.099683102895357596e-02 -3.125284891459803038e-01 -1.333115488281650003e-02
1.905250243195328319e-01 -4.782555514349146053e-02 -1.913754399319754214e+02 -2.606472763816638576e+02 -4.774562439858716367e-02 -2.428792953145039917e+02 3.688231028247157539e-02 3.688231028247157539e-02 5.212945527633277152e+02 6.316543080577432523e-01 6.182724165119737186e-02 -2.052392090538464702e-06 -3.158272850716110081e-01 -1.054846226571330009e-02 -3.158271540288716261e-01 -1.338805456514515629e-02
1.927312001565154864e-01 -4.724173118693177770e-02 -1.948946176366197847e+02 -2.630696082226688191e+02 -4.716270923054405317e-02 -2.453973595106883749e+02 3.641643277881727314e-02 3.641643277881727314e-02 5.261392164453376381e+02 6.380724833433855103e-01 6.104125448760557709e-02 -2.015892119465945986e-06 -3.190363713729358897e-01 -1.019884773850597039e-02 -3.190362416716927552e-01 -1.345626422931114549e-02
1.949629222758110514e-01 -4.663293780805911892e-02 -1.980014004763670528e+02 -2.654269924565547853e+02 -4.655488795636955612e-02 -2.478002398632743848e+02 3.593595114814055608e-02 3.593595114814055608e-02 5.308539849131095707e+02 6.442247777901511929e-01 6.023228320054072743e-02 -1.981868147203243226e-06 -3.221125171044078028e-01 -9.969238524364331527e-03 -3.221123888950755965e-01 -1.353731608505000759e-02
1.972204865166805876e-01 -4.599482993930929797e-02 -2.006093294884856846e+02 -2.676976845763350070e+02 -4.591782384955839930e-02 -2.500571084392784940e+02 3.543778299867962611e-02 3.543778299867962611e-02 5.353953691526700140e+02 6.500359331610255920e-01 5.939524730071198133e-02 -1.950328706112297867e-06 -3.250180931313996213e-01 -9.875744192922092032e-03 -3.250179665805127960e-01 -1.363219356725573102e-02
1.995041921203202506e-01 -4.532502445127867957e-02 -2.026544833908211274e+02 -2.698641072185533858e+02 -4.524913774817992951e-02 -2.521439398237849332e+02 3.492012614455843045e-02 3.492012614455843045e-02 5.397282144371067716e+02 6.554466403045690059e-01 5.852713735603323753e-02 -1.921181333471692604e-06 -3.277234448715959370e-01 -9.928233273038650566e-03 -3.277233201522845030e-01 -1.374125194212996379e-02
2.018143418074317130e-01 -4.462335238859153896e-02 -2.041007552291696925e+02 -2.719147712245732009e+02 -4.454865985719887872e-02 -2.540458806879650524e+02 3.438265167837468300e-02 3.438265167837468300e-02 5.438295424491464019e+02 6.604194633322993946e-01 5.762733817779658319e-02 -1.894249851648872660e-06 -3.302098543844173006e-01 -1.012952531606278565e-02 -3.302097316661496973e-01 -1.386420922012556768e-02
2.041512418589313815e-01 -4.389183726516687062e-02 -2.049429821247377106e+02 -2.738450763260928511e+02 -4.381840812998840512e-02 -2.557583768674818714e+02 3.382649719156249207e-02 3.382649719156249207e-02 5.476901526521857022e+02 6.649416212720237196e-01 5.669762065937990897e-02 -1.869279119710327971e-06 -3.324709311974395343e-01 -1.047489186444925183e-02 -3.324708106360118598e-01 -1.400012411999937943e-02
2.065152021999163701e-01 -4.313457569811073034e-02 -2.052087078901657264e+02 -2.756578293689450447e+02 -4.306246921644325820e-02 -2.572878634087142586e+02 3.325419349451086415e-02 3.325419349451086415e-02 5.513156587378900895e+02 6.690267133238155806e-01 5.574202497161818287e-02 -1.845948141781488283e-06 -3.345134749336383662e-01 -1.095194269990885233e-02 -3.345133566619077903e-01 -1.414741146861526848e-02
2.089065364870037189e-01 -4.235746718284376378e-02 -2.049579072986133212e+02 -2.773631530890328918e+02 -4.228672885653148028e-02 -2.586516482677298541e+02 3.266948827258638749e-02 3.266948827258638749e-02 5.547263061780657836e+02 6.727144852501011352e-01 5.476657526837543782e-02 -1.823882706200794632e-06 -3.363573585050705916e-01 -1.154095824275324159e-02 -3.363572426250505676e-01 -1.430388718291453719e-02
2.113255621991654565e-01 -4.156777742852222485e-02 -2.042803873800858412e+02 -2.789774829813696897e+02 -4.149843616748161157e-02 -2.598766984477883284e+02 3.207704734968824800e-02 3.207704734968824800e-02 5.579549659627393794e+02 6.760678280729230938e-01 5.377879113480907997e-02 -1.802670405537209916e-06 -3.380340274594982874e-01 -1.221563536290394374e-02 -3.380339140364615469e-01 -1.446682283592894656e-02
2.137726007321850419e-01 -4.077367591700702121e-02 -2.032915625464930542e+02 -2.805224559911567894e+02 -4.070574222790016017e-02 -2.609980935037868335e+02 3.148214666605464451e-02 3.148214666605464451e-02 5.610449119823135788e+02 6.791690588445324916e-01 5.278718688876775367e-02 -1.781881024668543227e-06 -3.395846403634769639e-01 -1.294430028709946112e-02 -3.395845294222662458e-01 -1.463305614000954581e-02
2.162479774968664170e-01 -3.998367512823050585e-02 -2.021261071227128525e+02 -2.820231260973594090e+02 -3.991714050820375365e-02 -2.620566077599233950e+02 3.089029568259356318e-02 3.089029568259356318e-02 5.640462521947188179e+02 6.821140688263265250e-01 5.180065827483393975e-02 -1.761083340900318609e-06 -3.410571428892768542e-01 -1.369150592605560858e-02 -3.410570344131632625e-01 -1.479911859703520773e-02
2.187520220211282840e-01 -3.920619026160999249e-02 -2.009310194641950318e+02 -2.835068136480281282e+02 -3.914102759872867959e-02 -2.630967251415754049e+02 3.030695627597652930e-02 3.030695627597652930e-02 5.670136272960562565e+02 6.850076970624926487e-01 5.082803006417285774e-02 -1.739874191732570775e-06 -3.425039545994687518e-01 -1.441998201335927855e-02 -3.425038485312463243e-01 -1.496143846664643728e-02
2.212850680561246897e-01 -3.844904298776474771e-02 -1.998571028684808653e+02 -2.850013895505344408e+02 -3.838520804553744586e-02 -2.641639522873063015e+02 2.973721802100095721e-02 2.973721802100095721e-02 5.700027791010688816e+02 6.879573567993171324e-01 4.987753040460692067e-02 -1.717896036725055879e-06 -3.439787821542419355e-01 -1.509277277108039307e-02 -3.439786783996585662e-01 -1.511653888059394553e-02
2.238474536865351638e-01 -3.771916995242405313e-02 -1.990509551783291897e+02 -2.865347695024186123e+02 -3.765660355472932874e-02 -2.653032022954862441e+02 2.918563469503548252e-02 2.918563469503548252e-02 5.730695390048372246e+02 6.910695731236288220e-01 4.895653652146781526e-02 -1.694872888247553402e-06 -3.455348881289677654e-01 -1.567558103530643926e-02 -3.455347865618144110e-01 -1.526132109698501854e-02
2.264395214451735416e-01 -3.702226667442538866e-02 -1.986460172813648057e+02 -2.881335664831658505e+02 -3.696089767269482990e-02 -2.665563456916610789e+02 2.865599519285730312e-02 2.865599519285730312e-02 5.762671329663317010e+02 6.944442740463558916e-01 4.807120537499796897e-02 -1.670613987274136667e-06 -3.472222365542750877e-01 -1.613898538038536015e-02 -3.472221370231779458e-01 -1.539328685190402383e-02
2.290616184320710680e-01 -3.636257840138707592e-02 -1.987545482040519573e+02 -2.898224469561803289e+02 -3.630232711371922383e-02 -2.679604785736868848e+02 2.815120401715767023e-02 2.815120401715767023e-02 5.796448939123606579e+02 6.981709870315486732e-01 4.722628680803207107e-02 -1.645047301686688638e-06 -3.490855911794743527e-01 -1.646055783233652675e-02 -3.490854935157743366e-01 -1.551078161340811029e-02
2.317140964381936841e-01 -3.574267473140528562e-02 -1.994597892023523684e+02 -2.916228005044080192e+02 -3.568345683979884386e-02 -2.695456548784388247e+02 2.767312790456647603e-02 2.767312790456647603e-02 5.832456010088160383e+02 7.023234682905896697e-01 4.642487303097590778e-02 -1.618210892128493140e-06 -3.511618301187267588e-01 -1.662659383147560913e-02 -3.511617341452948349e-01 -1.561315092899154960e-02
2.343973120739613336e-01 -3.516323910860275764e-02 -2.008089599744917280e+02 -2.935508883610488056e+02 -3.510496992429260055e-02 -2.713323151366578259e+02 2.722243886839257124e-02 2.722243886839257124e-02 5.871017767220976111e+02 7.069534117505780202e-01 4.566813724744258479e-02 -1.590252839188999061e-06 -3.534768003345917231e-01 -1.663336078104988777e-02 -3.534767058752890101e-01 -1.570080806863563549e-02
2.371116269027418177e-01 -3.462295795562934930e-02 -2.028081366199455147e+02 -2.956160043691913302e+02 -3.456555682456186052e-02 -2.733290074846281641e+02 2.679851463835318873e-02 2.679851463835318873e-02 5.912320087383826603e+02 7.120847050097406372e-01 4.495516222355536856e-02 -1.561417694917321450e-06 -3.560424456156138229e-01 -1.648773529376668448e-02 -3.560423525048703186e-01 -1.577522113922574451e-02
2.398574075795005256e-01 -3.411847331723755206e-02 -2.054190984077776534e+02 -2.978183973342152626e+02 -3.406186799048138009e-02 -2.755302076847419812e+02 2.639937094465299311e-02 2.639937094465299311e-02 5.956367946684305252e+02 7.177077216824548911e-01 4.428281671397038544e-02 -1.532020801349780003e-06 -3.588539527491597103e-01 -1.620710691103692189e-02 -3.588538608412274455e-01 -1.583879196655694002e-02
2.426350259947936960e-01 -3.364453786667830071e-02 -2.085596696687922247e+02 -3.001481599193829766e+02 -3.358866842743737924e-02 -2.779154572921252679e+02 2.602173628128800348e-02 2.602173628128800348e-02 6.002963198387659531e+02 7.237768312479067045e-01 4.364586635723743252e-02 -1.502427611296794313e-06 -3.618885064468877477e-01 -1.581854194698782690e-02 -3.618884156239533523e-01 -1.589468533777594478e-02
2.454448594243007487e-01 -3.319432259940508639e-02 -2.121073942457068142e+02 -3.025848976401960613e+02 -3.313914463170382352e-02 -2.804496423848322593e+02 2.566123145895065488e-02 2.566123145895065488e-02 6.051697952803921225e+02 7.302106402310277744e-01 4.303725605704491336e-02 -1.473019831572679359e-06 -3.651054099370035777e-01 -1.535715324078846394e-02 -3.651053201155138872e-01 -1.594659145777707968e-02
2.482872906841003258e-01 -3.275997028943872930e-02 -2.159076312182627078e+02 -3.050993228837479592e+02 -3.270545681869679172e-02 -2.830855169142128602e+02 2.531273572679054382e-02 2.531273572679054382e-02 6.101986457674959183e+02 7.368979412783610572e-01 4.244870417553478492e-02 -1.444170799752804695e-06 -3.684490595048462436e-01 -1.486381457514552445e-02 -3.684489706391805286e-01 -1.599849792561534173e-02
2.511627082919028475e-01 -3.233324659682106084e-02 -2.197848095623947131e+02 -3.076557894719200021e+02 -3.227938861840071172e-02 -2.857674724435936469e+02 2.497082110188529255e-02 2.497082110188529255e-02 6.153115789438400043e+02 7.437066999085896191e-01 4.187140877434227665e-02 -1.416225199564155625e-06 -3.718534378711602639e-01 -1.438224183397007229e-02 -3.718533499542948095e-01 -1.605442454333021532e-02
2.540715066344617079e-01 -3.190626296735794148e-02 -2.235563257990713453e+02 -3.102159371675595594e+02 -3.185306844509217666e-02 -2.884366161531863213e+02 2.463024581947382760e-02 2.463024581947382760e-02 6.204318743351191188e+02 7.504963728587510374e-01 4.129685417648167045e-02 -1.389477644954750553e-06 -3.752482733683894511e-01 -1.395575478382519996e-02 -3.752481864293755187e-01 -1.611817304996412265e-02
2.570140861413968136e-01 -3.147214153367458578e-02 -2.270476034499139075e+02 -3.127424588270048389e+02 -3.141963299485896893e-02 -2.910361237651042643e+02 2.428640687092752451e-02 2.428640687092752451e-02 6.254849176540096778e+02 7.571308692871123736e-01 4.071755017074143307e-02 -1.364150725072342204e-06 -3.785655205450377259e-01 -1.362384338612185504e-02 -3.785654346435561868e-01 -1.619305986817040979e-02
2.599908534656720782e-01 -3.102548528780987858e-02 -2.301061198359251136e+02 -3.152018385097618989e+02 -3.097369641140145999e-02 -2.935155920414428579e+02 2.393564894466825368e-02 2.393564894466825368e-02 6.304036770195237978e+02 7.634888784427812380e-01 4.012753260431843605e-02 -1.340382315776166170e-06 -3.817445240026219877e-01 -1.341884950168431047e-02 -3.817444392213906190e-01 -1.628161669328127142e-02
2.630022216709826388e-01 -3.056273611218468175e-02 -2.326143662935219538e+02 -3.175669261694043826e+02 -3.051170756937141015e-02 -2.958350971233830364e+02 2.357550398163541644e-02 2.357550398163541644e-02 6.351338523388087651e+02 7.694735703610295907e-01 3.952275317279960176e-02 -1.318207716034734673e-06 -3.847368687448951552e-01 -1.336311303947265890e-02 -3.847367851805147954e-01 -1.638534831179479928e-02
2.660486104263173335e-01 -3.008228155417357053e-02 -2.344993125974070267e+02 -3.198179193023536300e+02 -3.003205662643051305e-02 -2.979674197790899370e+02 2.320474897244317880e-02 2.320474897244317880e-02 6.396358386047072599e+02 7.750176190797178899e-01 3.890116837551399476e-02 -1.297559866216870475e-06 -3.875088917865674998e-01 -1.346675691670400771e-02 -3.875088095398589449e-01 -1.650449772242106039e-02
2.691304462079772142e-01 -2.958446779039113420e-02 -2.357390691214730509e+02 -3.219433901197760406e+02 -2.953508799945673072e-02 -2.998998880505769762e+02 2.282341838770145931e-02 2.282341838770145931e-02 6.438867802395520812e+02 7.800875887777880546e-01 3.826276112814683966e-02 -1.278266670050262208e-06 -3.900438752224751893e-01 -1.372648202492031573e-02 -3.900437943888940273e-01 -1.663794930415883611e-02
2.722481625093419177e-01 -2.907152907229654942e-02 -2.363661104330950593e+02 -3.239413831827314993e+02 -2.902303005156839019e-02 -3.016357624226383223e+02 2.243277181709291829e-02 2.243277181709291829e-02 6.478827663654629987e+02 7.846874309837624795e-01 3.760949361288253717e-02 -1.260068623137020087e-06 -3.923437948311826462e-01 -1.412546697294628749e-02 -3.923437154918812397e-01 -1.678327938055937385e-02
2.754022000586907604e-01 -2.854744093608912320e-02 -2.364666068918344877e+02 -3.258207936017647626e+02 -2.849984873368136690e-02 -3.031952682116138362e+02 2.203523092810442258e-02 2.203523092810442258e-02 6.516415872035295251e+02 7.888615625396071529e-01 3.694521777710670085e-02 -1.242650254834458473e-06 -3.944308590557716321e-01 -1.463457341447389932e-02 -3.944307812698035764e-01 -1.693699279522029033e-02
2.785930070454040730e-01 -2.801768285106456119e-02 -2.361755968928401046e+02 -3.276025218083963750e+02 -2.797101088963984891e-02 -3.046158209298989732e+02 2.163425821458089815e-02 2.163425821458089815e-02 6.552050436167927501e+02 7.926961351672134892e-01 3.627549199538463581e-02 -1.225671702441618014e-06 -3.963481437854257106e-01 -1.521470119093758927e-02 -3.963480675836067446e-01 -1.709489636162679627e-02
2.818210393548812864e-01 -2.748880009461177748e-02 -2.356666435027715352e+02 -3.293190199291567524e+02 -2.744304717012818404e-02 -3.059501032082697520e+02 2.123409388786413540e-02 2.123409388786413540e-02 6.586380398583135047e+02 7.963150733956427807e-01 3.560716411552878463e-02 -1.208798734532458501e-06 -3.981576113166593878e-01 -1.582021884112796289e-02 -3.981575366978213903e-01 -1.725253407134284128e-02
2.850867608125338126e-01 -2.696781303657170420e-02 -2.351367077018866780e+02 -3.310121531805049813e+02 -2.692296264590196900e-02 -3.072620400899494939e+02 2.083937752718126313e-02 2.083937752718126313e-02 6.620243063610099625e+02 7.998708581779815363e-01 3.494776209994752275e-02 -1.191748163998187533e-06 -3.999355021588175685e-01 -1.640323855787055932e-02 -3.999354290889907682e-01 -1.740564934683880294e-02
2.883906434372282557e-01 -2.646141757665810418e-02 -2.347861478640527366e+02 -3.327279846993023966e+02 -2.641743892934493576e-02 -3.086195155757000066e+02 2.045459858871004691e-02 2.045459858871004691e-02 6.654559693986047932e+02 8.035268337118663950e-01 3.430459451065373533e-02 -1.174292771385784182e-06 -4.017634884408512463e-01 -1.691818818555765325e-02 -4.017634168559331975e-01 -1.755053275129159901e-02
2.917331677045743588e-01 -2.597516773837029239e-02 -2.347966505885018478e+02 -3.345102155727624336e+02 -2.593201844174373993e-02 -3.100856739880100577e+02 2.008352624518473795e-02 2.008352624518473795e-02 6.690204311455248671e+02 8.074358786031280433e-01 3.368381412077646464e-02 -1.156285600523750025e-06 -4.037180094897514504e-01 -1.732645214202590406e-02 -4.037179393015640216e-01 -1.768431188380904101e-02
2.951148228204740209e-01 -2.551282433787079029e-02 -2.353108101019722653e+02 -3.363939011034362352e+02 -2.547045439621582058e-02 -3.117106954346571115e+02 1.972874723533206073e-02 1.972874723533206073e-02 6.727878022068724704e+02 8.117200895343160694e-01 3.308965611849411931e-02 -1.137660004708609234e-06 -4.058601136621974859e-01 -1.760036168074865029e-02 -4.058600447671580347e-01 -1.780516361976550166e-02
2.985361070053705324e-01 -2.507595537708579361e-02 -2.364155273852131813e+02 -3.384006632208097471e+02 -2.503431196954846241e-02 -3.135253732884317515e+02 1.939138288763265355e-02 1.939138288763265355e-02 6.768013264416194943e+02 8.164549842422560433e-01 3.252397186330081152e-02 -1.118434293568707608e-06 -4.082275598318154675e-01 -1.772627474136803313e-02 -4.082274921211280216e-01 -1.791247575367055714e-02
3.019975277896594368e-01 -2.466395757283511986e-02 -2.381335965904068814e+02 -3.405375760148160680e+02 -2.462298975987427599e-02 -3.155389372983642602e+02 1.907110975349793000e-02 1.907110975349793000e-02 6.810751520296321360e+02 8.216644129660073403e-01 3.198626478997909639e-02 -1.098709329488496630e-06 -4.108322731133131067e-01 -1.770614741488884050e-02 -4.108322064830036702e-01 -1.800698509356435037e-02
3.054996023207498523e-01 -2.427439177831264630e-02 -2.404230759041721228e+02 -3.427990191221113037e+02 -2.423405450002629954e-02 -3.177404823749057527e+02 1.876640118149774245e-02 1.876640118149774245e-02 6.855980382442226073e+02 8.273244508888999427e-01 3.147408988132201213e-02 -1.078664640089113155e-06 -4.136622910849310775e-01 -1.755759742318771521e-02 -4.136622254444499713e-01 -1.809085973884006979e-02
3.090428576822902840e-01 -2.390340550611432663e-02 -2.431828665894391861e+02 -3.451687706248385439e+02 -2.386366262492793308e-02 -3.201015246992527636e+02 1.847481190714218846e-02 1.847481190714218846e-02 6.903375412496770878e+02 8.333696914111836662e-01 3.098351746070945184e-02 -1.058539822697325529e-06 -4.166849104268335879e-01 -1.731207106080023470e-02 -4.166848457055918331e-01 -1.816754468971083433e-02
3.126278312261034364e-01 -2.354626117432510532e-02 -2.462647110406561524e+02 -3.476228459431604279e+02 -2.350708733712254112e-02 -3.225801329713831933e+02 1.819332200606647854e-02 1.819332200606647854e-02 6.952456918863208557e+02 8.397030608509193916e-01 3.050968933774007852e-02 -1.038608828258839231e-06 -4.198515942741293805e-01 -1.701144033299216082e-02 -4.198515304254596958e-01 -1.824144028427779340e-02
3.162550709174039576e-01 -2.319772448723866204e-02 -2.494876891177571281e+02 -3.501300648458829983e+02 -2.315910602282487268e-02 -3.251235671196862427e+02 1.791855905259366610e-02 1.791855905259366610e-02 7.002601296917659965e+02 8.462012741975679653e-01 3.004716627844980850e-02 -1.019141269781309970e-06 -4.231007000959594588e-01 -1.670325820429883687e-02 -4.231006370987839826e-01 -1.831729980602644914e-02
3.199251356939077362e-01 -2.285248223661830169e-02 -2.526565061182504621e+02 -3.526529056367371027e+02 -2.281441704774647694e-02 -3.276717213042550725e+02 1.764703825784496097e-02 1.764703825784496097e-02 7.053058112734742053e+02 8.527220522152101356e-01 2.959030408868703471e-02 -1.000363865301850656e-06 -4.263610882494690002e-01 -1.643521395776180796e-02 -4.263610261076050678e-01 -1.839954128943557463e-02
3.236385958394726314e-01 -2.250563076090484477e-02 -2.555828001796882347e+02 -3.551499918929999353e+02 -2.246812711200397300e-02 -3.301623610765106491e+02 1.737546763481717660e-02 1.737546763481717660e-02 7.102999837859998706e+02 8.591159977652383928e-01 2.913374210939027875e-02 -9.824308224199753537e-07 -4.295580601436161938e-01 -1.624941805199320299e-02 -4.295579988826191964e-01 -1.849162121145146026e-02
3.273960333729541983e-01 -2.215328591987792209e-02 -2.581088279658788451e+02 -3.575817834150594194e+02 -2.211635996567038603e-02 -3.325393501546103607e+02 1.710116681602648347e-02 1.710116681602648347e-02 7.151635668301188389e+02 8.652464867824549710e-01 2.867308867356889099e-02 -9.654102718319739628e-07 -4.326233037298023998e-01 -1.617726500225022054e-02 -4.326232433912274855e-01 -1.859564400662411590e-02
3.311980424529918920e-01 -2.179315505607674550e-02 -2.601295272416980993e+02 -3.599178728074810465e+02 -2.175682725462544168e-02 -3.347619533949888364e+02 1.682248192367072348e-02 1.682248192367072348e-02 7.198357456149620930e+02 8.710127902108436571e-01 2.820560813328766916e-02 -9.492859601383516698e-07 -4.355064544719059461e-01 -1.623549986088001010e-02 -4.355063951054218285e-01 -1.871221076329107960e-02
3.350452297994909734e-01 -2.142493224688471823e-02 -2.616091113697441415e+02 -3.621440377052205690e+02 -2.138922307165948972e-02 -3.368131193862365080e+02 1.653908949024486194e-02 1.653908949024486194e-02 7.242880754104411380e+02 8.763710594230632589e-01 2.773073005955895357e-02 -9.339701842289764286e-07 -4.381855880572401718e-01 -1.642410676962215849e-02 -4.381855297115316294e-01 -1.884049847327660607e-02
3.389382151326060799e-01 -2.105025162605365582e-02 -2.625861918467441001e+02 -3.642645311188750270e+02 -2.101517745860510822e-02 -3.387021303795904146e+02 1.625198102444008058e-02 1.625198102444008058e-02 7.285290622377500540e+02 8.813411743188529490e-01 2.725002999524842734e-02 -9.193181160593924655e-07 -4.406706444452435645e-01 -1.672630323893117832e-02 -4.406705871594264745e-01 -1.897838734883403738e-02
3.428776316300838345e-01 -2.067222476572029219e-02 -2.631661832078441989e+02 -3.662990511721571352e+02 -2.063779479642224857e-02 -3.404609737035614785e+02 1.596314521292109545e-02 1.596314521292109545e-02 7.325981023443142703e+02 8.859977816523776362e-01 2.676670925808704443e-02 -9.051423468726691446e-07 -4.429989470290295883e-01 -1.711076337563441352e-02 -4.429988908261888181e-01 -1.912262320207558375e-02
3.468641264038712646e-01 -2.029475925283239987e-02 -2.635035676665848428e+02 -3.682766273755838142e+02 -2.026097383893079792e-02 -3.421366594050447816e+02 1.567509765125023324e-02 1.567509765125023324e-02 7.365532547511676285e+02 8.904513359185619592e-01 2.628482439088638059e-02 -8.912311885668431192e-07 -4.452257230755193307e-01 -1.753586601954273960e-02 -4.452256679592809796e-01 -1.926909337233966360e-02
3.508983609969548167e-01 -1.992191610820665329e-02 -2.637789001339845640e+02 -3.702301296493349696e+02 -1.988876654093572546e-02 -3.437832613302455229e+02 1.539045455007564955e-02 1.539045455007564955e-02 7.404602592986699392e+02 8.948289869012474584e-01 2.580859486294381430e-02 -8.773752645018896906e-07 -4.474145474964964508e-01 -1.795549846907486605e-02 -4.474144934506237292e-01 -1.941333075753736911e-02
3.549810119014520926e-01 -1.955742575367038980e-02 -2.641745463740257378e+02 -3.721930750450003984e+02 -1.952489512774051306e-02 -3.454556565284364638e+02 1.511163454647846544e-02 1.511163454647846544e-02 7.443861500900007968e+02 8.992602977432178069e-01 2.534192742122369502e-02 -8.633990472564042841e-07 -4.496302018811400014e-01 -1.832557569773530376e-02 -4.496301488716089034e-01 -1.955121448971167825e-02
3.591127710990435484e-01 -1.920445058260530913e-02 -2.648534295249535830e+02 -3.741999361531168233e+02 -1.917251529328803036e-02 -3.472065931709910842e+02 1.484074228216451449e-02 1.484074228216451449e-02 7.483998723062336467e+02 9.038716675013200863e-01 2.488824244337407496e-02 -8.491958716818820744e-07 -4.519358857720047196e-01 -1.861046783549420713e-02 -4.519358337506600432e-01 -1.967981990205861995e-02
3.632943466248977904e-01 -1.886524771708706846e-02 -2.659370969957214470e+02 -3.762832604873412379e+02 -1.883387967409120775e-02 -3.490810359356925119e+02 1.457935516261846948e-02 1.457935516261846948e-02 7.525665209746824758e+02 9.087733655448332337e-01 2.445013158666858866e-02 -8.347403060585955362e-07 -4.543867338626543795e-01 -1.878823374935129076e-02 -4.543866827724166169e-01 -1.979795294746881582e-02
3.675264631563194273e-01 -1.854079872302704518e-02 -2.674865368485497470e+02 -3.784675362645913879e+02 -1.850996826698511621e-02 -3.511082497476567710e+02 1.432824898956201916e-02 1.432824898956201916e-02 7.569350725291827757e+02 9.140398210167915982e-01 2.402890145039214206e-02 -8.200888644665465301e-07 -4.570199607270136188e-01 -1.885382105382717513e-02 -4.570199105083957991e-01 -1.990625644035557210e-02
3.718098626274229379e-01 -1.823044644048060423e-02 -2.694879366805059249e+02 -3.807601451445104885e+02 -1.820012584763463712e-02 -3.532922304403870726e+02 1.408709904131672311e-02 1.408709904131672311e-02 7.615202902890209771e+02 9.196847657552553734e-01 2.362406638609722276e-02 -8.053500573920222436e-07 -4.598424322791255237e-01 -1.881966691412403567e-02 -4.598423828776276867e-01 -2.000683404514471200e-02
3.761453048712239955e-01 -1.793189567369640400e-02 -2.718518819651818035e+02 -3.831464205897331112e+02 -1.790206251218123476e-02 -3.556075236708741159e+02 1.385443817540583065e-02 1.385443817540583065e-02 7.662928411794662225e+02 9.256496028523365505e-01 2.323326457155527533e-02 -7.906627461548442625e-07 -4.628248500532611831e-01 -1.871348270989013976e-02 -4.628248014261682752e-01 -2.010270365331306291e-02
3.805335682906254013e-01 -1.764175671224235339e-02 -2.744305140107206284e+02 -3.855940610242259936e+02 -1.761239601260355253e-02 -3.580054232429857848e+02 1.362802441891796529e-02 1.362802441891796529e-02 7.711881220484519872e+02 9.318183262551479329e-01 2.285285761024814441e-02 -7.761707944786869219e-07 -4.659092110069097958e-01 -1.857362239893233652e-02 -4.659091631275739664e-01 -2.019738890939843518e-02
3.849754505598750320e-01 -1.735638908005515332e-02 -2.770479951731462620e+02 -3.880637999753162148e+02 -1.732749375119892535e-02 -3.604273058100574758e+02 1.340543264713013084e-02 1.340543264713013084e-02 7.761275999506324297e+02 9.380505501116137568e-01 2.247890339175046687e-02 -7.620114651402051808e-07 -4.690253221972566777e-01 -1.844252137011697865e-02 -4.690252750558068784e-01 -2.029456318541980955e-02
3.894717693581737361e-01 -1.707269814364018728e-02 -2.795351841758753153e+02 -3.905206359382000301e+02 -1.704426773224299724e-02 -3.628190565641814374e+02 1.318461103547461169e-02 1.318461103547461169e-02 7.810412718764000601e+02 9.442171583308194283e-01 2.210807025925720995e-02 -7.483000245393134792e-07 -4.721086255647369834e-01 -1.835945462070307302e-02 -4.721085791654097141e-01 -2.039764152385739604e-02
3.940233631372237477e-01 -1.678855778396671702e-02 -2.817578750407761277e+02 -3.929390004940812560e+02 -1.676059631457805371e-02 -3.651395488046916284e+02 1.296415177041086025e-02 1.296415177041086025e-02 7.858780009881625119e+02 9.502203072858282917e-01 2.173807299506005583e-02 -7.351090168329700300e-07 -4.751101992864406598e-01 -1.835387075582944200e-02 -4.751101536429141459e-01 -2.050916523581132467e-02
3.986310919246283668e-01 -1.650278511890253610e-02 -2.836328066980951803e+02 -3.952999357126194013e+02 -1.647529888781732940e-02 -3.673607239429471178e+02 1.274323066593385789e-02 1.274323066593385789e-02 7.905998714252388027e+02 9.559918126433422092e-01 2.136755838645787095e-02 -7.224450159350438888e-07 -4.779959511912795223e-01 -1.844026050830180688e-02 -4.779959063216711046e-01 -2.063000978729697191e-02
4.032958381651812196e-01 -1.621514434746063743e-02 -2.851381993224939606e+02 -3.975910599001734340e+02 -1.618813972618102226e-02 -3.694691425633162680e+02 1.252160027379052749e-02 1.252160027379052749e-02 7.951821198003468680e+02 9.614962643909675810e-01 2.099609048208761486e-02 -7.102465506524352564e-07 -4.807481762736120490e-01 -1.861596283440245664e-02 -4.807481321954837905e-01 -2.075911734712115875e-02
4.080185076022225799e-01 -1.592638986831036024e-02 -2.863177434167933484e+02 -3.998102686030051700e+02 -1.589987111741919187e-02 -3.714696237195869344e+02 1.229964870968129967e-02 1.229964870968129967e-02 7.996205372060103400e+02 9.667408094696551268e-01 2.062425745939011276e-02 -6.984024061461641109e-07 -4.833704480092436695e-01 -1.886204646893816297e-02 -4.833704047348275634e-01 -2.089381076897249556e-02
4.128000302013895007e-01 -1.563836472556612983e-02 -2.872782819623413388e+02 -4.019736784233791695e+02 -1.561233180002759291e-02 -3.733914255868953660e+02 1.207852806943155062e-02 1.207852806943155062e-02 8.039473568467583391e+02 9.717926655176818418e-01 2.025390384339393821e-02 -6.867882251947477945e-07 -4.858963752270341607e-01 -1.914742936669118489e-02 -4.858963327588409209e-01 -2.103073302755928062e-02
4.176413611192477671e-01 -1.535367186855831137e-02 -2.881705611963304818e+02 -4.041150944233874611e+02 -1.532811901410753228e-02 -3.752849226620048739e+02 1.185995960933407256e-02 1.185995960933407256e-02 8.082301888467749222e+02 9.767724038652593199e-01 1.988782285183458148e-02 -6.752946489523844500e-07 -4.883862436043626687e-01 -1.943520567509837010e-02 -4.883862019326296600e-01 -2.116666093241320948e-02
4.225434817194656523e-01 -1.507489692387727585e-02 -2.891532407501686066e+02 -4.062737775680238315e+02 -1.504981287181828518e-02 -3.772061590581681685e+02 1.164568518410724791e-02 1.164568518410724791e-02 8.125475551360476629e+02 9.818156818712052702e-01 1.952885317764247591e-02 -6.638381262406997896e-07 -4.909078818322391569e-01 -1.969006811475097762e-02 -4.909078409356026351e-01 -2.129889099315150636e-02
4.275074006393793646e-01 -1.480377885121002095e-02 -2.903524943734264525e+02 -4.084780686270095771e+02 -1.477914865957217529e-02 -3.791973358348400325e+02 1.143686701086430238e-02 1.143686701086430238e-02 8.169561372540191542e+02 9.870242087568062983e-01 1.917888544156972491e-02 -6.523622742665992162e-07 -4.935121445290286957e-01 -1.988528069601921966e-02 -4.935121043784031492e-01 -2.142535701578860557e-02
4.325341549099997462e-01 -1.454095888667404635e-02 -2.918380366080854742e+02 -4.107406405978175599e+02 -1.451676632023355708e-02 -3.812793163633859308e+02 1.123392408275777736e-02 1.123392408275777736e-02 8.214812811956351197e+02 9.924478155728593265e-01 1.883859764831155581e-02 -6.408481573258153087e-07 -4.962239472228168746e-01 -2.000789829334894548e-02 -4.962239077864296632e-01 -2.154506953072451991e-02
4.376248111327295520e-01 -1.428619981319793897e-02 -2.936178114039438469e+02 -4.130639139486103204e+02 -1.426242931735800974e-02 -3.834552803796134981e+02 1.103671648182618682e-02 1.103671648182618682e-02 8.261278278972206408e+02 9.980950873859093520e-01 1.850776909553900409e-02 -6.293257713842226646e-07 -4.990475824452048070e-01 -2.006101150876834355e-02 -4.990475436929546760e-01 -2.165864810091922346e-02
4.427804667162978935e-01 -1.403872018104085351e-02 -2.956452508469047302e+02 -4.154466529608081373e+02 -1.401535816575950541e-02 -3.857172326764613217e+02 1.084479020460491459e-02 1.084479020460491459e-02 8.308933059216162746e+02 1.003950306976034046e+00 1.818568664314919314e-02 -6.178723142943516681e-07 -5.019751915815670040e-01 -2.006251920756102480e-02 -5.019751534880170230e-01 -2.176845618377898015e-02
4.480022511776715066e-01 -1.379724797458701559e-02 -2.978279029717934918e+02 -4.178806150996775273e+02 -1.377428385938893503e-02 -3.880445427868367005e+02 1.065737362376167549e-02 1.065737362376167549e-02 8.357612301993550545e+02 1.009968187157288977e+00 1.787112428233636474e-02 -6.065853615619066101e-07 -5.049841310320285492e-01 -2.004063629731826432e-02 -5.049840935786444884e-01 -2.187783553847272647e-02
4.532913275109832774e-01 -1.355995074685329045e-02 -3.000389627073542442e+02 -4.203415154666963076e+02 -1.353737795702369094e-02 -3.903982480498479504e+02 1.047326344708102153e-02 1.047326344708102153e-02 8.406830309333926152e+02 1.016056631085108464e+00 1.756213253557966161e-02 -5.955437639882258118e-07 -5.080283523656816680e-01 -2.002704440586768400e-02 -5.080283155425542319e-01 -2.198976658594209085e-02
4.586488936288161122e-01 -1.332484964318958985e-02 -3.021464541419598504e+02 -4.227937659423579930e+02 -1.330266570380497435e-02 -3.927293220457530083e+02 1.029109531589194639e-02 1.029109531589194639e-02 8.455875318847159861e+02 1.022095987866985300e+00 1.725647637436695386e-02 -5.847897739076994135e-07 -5.110480301278685911e-01 -2.004946113091476273e-02 -5.110479939334926502e-01 -2.210612547541780659e-02
4.640761838805059769e-01 -1.309059586133812236e-02 -3.040541979609534451e+02 -4.252091153558448582e+02 -1.306880097851338685e-02 -3.950001329860757551e+02 1.010991812573226734e-02 1.010991812573226734e-02 8.504182307116897164e+02 1.027993462986427353e+00 1.695259012285912567e-02 -5.743346338990960453e-07 -5.139967670550353862e-01 -2.012530936155760425e-02 -5.139967314932136766e-01 -2.222776243828676265e-02
4.695744706524842549e-01 -1.285697336195729991e-02 -3.057318171569906440e+02 -4.275816257703559131e+02 -1.283556806207076725e-02 -3.972012482293194466e+02 9.929573512581529871e-03 9.929573512581529871e-03 8.551632515407118262e+02 1.033726044952504530e+00 1.665021098716625708e-02 -5.641685018165583072e-07 -5.168630574012260670e-01 -2.025802794974300783e-02 -5.168630224762522651e-01 -2.235475740165680097e-02
4.751450660560596617e-01 -1.262461526311395819e-02 -3.072125411484729511e+02 -4.299215125318738160e+02 -1.260359858711729460e-02 -3.993460430367741765e+02 9.750477203810873142e-03 9.750477203810873142e-03 8.598430250637476320e+02 1.039326034101321294e+00 1.635001252005041303e-02 -5.542553140666657643e-07 -5.196630513377884508e-01 -2.043685247813265340e-02 -5.196630170506606472e-01 -2.248611659591956066e-02
4.807893237084620019e-01 -1.239440697945309519e-02 -3.085700086812911991e+02 -4.322400886918255765e+02 -1.237377586644644763e-02 -4.014548513824800580e+02 9.573175075927260747e-03 9.573175075927260747e-03 8.644801773836511529e+02 1.044840183955243695e+00 1.605286565430966844e-02 -5.445297036193879731e-07 -5.224201256307036134e-01 -2.064023957878702298e-02 -5.224200919776218477e-01 -2.261951629489102056e-02
4.865086406134212504e-01 -1.216724784726235485e-02 -3.098973073605340005e+02 -4.345470977200974403e+02 -1.214699708653885386e-02 -4.035496324291252677e+02 9.398201449263328053e-03 9.398201449263328053e-03 8.690941954401948806e+02 1.050317653329234435e+00 1.575961474210393204e-02 -5.349167397349125767e-07 -5.251588596924378072e-01 -2.084200244305261032e-02 -5.251588266646172176e-01 -2.275198832969719046e-02
4.923044591480523757e-01 -1.194421652317301762e-02 -3.112954128882458349e+02 -4.368626166714490751e+02 -1.192433854708466363e-02 -4.056620195417634704e+02 9.226260387162264071e-03 9.226260387162264071e-03 8.737252333428981501e+02 1.055833691389928441e+00 1.547139884078853160e-02 -5.253684879308516380e-07 -5.279168781113957598e-01 -2.101864481323644993e-02 -5.279168456949642207e-01 -2.288145232309394747e-02
4.981782691633545035e-01 -1.172633380025736756e-02 -3.128488322654030185e+02 -4.392145638374058194e+02 -1.170681899675494499e-02 -4.078276214756917284e+02 9.058076070466649851e-03 9.058076070466649851e-03 8.784291276748116388e+02 1.061476831630527418e+00 1.518941162733702770e-02 -5.158766935807774104e-07 -5.307384476382295269e-01 -2.115556267500079413e-02 -5.307384158152637088e-01 -2.300739684228934184e-02
5.041316102062244342e-01 -1.151393333066788940e-02 -3.145910643053480840e+02 -4.416181855867870922e+02 -1.149477152744229382e-02 -4.100639882436370840e+02 8.893908275323544194e-03 8.893908275323544194e-03 8.832363711735741845e+02 1.067292017998019871e+00 1.491408938183850195e-02 -5.064563387324298667e-07 -5.336460402473475195e-01 -2.125053525540305729e-02 -5.336460089990099354e-01 -2.313033330396549112e-02
5.101660738715231291e-01 -1.130636017938673431e-02 -3.164879493417724916e+02 -4.440620698793651400e+02 -1.128754262674331287e-02 -4.123566217393320699e+02 8.733306170034614568e-03 8.733306170034614568e-03 8.881241397587302799e+02 1.073243843505134354e+00 1.464469381947907517e-02 -4.971273404228569967e-07 -5.366219524421258491e-01 -2.131343006970966639e-02 -5.366219217525671770e-01 -2.325106416344172033e-02
5.162833062934407691e-01 -1.110262510731344944e-02 -3.184658945368351510e+02 -4.465271317764896253e+02 -1.108414519391991669e-02 -4.146788081005432218e+02 8.575600215741873214e-03 8.575600215741873214e-03 8.930542635529792506e+02 1.079267737843264907e+00 1.438013263741290404e-02 -4.879229687621873616e-07 -5.396338990637442601e-01 -2.136269028446630136e-02 -5.396338689216324536e-01 -2.337111937475426157e-02
5.224850107861718218e-01 -1.090199762159182149e-02 -3.204479608193913123e+02 -4.490044925367693054e+02 -1.088385039632278582e-02 -4.170117191608284770e+02 8.420336106604158280e-03 8.420336106604158280e-03 8.980089850735386108e+02 1.085321113421349404e+00 1.411967943114310689e-02 -4.788893773545728476e-07 -5.426605863129551066e-01 -2.141925630723226504e-02 -5.426605567106747019e-01 -2.349281110787294208e-02
5.287729506447536032e-01 -1.070391773606001358e-02 -3.223677208981781632e+02 -4.514875471353676630e+02 -1.068609948871860477e-02 -4.193399707770989266e+02 8.267165404701256812e-03 8.267165404701256812e-03 9.029750942707353261e+02 1.091369361363632384e+00 1.386277701120757280e-02 -4.700590643375026150e-07 -5.456847097491308585e-01 -2.149998624094626859e-02 -5.456846806818161921e-01 -2.361799472203839068e-02
5.351489521178454112e-01 -1.050774918938638704e-02 -3.241733246067910272e+02 -4.539577779980307355e+02 -1.049025741807358206e-02 -4.216405741833657430e+02 8.115622816825021971e-03 8.115622816825021971e-03 9.079155559960614710e+02 1.097354869702295233e+00 1.360865355692664029e-02 -4.614264534853428056e-07 -5.486774633860870276e-01 -2.161260514376227640e-02 -5.486774348511476163e-01 -2.374673898330164137e-02
5.416149075652347822e-01 -1.031321049418459403e-02 -3.258523654916155010e+02 -4.564010405326729369e+02 -1.029604309360739045e-02 -4.239000461516718019e+02 7.965463500027894841e-03 7.965463500027894841e-03 9.128020810653458739e+02 1.103241427532249963e+00 1.335688965881701856e-02 -4.529630424451371727e-07 -5.516207417708272054e-01 -2.175396628500231300e-02 -5.516207137661249815e-01 -2.387789895307035684e-02
5.481727788139723057e-01 -1.012081588849622626e-02 -3.274507740001665184e+02 -4.588299597484942751e+02 -1.010396959473227815e-02 -4.261356458049802427e+02 7.817029127538122069e-03 7.817029127538122069e-03 9.176599194969885502e+02 1.109070805238942414e+00 1.310804039669359079e-02 -4.446451393536594928e-07 -5.545354300985888552e-01 -2.191201042926093495e-02 -5.545354026194712072e-01 -2.401046584438703765e-02
5.548246007282531256e-01 -9.931376406870718113e-03 -3.290440035519523576e+02 -4.612687488040974699e+02 -9.914846232527998321e-03 -4.283785801265206032e+02 7.670878714454557913e-03 7.670878714454557913e-03 9.225374976081949399e+02 1.114919918762013129e+00 1.286302147585735578e-02 -4.364516789391110595e-07 -5.574599863427717183e-01 -2.207049897164044955e-02 -5.574599593810065645e-01 -2.414346809263508836e-02
5.615724850095137333e-01 -9.745231485772909777e-03 -3.306884660164659522e+02 -4.637236701642452772e+02 -9.729011630423464382e-03 -4.306424506123227616e+02 7.527208999246175897e-03 7.527208999246175897e-03 9.274473403284905544e+02 1.120819560013193827e+00 1.262214172059017772e-02 -4.283524054441571676e-07 -5.604098064611435781e-01 -2.221485044749015383e-02 -5.604097800065969137e-01 -2.427531693682381461e-02
5.684186242446860327e-01 -9.562440811636220214e-03 -3.324147159735229025e+02 -4.661940542884437377e+02 -9.546525287012004590e-03 -4.329312866351968978e+02 7.386031279236210910e-03 7.386031279236210910e-03 9.323881085768874755e+02 1.126777376284036292e+00 1.238540885321075258e-02 -4.203297333659212939e-07 -5.633887141000287757e-01 -2.233726495006051194e-02 -5.633886881420181458e-01 -2.440499737037401390e-02
5.753652962221894596e-01 -9.383193093444415142e-03 -3.342384433990703769e+02 -4.686932013461163820e+02 -9.367575619659947866e-03 -4.352583696338482468e+02 7.247505665688466596e-03 7.247505665688466596e-03 9.373864026922327639e+02 1.132828490184122794e+00 1.215309599237394261e-02 -4.123990837791276087e-07 -5.664142705646153519e-01 -2.243906190548367388e-02 -5.664142450920613969e-01 -2.453336264598916100e-02
5.824148685370423850e-01 -9.207369538790402888e-03 -3.361406011455027851e+02 -4.712266383995552701e+02 -9.192044190129537024e-03 -4.376253867960527373e+02 7.111584104407794697e-03 7.111584104407794697e-03 9.424532767991105402e+02 1.138980161499739685e+00 1.192513663931324235e-02 -4.045845724717458434e-07 -5.694901057470972416e-01 -2.252925233408423558e-02 -5.694900807498698425e-01 -2.466188659000481329e-02
5.895698035084657729e-01 -9.034268523267066642e-03 -3.380604867322068685e+02 -4.737729814728992324e+02 -9.019230806723423782e-03 -4.400056670038500783e+02 6.977768349134081532e-03 6.977768349134081532e-03 9.475459629457984647e+02 1.145166139455135790e+00 1.170070935037582048e-02 -3.968940839629491847e-07 -5.725830942567308179e-01 -2.262029932583867545e-02 -5.725830697275678949e-01 -2.479117978559227178e-02
5.968326634355562987e-01 -8.863346392521337727e-03 -3.399437492237886431e+02 -4.763153884545300230e+02 -8.848592915855778979e-03 -4.423772235312748080e+02 6.845675748819783808e-03 6.845675748819783808e-03 9.526307769090600459e+02 1.151332178502030512e+00 1.147918446286554615e-02 -3.893342073714998302e-07 -5.756661133171714351e-01 -2.272296569477557163e-02 -5.756660892510152561e-01 -2.492182504774026128e-02
6.042061162190474066e-01 -8.694655467294294324e-03 -3.417781509386413177e+02 -4.788625803846163080e+02 -8.680182775207016463e-03 -4.447453889295916838e+02 6.715369958610200446e-03 6.715369958610200446e-03 9.577251607692326161e+02 1.157494289289301648e+00 1.126067622334886963e-02 -3.819176893659927217e-07 -5.787471682528509964e-01 -2.284227724105235974e-02 -5.787471446446508239e-01 -2.505486825992160604e-02
6.116929413798876114e-01 -8.528180641997628458e-03 -3.435660399810490730e+02 -4.814141643410387132e+02 -8.513985246883024396e-03 -4.471101922427739623e+02 6.586828375492097785e-03 6.586828375492097785e-03 9.628283286820774265e+02 1.163652005471037754e+00 1.104514321201211652e-02 -3.746349372602077561e-07 -5.818260258909868643e-01 -2.297587957184228993e-02 -5.818260027355188768e-01 -2.518995111572805770e-02
6.192960365083657326e-01 -8.363800761818213775e-03 -3.453189968364289371e+02 -4.839589539396870919e+02 -8.349879281915746979e-03 -4.494641764506179697e+02 6.459920741312278995e-03 6.459920741312278995e-03 9.679179078793741837e+02 1.169783083860238104e+00 1.083235517721810835e-02 -3.674590831767545921e-07 -5.848915646381642741e-01 -2.311584631393999098e-02 -5.848915419301190521e-01 -2.532548041036213060e-02
6.270184241808606229e-01 -8.201884035785127897e-03 -3.470824865367119969e+02 -4.865121274172723815e+02 -8.188232309256048003e-03 -4.518266291003146193e+02 6.334902257863080609e-03 6.334902257863080609e-03 9.730242548345447631e+02 1.175935256642956839e+00 1.062273066679365191e-02 -3.603812869844607157e-07 -5.879676505890236715e-01 -2.325287366027131708e-02 -5.879676283214784194e-01 -2.546096806023288514e-02
6.348632593850106476e-01 -8.042814456753179242e-03 -3.489002310296241944e+02 -4.890938575935522294e+02 -8.029427560973020211e-03 -4.542206809207881406e+02 6.212053783351775306e-03 6.212053783351775306e-03 9.781877151871044589e+02 1.182167225190993598e+00 1.041673559013593306e-02 -3.534021550340316233e-07 -5.910836344309361445e-01 -2.338056627676535562e-02 -5.910836125954967990e-01 -2.559656312726040980e-02
6.428338374982438541e-01 -7.886348270010549999e-03 -3.507675011826085552e+02 -4.916924110924271645e+02 -7.873221722344052320e-03 -4.566359808617862086e+02 6.091178901246894865e-03 6.091178901246894865e-03 9.833848221848543290e+02 1.188451097275797785e+00 1.021403794430286380e-02 -3.465110311229130883e-07 -5.942255700488838777e-01 -2.349788021074150635e-02 -5.942255486378988927e-01 -2.573158857938693742e-02
6.509336028692375153e-01 -7.732316754040177882e-03 -3.526692922249550293e+02 -4.943040346686925659e+02 -7.719446429842019217e-03 -4.590671956370380826e+02 5.972161639249134665e-03 5.972161639249134665e-03 9.886080693373851318e+02 1.194774096264811014e+00 1.001444787632665631e-02 -3.397123522406164090e-07 -5.973870691258438281e-01 -2.360915617441151915e-02 -5.973870481324055071e-01 -2.586644979941993272e-02
6.591661580570458145e-01 -7.580791486085262237e-03 -3.545971932655281762e+02 -4.969422093102373310e+02 -7.568173202536797317e-03 -4.615241429858040192e+02 5.855086147477047732e-03 5.855086147477047732e-03 9.938844186204746620e+02 1.201164424868385483e+00 9.818115806843771137e-03 -3.330250020635158110e-07 -6.005822330169043877e-01 -2.372142412679588419e-02 -6.005822124341927415e-01 -2.600271843002572789e-02
6.675352737884181487e-01 -7.431377379909924127e-03 -3.565140448795936550e+02 -4.995897289486110822e+02 -7.419007713215445936e-03 -4.639871137946850581e+02 5.739659676582531574e-03 5.739659676582531574e-03 9.991794578972221643e+02 1.207572060708421047e+00 9.624554820058049687e-03 -3.264448766121415088e-07 -6.037860505315879589e-01 -2.384028841460749185e-02 -6.037860303542105234e-01 -2.614029039705143345e-02
6.760448997003142280e-01 -7.283855536198637244e-03 -3.584010332235427541e+02 -5.022360694720272249e+02 -7.271731460218551664e-03 -4.664446397150086341e+02 5.625714400665408378e-03 5.625714400665408378e-03 1.004472138944054450e+03 1.213967414164836001e+00 9.433483890716324802e-03 -3.199656972401056574e-07 -6.069837268591516954e-01 -2.396745787474946834e-02 -6.069837070824180003e-01 -2.627886563638879083e-02
6.846991759418912249e-01 -7.138508993124207010e-03 -3.602836889360269765e+02 -5.049009990051832801e+02 -7.126626929074857467e-03 -4.689167923516951078e+02 5.513467561538450482e-03 5.513467561538450482e-03 1.009801998010366560e+03 1.220402736059648330e+00 9.245266881731715666e-03 -3.135923319383688569e-07 -6.102013874116312131e-01 -2.410040954126119184e-02 -6.102013680298241649e-01 -2.641904745377539332e-02
6.935024457184140179e-01 -6.995262386920438752e-03 -3.621712803197821700e+02 -5.075786348762158582e+02 -6.983618837880498087e-03 -4.714001266050044023e+02 5.402842938952667935e-03 5.402842938952667935e-03 1.015157269752431716e+03 1.226867259951773370e+00 9.059770174402242623e-03 -3.073111914993881754e-07 -6.134336489684724114e-01 -2.423421526659986017e-02 -6.134336299758866851e-01 -2.655990261603754718e-02
7.024592688687283371e-01 -6.854064490181387657e-03 -3.640740927448115372e+02 -5.102648426238138768e+02 -6.842656012186185133e-03 -4.738927864569672010e+02 5.293786702323308863e-03 5.293786702323308863e-03 1.020529685247627754e+03 1.233354577428958487e+00 8.876898902295550162e-03 -3.011120766434805417e-07 -6.166773073235560787e-01 -2.436472920574064838e-02 -6.166772887144792437e-01 -2.670069560944282258e-02
7.115744365783059910e-01 -6.715180232908170462e-03 -3.660191540565298851e+02 -5.129815165350768211e+02 -6.704002892112485151e-03 -4.764168151497992199e+02 5.186507799121873631e-03 5.186507799121873631e-03 1.025963033070153642e+03 1.239922438166549679e+00 8.697004850736912707e-03 -2.950039433424940573e-07 -6.199612373154128608e-01 -2.449092125249963808e-02 -6.199612190832748393e-01 -2.684235431335160044e-02
7.208529873415558953e-01 -6.578356377306190245e-03 -3.679879292429504289e+02 -5.157153682073253549e+02 -6.567406717677031110e-03 -4.789585144918935384e+02 5.080811885081339997e-03 5.080811885081339997e-03 1.031430736414650710e+03 1.246535246017932863e+00 8.519762522096354165e-03 -2.889810010078122005e-07 -6.232676408698691883e-01 -2.461490809436524957e-02 -6.232676230089664315e-01 -2.698452680281087160e-02
7.303002243003199334e-01 -6.443439179958625716e-03 -3.699635241831721260e+02 -5.184607925982918459e+02 -6.432714048845759001e-03 -4.815107462516143642e+02 4.976588509770202284e-03 4.976588509770202284e-03 1.036921585196583692e+03 1.253175335275405144e+00 8.344989376186238983e-03 -2.830436070382072545e-07 -6.265876851324816421e-01 -2.474024251572402855e-02 -6.265876676377025722e-01 -2.712740996728755030e-02
7.399217341004282744e-01 -6.310565063872832989e-03 -3.719529945433401394e+02 -5.212343163894845475e+02 -6.300061075849020670e-03 -4.840881492146993423e+02 4.873954750385885160e-03 4.873954750385885160e-03 1.042468632778969095e+03 1.259882243672487911e+00 8.172885520195384557e-03 -2.772014838793533425e-07 -6.299411389703618580e-01 -2.486959947143141045e-02 -6.299411218362439557e-01 -2.727214096310807620e-02
7.497234074251603042e-01 -6.179416710135846036e-03 -3.739330699048339852e+02 -5.240140870902490633e+02 -6.169131042924396249e-03 -4.866692776559440290e+02 4.772658881581621874e-03 4.772658881581621874e-03 1.048028174180498127e+03 1.266599420540468257e+00 8.003026693437420222e-03 -2.714413305438185062e-07 -6.332997270482043639e-01 -2.500290287584751650e-02 -6.332997102702341286e-01 -2.741765010397475416e-02
7.597114613837174790e-01 -6.050137016673094031e-03 -3.759227086992717659e+02 -5.268135655947035048e+02 -6.040066566678646033e-03 -4.892680349762824221e+02 4.672809596635516156e-03 4.672809596635516156e-03 1.053627131189407010e+03 1.273362885068183070e+00 7.835594628865854769e-03 -2.657650491825503341e-07 -6.366814589609559594e-01 -2.513821210222693184e-02 -6.366814425340915351e-01 -2.756432337273908434e-02
7.698924639547308768e-01 -5.922782041644139225e-03 -3.779363976652600741e+02 -5.296397271080913924e+02 -5.912923580417965910e-03 -4.918923245507529032e+02 4.574445964670103247e-03 4.574445964670103247e-03 1.059279454216182785e+03 1.280192678666157269e+00 7.670653482041819154e-03 -2.601708405128394954e-07 -6.400963554141426703e-01 -2.527320740319243669e-02 -6.400963393330786344e-01 -2.771219142386635928e-02
7.802733607097953605e-01 -5.797135352565575828e-03 -3.799620919713950116e+02 -5.324767181870701052e+02 -5.787486032179341329e-03 -4.945273130569046884e+02 4.477393976855432133e-03 4.477393976855432133e-03 1.064953436374140210e+03 1.287049244936822268e+00 7.507909249151825150e-03 -2.546484860303758532e-07 -6.435246382083521510e-01 -2.540687291941330292e-02 -6.435246224684111338e-01 -2.786036309362145691e-02
7.908615040705095911e-01 -5.673405575513329989e-03 -3.820206637740946007e+02 -5.353480353479012592e+02 -5.663962174723165439e-03 -4.971954377843240991e+02 4.381823138781696172e-03 4.381823138781696172e-03 1.070696070695802518e+03 1.293992074425648564e+00 7.347648878438450479e-03 -2.492079096404731415e-07 -6.469960526169398207e-01 -2.554027227175839285e-02 -6.469960372128242820e-01 -2.801010971942439684e-02
8.016646853850766252e-01 -5.551312073745389222e-03 -3.840866045859934843e+02 -5.382335649653501832e+02 -5.542071886060278944e-03 -4.998763465235749095e+02 4.287515060228324487e-03 4.287515060228324487e-03 1.076467129930700366e+03 1.300967959984256517e+00 7.189505620723258932e-03 -2.438403249579341264e-07 -6.504839950648110269e-01 -2.567505754977696467e-02 -6.504839799921282584e-01 -2.816068079001490115e-02
8.126911701478124472e-01 -5.430913271112642639e-03 -3.861661852590643207e+02 -5.411436590678920311e+02 -5.421873484991083549e-03 -5.025794862344027365e+02 4.194519785386372109e-03 4.194519785386372109e-03 1.082287318135784062e+03 1.308002205659391182e+00 7.033564985086598192e-03 -2.385493962476935646e-07 -6.540011175755054973e-01 -2.581234225599349577e-02 -6.540011028296955908e-01 -2.831271522293949544e-02
8.239497367276790163e-01 -5.312181468370346001e-03 -3.882613593149157509e+02 -5.440798549467853036e+02 -5.303339314749189182e-03 -5.053064130260651723e+02 4.102815031357672643e-03 4.102815031357672643e-03 1.088159709893570607e+03 1.315098770164661923e+00 6.879789320456203110e-03 -2.333332713146001790e-07 -6.575493995057669627e-01 -2.595186153664787165e-02 -6.575493850823309616e-01 -2.846624778275464590e-02
8.354497190211082058e-01 -5.195001236628836623e-03 -3.903673914007505346e+02 -5.470340215208659629e+02 -5.186354141722077440e-03 -5.080497352067047245e+02 4.012307007407451068e-03 4.012307007407451068e-03 1.094068043041731926e+03 1.322237722019662831e+00 6.728019854391000670e-03 -2.281854792473846728e-07 -6.611188751150843812e-01 -2.609245571688291812e-02 -6.611188610098314156e-01 -2.862073324775733091e-02
8.472010535009353305e-01 -5.079511092264511231e-03 -3.925049076471605645e+02 -5.500245138905719386e+02 -5.071056221924922017e-03 -5.108276280865631520e+02 3.923105256231241601e-03 3.923105256231241601e-03 1.100049027781143877e+03 1.329466758536289817e+00 6.578441108609718417e-03 -2.231104423604468563e-07 -6.647333930598656737e-01 -2.623345622167399388e-02 -6.647333792681449083e-01 -2.877696503985550242e-02
8.592143311984516973e-01 -4.965479321055296137e-03 -3.946539278502361299e+02 -5.530318134793741365e+02 -4.957214257521966143e-03 -5.136210570463242675e+02 3.835026309720664973e-03 3.835026309720664973e-03 1.106063626958748273e+03 1.336735598136347125e+00 6.430743971999657027e-03 -2.180990211191574416e-07 -6.683678125503028644e-01 -2.637502029957552313e-02 -6.683677990681735626e-01 -2.893402544797190126e-02
8.715008552308718404e-01 -4.853073788293397854e-03 -3.968351839804527117e+02 -5.560797924960755836e+02 -4.844995810505018513e-03 -5.164527470989402218e+02 3.748206449946154574e-03 3.748206449946154574e-03 1.112159584992151167e+03 1.344104469493149212e+00 6.285159118429591019e-03 -2.131589087541813480e-07 -6.720522479235624402e-01 -2.651810136051583472e-02 -6.720522347465746060e-01 -2.909318326015177675e-02
8.840727045735691236e-01 -4.742041163513637317e-03 -3.990240415779935006e+02 -5.591457416520815968e+02 -4.734148005714674048e-03 -5.193003439777323820e+02 3.662445649995466155e-03 3.662445649995466155e-03 1.118291483304163194e+03 1.351514461709368620e+00 6.141349713482267131e-03 -2.082803204474734562e-07 -6.757572437302019619e-01 -2.666311805384397743e-02 -6.757572308546843098e-01 -2.925339807396615949e-02
8.969428048772869477e-01 -4.632549719932637505e-03 -4.012448274424658052e+02 -5.622541123967559997e+02 -4.624838805443777685e-03 -5.221875875034753562e+02 3.577878443175185399e-03 3.577878443175185399e-03 1.124508224793511999e+03 1.359028169089922633e+00 5.999542833432011842e-03 -2.034696203617837656e-07 -6.795140971232180860e-01 -2.681003408521170570e-02 -6.795140845449613165e-01 -2.941583600104018606e-02
9.101250072475447483e-01 -4.524384389280635722e-03 -4.034788027987893884e+02 -5.653845905206147791e+02 -4.516853523121357357e-03 -5.250949752916111493e+02 3.494333090969309850e-03 3.494333090969309850e-03 1.130769181041229558e+03 1.366593829564415330e+00 5.859448673455492501e-03 -1.987173880198660161e-07 -6.832969270667734740e-01 -2.695831822671028097e-02 -6.832969147822076650e-01 -2.957944939674142862e-02
9.236341760393957934e-01 -4.417698370641119643e-03 -4.057503672730375683e+02 -5.685614486880074310e+02 -4.410345075073001178e-03 -5.280461111562329961e+02 3.411932175067936175e-03 3.411932175067936175e-03 1.137122897376014862e+03 1.374273655325509047e+00 5.721274168074531007e-03 -1.940294807113710824e-07 -6.871368396576877924e-01 -2.710796091099213975e-02 -6.871368276627545235e-01 -2.974540118938367311e-02
9.374862868788583770e-01 -4.312280308224732996e-03 -4.080382693067111859e+02 -5.717644883031481413e+02 -4.305102484573525290e-03 -5.310212111003675091e+02 3.330508498512706628e-03 3.330508498512706628e-03 1.143528976606296283e+03 1.382015398655037197e+00 5.584737668057634594e-03 -1.893975525154784461e-07 -6.910077110362318198e-01 -2.725920341173318842e-02 -6.910076993275185986e-01 -2.991274934599278887e-02
9.516985363065737502e-01 -4.208254522573140824e-03 -4.103631791110356630e+02 -5.750163068354812594e+02 -4.201249843617756163e-03 -5.340419433263245992e+02 3.250162577536211579e-03 3.250162577536211579e-03 1.150032613670962519e+03 1.389876334197384100e+00 5.450009183087289703e-03 -1.848268113103247814e-07 -6.949381785249879595e-01 -2.741252187264934387e-02 -6.949381670986920501e-01 -3.008263650321149965e-02
9.662894646540719501e-01 -4.105447335282991390e-03 -4.127081789732758921e+02 -5.783004671978231954e+02 -4.098613782819617371e-03 -5.370922645293032929e+02 3.170756745690474915e-03 3.170756745690474915e-03 1.156600934395646391e+03 1.397814004569988056e+00 5.316856723059894090e-03 -1.803100852424880580e-07 -6.989070134321532235e-01 -2.756790703481995855e-02 -6.989070022849940278e-01 -3.025426666274481924e-02
9.812790940137514628e-01 -4.003920173819676756e-03 -4.150882110676905654e+02 -5.816319421461147385e+02 -3.997255611642844784e-03 -5.401867185575256372e+02 3.092340596193293364e-03 3.092340596193293364e-03 1.163263884292229477e+03 1.405866706133890753e+00 5.185364147298913116e-03 -1.758494810765448848e-07 -7.029333639384572896e-01 -2.772526937365549574e-02 -7.029333530669453767e-01 -3.042834327768717886e-02
9.966890834564533508e-01 -3.903602958890208929e-03 -4.175005260805277771e+02 -5.850081178950250660e+02 -3.897105372704417342e-03 -5.433227453844697266e+02 3.014858904785417629e-03 3.014858904785417629e-03 1.170016235790050132e+03 1.414027547368236659e+00 5.055438496969363871e-03 -1.714419808358283833e-07 -7.070137842832693309e-01 -2.788463064858527629e-02 -7.070137736841183296e-01 -3.060474059781127104e-02
1.012542903992491805e+00 -3.804431327189712001e-03 -4.199422327293314083e+02 -5.884269875235631844e+02 -3.798098815058361701e-03 -5.464982624129717124e+02 2.938261342406145709e-03 2.938261342406145709e-03 1.176853975047126369e+03 1.422290960287252659e+00 4.926995177001253050e-03 -1.670849877435695630e-07 -7.111454904735138305e-01 -2.804622092645998183e-02 -7.111454801436263295e-01 -3.078338857329445885e-02
1.028866036171365295e+00 -3.706448982086486561e-03 -4.224268629623707056e+02 -5.919032927321052284e+02 -3.700279557161277079e-03 -5.497274122466944846e+02 2.862583954212270104e-03 2.862583954212270104e-03 1.183806585464210457e+03 1.430694282478033541e+00 4.800095373324940289e-03 -1.627801922308497382e-07 -7.153471513028872852e-01 -2.821025911586804921e-02 -7.153471412390167705e-01 -3.096501850913324638e-02
1.045686193681415688e+00 -3.609525224050465393e-03 -4.249418674848739101e+02 -5.954250282833734218e+02 -3.603517130850566151e-03 -5.529984483265867539e+02 2.787723279912819683e-03 2.787723279912819683e-03 1.190850056566746844e+03 1.439206354227008600e+00 4.674564782737496323e-03 -1.585221449488637391e-07 -7.196031869142145432e-01 -2.837676763254478110e-02 -7.196031771135042998e-01 -3.114905055437219156e-02
1.063033576853766649e+00 -3.513671854169154573e-03 -4.274967751877227897e+02 -5.990024493915044559e+02 -3.507823310330313721e-03 -5.563212263727610889e+02 2.713689533251179356e-03 2.713689533251179356e-03 1.198004898783008912e+03 1.447853082066212105e+00 4.550420889406337974e-03 -1.543111325702526632e-07 -7.239265505735634765e-01 -2.854584979357109933e-02 -7.239265410331060524e-01 -3.133598490944269205e-02
1.080941160606192719e+00 -3.418888263459537308e-03 -4.301000446557906685e+02 -6.026449759391322232e+02 -3.413197483473638487e-03 -5.597047552280679383e+02 2.640483011653697865e-03 2.640483011653697865e-03 1.205289951878264446e+03 1.456658116304407447e+00 4.427664441446234160e-03 -1.501470445806595896e-07 -7.283290674353252170e-01 -2.871775628042333092e-02 -7.283290581522037233e-01 -3.152630142800593588e-02
1.099445022093858526e+00 -3.325067087516829414e-03 -4.327421402951853793e+02 -6.063440704928295872e+02 -3.319532473721921104e-03 -5.631405897990813401e+02 2.568019298578774062e-03 2.568019298578774062e-03 1.212688140985659174e+03 1.465599091140969978e+00 4.306153400198177612e-03 -1.460254188521172558e-07 -7.327995545988716941e-01 -2.889257235380829694e-02 -7.327995455704849892e-01 -3.171959417559495897e-02
1.118584714176563466e+00 -3.232198215335505432e-03 -4.354300340588038694e+02 -6.101078170051087000e+02 -3.226818184402214639e-03 -5.666364182707097825e+02 2.496290971227264812e-03 2.496290971227264812e-03 1.220215634010217400e+03 1.474696106591193434e+00 4.185875444446519877e-03 -1.419457339742886926e-07 -7.373480620718293466e-01 -2.907055527353907473e-02 -7.373480532955967170e-01 -3.191627753570065035e-02
1.138403691775986104e+00 -3.140278229007880621e-03 -4.381728569271027709e+02 -6.139466898240876844e+02 -3.135051198250185175e-03 -5.702022168023735276e+02 2.425296220013914601e-03 2.425296220013914601e-03 1.227893379648175369e+03 1.483975361145680738e+00 4.066827809540229412e-03 -1.379077015017305104e-07 -7.419876890995031893e-01 -2.925190743079073008e-02 -7.419876805728403690e-01 -3.211687188311597441e-02
1.158949799287276816e+00 -3.049254641039477083e-03 -4.409711298424281836e+02 -6.178627042386457333e+02 -3.044179117386246712e-03 -5.738397195922875653e+02 2.354994148990179146e-03 2.354994148990179146e-03 1.235725408477291467e+03 1.493441276210152324e+00 3.948941803273231001e-03 -1.339090821247768382e-07 -7.467206463846050024e-01 -2.943685008633280253e-02 -7.467206381050761621e-01 -3.232149281917542916e-02
1.180275828425355833e+00 -2.959079506619961136e-03 -4.438262899867066835e+02 -6.218587924215664771e+02 -2.954154079542090864e-03 -5.775515516416108994e+02 2.285347264659019599e-03 2.285347264659019599e-03 1.243717584843132954e+03 1.503100543896815244e+00 3.832154404426453206e-03 -1.299478401910815491e-07 -7.515502799831010883e-01 -2.962569197940994811e-02 -7.515502719484076222e-01 -3.253031143133726377e-02
1.202440157211975169e+00 -2.869705595630857309e-03 -4.467401383685976270e+02 -6.259383301256957566e+02 -2.864928932779840873e-03 -5.813407570072731687e+02 2.216319144544807562e-03 2.216319144544807562e-03 1.251876660251391513e+03 1.512961095421304414e+00 3.716404556231713441e-03 -1.260218834541820715e-07 -7.564805555026818951e-01 -2.981856291883060173e-02 -7.564805477106522069e-01 -3.274349543150508607e-02
1.225507482206871668e+00 -2.781113417156972582e-03 -4.497205231623282771e+02 -6.301109409212730270e+02 -2.776484217401094159e-03 -5.852164204276548389e+02 2.147894942537913188e-03 2.147894942537913188e-03 1.260221881842546054e+03 1.523046636738768500e+00 3.601667431569313942e-03 -1.221303242958992934e-07 -7.615233259208720185e-01 -3.001585108366576146e-02 -7.615233183693842500e-01 -3.296154612921167737e-02
1.249549657480149678e+00 -2.693265107568578853e-03 -4.527721014983590067e+02 -6.343831868641150322e+02 -2.688782132359221044e-03 -5.891846324750913482e+02 2.080045496461739325e-03 2.080045496461739325e-03 1.268766373728230064e+03 1.533373046810027063e+00 3.487894156523853404e-03 -1.182714907190351299e-07 -7.666865307179796529e-01 -3.021784003179389666e-02 -7.666865234050135314e-01 -3.318480281229042872e-02
1.274646655080504898e+00 -2.606124043098336559e-03 -4.559003248411416394e+02 -6.387623886481333102e+02 -2.601786114931204340e-03 -5.932522262104099582e+02 2.012742492455224692e-03 2.012742492455224692e-03 1.277524777296266620e+03 1.543958101346904366e+00 3.375037244220748661e-03 -1.144437713151179537e-07 -7.719790577498170103e-01 -3.042487603457766712e-02 -7.719790506734521829e-01 -3.341364957889375598e-02
1.300887662652838950e+00 -2.519644163015664906e-03 -4.591086835771209849e+02 -6.432541142325072769e+02 -2.515450181183763543e-03 -5.974243004048809098e+02 1.945950330043626220e-03 1.945950330043626220e-03 1.286508228465014554e+03 1.554815061769135642e+00 3.263036989856368288e-03 -1.106451447799648408e-07 -7.774075377261265851e-01 -3.063722474897516077e-02 -7.774075308845678212e-01 -3.364837406965805189e-02
1.328372334042240865e+00 -2.433796443549889749e-03 -4.624047935332401380e+02 -6.478683789484874751e+02 -2.429745355616668573e-03 -6.017102269123473661e+02 1.879646598193392614e-03 1.879646598193392614e-03 1.295736757896974950e+03 1.565968321441236322e+00 3.151855815384970328e-03 -1.068743347140211949e-07 -7.829841673290872661e-01 -3.085535942425833567e-02 -7.829841607206181608e-01 -3.388950309009617495e-02
1.357212207633046175e+00 -2.348551427463488588e-03 -4.657965188696097130e+02 -6.526157318094948323e+02 -2.344642229954418868e-03 -6.061198533755851940e+02 1.813808554945238937e-03 1.813808554945238937e-03 1.305231463618989665e+03 1.577443514037856875e+00 3.041455589095740271e-03 -1.031300444731302359e-07 -7.887217633959447971e-01 -3.107977309237033164e-02 -7.887217570189284377e-01 -3.413758959627393591e-02
1.387532303967912162e+00 -2.263866851994785715e-03 -4.692882511765468507e+02 -6.575035788310138969e+02 -2.260098612275898700e-03 -6.106599241144024290e+02 1.748403477481651376e-03 1.748403477481651376e-03 1.315007157662027794e+03 1.589258157899489765e+00 2.931781413470115408e-03 -9.941043116290736176e-08 -7.946290850968287245e-01 -3.131085209011847531e-02 -7.946290789497448825e-01 -3.439301881811893113e-02
1.419472907626378122e+00 -2.179720095353285172e-03 -4.728890461964716678e+02 -6.625444526203355053e+02 -2.176091919621063117e-03 -6.153420954421455917e+02 1.683413693682180631e-03 1.683413693682180631e-03 1.325088905240671011e+03 1.601442494658761762e+00 2.822803590127489007e-03 -9.571453094258991985e-08 -8.007212532479888178e-01 -3.154930596591144776e-02 -8.007212473293808808e-01 -3.465646210001766675e-02
1.453191526628696328e+00 -2.096085471122481440e-03 -4.766067604554371542e+02 -6.677499606650972055e+02 -2.092596507230125909e-03 -6.201770836883991933e+02 1.618819559699153851e-03 1.618819559699153851e-03 1.335499921330194411e+03 1.614024490444015747e+00 2.714489242677318396e-03 -9.204119054086527622e-08 -8.070122509135289057e-01 -3.179559613057535844e-02 -8.070122452220078735e-01 -3.492851135693720438e-02
1.488865003302114909e+00 -2.012972469927357469e-03 -4.804593914468779303e+02 -6.731419563337428826e+02 -2.009621847283202863e-03 -6.251855449726543839e+02 1.554628855581205232e-03 1.554628855581205232e-03 1.346283912667485765e+03 1.627058124371954406e+00 2.606851563267777346e-03 -8.839075944202414331e-08 -8.135290676518331932e-01 -3.205050787277682195e-02 -8.135290621859772031e-01 -3.521029344431460262e-02
1.526691720368204219e+00 -1.930329459121418343e-03 -4.844439485860890500e+02 -6.787211525263564909e+02 -1.927116398026299839e-03 -6.303676169029673702e+02 1.490800847369205427e-03 1.490800847369205427e-03 1.357442305052712982e+03 1.640543331248993875e+00 2.499821969528504950e-03 -8.476109046548545666e-08 -8.202716708659568701e-01 -3.231454334213181706e-02 -8.202716656244969373e-01 -3.550188169730272847e-02
1.566893801061586933e+00 -1.848184858156979617e-03 -4.885803906369280298e+02 -6.845116341126927182e+02 -1.845108526892487791e-03 -6.357460833576961932e+02 1.427358293397663468e-03 1.427358293397663468e-03 1.369023268225385436e+03 1.654539818811889607e+00 2.393438886347924212e-03 -8.115331457632524038e-08 -8.272699144243671476e-01 -3.258836994560704997e-02 -8.272699094059448033e-01 -3.580449268481687708e-02
1.609719138252244663e+00 -1.766533742021549058e-03 -4.928728007315759214e+02 -6.905219459275483587e+02 -1.763593321403358937e-03 -6.413285782811756235e+02 1.364296640246316769e-03 1.364296640246316769e-03 1.381043891855096717e+03 1.669067044779636744e+00 2.287694435087264232e-03 -7.756732132107496772e-08 -8.345335271865363946e-01 -3.287285835219182911e-02 -8.345335223898183719e-01 -3.611861984369615919e-02
1.655443001767658240e+00 -1.685432568194900364e-03 -4.973414825328506481e+02 -6.967775574440751143e+02 -1.682627141640062867e-03 -6.471390750831094465e+02 1.301660087658716497e-03 1.301660087658716497e-03 1.393555114888150229e+03 1.684187731059515469e+00 2.182662925274246688e-03 -7.400550813934733212e-08 -8.420938701062676834e-01 -3.316884803388170377e-02 -8.420938655297577347e-01 -3.644556170242083809e-02
1.704368866052813791e+00 -1.604930185347923713e-03 -5.019960964984352927e+02 -7.032935112862243159e+02 -1.602258756058017909e-03 -6.531913833911970642e+02 1.239486180467853048e-03 1.239486180467853048e-03 1.406587022572448632e+03 1.699937717334726317e+00 2.078407254521606913e-03 -7.047004955700239503e-08 -8.499688630252901778e-01 -3.347717409393374810e-02 -8.499688586673631585e-01 -3.678611301879568252e-02
1.756827980944154932e+00 -1.525105889428532901e-03 -5.068476944525049248e+02 -7.100856169906348896e+02 -1.522567329211151023e-03 -6.595001516069619356e+02 1.177836053892629973e-03 1.177836053892629973e-03 1.420171233981269779e+03 1.716355053974073952e+00 1.975029902180401673e-03 -6.696444113594673819e-08 -8.581775311282207053e-01 -3.379866609542114819e-02 -8.581775269870369760e-01 -3.714110910270881222e-02
1.813177100819847842e+00 -1.446063443796006273e-03 -5.119034350960825464e+02 -7.171649565434748865e+02 -1.443656451532976349e-03 -6.660755596265154281e+02 1.116789877066234719e-03 1.116789877066234719e-03 1.434329913086949773e+03 1.733466246238093644e+00 1.872665308955900497e-03 -6.349323257306489776e-08 -8.667331270456091197e-01 -3.413382176979495169e-02 -8.667331231190468221e-01 -3.751111992038572845e-02
1.873793738887494786e+00 -1.367969778547407445e-03 -5.171810643824269391e+02 -7.245531881541076018e+02 -1.365692774166330382e-03 -6.729380654948387246e+02 1.056476758862189436e-03 1.056476758862189436e-03 1.449106376308215204e+03 1.751324677184408207e+00 1.771530029846828894e-03 -6.006372650660087635e-08 -8.756623423067225742e-01 -3.448351887481707762e-02 -8.756623385922041036e-01 -3.789727490070755878e-02
1.939068398305511032e+00 -1.291006713517116843e-03 -5.226840368350128756e+02 -7.322575634027965634e+02 -1.288857816090046042e-03 -6.800941461766458360e+02 9.970368189867579410e-04 9.970368189867579410e-04 1.464515126805593127e+03 1.769946969863619879e+00 1.671858924563826782e-03 -5.668395330467363652e-08 -8.849734884373514632e-01 -3.484838674967961208e-02 -8.849734849318099394e-01 -3.829997859681482514e-02
2.009393542808163513e+00 -1.215412967125511536e-03 -5.284220632680537619e+02 -7.402899642487291203e+02 -1.213389896640810475e-03 -6.875550214886717413e+02 9.386547196268324369e-04 9.386547196268324369e-04 1.480579928497458241e+03 1.789362570268376862e+00 1.573961737690630393e-03 -5.336435261119985725e-08 -8.946812884344724770e-01 -3.522871871865167204e-02 -8.946812851341884310e-01 -3.871982566436377171e-02
2.085149681245120235e+00 -1.141436722931572041e-03 -5.343858172343630031e+02 -7.486404291099155444e+02 -1.139536787564601880e-03 -6.953111073614592215e+02 8.815219028294820919e-04 8.815219028294820919e-04 1.497280858219831089e+03 1.809546340299651446e+00 1.478159410443817762e-03 -5.011585084299996736e-08 -9.047731732492426682e-01 -3.562425514441202451e-02 -9.047731701498257229e-01 -3.915630707503017782e-02
2.166689839134911200e+00 -1.069389387560390698e-03 -5.405802153083432131e+02 -7.573126258072178416e+02 -1.067609376805130463e-03 -7.033661548448264966e+02 8.258789247411187995e-04 8.258789247411187995e-04 1.514625251614435683e+03 1.830508089610830780e+00 1.384855333198626399e-03 -4.695211277672674280e-08 -9.152540477092016014e-01 -3.603515116095523663e-02 -9.152540448054153899e-01 -3.960962945747931174e-02
2.254324688312181912e+00 -9.995739990331412809e-04 -5.469910176492545588e+02 -7.662891078182204865e+02 -9.979101980152054342e-04 -7.117036924824143398e+02 7.719598140372903880e-04 7.719598140372903880e-04 1.532578215636440973e+03 1.852204944662776187e+00 1.294441929986761552e-03 -4.388644528718123966e-08 -9.261024750456026133e-01 -3.646060769761234194e-02 -9.261024723313880935e-01 -4.007887175987608769e-02
2.348311309546052605e+00 -9.323019232730406659e-04 -5.536080892818916936e+02 -7.755532107568882338e+02 -9.307500980403215661e-04 -7.203085068068440933e+02 7.200051632081931781e-04 7.200051632081931781e-04 1.551106421513776468e+03 1.874597472436637657e+00 1.207322674194364655e-03 -4.093249523077539817e-08 -9.372987387498689094e-01 -3.689966330382516563e-02 -9.372987362183188287e-01 -4.056315321335987600e-02
2.448848489402646322e+00 -8.678509081542193403e-04 -5.604094534078196830e+02 -7.850757526246422913e+02 -8.664063632286202622e-04 -7.291533227736140361e+02 6.702293338097996224e-04 6.702293338097996224e-04 1.570151505249284583e+03 1.897614545862781998e+00 1.123856967491347137e-03 -3.810247508285340971e-08 -9.488072752879355143e-01 -3.735113303758514497e-02 -9.488072729313909992e-01 -4.106096668774326247e-02
2.556080317433134574e+00 -8.064553375386017539e-04 -5.673711612401822322e+02 -7.948238794027932954e+02 -8.051129873283566305e-04 -7.382075521863148424e+02 6.228133233167977610e-04 6.228133233167977610e-04 1.589647758805586591e+03 1.921176548022651254e+00 1.044348306559686988e-03 -3.540667207772651794e-08 -9.605882762011600517e-01 -3.781349461672808138e-02 -9.605882740113256268e-01 -4.157059607286120451e-02
2.670107871116413900e+00 -7.482949310372863719e-04 -5.744737915602055409e+02 -8.047684878942424120e+02 -7.470493905139116361e-04 -7.474443677911377790e+02 5.778959634659054006e-04 5.778959634659054006e-04 1.609536975788484824e+03 1.945213730772128224e+00 9.690295000182334645e-04 -3.285296465731093915e-08 -9.726068674179727536e-01 -3.828532028970444562e-02 -9.726068653860641122e-01 -4.209052399563110308e-02
2.791006700311059685e+00 -6.934725755316813308e-04 -5.816912896539002986e+02 -8.148742539686423925e+02 -6.923182883859365852e-04 -7.568308358638932987e+02 5.355567039343843818e-04 5.355567039343843818e-04 1.629748507937284785e+03 1.969640403094939929e+00 8.980337685240047559e-04 -3.044586485796643178e-08 -9.848202034305163499e-01 -3.876494216755389105e-02 -9.848202015474699644e-01 -4.261889904581490918e-02
2.918846535650035268e+00 -6.420226715906518110e-04 -5.890009654746721708e+02 -8.251092927349162665e+02 -6.409540242968408009e-04 -7.663373532728865030e+02 4.958220879441767185e-04 4.958220879441767185e-04 1.650218585469832533e+03 1.994379518209737023e+00 8.314056128896623200e-04 -2.818687822621993178e-08 -9.971897608482099828e-01 -3.925088086330780213e-02 -9.971897591048685117e-01 -4.315405958414133408e-02
3.053709620927337109e+00 -5.939181224684407989e-04 -5.963852341926233294e+02 -8.354484947778904598e+02 -5.929295467233507968e-04 -7.759406500020050999e+02 4.586711526857280611e-04 4.586711526857280611e-04 1.670896989555780920e+03 2.019370480068436002e+00 7.691098705800665037e-04 -2.607481240233036298e-08 -1.009685241646937737e+00 -3.974202252595945839e-02 -1.009685240034218001e+00 -4.369470613182031143e-02
3.195705117665594397e+00 -5.490746143914762610e-04 -6.038250521144278764e+02 -8.458659101565809806e+02 -5.481606819109667225e-04 -7.856165466507237625e+02 4.240388243523932673e-04 4.240388243523932673e-04 1.691731820313161961e+03 2.044550486437555659e+00 7.110374376140030615e-04 -2.410595237620293920e-08 -1.022275244709730746e+00 -4.023701865431959096e-02 -1.022275243218777829e+00 -4.423946308050376308e-02
3.344978518479445384e+00 -5.073693577492101661e-04 -6.113053606460424589e+02 -8.563412387633759408e+02 -5.065248450739649657e-04 -7.953461040204437040e+02 3.918301829300770860e-04 3.918301829300770860e-04 1.712682477526751882e+03 2.069870083805282146e+00 6.570291203382412713e-04 -2.227491246766336532e-08 -1.034935043280347911e+00 -4.073512728395097676e-02 -1.034935041902641073e+00 -4.478729470763882087e-02
3.501716305307857713e+00 -4.686567079362540184e-04 -6.188214841361786966e+02 -8.668658709232523734e+02 -4.678766337377721031e-04 -8.051215460696896571e+02 3.619327863774109188e-04 3.619327863774109188e-04 1.733731741846504747e+03 2.095309154750488734e+00 6.068963854495945491e-04 -2.057528604455063667e-08 -1.047654578647831070e+00 -4.123584298917085111e-02 -1.047654577375244367e+00 -4.533774945827077213e-02
3.666146870451676865e+00 -4.327688545449975225e-04 -6.263620483833224171e+02 -8.774252094829089401e+02 -4.320485169487474071e-04 -8.149291723854678366e+02 3.342170019959774820e-04 3.342170019959774820e-04 1.754850418965817880e+03 2.120831988781627597e+00 5.604218504326305330e-04 -1.899970434845876958e-08 -1.060415995565950453e+00 -4.173856843646820552e-02 -1.060415994390813799e+00 -4.589007029506311092e-02
3.838538973744003879e+00 -3.995361987939943186e-04 -6.339274975171089181e+02 -8.880177157890219632e+02 -3.988711780899765460e-04 -8.247677850988530963e+02 3.085518628336979979e-04 3.085518628336979979e-04 1.776035431578043926e+03 2.146435540471026915e+00 5.173859106620712313e-04 -1.754071391230079559e-08 -1.073217771320410074e+00 -4.224319447388864140e-02 -1.073217770235513457e+00 -4.644418401462938051e-02
4.019198903887704510e+00 -3.687774678425889793e-04 -6.414974065023807270e+02 -8.986207139784877427e+02 -3.681636461688963494e-04 -8.346156883327583955e+02 2.847973454314430973e-04 2.847973454314430973e-04 1.797241427956975485e+03 2.172063292513635169e+00 4.775537620761065110e-04 -1.619035587757994515e-08 -1.086031647258191679e+00 -4.274872760758249152e-02 -1.086031646256817584e+00 -4.699888534490612862e-02
4.208467237501132274e+00 -3.403329025047613474e-04 -6.490896129456224344e+02 -9.092518681752032990e+02 -3.397664279073535115e-04 -8.444900716084644046e+02 2.628300622034822494e-04 2.628300622034822494e-04 1.818503736350406598e+03 2.197759982112633459e+00 4.407185029148876767e-04 -1.494161222959038912e-08 -1.098879991980451498e+00 -4.325608008696428530e-02 -1.098879991056316729e+00 -4.755514702206768696e-02
4.406715784986406703e+00 -3.140328037521828157e-04 -6.566867043985383816e+02 -9.198922533243659245e+02 -3.135101066546511195e-04 -8.543727729139252460e+02 2.425189658950355285e-04 2.425189658950355285e-04 1.839784506648731849e+03 2.223478413463466197e+00 4.066603929107974707e-04 -1.378702806698676879e-08 -1.111739207584452105e+00 -4.376430098764871185e-02 -1.111739206731733098e+00 -4.811194455375250589e-02
4.614345051547307008e+00 -2.897268698171460684e-04 -6.642978634327165537e+02 -9.305511071014797153e+02 -2.892446309108632910e-04 -8.642727598661052753e+02 2.237479581117221463e-04 2.237479581117221463e-04 1.861102214202959431e+03 2.249241866442344584e+00 3.751847482169448677e-04 -1.272000415153810554e-08 -1.124620934007889872e+00 -4.427396875613858612e-02 -1.124620933221172292e+00 -4.866979952490207290e-02
4.831782349500068463e+00 -2.672655890056015453e-04 -6.719103307081866205e+02 -9.412147708787771307e+02 -2.668207378603311810e-04 -8.741768957047162303e+02 2.064015656075667417e-04 2.064015656075667417e-04 1.882429541757554261e+03 2.275016142473929026e+00 3.460979381022626089e-04 -1.173397489184757721e-08 -1.137508071962689771e+00 -4.478449305776437128e-02 -1.137508071236964513e+00 -4.922798423423353081e-02
5.059480572614851290e+00 -2.465168573195097184e-04 -6.795356569503780975e+02 -9.518950662382236487e+02 -2.461065432882140634e-04 -8.840966263888326466e+02 1.903777793792040072e-04 1.903777793792040072e-04 1.903790132476447297e+03 2.300831129254393925e+00 3.192289156616416297e-04 -1.082313596137844987e-08 -1.150415565296580178e+00 -4.529640636895927025e-02 -1.150415564627196963e+00 -4.978713711207384540e-02
5.297917571829046324e+00 -2.273518959266950142e-04 -6.871675557011398041e+02 -9.625853566585901717e+02 -2.269734828249509156e-04 -8.940255559401473420e+02 1.755771226915999654e-04 1.755771226915999654e-04 1.925170713317180343e+03 2.326670088438069772e+00 2.944108685580449259e-04 -9.981834725935902243e-09 -1.163335044836376397e+00 -4.580957091021278793e-02 -1.163335044219034886e+00 -5.034692443114143628e-02
5.547596039292295167e+00 -2.096531462458063383e-04 -6.948078000388908322e+02 -9.732873244009068685e+02 -2.093041934772266991e-04 -9.039653325533279258e+02 1.619088188034057969e-04 1.619088188034057969e-04 1.946574648801813737e+03 2.352537413312044023e+00 2.714915840913325988e-04 -9.204906489401297104e-09 -1.176268707225303078e+00 -4.632403415846032130e-02 -1.176268706656022012e+00 -5.090743546487108001e-02
5.809043800927223167e+00 -1.933113120717908193e-04 -7.024580948815654438e+02 -9.840028102350293011e+02 -1.929895610513067503e-04 -9.139177244659025519e+02 1.492884418671160281e-04 1.492884418671160281e-04 1.968005620470058602e+03 2.378437616582854464e+00 2.503294891437981467e-04 -8.487553756303528694e-09 -1.189218808816332462e+00 -4.684008530037762214e-02 -1.189218808291427232e+00 -5.146879760899263773e-02
6.082814425903068312e+00 -1.782221500374779274e-04 -7.101067024259156142e+02 -9.947193077736887972e+02 -1.779255156404385794e-04 -9.238706949149734555e+02 1.376354934320563018e-04 1.376354934320563018e-04 1.989438615547377594e+03 2.404339450574699555e+00 2.307896043151812183e-04 -7.825197765642064722e-09 -1.202169725771281117e+00 -4.735712731420279459e-02 -1.202169725287349777e+00 -5.203033739807753910e-02
6.369488076882555916e+00 -1.642948732858841136e-04 -7.177709679465856425e+02 -1.005455099050703097e+03 -1.640214215255197917e-04 -9.338418674167437530e+02 1.268798538637187605e-04 1.268798538637187605e-04 2.010910198101406195e+03 2.430288760917443724e+00 2.127543492866820730e-04 -7.213852286838765847e-09 -1.215144380904833676e+00 -4.787619364567980568e-02 -1.215144380458721862e+00 -5.259306630819311074e-02
6.669672542417546701e+00 -1.514385872411614016e-04 -7.254325507749474582e+02 -1.016190854138131954e+03 -1.511865354422642154e-04 -9.438126081217877754e+02 1.169513224132416113e-04 1.169513224132416113e-04 2.032381708276263907e+03 2.456237039313897252e+00 1.961060083940040341e-04 -6.649526622756612612e-09 -1.228118520068149477e+00 -4.839648306898194918e-02 -1.228118519656948626e+00 -5.315595750924930613e-02
6.984004409308258943e+00 -1.395737368797366049e-04 -7.330988547782259275e+02 -1.026934241197330721e+03 -1.393414347442648049e-04 -9.537903282612793419e+02 1.077884658350767764e-04 1.077884658350767764e-04 2.053868482394661442e+03 2.482203659732006962e+00 1.807415708221863087e-04 -6.128726409292030304e-09 -1.241101830244985216e+00 -4.891841255669469868e-02 -1.241101829866003481e+00 -5.371943551022551749e-02
7.313150346541819502e+00 -1.286274924065192594e-04 -7.407858216376971541e+02 -1.037702275831685938e+03 -1.284134109033476076e-04 -9.637914002537015676e+02 9.933503036949375465e-05 9.933503036949375465e-05 2.075404551663371876e+03 2.508231172522284780e+00 1.665667061960463197e-04 -5.648254669089386778e-09 -1.254115586610399680e+00 -4.944304178937426741e-02 -1.254115586261142390e+00 -5.428445400887384198e-02
7.657808483107877429e+00 -1.185252140351296342e-04 -7.484568025512778604e+02 -1.048456015202956905e+03 -1.183279483400347771e-04 -9.737783287312389575e+02 9.153337783252509289e-05 9.153337783252509289e-05 2.096912030405913811e+03 2.534222083439281015e+00 1.534847670529241172e-04 -5.204833482866527720e-09 -1.267111042041465296e+00 -4.996853410094948683e-02 -1.267111041719640507e+00 -5.484891563044581170e-02
8.018709869729939044e+00 -1.092071584593177157e-04 -7.561458507979859860e+02 -1.059231688295683171e+03 -1.090254032214965776e-04 -9.837859898504004832e+02 8.433736311036259465e-05 8.433736311036259465e-05 2.118463376591366341e+03 2.560267108477665587e+00 1.414183741320448775e-04 -4.795840246913459846e-09 -1.280133554535354268e+00 -5.049691469387256049e-02 -1.280133554238832794e+00 -5.541481888431634001e-02
8.396620019854061923e+00 -1.006109800671228089e-04 -7.638302848480981311e+02 -1.070005201215054058e+03 -1.004435337055881064e-04 -9.937911842222831638e+02 7.769883815094928020e-05 7.769883815094928020e-05 2.140010402430108115e+03 2.586305902075135332e+00 1.302867917971903332e-04 -4.418537503574668828e-09 -1.293152951310745813e+00 -5.102717823871153607e-02 -1.293152951037567666e+00 -5.598088509344355951e-02
8.792340528698767699e+00 -9.268366506749773053e-05 -7.715298091101923319e+02 -1.080797491350641167e+03 -9.252941422692703200e-05 -1.003814071069153442e+03 7.157686353768067322e-05 7.157686353768067322e-05 2.161594982701282333e+03 2.612390995940158778e+00 1.200213726126390078e-04 -4.070597173705399387e-09 -1.306195498221730755e+00 -5.156050857274013799e-02 -1.306195497970079389e+00 -5.654827319896912896e-02
9.206710771344065236e+00 -8.537042994520972847e-05 -7.792038664771564527e+02 -1.091565528920512179e+03 -8.522835247418826890e-05 -1.013813210678311975e+03 6.592912784129134379e-05 6.592912784129134379e-05 2.183131057841024358e+03 2.638414528323321129e+00 1.105511668029173503e-04 -3.749614398416208858e-09 -1.319207264393452483e+00 -5.209506693274215672e-02 -1.319207264161660564e+00 -5.711469147928598111e-02
9.640609682169367645e+00 -7.862959364627303109e-05 -7.869138531135617995e+02 -1.102374698423014934e+03 -7.849873677466637526e-05 -1.023851536774920419e+03 6.072344060180775240e-05 6.072344060180775240e-05 2.204749396846029867e+03 2.664540296392015062e+00 1.018221963705710374e-04 -3.453759167512755680e-09 -1.332270148409494759e+00 -5.263434028962642175e-02 -1.332270148196007531e+00 -5.768372324856525790e-02
1.009495761876470077e+01 -7.241445430825020082e-05 -7.946273191243844849e+02 -1.113190529479226825e+03 -7.229394299202773278e-05 -1.033895858701471298e+03 5.592373637900725688e-05 5.592373637900725688e-05 2.226381058958453650e+03 2.690681988628552901e+00 9.377398647294288108e-05 -3.180980874609178026e-09 -1.345340994510886068e+00 -5.317687264606986430e-02 -1.345340994314276450e+00 -5.825353694537023508e-02
1.057071831395626660e+01 -6.668543773902362037e-05 -8.023560869564776112e+02 -1.124025810636043389e+03 -6.657446281409354393e-05 -1.043958457776139994e+03 5.149945118809059444e-05 5.149945118809059444e-05 2.248051621272086777e+03 2.716871571306852307e+00 8.635528622156560924e-05 -2.929542266784579571e-09 -1.358435785834477993e+00 -5.372363933243506223e-02 -1.358435785653426153e+00 -5.882487565578474464e-02
1.106890091994313430e+01 -6.140157723336178046e-05 -8.100427800009479142e+02 -1.134819288912942511e+03 -6.129939771794439061e-05 -1.053980397921457325e+03 4.741894828317497841e-05 4.741894828317497841e-05 2.269638577825885022e+03 2.742955731733027314e+00 7.951304675802870555e-05 -2.697644570206353947e-09 -1.371477866033216753e+00 -5.427192352871661185e-02 -1.371477865866513657e+00 -5.939446664148549659e-02
1.159056214881787561e+01 -5.653132682079350279e-05 -8.177280691329918909e+02 -1.145614556415912602e+03 -5.643725425135755230e-05 -1.064003598005044751e+03 4.365786361635279366e-05 4.365786361635279366e-05 2.291229112831825205e+03 2.769043561214231897e+00 7.320641335173946396e-05 -2.483903069379546196e-09 -1.384521780760593623e+00 -5.482430115549204869e-02 -1.384521780607115948e+00 -5.996473408843910197e-02
1.213680851398497040e+01 -5.204479023544752520e-05 -8.254517208047838039e+02 -1.156454299103901121e+03 -5.195818590953651028e-05 -1.074069096686193461e+03 4.019310930562112669e-05 4.019310930562112669e-05 2.312908598207802243e+03 2.795241916559026762e+00 6.739667186672195572e-05 -2.287005269571327468e-09 -1.397620958420807469e+00 -5.538329353829919699e-02 -1.397620958279513381e+00 -6.053805225673587753e-02
1.270879867722076106e+01 -4.791017136558606228e-05 -8.331740716358356167e+02 -1.167296302071281616e+03 -4.783044950351934810e-05 -1.084136257854066571e+03 3.700013016530568326e-05 3.700013016530568326e-05 2.334592604142563232e+03 2.821445102499834157e+00 6.204264773043005610e-05 -2.105555183932483582e-09 -1.410722551379983036e+00 -5.594726424107038937e-02 -1.410722551249917078e+00 -6.111220001389248979e-02
1.330774590634934285e+01 -4.409963119027194358e-05 -8.408796401419708673e+02 -1.178124139353843020e+03 -4.402625235028228044e-05 -1.094189262615218468e+03 3.405742673824139214e-05 3.405742673824139214e-05 2.356248278707686040e+03 2.847612008189455146e+00 5.710829020059355249e-05 -1.938330610210921433e-09 -1.423806004214446030e+00 -5.651590276303912475e-02 -1.423806004094727573e+00 -6.168636184100702996e-02
1.393492064874588010e+01 -4.059052915400985785e-05 -8.486296836622740329e+02 -1.189003750405453957e+03 -4.052299158375225786e-05 -1.104291479938212660e+03 3.134751388894809469e-05 3.134751388894809469e-05 2.378007500810907914e+03 2.873907597805214209e+00 5.256427972385424824e-05 -1.784337825206928528e-09 -1.436953799012795852e+00 -5.709306733643595977e-02 -1.436953798902607105e+00 -6.226419801845642366e-02
1.459165322612577675e+01 -3.735508252132818083e-05 -8.563060396074406526e+02 -1.199808624609745266e+03 -3.729293071210947437e-05 -1.114321235728184320e+03 2.884893523312915924e-05 2.884893523312915924e-05 2.399617249219490532e+03 2.900015262643421909e+00 4.837463765551197132e-05 -1.642356905671329516e-09 -1.450007631423113619e+00 -5.767310186592797955e-02 -1.450007631321710955e+00 -6.283894319459454314e-02
1.527933665633530502e+01 -3.437670022075508099e-05 -8.640411651675457279e+02 -1.210681211878645854e+03 -3.431950627967532267e-05 -1.124415445145943977e+03 2.654887873619419245e-05 2.654887873619419245e-05 2.421362423757291708e+03 2.926291431737140236e+00 4.451788079106074048e-05 -1.511659782832911806e-09 -1.463145715961884807e+00 -5.826375332836145754e-02 -1.463145715868570118e+00 -6.341841843832436709e-02
1.599942960812928128e+01 -3.163240572767758133e-05 -8.717439535412784153e+02 -1.221523999443952334e+03 -3.157978000774731305e-05 -1.134480319067843766e+03 2.442959949373802364e-05 2.442959949373802364e-05 2.443047998887904669e+03 2.952492065900929941e+00 4.096425389202734577e-05 -1.391237636232292479e-09 -1.476246033036326732e+00 -5.886095185059122409e-02 -1.476246032950464970e+00 -6.399745210512147731e-02
1.675345949520298205e+01 -2.910442841350008064e-05 -8.794253292016804835e+02 -1.232349023631674754e+03 -2.905601084681495993e-05 -1.144527386064182338e+03 2.247737387043196352e-05 2.247737387043196352e-05 2.464698047263349508e+03 2.978647260924002893e+00 3.769074495067625970e-05 -1.280310369138018959e-09 -1.489323630540998256e+00 -5.946612256495199117e-02 -1.489323630462001447e+00 -6.457681906068422906e-02
1.754302571604145911e+01 -2.677733815683758871e-05 -8.871412201407265457e+02 -1.243216958178040159e+03 -2.673279436138624731e-05 -1.154614889079393606e+03 2.068028566546400635e-05 2.068028566546400635e-05 2.486433916356080317e+03 3.004908690743812283e+00 3.467737267471189137e-05 -1.178200830582927517e-09 -1.502454345444583339e+00 -6.008324207036947612e-02 -1.502454345371906141e+00 -6.515994842522541963e-02
1.836980304645808815e+01 -2.463567044634141953e-05 -8.949093444273174782e+02 -1.254147479607034938e+03 -2.459469178178511729e-05 -1.164761653468676968e+03 1.902639215379087580e-05 1.902639215379087580e-05 2.508294959214069877e+03 3.031325459014761581e+00 3.190411130685306908e-05 -1.084230245403581052e-09 -1.515662729574242196e+00 -6.071434247815458290e-02 -1.515662729507380790e+00 -6.574806093299113974e-02
1.923554519201864821e+01 -2.266188738773414793e-05 -9.025885571080492582e+02 -1.264988828850880736e+03 -2.262419440085626493e-05 -1.174821811871587897e+03 1.750214913100368134e-05 1.750214913100368134e-05 2.529977657701761473e+03 3.057518052354228022e+00 2.934824961540225230e-05 -9.976282272885984959e-10 -1.528759026238615037e+00 -6.135288856217598757e-02 -1.528759026177114011e+00 -6.633308339789503738e-02
2.014208850788595129e+01 -2.084453885443159440e-05 -9.102533943566180596e+02 -1.275821904136222656e+03 -2.080987115392603516e-05 -1.184873016306774844e+03 1.609871409213676490e-05 1.609871409213676490e-05 2.551643808272445312e+03 3.083688690075778727e+00 2.699496035686445945e-05 -9.178924300427989356e-10 -1.541844345094454782e+00 -6.200419907680847220e-02 -1.541844345037889363e+00 -6.691959021244507644e-02
2.109135589397533295e+01 -1.917323146168263927e-05 -9.180138178380566387e+02 -1.286766274518161936e+03 -1.914134596049400897e-05 -1.195030007274831860e+03 1.480806077787269557e-05 1.480806077787269557e-05 2.573532549036323871e+03 3.110136142816622762e+00 2.483078503295562452e-05 -8.445670656720485398e-10 -1.555068071460337986e+00 -6.267574673263914820e-02 -1.555068071408311381e+00 -6.751428260838057693e-02
2.208536087368316814e+01 -1.763335099489868535e-05 -9.256826584900745729e+02 -1.297620310624788772e+03 -1.760402892510877780e-05 -1.205099036908230119e+03 1.361890267635523051e-05 1.361890267635523051e-05 2.595240621249577543e+03 3.136356304552409213e+00 2.283679809402434935e-05 -7.770098990441861404e-10 -1.568178152324049224e+00 -6.335878744378425909e-02 -1.568178152276204607e+00 -6.810642759706617144e-02
2.312621186484000546e+01 -1.621632376214329053e-05 -9.333676974753124114e+02 -1.308501344078450074e+03 -1.618936063051476995e-05 -1.215192680216523740e+03 1.252461892998019993e-05 1.252461892998019993e-05 2.617002688156900149e+03 3.162642350636935884e+00 2.100189767933439102e-05 -7.148450041433288969e-10 -1.581321175362463860e+00 -6.406096658974416713e-02 -1.581321175318467942e+00 -6.870264732891662174e-02
2.421611665194739516e+01 -1.491290164715010411e-05 -9.411059535410672652e+02 -1.319450456734575482e+03 -1.488810835673971392e-05 -1.225350245811318928e+03 1.151806745302838268e-05 1.151806745302838268e-05 2.638900913469150964e+03 3.189096761864640417e+00 1.931410779757567037e-05 -6.576666234414483384e-10 -1.594548380972776735e+00 -6.478630232666826583e-02 -1.594548380932320208e+00 -6.930545641324757644e-02
2.535738706918489527e+01 -1.371157885828344465e-05 -9.486875749229916437e+02 -1.330241045429734186e+03 -1.368878545471910819e-05 -1.235354063182724985e+03 1.059036241336573463e-05 1.059036241336573463e-05 2.660482090859468371e+03 3.215153225808530024e+00 1.775852844686350981e-05 -6.049688035470475162e-10 -1.607576612941458816e+00 -6.552507329025145100e-02 -1.607576612904265012e+00 -6.990281252279374746e-02
2.655244390412024202e+01 -1.260739814582965451e-05 -9.563744301100845178e+02 -1.341158223297861014e+03 -1.258644293690769681e-05 -1.245477681422295063e+03 9.737676058856930669e-06 9.737676058856930669e-06 2.682316446595722027e+03 3.241523947037042941e+00 1.632874136990512974e-05 -5.565350753151710179e-10 -1.620761973552716562e+00 -6.629432127268487795e-02 -1.620761973518521470e+00 -7.051057538696822724e-02
2.780382203252438345e+01 -1.159201555964648047e-05 -9.641193218435188328e+02 -1.352152207815459860e+03 -1.157275074034914953e-05 -1.255673116325392584e+03 8.953564539012172214e-06 8.953564539012172214e-06 2.704304415630919721e+03 3.268084292654901635e+00 1.501394138154153825e-05 -5.119990062999088560e-10 -1.634042146358888337e+00 -6.709402970814733191e-02 -1.634042146327450817e+00 -7.112640996173566488e-02
2.911417579518287013e+01 -1.065665886766174104e-05 -9.717349188013887442e+02 -1.363020698435683244e+03 -1.063895122682093926e-05 -1.265746044148481815e+03 8.231252984210209850e-06 8.231252984210209850e-06 2.726041396871366487e+03 3.294328755656302121e+00 1.380276815215507976e-05 -4.709747260610221261e-10 -1.647164377857048390e+00 -6.791627728168275757e-02 -1.647164377828151061e+00 -7.173967920346417670e-02
3.048628462810847850e+01 -9.797301776020260895e-06 -9.794827196671110414e+02 -1.374049602354596118e+03 -9.781024815373751542e-06 -1.275970611098964810e+03 7.567632631968587757e-06 7.567632631968587757e-06 2.748099204709192236e+03 3.320971205359482425e+00 1.269000905207251943e-05 -4.332866754935888922e-10 -1.660485602706304187e+00 -6.877924226888779136e-02 -1.660485602679741213e+00 -7.236644274339111560e-02
3.192305895809769467e+01 -9.003761964685510298e-06 -9.868220132518946457e+02 -1.384651514108663378e+03 -8.988806112252940514e-06 -1.285783057380914897e+03 6.954838778843581870e-06 6.954838778843581870e-06 2.769303028217326755e+03 3.346544551211179552e+00 1.166247602289606111e-05 -3.984854973110831027e-10 -1.673272275629997807e+00 -6.965477424379566684e-02 -1.673272275605589776e+00 -7.297506326850793090e-02
3.342754637613609958e+01 -8.275918053866446081e-06 -9.944337687148289433e+02 -1.395570128357146132e+03 -8.262173967933693282e-06 -1.295896599969277759e+03 6.392779382181552170e-06 6.392779382181552170e-06 2.791140256714292263e+03 3.372905638173230081e+00 1.072001526673524743e-05 -3.665689259211996415e-10 -1.686452819109045986e+00 -7.058640757026361789e-02 -1.686452819086615040e+00 -7.360675680222117379e-02
3.500293810174750320e+01 -7.607288906034870001e-06 -1.002169083471662475e+03 -1.406645723260604200e+03 -7.594658027015674129e-06 -1.306157665144589828e+03 5.876448957074669981e-06 5.876448957074669981e-06 2.813291446521208400e+03 3.399655160570402845e+00 9.854233402659339197e-06 -3.372518397878752973e-10 -1.699827580305816266e+00 -7.156988092118624079e-02 -1.699827580285201423e+00 -7.425341736166288231e-02
3.665257575199838413e+01 -6.991467016215060492e-06 -1.009748183100895858e+03 -1.417574996654636834e+03 -6.979861438336654048e-06 -1.316275072693943912e+03 5.400898550892503651e-06 5.400898550892503651e-06 2.835149993309273668e+03 3.426035612443838474e+00 9.056831738227291955e-06 -3.102517305970596818e-10 -1.713017806240861418e+00 -7.259308274234850533e-02 -1.713017806221919237e+00 -7.489906941503135518e-02
3.837995842951566772e+01 -6.425130626449725827e-06 -1.017312645107981552e+03 -1.428514933896766024e+03 -6.414467979079539940e-06 -1.326399049660952187e+03 4.963563277314095792e-06 4.963563277314095792e-06 2.857029867793532048e+03 3.452438547917654699e+00 8.323509556524392541e-06 -2.854234500593937356e-10 -1.726219273976231205e+00 -7.366949436770504900e-02 -1.726219273958827349e+00 -7.555304285675758236e-02
4.018875014455263539e+01 -5.903555245236609198e-06 -1.024692003219292928e+03 -1.439281433294883982e+03 -5.893761014727015620e-06 -1.336352755489709580e+03 4.560794160235256216e-06 4.560794160235256216e-06 2.878562866589767964e+03 3.478404143126688997e+00 7.648148063991767220e-06 -2.625588529400299221e-10 -1.739202071579331710e+00 -7.479408967988110390e-02 -1.739202071563344498e+00 -7.620598551147693411e-02
4.208278758684577525e+01 -5.424818994208972561e-06 -1.032239651686744992e+03 -1.450264584954868496e+03 -5.415821880797303275e-06 -1.346509725109655847e+03 4.191107981407962018e-06 4.191107981407962018e-06 2.900529169909736993e+03 3.504905448639940690e+00 7.028260490269578130e-06 -2.415752228441841911e-10 -1.752452724334656819e+00 -7.599492588591390263e-02 -1.752452724319970345e+00 -7.688027457700560841e-02
4.406608826374824162e+01 -4.983806630089504438e-06 -1.039553487098468167e+03 -1.461026709813677599e+03 -4.975543831706624865e-06 -1.356450015407721594e+03 3.850553376084858610e-06 3.850553376084858610e-06 2.922053419627355197e+03 3.530849846966657157e+00 6.457220792273821844e-06 -2.222461942605651452e-10 -1.765424923496817566e+00 -7.725350124725158252e-02 -1.765424923483328579e+00 -7.755271388055728909e-02
4.614285902190147226e+01 -4.579556878101414214e-06 -1.047169962475379407e+03 -1.472160633570541677e+03 -4.571967215309580159e-06 -1.366741202190801687e+03 3.538389495240298572e-06 3.538389495240298572e-06 2.944321267141083354e+03 3.557715806538147341e+00 5.933787185000383114e-06 -2.045320756648115265e-10 -1.778857903281464425e+00 -7.861166393137077046e-02 -1.778857903269073670e+00 -7.825718752014140800e-02
4.831750497052105686e+01 -4.207073370587682987e-06 -1.054514534054403384e+03 -1.483039008252692156e+03 -4.200103956560927432e-06 -1.376781630892827479e+03 3.250756275914055449e-06 3.250756275914055449e-06 2.966078016505384312e+03 3.583937670692364463e+00 5.451486561300776403e-06 -1.882109128990543345e-10 -1.791968835357561352e+00 -8.004059259079400468e-02 -1.791968835346182232e+00 -7.896011383707644826e-02
5.059463882522384637e+01 -3.864344334187725891e-06 -1.061714101084840649e+03 -1.493805232437529412e+03 -3.857945636218515758e-06 -1.386708163234378617e+03 2.986100465359695907e-06 2.986100465359695907e-06 2.987610464875058824e+03 3.609872621796361258e+00 5.007714520500638484e-06 -1.731950070570608834e-10 -1.804936310908628716e+00 -8.155710939044062691e-02 -1.804936310898180629e+00 -7.967067548304018754e-02
5.297909069221632450e+01 -3.549669582248369185e-06 -1.068997787237042530e+03 -1.504716645837732358e+03 -3.543794907307884734e-06 -1.396766616862167666e+03 2.743109762296769945e-06 2.743109762296769945e-06 3.009433291675464716e+03 3.636161747545342049e+00 4.600270796789373053e-06 -1.594108179201987738e-10 -1.818080873782264240e+00 -8.318658788706294327e-02 -1.818080873772671024e+00 -8.040463829007404861e-02
5.547591831359740411e+01 -3.260764678264935984e-06 -1.076372700652293588e+03 -1.515787097170004472e+03 -3.255371136138163042e-06 -1.406969437733341920e+03 2.520020062875974947e-06 2.520020062875974947e-06 3.031574194340008944e+03 3.662838632396244520e+00 4.226197340896932893e-06 -1.467581274092855327e-10 -1.831419316206930770e+00 -8.494105503796958723e-02 -1.831419316198122260e+00 -8.116441657578206403e-02
5.809041779550756246e+01 -2.994832130644705980e-06 -1.083534770426208070e+03 -1.526686438303037903e+03 -2.989881475173586895e-06 -1.416999742604985840e+03 2.314670097458587338e-06 2.314670097458587338e-06 3.053372876606075806e+03 3.689079219352228822e+00 3.881869825434871974e-06 -1.351127469378999342e-10 -1.844539609684200165e+00 -8.681133099760751648e-02 -1.844539609676114411e+00 -8.193322456357023109e-02
6.082813484187998654e+01 -2.750339272793088280e-06 -1.090597558730951050e+03 -1.537546363260735234e+03 -2.745795813772826921e-06 -1.426982775665928102e+03 2.125876619361112002e-06 2.125876619361112002e-06 3.075092726521470468e+03 3.715210974879714190e+00 3.565304284700507535e-06 -1.244081036683258075e-10 -1.857605487447278936e+00 -8.881835022500950139e-02 -1.857605487439857095e+00 -8.272029934679075991e-02
6.369487651762210589e+01 -2.525890549126749323e-06 -1.097721979442959537e+03 -1.548552764541211673e+03 -2.521720926137589308e-06 -1.437095417390564307e+03 1.952562405844796831e-06 1.952562405844796831e-06 3.097105529082423345e+03 3.741696100569919636e+00 3.274694579669254804e-06 -1.145833829955785142e-10 -1.870848050291771481e+00 -9.098881264538118130e-02 -1.870848050284959818e+00 -8.353825572913187170e-02
6.669672356617898856e+01 -2.319085964729944479e-06 -1.104464257464538377e+03 -1.559220080156533641e+03 -2.315260793884427399e-06 -1.446872129695351987e+03 1.792872738318345494e-06 1.792872738318345494e-06 3.118440160313067281e+03 3.767323459180837553e+00 3.006930277757411348e-06 -1.055313736667187477e-10 -1.883661729596668666e+00 -9.330485111198628945e-02 -1.883661729590418776e+00 -8.436177358972236917e-02
6.984004330760524226e+01 -2.129977949488175041e-06 -1.111700157292660151e+03 -1.570532487231547066e+03 -2.126467796241874025e-06 -1.457252949089004687e+03 1.646850774523829323e-06 1.646850774523829323e-06 3.141064974463094131e+03 3.794543842868054906e+00 2.762084599644114692e-06 -9.725851318491760551e-11 -1.897271921439763087e+00 -9.585289946191019594e-02 -1.897271921434027453e+00 -8.524955476645028341e-02
7.313150314450460598e+01 -1.955023832445228439e-06 -1.118047838368451949e+03 -1.580957982149167719e+03 -1.951805101761060237e-06 -1.466771795588060286e+03 1.511756512863864847e-06 1.511756512863864847e-06 3.161915964298335439e+03 3.819539373885534772e+00 2.535561749999204924e-06 -8.960283294305090887e-11 -1.909769686948028067e+00 -9.854140414546398719e-02 -1.909769686942767386e+00 -8.611655136741838690e-02
7.657808470448492244e+01 -1.794947682450300421e-06 -1.124772219195564958e+03 -1.591919521189657416e+03 -1.791995626923186259e-06 -1.476787611967076145e+03 1.388152981620299499e-06 1.388152981620299499e-06 3.183839042379314833e+03 3.845852998050958593e+00 2.328307056267447248e-06 -8.260209142733015395e-11 -1.922926499030304770e+00 -1.014945651294827667e-01 -1.922926499025479297e+00 -8.704751309942466986e-02
8.018709864912607088e+01 -1.647869542545035822e-06 -1.131387830179494586e+03 -1.602886857851187642e+03 -1.645162523962476592e-06 -1.486791890136604934e+03 1.274586939697654657e-06 1.274586939697654657e-06 3.205773715702375284e+03 3.872162139278401138e+00 2.137883248200866352e-06 -7.617151947239869736e-11 -1.936081069643626140e+00 -1.046966190867745367e-01 -1.936081069639200569e+00 -8.801534656829736181e-02
8.396620018087362780e+01 -1.513373522954208525e-06 -1.138465956394259138e+03 -1.614517156291319452e+03 -1.510890619397575422e-06 -1.497410298541141856e+03 1.170739001054223439e-06 1.170739001054223439e-06 3.229034312582638904e+03 3.900100452746863233e+00 1.963755347087503651e-06 -7.029559322523091628e-11 -1.950050226377491924e+00 -1.082268338052501389e-01 -1.950050226373431617e+00 -8.906239635587917536e-02
8.792340528074943506e+01 -1.388582514166271533e-06 -1.144231648129009955e+03 -1.624823263359239490e+03 -1.386307519043379764e-06 -1.506743805310210746e+03 1.074381878235372191e-06 1.074381878235372191e-06 3.249646526718478981e+03 3.924720115916816798e+00 1.802186876565587526e-06 -6.483967658751061308e-11 -1.962360057962129423e+00 -1.119480582220674370e-01 -1.962360057958408399e+00 -9.007569661481651391e-02
9.206710771132192406e+01 -1.274413328409055811e-06 -1.150311565240138862e+03 -1.635654149249030070e+03 -1.272328577081627385e-06 -1.516555660628279384e+03 9.862286220197376031e-07 9.862286220197376031e-07 3.271308298498060140e+03 3.950620788111234738e+00 1.654375099647579536e-06 -5.985173052310763227e-11 -1.975310394059027530e+00 -1.160421918579147699e-01 -1.975310394055617369e+00 -9.116834134954350521e-02
9.640609682100229350e+01 -1.169760759647815524e-06 -1.156488397551051548e+03 -1.646784667213497869e+03 -1.167850418345601300e-06 -1.526628272963147992e+03 9.054251133658342537e-07 9.054251133658342537e-07 3.293569334426995738e+03 3.977239025112146997e+00 1.518887622042928232e-06 -5.528226235786459183e-11 -1.988619512559199665e+00 -1.205262775024609628e-01 -1.988619512556073499e+00 -9.233231585585981172e-02
1.009495761874306510e+02 -1.073428955060904917e-06 -1.162235028244512250e+03 -1.657634733192219301e+03 -1.071679158881360693e-06 -1.536405936646529199e+03 8.310462562339430269e-07 8.310462562339430269e-07 3.315269466384438601e+03 4.003129225947199110e+00 1.394172722661312156e-06 -5.107632731768651330e-11 -2.001564612976463930e+00 -1.253832137380198331e-01 -2.001564612973599555e+00 -9.353802557203858004e-02
1.057071831394978858e+02 -9.847831190080039777e-07 -1.167539607647370531e+03 -1.668208362342515102e+03 -9.831810595071442186e-07 -1.545890175204412344e+03 7.626018287150282356e-07 7.626018287150282356e-07 3.336416724685030204e+03 4.028298983044523496e+00 1.279408392480583555e-06 -4.720605078597024056e-11 -2.014149491524884983e+00 -1.306488966393245243e-01 -2.014149491522261748e+00 -9.479094244705822681e-02
1.106890091994129364e+02 -9.036037608514375175e-07 -1.172971242872060202e+03 -1.679180912195832889e+03 -9.021370190372626102e-07 -1.555721281565624395e+03 6.999241541382535819e-07 6.999241541382535819e-07 3.358361824391665778e+03 4.054423543290838872e+00 1.174314053455873314e-06 -4.366454521604863617e-11 -2.027211771647821958e+00 -1.364338250401187225e-01 -2.027211771645419436e+00 -9.613882666399566068e-02
1.159056214881740061e+02 -8.290680754975931612e-07 -1.178202253275625935e+03 -1.690203678282188093e+03 -8.277255886858347398e-07 -1.565563584628470835e+03 6.423768492993544307e-07 6.423768492993544307e-07 3.380407356564376187e+03 4.080632149498330641e+00 1.077822301375490534e-06 -4.041419869120420369e-11 -2.040316074751364894e+00 -1.427513739897879608e-01 -2.040316074749165320e+00 -9.756736737589277730e-02
1.213680851398487590e+02 -7.606862046217115013e-07 -1.183307826266885968e+03 -1.701392959450142826e+03 -7.594577290901306251e-07 -1.575523925488873147e+03 5.895819138152380505e-07 5.895819138152380505e-07 3.402785918900285651e+03 4.107209322261292428e+00 9.892993953142189687e-07 -3.743393414909660062e-11 -2.053604661132660159e+00 -1.496668545598187905e-01 -2.053604661130646214e+00 -9.909158695785594273e-02
1.270879867722077563e+02 -6.972779712789051914e-07 -1.186891095854140985e+03 -1.711145603222259069e+03 -6.961551697745900375e-07 -1.584075503549934410e+03 5.406236071923172835e-07 5.406236071923172835e-07 3.422291206444518139e+03 4.130172332225444443e+00 9.072084219040592534e-07 -3.466533300500310721e-11 -2.065086166114563859e+00 -1.570399911261254056e-01 -2.065086166112722221e+00 -1.006161179704705561e-01
1.330774590634939329e+02 -6.399187937152010482e-07 -1.192002939933907328e+03 -1.723066108960460951e+03 -6.388916670650843019e-07 -1.594637689024327301e+03 4.963421166444410982e-07 4.963421166444410982e-07 3.446132217920921903e+03 4.158460624143279993e+00 8.329613164913567964e-07 -3.217025641820710137e-11 -2.079230312073325315e+00 -1.653731926642447170e-01 -2.079230312071639997e+00 -1.023828655073396321e-01
1.393492064874593837e+02 -5.863812541786837011e-07 -1.194724927764495533e+03 -1.732581852556656486e+03 -5.854433473090478570e-07 -1.602865497491727183e+03 4.550049889998687927e-07 4.550049889998687927e-07 3.465163705113312972e+03 4.180726641362533691e+00 7.636491411460430316e-07 -2.983223613868128249e-11 -2.090363320682806059e+00 -1.741458004118856262e-01 -2.090363320681266845e+00 -1.041021454077274283e-01
1.459165322612583111e+02 -5.379290360427649436e-07 -1.198832501893242352e+03 -1.744197775777038942e+03 -5.370719492283180554e-07 -1.613026862189040912e+03 4.176001534477995910e-07 4.176001534477995910e-07 3.488395551554077883e+03 4.208134484225718452e+00 7.009323195661156997e-07 -2.772490908765167892e-11 -2.104067242114267433e+00 -1.840309170024811702e-01 -2.104067242112859226e+00 -1.060828432029838619e-01
1.527933665633537714e+02 -4.932483128072943081e-07 -1.202009492239990323e+03 -1.755213820025536961e+03 -4.924657368011674425e-07 -1.622555781995063853e+03 3.831057367390518485e-07 3.831057367390518485e-07 3.510427640051073922e+03 4.233984055087335996e+00 6.430950392588129667e-07 -2.577961732232457320e-11 -2.116992027544954080e+00 -1.947385528323280768e-01 -2.116992027543667998e+00 -1.081565046476543196e-01
1.599942960812934700e+02 -4.521414594357936564e-07 -1.204463935738483769e+03 -1.765917332099639680e+03 -4.514274233247628433e-07 -1.631719573216589879e+03 3.513698624009701289e-07 3.513698624009701289e-07 3.531834664199279359e+03 4.258982127167119103e+00 5.898828689546259969e-07 -2.398876629975097467e-11 -2.129491063584734167e+00 -2.063827409079251607e-01 -2.129491063583559551e+00 -1.103532890808998634e-01
1.675345949520305169e+02 -4.146242572175049055e-07 -1.207159781967823392e+03 -1.777538089561488277e+03 -4.139728051652528503e-07 -1.641673318797690627e+03 3.224079105439788279e-07 3.224079105439788279e-07 3.555076179122976555e+03 4.286163233101481396e+00 5.413226197829394501e-07 -2.235779625621337380e-11 -2.143081616551812729e+00 -2.192572385939002000e-01 -2.143081616550740698e+00 -1.127736068079237680e-01
1.754302571604152376e+02 -3.794982721893151015e-07 -1.206793423108371144e+03 -1.786059050399305988e+03 -3.789053046529395906e-07 -1.648620750372660495e+03 2.952838342266474008e-07 2.952838342266474008e-07 3.572118100798611977e+03 4.305590294213239133e+00 4.958413422784214463e-07 -2.081825562200969613e-11 -2.152795147107595675e+00 -2.327421932873113275e-01 -2.152795147106619567e+00 -1.151394433838564962e-01
1.836980304645816773e+02 -3.478450304608532147e-07 -1.208064163338324306e+03 -1.797344854845392319e+03 -3.473048468133305081e-07 -1.658085641816310954e+03 2.708481200981357314e-07 2.708481200981357314e-07 3.594689709690784639e+03 4.331749375220364406e+00 4.548700284830270945e-07 -1.944043374861113420e-11 -2.165874687611072602e+00 -2.479877867487266518e-01 -2.165874687610182203e+00 -1.178926937085105348e-01
1.923554519201872779e+02 -3.189578399402397527e-07 -1.209445138792048965e+03 -1.809621871235292247e+03 -3.184658526305789254e-07 -1.668381612135227442e+03 2.485502564617590196e-07 2.485502564617590196e-07 3.619243742470584493e+03 4.360239460750655383e+00 4.174840497574168354e-07 -1.818607565257661783e-11 -2.180119730376139042e+00 -2.648291731686195360e-01 -2.180119730375327691e+00 -1.209265136822029046e-01
2.014208850788602945e+02 -2.921542416108044687e-07 -1.208813808613990659e+03 -1.820268822401325679e+03 -2.917069100926332938e-07 -1.677036422578551537e+03 2.278564180700079678e-07 2.278564180700079678e-07 3.640537644802651357e+03 4.384584837189939854e+00 3.827861086096419238e-07 -1.701508514755677139e-11 -2.192292418595708892e+00 -2.828376014178274889e-01 -2.192292418594969927e+00 -1.240560452597804786e-01
2.109135589397542105e+02 -2.673549970406591596e-07 -1.206355532909195063e+03 -1.829541723422741143e+03 -2.669489212496768264e-07 -1.684288242885178306e+03 2.087060959497525964e-07 2.087060959497525964e-07 3.659083446845482285e+03 4.405416307435504386e+00 3.506749615809269053e-07 -1.592494448723243450e-11 -2.202708153718423656e+00 -3.021287778293819670e-01 -2.202708153717752193e+00 -1.273102744118770058e-01
2.208536087368326264e+02 -2.448649627842699073e-07 -1.204468861725205215e+03 -1.840659758819489525e+03 -2.444963385338495060e-07 -1.693142027819357509e+03 1.913427666987542643e-07 1.913427666987542643e-07 3.681319517638979050e+03 4.430647084841090155e+00 3.215614487587760189e-07 -1.494094058033479784e-11 -2.215323542421154812e+00 -3.235821690948901819e-01 -2.215323542420545078e+00 -1.309678851635908414e-01
2.312621186484009286e+02 -2.241768358531539712e-07 -1.201376699667082221e+03 -1.851404800523223003e+03 -2.238426289221265227e-07 -1.701508613770406328e+03 1.753689690807220085e-07 1.753689690807220085e-07 3.702809601046446005e+03 4.454802380211405399e+00 2.947772809263983228e-07 -1.403225371708719858e-11 -2.227401190106256923e+00 -3.468197099691562313e-01 -2.227401190105702700e+00 -1.348702782562952729e-01
2.421611665194751026e+02 -2.050781795057028820e-07 -1.196528317531890707e+03 -1.861099510454212123e+03 -2.047756867611310274e-07 -1.708748834772318105e+03 1.606189422128036792e-07 1.606189422128036792e-07 3.722199020908424245e+03 4.476210942937059123e+00 2.700439627314557520e-07 -1.318701483971544609e-11 -2.238105471469031382e+00 -3.717670917288801169e-01 -2.238105471468529561e+00 -1.389751418385582193e-01
2.535738706918500043e+02 -1.877383249861847051e-07 -1.191846399637012837e+03 -1.872512943788701932e+03 -1.874646454871094317e-07 -1.717426415459982309e+03 1.472300965738540549e-07 1.472300965738540549e-07 3.745025887577403864e+03 4.501648842664236483e+00 2.475940317726068820e-07 -1.242235215059061332e-11 -2.250824421332573433e+00 -3.993559963053661677e-01 -2.250824421332118241e+00 -1.435476304708904749e-01
2.655244390412033795e+02 -1.716698376154889131e-07 -1.184811835816564781e+03 -1.882235682621171236e+03 -1.714227745316954584e-07 -1.724362001666687547e+03 1.348176728048178951e-07 1.348176728048178951e-07 3.764471365242342472e+03 4.522746739247895498e+00 2.267796519738557504e-07 -1.170453640384929676e-11 -2.261373369624358531e+00 -4.287198263831169531e-01 -2.261373369623947749e+00 -1.483024343327572214e-01
2.780382203252451063e+02 -1.567972020971304486e-07 -1.175401286621050076e+03 -1.890235703456546162e+03 -1.565746840735119010e-07 -1.729525779020886603e+03 1.233233575525954240e-07 1.233233575525954240e-07 3.780471406913092324e+03 4.539429679878052681e+00 2.075030440843580786e-07 -1.103024437012105061e-11 -2.269714839939397155e+00 -4.598922351247382578e-01 -2.269714839939026341e+00 -1.532431474917248237e-01
2.911417579518299590e+02 -1.433885741032715317e-07 -1.166588845273080778e+03 -1.901058387674204141e+03 -1.431882143675381111e-07 -1.737098805367947762e+03 1.129646954376614720e-07 1.129646954376614720e-07 3.802116775348408282e+03 4.562777047289883647e+00 1.901323372813221441e-07 -1.042639203117955164e-11 -2.281388523645275779e+00 -4.945741109625509391e-01 -2.281388523644941824e+00 -1.588296754657753662e-01
3.048628462810860924e+02 -1.311624196193377902e-07 -1.157013608161718594e+03 -1.912958417646804719e+03 -1.309822428366690282e-07 -1.745442841970990230e+03 1.035198787230644980e-07 1.035198787230644980e-07 3.825916835293609438e+03 4.588489528640939064e+00 1.742941967351339476e-07 -9.874061022903174514e-12 -2.294244764320770624e+00 -5.324072253053998560e-01 -2.294244764320469532e+00 -1.649283641344842788e-01
3.192305895809784602e+02 -1.196345729002420033e-07 -1.142777263702510709e+03 -1.919832669396563460e+03 -1.194732391415326350e-07 -1.748958188518852239e+03 9.460137601663014390e-08 9.460137601663014390e-08 3.839665338793126921e+03 4.601720803613869926e+00 1.593344422463016213e-07 -9.332292150469095459e-12 -2.300860401807204969e+00 -5.710836727735305596e-01 -2.300860401806934963e+00 -1.709186776060585833e-01
3.342754637613625164e+02 -1.097237709330550820e-07 -1.133823723979956867e+03 -1.938165410363081719e+03 -1.095788524587271672e-07 -1.762681668200726335e+03 8.695445042106485932e-08 8.695445042106485932e-08 3.876330820726163438e+03 4.642446376008129150e+00 1.465141877260787345e-07 -8.892636135174383075e-12 -2.321223188004307048e+00 -6.175497520474746427e-01 -2.321223188004064575e+00 -1.785801686453707127e-01
3.500293810174765667e+02 -9.996486918738268998e-08 -1.115695278320434909e+03 -1.943971786012541770e+03 -9.983573670124862768e-08 -1.764736102451990064e+03 7.939581134931090259e-08 7.939581134931090259e-08 3.887943572025083540e+03 4.652510530741939654e+00 1.338326885221278222e-07 -8.416479989920704574e-12 -2.326255265371186542e+00 -6.617105974182300177e-01 -2.326255265370969827e+00 -1.853255314046125535e-01
3.665257575199852340e+02 -9.124400003701161383e-08 -1.098330395855707820e+03 -1.954137520777482905e+03 -9.112899188833598311e-08 -1.770487407201937231e+03 7.264580717649690588e-08 7.264580717649690588e-08 3.908275041554965810e+03 4.672803045394478438e+00 1.225093663798860245e-07 -7.994160690426338351e-12 -2.336401522697432398e+00 -7.109060099018922330e-01 -2.336401522697239219e+00 -1.930098569852667922e-01
3.837995842951584677e+02 -8.290844872632177987e-08 -1.074716512827445513e+03 -1.955866014451097499e+03 -8.280667502872699724e-08 -1.768368559604878783e+03 6.617445631232097338e-08 6.617445631232097338e-08 3.911732028902194997e+03 4.672462481187713124e+00 1.116472438665771755e-07 -7.560355900247859707e-12 -2.336231240594027980e+00 -7.590214424746708488e-01 -2.336231240593856562e+00 -2.001476667264837084e-01
4.018875014455280734e+02 -7.598272494009480699e-08 -1.058437357292076513e+03 -1.975687014614744157e+03 -7.589220661834292719e-08 -1.782217081214838117e+03 6.082443533823565357e-08 6.082443533823565357e-08 3.951374029229488315e+03 4.715243312656446584e+00 1.026758190211151989e-07 -7.232104143155199403e-12 -2.357621656328376059e+00 -8.195113766471658900e-01 -2.357621656328223292e+00 -2.099298857152566422e-01
4.208278758684595005e+02 -6.924090114870347894e-08 -1.034609768405980958e+03 -1.984733329378845156e+03 -6.916102512236774406e-08 -1.786079828147268472e+03 5.559275958831121304e-08 5.559275958831121304e-08 3.969466658757690311e+03 4.731746725250439489e+00 9.389526289536246893e-08 -6.876722426096904087e-12 -2.365873362625354304e+00 -8.776642642741305789e-01 -2.365873362625219745e+00 -2.188733022486274438e-01
4.406608826374845194e+02 -6.311823465574850091e-08 -1.009381421774053820e+03 -1.995239982478574575e+03 -6.304794204998641642e-08 -1.790932700623131950e+03 5.083894343143184549e-08 5.083894343143184549e-08 3.990479964957149150e+03 4.751342073602821792e+00 8.591590134978715055e-08 -6.545954762502752066e-12 -2.375671036801529468e+00 -9.396740904296617680e-01 -2.375671036801410896e+00 -2.284472643822307580e-01
4.614285902190168827e+02 -5.746293027273067330e-08 -9.812254509926585797e+02 -2.003855681156054288e+03 -5.740134372246047917e-08 -1.793792829717800942e+03 4.643970118175653323e-08 4.643970118175653323e-08 4.007711362312108577e+03 4.766016590645541839e+00 7.852906643239498280e-08 -6.224776958540145772e-12 -2.383008295322874392e+00 -1.003495099991882356e+00 -2.383008295322770920e+00 -2.381980545248658931e-01
4.831750497052125866e+02 -5.226056227527360448e-08 -9.504768543817958744e+02 -2.011086538023458843e+03 -5.220684192628723718e-08 -1.795126337715321597e+03 4.238498527132926051e-08 4.238498527132926051e-08 4.022173076046917686e+03 4.776997574102082034e+00 7.171826006065089177e-08 -5.914120207330168396e-12 -2.388498787051130723e+00 -1.069104211735182108e+00 -2.388498787051041017e+00 -2.481452150231520104e-01
5.059463882522408085e+02 -4.749517197935466183e-08 -9.174849760167097656e+02 -2.017559326706563752e+03 -4.744851831425269307e-08 -1.795500653627256725e+03 3.866361644564112443e-08 3.866361644564112443e-08 4.035118653413127504e+03 4.785787430932670894e+00 6.546510331234171911e-08 -5.614895859231390832e-12 -2.392893715466413163e+00 -1.136524204520409809e+00 -2.392893715466335447e+00 -2.583202462655758702e-01
5.297909069221655045e+02 -4.325774465021948887e-08 -8.843738211492105847e+02 -2.029346968480747591e+03 -4.321730150032032829e-08 -1.800224721055898499e+03 3.535440428231904250e-08 3.535440428231904250e-08 4.058693936961495183e+03 4.806704818985994443e+00 5.990448318923053205e-08 -5.342404655226712552e-12 -2.403352409493063835e+00 -1.209164370855408288e+00 -2.403352409492997221e+00 -2.694973414412090706e-01
5.547591831359762864e+02 -3.929354818131101798e-08 -8.476763060888342807e+02 -2.036183653498856984e+03 -3.925871870415092038e-08 -1.800342668683697866e+03 3.224570522354091340e-08 3.224570522354091340e-08 4.072367306997713968e+03 4.815526020996756529e+00 5.467673077076093293e-08 -5.065788300229830390e-12 -2.407763010498435996e+00 -1.280122408559386971e+00 -2.407763010498378264e+00 -2.801982855633552982e-01
5.809041779550778983e+02 -3.584766634008154178e-08 -8.121373831530261214e+02 -2.052913392427628423e+03 -3.581765564349582302e-08 -1.808764162101479769e+03 2.954599126230416605e-08 2.954599126230416605e-08 4.105826784855256847e+03 4.847125410553466018e+00 5.013756861348859618e-08 -4.820953610667255374e-12 -2.423562705276781415e+00 -1.358201021923496787e+00 -2.423562705276733009e+00 -2.923827969294484630e-01
6.082813484188023949e+02 -3.236853357563507784e-08 -7.689357408268580230e+02 -2.048157227726573183e+03 -3.234306380797102769e-08 -1.798380505080915782e+03 2.679156770056466207e-08 2.679156770056466207e-08 4.096314455453146365e+03 4.828041673511569876e+00 4.549736944892569737e-08 -4.535254680802299967e-12 -2.414020836755825350e+00 -1.422636189440182886e+00 -2.414020836755784938e+00 -3.015929638744713759e-01
6.369487651762237874e+02 -2.942824534765515323e-08 -7.286653329910645880e+02 -2.058487639375508479e+03 -2.940655017320272513e-08 -1.800834003718005079e+03 2.446753182400865334e-08 2.446753182400865334e-08 4.116975278751016958e+03 4.843890416287206513e+00 4.158342610453471764e-08 -4.289689912406308488e-12 -2.421945208143637007e+00 -1.496013240684419099e+00 -2.421945208143603256e+00 -3.127845984590974515e-01
6.669672356617924152e+02 -2.678748499520779794e-08 -6.879934941737087684e+02 -2.071690587909011811e+03 -2.676903387718758516e-08 -1.805587921282308344e+03 2.237355896252619113e-08 2.237355896252619113e-08 4.143381175818023621e+03 4.866052785598264485e+00 3.805485945559871043e-08 -4.054043577914153667e-12 -2.433026392799160664e+00 -1.569571864665345595e+00 -2.433026392799132243e+00 -3.241213510062385117e-01
6.984004330760553785e+02 -2.434749956591227078e-08 -6.458583619906416970e+02 -2.081837747125107398e+03 -2.433187338646562957e-08 -1.807611334946509714e+03 2.042779326880615020e-08 2.042779326880615020e-08 4.163675494250214797e+03 4.880788742844139882e+00 3.477261819086125282e-08 -3.817368142109734630e-12 -2.440394371422092590e+00 -1.638582101896666643e+00 -2.440394371422069941e+00 -3.346437638887896915e-01
7.313150314450491578e+02 -2.209908283643819088e-08 -6.027961125625510022e+02 -2.088962681459479882e+03 -2.208589481150119162e-08 -1.807012190368542861e+03 1.862419287130811101e-08 1.862419287130811101e-08 4.177925362918959763e+03 4.888281473442648739e+00 3.172691203962572516e-08 -3.581121548209638729e-12 -2.444140736721343465e+00 -1.702137349747227413e+00 -2.444140736721324370e+00 -3.442206520501742695e-01
7.657808470448520666e+02 -2.003940339957675602e-08 -5.594941240673912262e+02 -2.093839611958568184e+03 -2.002829333265610286e-08 -1.804529751204319609e+03 1.696213120870920476e-08 1.696213120870920476e-08 4.187679223917136369e+03 4.890423423108509304e+00 2.891718908415617182e-08 -3.347641998303869794e-12 -2.445211711554269307e+00 -1.759797146913828936e+00 -2.445211711554254652e+00 -3.528220326785102001e-01
8.018709864912636931e+02 -1.831679951353542945e-08 -5.205886875725223035e+02 -2.114858755747762643e+03 -1.830729408760025411e-08 -1.815971594449908025e+03 1.556773440520755745e-08 1.556773440520755745e-08 4.229717511495525287e+03 4.929790466687410166e+00 2.655864528843105283e-08 -3.139234483746172297e-12 -2.464895233343717074e+00 -1.821875485160984409e+00 -2.464895233343705083e+00 -3.627761584819534924e-01
8.396620018087400013e+02 -1.654472804865940534e-08 -4.772492379356026504e+02 -2.110339576939127255e+03 -1.653673513861705367e-08 -1.805762020958910398e+03 1.411812074760304801e-08 1.411812074760304801e-08 4.220679153878254510e+03 4.910170812381857708e+00 2.410205771048089441e-08 -2.907367292486147807e-12 -2.455085406190938180e+00 -1.862187981839890316e+00 -2.455085406190928854e+00 -3.683945116738417402e-01
8.792340528074976191e+02 -1.516803538831491110e-08 -4.426761773491786016e+02 -2.135693576344841858e+03 -1.516108527167651688e-08 -1.821415500986403003e+03 1.298749466384798493e-08 1.298749466384798493e-08 4.271387152689683717e+03 4.959655204462498190e+00 2.218471800971643329e-08 -2.714147352790747632e-12 -2.479827602231256645e+00 -1.914511398197522363e+00 -2.479827602231249095e+00 -3.770895632294967714e-01
9.206710771132227364e+02 -1.373711984953641177e-08 -4.043289577179810976e+02 -2.134622157454692115e+03 -1.373116852635417924e-08 -1.814787468808521226e+03 1.180163355331583642e-08 1.180163355331583642e-08 4.269244314909384229e+03 4.948346169355660962e+00 2.017047497499234534e-08 -2.502068900812134076e-12 -2.474173084677836254e+00 -1.943354719843784828e+00 -2.474173084677830481e+00 -3.811604922839078036e-01
9.640609682100265445e+02 -1.247568229040145737e-08 -3.698279359946452587e+02 -2.137991339032933865e+03 -1.247051165564942055e-08 -1.812385104066607482e+03 1.074896906461427805e-08 1.074896906461427805e-08 4.275982678065867731e+03 4.947611402660521129e+00 1.838031021527355526e-08 -2.303827144808849402e-12 -2.473805701330265006e+00 -1.968083121109054812e+00 -2.473805701330260565e+00 -3.848183342399135731e-01
1.009495761874310119e+03 -1.136085509918074056e-08 -3.395463444412667400e+02 -2.145466874456067217e+03 -1.135629721848994476e-08 -1.813989672614906112e+03 9.811853985644892809e-09 9.811853985644892809e-09 4.290933748912134433e+03 4.956791296117052603e+00 1.678463366663151601e-08 -2.119475301079998880e-12 -2.478395648058529854e+00 -1.989556577656175218e+00 -2.478395648058526302e+00 -3.881784384583898406e-01
1.057071831394982837e+03 -1.039505140400849536e-08 -3.147619145999300372e+02 -2.161198767732892520e+03 -1.039097525886386206e-08 -1.823203068467861840e+03 8.993964936473546152e-09 8.993964936473546152e-09 4.322397535465785040e+03 4.985608168135212459e+00 1.539018605820105381e-08 -1.953329632582544050e-12 -2.492804084067609338e+00 -2.013426992143377170e+00 -2.492804084067606230e+00 -3.922619702002666520e-01
1.106890091994133400e+03 -9.442349782975986176e-09 -2.895010155901264852e+02 -2.160536359129278026e+03 -9.438713460456778726e-09 -1.818872572748642597e+03 8.183108136545904145e-09 8.183108136545904145e-09 4.321072718258556051e+03 4.977067134330437348e+00 1.400653790795255334e-08 -1.784900444704379879e-12 -2.488533567165221339e+00 -2.019592934626221581e+00 -2.488533567165218674e+00 -3.930175569998596852e-01
1.159056214881744381e+03 -8.583434717254088692e-09 -2.679241820460960071e+02 -2.159936646780554383e+03 -8.580169207418864533e-09 -1.815145781399204907e+03 7.447788597698629217e-09 7.447788597698629217e-09 4.319873293561108767e+03 4.969303194988741623e+00 1.275053489352167708e-08 -1.629278837836183928e-12 -2.484651597494373476e+00 -2.022884130027903016e+00 -2.484651597494370812e+00 -3.933608571640960783e-01
1.213680851398492223e+03 -7.821624433414326334e-09 -2.506120752918695871e+02 -2.163039288303821195e+03 -7.818686954604265003e-09 -1.815100717041114649e+03 6.792291438154279770e-09 6.792291438154279770e-09 4.326078576607642390e+03 4.970800965845246111e+00 1.162991113764008982e-08 -1.489989746596474748e-12 -2.485400482922625720e+00 -2.029944953366252136e+00 -2.485400482922623056e+00 -3.944372384069743664e-01
1.270879867722082508e+03 -7.233985240123078736e-09 -2.411244334951444444e+02 -2.197190418400724866e+03 -7.231379405239024219e-09 -1.841743374499328183e+03 6.285566447193489448e-09 6.285566447193489448e-09 4.394380836801449732e+03 5.044890901505176828e+00 1.076328804306242810e-08 -1.388989474832617117e-12 -2.522445450752591078e+00 -2.079466930070795083e+00 -2.522445450752588414e+00 -4.031769336280166538e-01
1.330774590634944389e+03 -6.621583306672721262e-09 -2.289433163836453105e+02 -2.209096561442014263e+03 -6.619297500508009781e-09 -1.849701882907344498e+03 5.757272351938902089e-09 5.757272351938902089e-09 4.418193122884028526e+03 5.068014060051560854e+00 9.859720328738352664e-09 -1.281428349552161246e-12 -2.534007030025783092e+00 -2.107977125208045255e+00 -2.534007030025780427e+00 -4.078429258355192877e-01
1.393492064874599237e+03 -6.044849010385182651e-09 -2.170867530613928409e+02 -2.214972085930736739e+03 -6.042870757905068229e-09 -1.852753205385703950e+03 5.259353249642132139e-09 5.259353249642132139e-09 4.429944171861473478e+03 5.077711180243782429e+00 9.007988809797537521e-09 -1.180525838133594742e-12 -2.538855590121893879e+00 -2.134621831073583831e+00 -2.538855590121891215e+00 -4.119806827495447465e-01
1.459165322612588852e+03 -5.492934251703021452e-09 -2.053911967180538056e+02 -2.210284968406404914e+03 -5.491248111240878135e-09 -1.847148512155971503e+03 4.782074146941717119e-09 4.782074146941717119e-09 4.420569936812809829e+03 5.063551379123544471e+00 8.191336266064460446e-09 -1.083491270612206496e-12 -2.531775689561774900e+00 -2.154056486244505741e+00 -2.531775689561772236e+00 -4.146014360732729886e-01
1.527933665633543569e+03 -4.974394116761701199e-09 -1.941380904383457846e+02 -2.197905252097276389e+03 -4.972995346890139480e-09 -1.835288522205293702e+03 4.333298218891134868e-09 4.333298218891134868e-09 4.395810504194552777e+03 5.032228082305552519e+00 7.423347601052414938e-09 -9.933192268791518068e-13 -2.516114041152778924e+00 -2.172633490052608085e+00 -2.516114041152776259e+00 -4.167736832708259787e-01
1.599942960812940782e+03 -4.548127351520654585e-09 -1.824300476175662880e+02 -2.208657605537636755e+03 -4.547006125640242760e-09 -1.842369752679037447e+03 3.967262780257961015e-09 3.967262780257961015e-09 4.417315211075273510e+03 5.054286394596607224e+00 6.797774029099652109e-09 -9.238122260086340199e-13 -2.527143197298305388e+00 -2.225331313294038882e+00 -2.527143197298303612e+00 -4.250112366266796116e-01
1.675345949520311251e+03 -4.179532065093357607e-09 -1.692011135608850338e+02 -2.232234844431911824e+03 -4.178638175047382347e-09 -1.859762222106731997e+03 3.652344133785646065e-09 3.652344133785646065e-09 4.464469688863823649e+03 5.105638492621210389e+00 6.260028723804154862e-09 -8.631746917937354510e-13 -2.552819246310606527e+00 -2.289021306723654892e+00 -2.552819246310605195e+00 -4.354290651926789324e-01
1.754302571604160676e+03 -3.831069545496062308e-09 -1.552733263793037679e+02 -2.250288915105213619e+03 -3.830352817457668516e-09 -1.872511122080182759e+03 3.353812714164288900e-09 3.353812714164288900e-09 4.500577830210427237e+03 5.144255462773840826e+00 5.750037223959675698e-09 -8.022731505031450015e-13 -2.572127731386921301e+00 -2.340211376544853117e+00 -2.572127731386920413e+00 -4.437524985670722733e-01
1.836980304645823480e+03 -3.475500739329861933e-09 -1.405095622024645934e+02 -2.244761377171959339e+03 -3.474946358044131232e-09 -1.865755865125484888e+03 3.047680261534438943e-09 3.047680261534438943e-09 4.489522754343918677e+03 5.129098597484489375e+00 5.226623933554082234e-09 -7.379836443919983145e-13 -2.564549298742245131e+00 -2.367862628813987680e+00 -2.564549298742244687e+00 -4.475744836861008102e-01
1.923554519201879884e+03 -3.198811480207785305e-09 -1.278130263540593035e+02 -2.271423532172038904e+03 -3.198327566009999384e-09 -1.885763248134500145e+03 2.809324087807742035e-09 2.809324087807742035e-09 4.542847064344077808e+03 5.187228415445528817e+00 4.819066284109808781e-09 -6.830481331826400850e-13 -2.593614207722764853e+00 -2.405279111787948398e+00 -2.593614207722764409e+00 -4.542178162721288159e-01
2.014208850788612153e+03 -2.875888871467395880e-09 -1.116957394993436736e+02 -2.245687853963208454e+03 -2.875498731068140574e-09 -1.862198498724755609e+03 2.530119025578862280e-09 2.530119025578862280e-09 4.491375707926416908e+03 5.125922602065489109e+00 4.341363368388061051e-09 -6.195642343121313031e-13 -2.562961301032744554e+00 -2.396344490423540030e+00 -2.562961301032744554e+00 -4.517435710326027087e-01
2.109135589397550120e+03 -2.680227462963032314e-09 -1.062521612649936742e+02 -2.297187611797164209e+03 -2.679844246195927711e-09 -1.903704023112946743e+03 2.358924606461971937e-09 2.358924606461971937e-09 4.594375223594328418e+03 5.241013311175118261e+00 4.047888151372734348e-09 -5.760495106383072220e-13 -2.620506655587559131e+00 -2.441043993038544802e+00 -2.620506655587559131e+00 -4.605344163111151912e-01
2.208536087368334393e+03 -2.376283347913212553e-09 -9.042851496681578283e+01 -2.238468282997829192e+03 -2.375915287644232741e-09 -1.853078064666377941e+03 2.094153146892806480e-09 2.094153146892806480e-09 4.476936565995658384e+03 5.104305260741312189e+00 3.594327471872759277e-09 -5.092281252039656241e-13 -2.552152630370656095e+00 -2.362886627120801997e+00 -2.552152630370656095e+00 -4.463703777565985464e-01
2.312621186484020200e+03 -2.196110415004996653e-09 -8.785539233711592999e+01 -2.268738843163851470e+03 -2.195767097730265682e-09 -1.877568151602080889e+03 1.935128840833576289e-09 1.935128840833576289e-09 4.537477686327702941e+03 5.171502974462576674e+00 3.321315907233073450e-09 -4.702670418132673487e-13 -2.585751487231288337e+00 -2.392280615961719370e+00 -2.585751487231288337e+00 -4.519925517313027052e-01
2.421611665194760008e+03 -2.031871608176708922e-09 -8.512039383788248870e+01 -2.302645803810037251e+03 -2.031584670011669501e-09 -1.905022266410716384e+03 1.790663184299161630e-09 1.790663184299161630e-09 4.605291607620074501e+03 5.247383147850033680e+00 3.073430201094121170e-09 -4.378703229401539874e-13 -2.623691573925016840e+00 -2.446536509580252705e+00 -2.623691573925016840e+00 -4.614689483586746910e-01
2.535738706918509706e+03 -1.857170344484938098e-09 -8.079577836365311327e+01 -2.309096589058702648e+03 -1.856934636533744836e-09 -1.909675230948376111e+03 1.637092057420217907e-09 1.637092057420217907e-09 4.618193178117405296e+03 5.260664686853183447e+00 2.809950455705922408e-09 -4.026811752882258726e-13 -2.630332343426592612e+00 -2.470911905154479005e+00 -2.630332343426591724e+00 -4.653371094210100867e-01
2.654978865973005213e+03 -1.712110338355474221e-09 -7.497825231610153196e+01 -2.337165093746292314e+03 -1.711929957723936578e-09 -1.931869358828815848e+03 1.510398242004517835e-09 1.510398242004517835e-09 4.674330187492584628e+03 5.323400937962597723e+00 2.592813994577136973e-09 -3.748617499731896148e-13 -2.661700468981298862e+00 -2.528003779864464562e+00 -2.661700468981298862e+00 -4.749884511382162500e-01
