# Transfer functions T_i(k) for adiabatic (AD) mode (normalized to initial curvature=1)
# d_i   stands for (delta rho_i/rho_i)(k,z) with above normalization
# d_tot stands for (delta rho_tot/rho_tot)(k,z) with rho_Lambda NOT included in rho_tot
# (note that this differs from the transfer function output from CAMB/CMBFAST, which gives the same
#  quantities divided by -k^2 with k in Mpc^-1; use format=camb to match CAMB)
# t_i   stands for theta_i(k,z) with above normalization
# t_tot stands for (sum_i [rho_i+p_i] theta_i)/(sum_i [rho_i+p_i]))(k,z)
# If some neutrino species are massless, or degenerate, the d_ncdm and t_ncdm columns may be missing below.
# 1:k (h/Mpc)              2:d_g                    3:d_b                    4:d_cdm                  5:d_ur        6:d_ncdm[0]              7:d_ncdm[1]              8:d_ncdm[2]              9:d_tot                 10:phi     11:psi                   12:h                     13:h_prime               14:eta                   15:eta_prime     16:t_g                   17:t_b                   18:t_ur        19:t_ncdm[0]             20:t_ncdm[1]             21:t_ncdm[2]             22:t_tot
7.016026248427303308e-06 -8.786541752133167631e-05 -6.590237466569700663e-05 -6.590237502709257180e-05 -8.786534414559621635e-05 -6.593562421318916518e-05 5.992050921684697329e-01 5.982675146457301363e-01 1.318047500541851436e-04 3.808944105336246300e-08 1.000012649060434411e+00 3.773053435514354153e-09 -1.921938315487052209e-12 -2.972751374793624212e-16 -1.972814448671213203e-12 -3.965195798242183403e-15
7.346681378602682049e-06 -1.014283807141780705e-04 -7.607547701908763411e-05 -7.607547747653504143e-05 -1.014282877164653226e-04 -7.611385845899484328e-05 5.992050730376918821e-01 5.982675006125610651e-01 1.521509549530700829e-04 4.396916238704466449e-08 1.000012597972522510e+00 3.769583275182559520e-09 -2.432655263825322215e-12 -3.762717709998161413e-16 -2.497078729952842640e-12 -5.018891211787237321e-15
7.692919804968807398e-06 -1.162997187318303371e-04 -8.723005875657075209e-05 -8.723005933167338037e-05 -1.162996016700307251e-04 -8.727406698301935588e-05 5.992050327355465944e-01 5.982674662813994848e-01 1.744601186633467607e-04 5.041614982929706743e-08 1.000012541952680190e+00 3.765778691543724529e-09 -3.058436240802126301e-12 -4.730692983002080204e-16 -3.139464305795818365e-12 -6.309987819001665961e-15
8.055475945648996308e-06 -1.326056342100631776e-04 -9.946081390358631875e-05 -9.946081462258428646e-05 -1.326054876993638530e-04 -9.951099151410843478e-05 5.992049930766801813e-01 5.982674331941633117e-01 1.989216292451685729e-04 5.748512959738503379e-08 1.000012480529141712e+00 3.761606612619624126e-09 -3.823690795388263607e-12 -5.914297727255213005e-16 -3.925028040419749618e-12 -7.888844392438999962e-15
8.435118830826382119e-06 -1.504844943611646801e-04 -1.128715686155272192e-04 -1.128715695101881650e-04 -1.504843118728818401e-04 -1.129285105024366157e-04 5.992049478518280958e-01 5.982673956638483448e-01 2.257431390203763300e-04 6.523611097234664566e-08 1.000012413177642445e+00 3.757030956448832502e-09 -4.757869397047262742e-12 -7.359329117638184150e-16 -4.884006377827003879e-12 -9.816229941784071822e-15
8.832653733960031304e-06 -1.700880103648445233e-04 -1.275761675011864368e-04 -1.275761686099625123e-04 -1.700877839997824389e-04 -1.276405258868204367e-04 5.992048999399925968e-01 5.982673563009167639e-01 2.551523372199250247e-04 7.373489147139885554e-08 1.000012339329231503e+00 3.752015665296517840e-09 -5.896504915383134971e-12 -9.120492895812253286e-16 -6.052874462991218448e-12 -1.216545055820494583e-14
9.248923879877925496e-06 -1.915825189804784480e-04 -1.436994369570328744e-04 -1.436994383264235051e-04 -1.915822391773657754e-04 -1.437719269109801292e-04 5.992048444506830052e-01 5.982673104079493376e-01 2.873988766528470101e-04 8.305361802132398936e-08 1.000012258355478689e+00 3.746515995609032456e-09 -7.282443843182606823e-12 -1.126426151981579888e-15 -7.475619530397177535e-12 -1.502491240854202351e-14
9.684812233369864367e-06 -2.151503980947177251e-04 -1.613782494139538173e-04 -1.613782511001644502e-04 -2.151500532989254657e-04 -1.614596549023050753e-04 5.992047892613225901e-01 5.982672656739120853e-01 3.227565022003289004e-04 9.327139547615568559e-08 1.000012169572855214e+00 3.740485482606065918e-09 -8.967348463303835050e-12 -1.387032265005158919e-15 -9.205273573617074435e-12 -1.850119951735177052e-14
1.014124337207417699e-05 -2.409916033532913165e-04 -1.807626788829236743e-04 -1.807626809539206398e-04 -2.409911795900788350e-04 -1.808538593947221860e-04 5.992047271644711515e-01 5.982672155517868573e-01 3.615253619078412795e-04 1.044749635736460347e-07 1.000012072223058990e+00 3.733873861304523260e-09 -1.101347387295280446e-11 -1.703536794312220628e-15 -1.130575548842908085e-11 -2.272277088708172709e-14
1.061918544763084319e-05 -2.693253664989058230e-04 -2.020172784640055441e-04 -2.020172810017528730e-04 -2.693248469011160612e-04 -2.021191762749338660e-04 5.992046547361236097e-01 5.982671561333751109e-01 4.040345620035057459e-04 1.167594301724972455e-07 1.000011965481220733e+00 3.726623961517130267e-09 -1.349586015164416192e-11 -2.087496645082780610e-15 -1.385408985158486180e-11 -2.784443439742271364e-14
1.111965223926092733e-05 -3.003920529299840378e-04 -2.253224779551821818e-04 -2.253224810587425592e-04 -3.003914171215849981e-04 -2.254361260881531574e-04 5.992045715712943643e-01 5.982670875490316842e-01 4.506449621174851185e-04 1.302290780189988558e-07 1.000011848439929629e+00 3.718674728191250187e-09 -1.650489186230659870e-11 -2.552942060955174921e-15 -1.694307340565835681e-11 -3.405268825071025040e-14
1.164370530412823039e-05 -3.344552006902593824e-04 -2.508761185100356352e-04 -2.508761222989438415e-04 -3.344544240813118220e-04 -2.510026494594615317e-04 5.992044867474358716e-01 5.982670187545983120e-01 5.017522445978876830e-04 1.449982473768367874e-07 1.000011720108526569e+00 3.709959251833847885e-09 -2.014945700680145658e-11 -3.116659001303694631e-15 -2.068448471100872444e-11 -4.157217988144187228e-14
1.219245622904435158e-05 -3.718037387672961215e-04 -2.788951228254887447e-04 -2.788951274439738096e-04 -3.718027916878339036e-04 -2.790357781120122831e-04 5.992043946907902319e-01 5.982669444732354735e-01 5.577902548879476192e-04 1.611923145130256539e-07 1.000011579402363404e+00 3.700402984418217945e-09 -2.456067917462168992e-11 -3.799018305454149847e-15 -2.521294213777427361e-11 -5.067346689893995157e-14
1.276706898829335786e-05 -4.127544386131749539e-04 -3.096173415869785789e-04 -3.096173472087668786e-04 -4.127532852972566548e-04 -3.097734822284587200e-04 5.992042903095974316e-01 5.982668594876308088e-01 6.192346944175337571e-04 1.789487518035964822e-07 1.000011425114870844e+00 3.689924725252017396e-09 -2.989647583494489389e-11 -4.624311988292508237e-15 -3.069054254123179914e-11 -6.168233118533699938e-14
1.336876241257729301e-05 -4.576545980705735268e-04 -3.433035757454803061e-04 -3.433035825802983909e-04 -4.576531953653316365e-04 -3.434766937310633744e-04 5.992041752984640368e-01 5.982667660577203339e-01 6.866071651605967817e-04 1.984182917893299068e-07 1.000011255944180943e+00 3.678436103012558667e-09 -3.634692919895720358e-11 -5.622086907508548862e-15 -3.731244817715797242e-11 -7.499099791326659998e-14
1.399881277431950218e-05 -5.068849707137348514e-04 -3.802397848514573061e-04 -3.802397931517892448e-04 -5.068832666249079889e-04 -3.804315157071288872e-04 5.992040463413969009e-01 5.982666606778200835e-01 7.604795863035784895e-04 2.197662115853268535e-07 1.000011070449486450e+00 3.665839086651166847e-09 -4.414091366319626885e-11 -6.827609075461034663e-15 -4.531359411762250147e-11 -9.107164455242069153e-14
1.465855649480956665e-05 -5.608629940190530206e-04 -4.207395216542273537e-04 -4.207395317248633563e-04 -5.608609258377791028e-04 -4.209516582119893907e-04 5.992039073758201884e-01 5.982665479671408493e-01 8.414790634497267127e-04 2.431737295675889964e-07 1.000010867063077180e+00 3.652027079637756591e-09 -5.355384555864460963e-11 -8.283743012873058467e-15 -5.497676490394009763e-11 -1.104925929794268591e-13
1.534939297893202391e-05 -6.200463061031052849e-04 -4.651465860999102987e-04 -4.651465983073269084e-04 -6.200437983654236021e-04 -4.653810935726148887e-04 5.992037566001630067e-01 5.982664256896654820e-01 9.302931966146538167e-04 2.688395503997852833e-07 1.000010644058830778e+00 3.636882938323918898e-09 -6.491730871866867260e-11 -1.004138893104039221e-14 -6.664229774515317276e-11 -1.339378626232977334e-13
1.607278758349176535e-05 -6.849366111482058572e-04 -5.138379437795531591e-04 -5.138379585657191573e-04 -6.849335728721023860e-04 -5.140969762727546060e-04 5.992035884567920023e-01 5.982662889945081774e-01 1.027675917131438315e-03 2.969815516023083647e-07 1.000010399537196948e+00 3.620278315813911264e-09 -7.863021148675290939e-11 -1.216255254612285271e-14 -8.071975350687426837e-11 -1.622305739886040437e-13
1.683027472543225631e-05 -7.560839258140600230e-04 -5.672269344781082773e-04 -5.672269523752093961e-04 -7.560802474244587542e-04 -5.675128530736409669e-04 5.992034046896482780e-01 5.982661398236214234e-01 1.134453904750418792e-03 3.278386256600224634e-07 1.000010131427629290e+00 3.602072415683046309e-09 -9.517261270185055031e-11 -1.472145755596059242e-14 -9.770195650798716334e-11 -1.963611906959426414e-13
1.762346113653963237e-05 -8.340912092812143410e-04 -6.257667730530490227e-04 -6.257667947014256904e-04 -8.340867589235851590e-04 -6.260821656043807134e-04 5.992032038852925790e-01 5.982659767316343968e-01 1.251533589402851381e-03 3.616727145159346836e-07 1.000009837453296413e+00 3.582111552851838573e-09 -1.151221805476057960e-10 -1.780705091979381024e-14 -1.181818653085087288e-10 -2.375214503875287256e-13
1.845402927153620386e-05 -9.196194460333424140e-04 -6.899543953151175560e-04 -6.899544214869800848e-04 -9.196140647489591457e-04 -6.903020981194379815e-04 5.992029812378795173e-01 5.982657959246829860e-01 1.379908842973960170e-03 3.987710340954356343e-07 1.000009515120317882e+00 3.560224238269556980e-09 -1.391736698290549401e-10 -2.152786638654832486e-14 -1.428728647797507409e-10 -2.871450801040121262e-13
1.932374087679250330e-05 -1.013393231361826852e-03 -7.603346886432730363e-04 -7.603347202667045572e-04 -1.013386728046210576e-03 -7.607178101646164389e-04 5.992027398053737519e-01 5.982656000284036768e-01 1.520669440533409114e-03 4.394485018565641818e-07 1.000009161688796278e+00 3.536226509615098244e-09 -1.681632496517525091e-10 -2.601182546717220080e-14 -1.726331569943363551e-10 -3.469568987200852180e-13
2.023444072722755351e-05 -1.116206849059944543e-03 -8.375050989254028072e-04 -8.375051371183892326e-04 -1.116198993508745428e-03 -8.379270457518696617e-04 5.992024741258231701e-01 5.982653844561170997e-01 1.675010274236778465e-03 4.840504253931007942e-07 1.000008774166339265e+00 3.509915881328287520e-09 -2.030964066626438243e-10 -3.141540631061494754e-14 -2.084950991830227306e-10 -4.190317055319655342e-13
2.118806053932377554e-05 -1.228930969339081265e-03 -9.221207135119598164e-04 -9.221207596206839685e-04 -1.228921484384724828e-03 -9.225852187606723006e-04 5.992021810958333417e-01 5.982651466477126867e-01 1.844241519241367937e-03 5.329554236600755135e-07 1.000008349266013452e+00 3.481068359782584250e-09 -2.451826626440390756e-10 -3.792639637945096958e-14 -2.517004563362967652e-10 -5.058651877694163131e-13
2.218662306855666638e-05 -1.352519974216254920e-03 -1.014899826800901494e-03 -1.014899882442775415e-03 -1.352508526744177451e-03 -1.015410981190323012e-03 5.992018618113961193e-01 5.982648875079216166e-01 2.029799764885550830e-03 5.865786365259445987e-07 1.000007883373730477e+00 3.449443949868810860e-09 -2.958772066116198972e-10 -4.576753403196430870e-14 -3.037427851395442590e-10 -6.104590931685553279e-13
2.323224639993033648e-05 -1.488019953307374811e-03 -1.116630021723185933e-03 -1.116630088847694576e-03 -1.488006142036101031e-03 -1.117192307556693796e-03 5.992015114991231517e-01 5.982646034079970310e-01 2.233260177695389152e-03 6.453752617411986562e-07 1.000007372535925310e+00 3.414762632339885746e-09 -3.569295460652513268e-10 -5.521180957645950213e-14 -3.664184080213053017e-10 -7.364236536204927937e-13
2.432714844071979499e-05 -1.636577492810823136e-03 -1.228174865322692252e-03 -1.228174946274523428e-03 -1.636560834995821629e-03 -1.228793193642416714e-03 5.992011266423080684e-01 5.982642912867451868e-01 2.456349892549046857e-03 7.098444098546594348e-07 1.000006812427089997e+00 3.376740488712079761e-09 -4.304440687516212935e-10 -6.658462436698173379e-14 -4.418876717050499978e-10 -8.881006748969771469e-13
2.547365162494962516e-05 -1.799449285813757484e-03 -1.350481239838469344e-03 -1.350481337438154189e-03 -1.799429200746027399e-03 -1.351160991042363096e-03 5.992007050034112714e-01 5.982639493679404730e-01 2.700962674876308377e-03 7.805333397086200386e-07 1.000006198290889659e+00 3.335055056331878923e-09 -5.189515996389858571e-10 -8.027699534320918824e-14 -5.327485725174442523e-10 -1.070711640396323766e-12
2.667418783958794162e-05 -1.978012635201148971e-03 -1.484587368699123635e-03 -1.484587486338689042e-03 -1.977988424464597987e-03 -1.485334436918613315e-03 5.992002404463228071e-01 5.982635721346093449e-01 2.969174972677378083e-03 8.580421129171356810e-07 1.000005524914008292e+00 3.289350774186502463e-09 -6.254954875790351117e-10 -9.675951213677098284e-14 -6.421252791975418507e-10 -1.290535545588596849e-12
2.793130358290468561e-05 -2.173777001045723838e-03 -1.631631655803990897e-03 -1.631631797562272659e-03 -2.173747824638430203e-03 -1.632452497395259694e-03 5.991997340698450580e-01 5.982631613520733582e-01 3.263263595124545318e-03 9.430286640091851380e-07 1.000004786588037264e+00 3.239241254078047217e-09 -7.537353777593357627e-10 -1.165964867497978683e-13 -7.737745486233983830e-10 -1.555122614100056934e-12
2.924766536593587397e-05 -2.388396546548654086e-03 -1.792862309019149563e-03 -1.792862479811784806e-03 -2.388361393131829043e-03 -1.793763995504405774e-03 5.991991781902255010e-01 5.982627107046014636e-01 3.585724959623569612e-03 1.036214418078999505e-06 1.000003977049522597e+00 3.184306547991530897e-09 -9.080706898775247651e-10 -1.404746427744760617e-13 -9.322135804186254098e-10 -1.873551445816769784e-12
3.062606536851101359e-05 -2.623683954975888650e-03 -1.969647963493051986e-03 -1.969648169222731372e-03 -2.623641609237931712e-03 -1.970638239334680363e-03 5.991985684208055440e-01 5.982622161297544983e-01 3.939296338445462745e-03 1.138390389273350184e-06 1.000003089429068792e+00 3.124077350139896728e-09 -1.093792977851417221e-09 -1.692075331368119338e-13 -1.122873740783281707e-09 -2.256738195929314661e-12
3.206942736184088306e-05 -2.881625492445052689e-03 -2.163489287248603586e-03 -2.163489535013997291e-03 -2.881574492855328191e-03 -2.164576632901088395e-03 5.991978991862505488e-01 5.982616730382923631e-01 4.326979070027994582e-03 1.250423903187877962e-06 1.000002116196336166e+00 3.058043424709650273e-09 -1.317263596088446898e-09 -2.037787063527688369e-13 -1.352285288357574783e-09 -2.717807483223008795e-12
3.358081291022823391e-05 -3.164397499768060486e-03 -2.376031722927217024e-03 -2.376032021276542738e-03 -3.164336087408631346e-03 -2.377225423598279454e-03 5.991971650794410964e-01 5.982610775606982401e-01 4.752064042553085475e-03 1.373265953833444102e-06 1.000001049106685302e+00 2.985651455721736066e-09 -1.586129289894048217e-09 -2.453788709032723174e-13 -1.628299395098278720e-09 -3.272538364546339794e-12
3.516342786505619224e-05 -3.474384413190046480e-03 -2.609079455331837164e-03 -2.609079814529701325e-03 -3.474310475049758196e-03 -2.610389675886948691e-03 5.991963612549594531e-01 5.982604253762103808e-01 5.218159629059402650e-03 1.507959273003019429e-06 9.999998790992108422e-01 2.906288251348270651e-09 -1.909586465146307663e-09 -2.954184920379467200e-13 -1.960354906668887747e-09 -3.939901486813881808e-12
3.682062916482884102e-05 -3.814198447244297133e-03 -2.864610706843774123e-03 -2.864611139256890721e-03 -3.814109439445286572e-03 -2.866048573441555905e-03 5.991954792587006473e-01 5.982597100775025600e-01 5.729222278513781443e-03 1.655647193368132444e-06 9.999985962593102018e-01 2.819279568345483426e-09 -2.298685918280379262e-09 -3.556272003100933403e-13 -2.359798994391751585e-09 -4.742702317376754876e-12
3.855593195568782591e-05 -4.186701131838027612e-03 -3.144794546162260618e-03 -3.144795066638551156e-03 -4.186593998863181142e-03 -3.146372235038947651e-03 5.991945119490017513e-01 5.982589252699023197e-01 6.289590133277102313e-03 1.817583335186032762e-06 9.999971897080924821e-01 2.723895471510752699e-09 -2.766717812053814292e-09 -4.280447542414385430e-13 -2.840272349876644292e-09 -5.708356599086867910e-12
4.037301704750867638e-05 -4.595026820961469263e-03 -3.452009291123959382e-03 -3.452009917529462370e-03 -4.594897887384865806e-03 -3.453740125224534149e-03 5.991934516484259676e-01 5.982580650942440625e-01 6.904019835058924741e-03 1.995142248761531018e-06 9.999956475233615638e-01 2.619331631881483839e-09 -3.329653843504016193e-09 -5.151506428880598779e-13 -3.418172093453878171e-09 -6.869819472006546054e-12
4.227573872139197734e-05 -5.042608344726989648e-03 -3.788862688478688602e-03 -3.788863442291409613e-03 -5.042453192411803196e-03 -3.790761242410990283e-03 5.991922894415379064e-01 5.982571222743283679e-01 7.577726884582819226e-03 2.189831082374075236e-06 9.999939566308381211e-01 2.504704306427594098e-09 -4.006693973588649933e-09 -6.199151869147316460e-13 -4.113207865147822974e-09 -8.266704097066898175e-12
4.426813290511037599e-05 -5.533205018702571851e-03 -4.158214044534236896e-03 -4.158214951573988363e-03 -5.533018337296760625e-03 -4.160296258521230424e-03 5.991910153625559232e-01 5.982560885553426244e-01 8.316429903147976727e-03 2.403302370536611732e-06 9.999921026970125526e-01 2.379050288810223752e-09 -4.820917009832814859e-09 -7.459014280831519501e-13 -4.949069952871532823e-09 -9.946624314031421048e-12
4.635442573385247899e-05 -6.070933196707448652e-03 -4.563198486160193780e-03 -4.563199577504454402e-03 -6.070708597165452684e-03 -4.565481789651240803e-03 5.991896178714212207e-01 5.982549548717333021e-01 9.126399155008908803e-03 2.637368058953995746e-06 9.999900700189191527e-01 2.241307083790249315e-09 -5.800055773408693744e-09 -8.974340895352403153e-13 -5.954231866571909473e-09 -1.196680721253786612e-11
4.853904251442220998e-05 -6.660299579799295981e-03 -5.007253579810326191e-03 -5.007254892780320203e-03 -6.660029389301772712e-03 -5.009757025268310113e-03 5.991880860306049161e-01 5.982537121207242015e-01 1.001450978556064041e-02 2.894014865294303904e-06 9.999878413717805392e-01 2.090321477771066560e-09 -6.977449598032211364e-09 -1.079649595280698447e-12 -7.162914369028712797e-09 -1.439603187432385363e-11
5.082661711190781650e-05 -7.306237499013415806e-03 -5.494148478518473024e-03 -5.494150058001768047e-03 -7.305912490995782570e-03 -5.496892886252736747e-03 5.991864060941399783e-01 5.982523490574788161e-01 1.098830011600353609e-02 3.175421154994339169e-06 9.999853978772902385e-01 1.924820164556539156e-09 -8.393160285842869256e-09 -1.298757167229997254e-12 -8.616243265245874869e-09 -1.731695560847492909e-11
5.322200177873104532e-05 -8.014146445360682131e-03 -6.028015926035419636e-03 -6.028017825975990826e-03 -8.013755533713633195e-03 -6.031024040548316721e-03 5.991845645476843174e-01 5.982508547297129553e-01 1.205603565195198165e-02 3.483975402061373403e-06 9.999827188334707850e-01 1.743415741455224741e-09 -1.009533395885015607e-08 -1.562196217962663589e-12 -1.036363994645230630e-08 -2.082890928139577538e-11
5.573027744692502986e-05 -8.789935057810749700e-03 -6.613387300018940332e-03 -6.613389585337291557e-03 -8.789464910051884849e-03 -6.616683958692048430e-03 5.991825452333380264e-01 5.982492163213491976e-01 1.322677917067458311e-02 3.822296471234807093e-06 9.999797815641212617e-01 1.544583220645559180e-09 -1.214181428651712393e-08 -1.878986299297249221e-12 -1.246449109743361195e-08 -2.505125238255473108e-11
5.835676450547240502e-05 -9.640067879946576102e-03 -7.255231082137719376e-03 -7.255233830803525623e-03 -9.639502481339880594e-03 -7.258843396561237907e-03 5.991803319106624448e-01 5.982474203842798044e-01 1.451046766160705125e-02 4.193255812393806321e-06 9.999765612067302856e-01 1.326664530492158365e-09 -1.460212167872209370e-08 -2.259840967423700449e-12 -1.499015339270581530e-08 -3.012740473759237458e-11
6.110703408556359144e-05 -1.057161610606389968e-02 -7.958994967532256187e-03 -7.958998273254922276e-03 -1.057093621671711774e-02 -7.962952518365271418e-03 5.991779043236888924e-01 5.982454501345498832e-01 1.591799654650984455e-02 4.600001853075738988e-06 9.999730305000452679e-01 1.087832337598129549e-09 -1.755977710007418469e-08 -2.717686535058462447e-12 -1.802635998700971183e-08 -3.622968264386991623e-11
6.398691987771303036e-05 -1.159231280491062992e-02 -8.730652147101348667e-03 -8.730656122623558710e-03 -1.159149528740345721e-02 -8.734987192896649655e-03 5.991752435736450444e-01 5.982432909370651863e-01 1.746131224524711742e-02 5.045986645007838650e-06 9.999691595856744497e-01 8.260905414717308244e-10 -2.111510526191749097e-08 -3.268172443049198080e-12 -2.167610951032739810e-08 -4.356510359334238705e-11
6.700253050579889705e-05 -1.271061251498888968e-02 -9.576751905072272003e-03 -9.576756685824232979e-03 -1.270962958805896964e-02 -9.581499604982307572e-03 5.991723264072066346e-01 5.982409233223886513e-01 1.915351337164846596e-02 5.534995201641065247e-06 9.999649157131775823e-01 5.392586065423541944e-10 -2.538865615958700541e-08 -3.929882719954511455e-12 -2.606313241115037385e-08 -5.238235874616972467e-11
7.016026248427330921e-05 -1.393575604558650906e-02 -1.050447522025126264e-02 -1.050448096897068154e-02 -1.393457433387683929e-02 -1.050967387134978115e-02 5.991691285926653565e-01 5.982383276594611665e-01 2.100896193794136307e-02 6.071177554717966402e-06 9.999602630035415718e-01 2.249429326172218169e-10 -3.052521967219015729e-08 -4.725238693126836560e-12 -3.133605102093020715e-08 -6.298017120282932656e-11
7.346681378602710848e-05 -1.527784038113154733e-02 -1.152169563054529500e-02 -1.152170254302548914e-02 -1.527641976360087292e-02 -1.152738691966308758e-02 5.991656222641724705e-01 5.982354815515762425e-01 2.304340508605097829e-02 6.659083978345606827e-06 9.999551621403739432e-01 -1.194625609233205563e-10 -3.669866930473405265e-08 -5.681410561689191387e-12 -3.767336980647017831e-08 -7.571732930508742334e-11
7.692919804968837891e-05 -1.674789419676260202e-02 -1.263704606668857901e-02 -1.263705437804829752e-02 -1.674618650645629675e-02 -1.264327533573996257e-02 5.991617789540431005e-01 5.982323615786551141e-01 2.527410875609659505e-02 7.303703517871868800e-06 9.999495700345216731e-01 -4.968230056699242653e-10 -4.411787535017124379e-08 -6.830579795134938890e-12 -4.528946085485486356e-08 -9.102471641167290931e-11
8.055475945649029172e-05 -1.835795923460754181e-02 -1.385999199944477032e-02 -1.386000199227356566e-02 -1.835590661646935642e-02 -1.386680852458494623e-02 5.991575661097735539e-01 5.982289413336222550e-01 2.772000398454713133e-02 8.010506334785488490e-06 9.999434394704623807e-01 -9.102527208578726876e-10 -5.303361424987281990e-08 -8.211707608458862219e-12 -5.444174115308606339e-08 -1.094197434005771741e-10
8.435118830826415662e-05 -2.012117782297831795e-02 -1.520091169753078758e-02 -1.520092371145011917e-02 -2.011871078866094703e-02 -1.520836898031325060e-02 5.991529471925803874e-01 5.982251909314557636e-01 3.040184742290023834e-02 8.785490075144555163e-06 9.999367187091968701e-01 -1.363166390538518986e-09 -6.374698222446278726e-08 -9.871596467782544261e-12 -6.543927680063064590e-08 -1.315236442895770998e-10
8.832653733960066540e-05 -2.205188690620854888e-02 -1.667118427957902174e-02 -1.667119872270531392e-02 -2.204892201201723995e-02 -1.667934034853567685e-02 5.991478840481508916e-01 5.982210793933834259e-01 3.334239744541062783e-02 9.635230645362594242e-06 9.999293510467994750e-01 -1.859295105375191953e-09 -7.661945599603725478e-08 -1.186633668216542883e-11 -7.865309530854479744e-08 -1.580822022245786346e-10
9.248923879877960733e-05 -2.416571854214559500e-02 -1.828328611332899131e-02 -1.828330347599042491e-02 -2.416215561151006247e-02 -1.829220383337581621e-02 5.991423339276710225e-01 5.982165718178137359e-01 3.656660695198084982e-02 1.056693799077357100e-05 9.999212743992793584e-01 -2.402709419125494079e-09 -9.208492230337333560e-08 -1.426332100763442997e-11 -9.452854126511874646e-08 -1.899905999198311982e-10
9.684812233369901636e-05 -2.647970736306306389e-02 -2.005089659668377738e-02 -2.005091746804475022e-02 -2.647542612789735572e-02 -2.006064398316528830e-02 5.991362503501062031e-01 5.982116303661277890e-01 4.010183493608950045e-02 1.158851715225044271e-05 9.999124207360711170e-01 -2.997854405284115469e-09 -1.106640877672308255e-07 -1.714350573553986618e-11 -1.136000735414097203e-07 -2.283231572205154685e-10
1.014124337207421528e-04 -2.901240475580679767e-02 -2.198901405541705753e-02 -2.198903914311074390e-02 -2.900726088615923973e-02 -2.199966458771203046e-02 5.991295818614827962e-01 5.982062128826660663e-01 4.397807828622148779e-02 1.270863525526602791e-05 9.999027155256547950e-01 -3.649582284226866407e-09 -1.329817867438610095e-07 -2.060390655804218275e-11 -1.365089818740939084e-07 -2.743689708987082820e-10
1.061918544763088148e-04 -3.178400017993691928e-02 -2.411408287528462452e-02 -2.411411302986437785e-02 -3.177782040424442789e-02 -2.412571580511671185e-02 5.991222728343815751e-01 5.982002741243781507e-01 4.822822605972875570e-02 1.393679487286071692e-05 9.998920771640659177e-01 -4.363183634186392576e-09 -1.597875578879440122e-07 -2.476125134942599210e-11 -1.640245904796265926e-07 -3.296745079249051337e-10
1.111965223926096764e-04 -3.481644877097910679e-02 -2.644413275640512123e-02 -2.644416899913822061e-02 -3.480902523649091751e-02 -2.645683340086704693e-02 5.991142616316622593e-01 5.981937636228785715e-01 5.288833799827644122e-02 1.528341453516535858e-05 9.998804162285858110e-01 -5.144422276423397308e-09 -1.919804557176734522e-07 -2.975551820745777658e-11 -1.970696190998614239e-07 -3.960946596221225971e-10
1.164370530412827071e-04 -3.813360582034087953e-02 -2.899893151380422002e-02 -2.899897507100658925e-02 -3.812468921944557609e-02 -2.901279152540660322e-02 5.991054819834181755e-01 5.981866272163504084e-01 5.799795014201317850e-02 1.675991685253672579e-05 9.998676348667768776e-01 -5.999589312377684749e-09 -2.306386128622859991e-07 -3.575416154412569860e-11 -2.367505105775654520e-07 -4.758536624212303767e-10
1.219245622904439495e-04 -4.176136689904678262e-02 -3.180015235222207609e-02 -3.180020469772626424e-02 -4.175065813082261268e-02 -3.181526995380033751e-02 5.990958597491692350e-01 5.981788042473792366e-01 6.360040939545252847e-02 1.837882528542597227e-05 9.998536258676312682e-01 -6.935523972609255378e-09 -2.770544081006995234e-07 -4.295906992016287213e-11 -2.843936626877041608e-07 -5.716180013921899699e-10
1.276706898829340394e-04 -4.572781297566555492e-02 -3.487155747285061030e-02 -3.487162037532350045e-02 -4.571495345194318688e-02 -3.488803763746102515e-02 5.990853148215528057e-01 5.981702290606184524e-01 6.974324075064700090e-02 2.015387000830775832e-05 9.998382719450187306e-01 -7.959660677324063609e-09 -3.327768551560244940e-07 -5.161154861585450511e-11 -3.415887081894121331e-07 -6.865834290281710359e-10
1.336876241257733977e-04 -5.006335977889204980e-02 -3.823919915068629133e-02 -3.823927473451065734e-02 -5.004791963741885008e-02 -3.825715371337077425e-02 5.990737593710331321e-01 5.981608296539583369e-01 7.647854946902131468e-02 2.210010406798333494e-05 9.998214446322643001e-01 -9.080106381156910099e-09 -3.996618318322059975e-07 -6.200116902880952648e-11 -4.102401535389549133e-07 -8.245788226490331693e-10
1.399881277431955131e-04 -5.480090939052924964e-02 -4.193164018269440046e-02 -4.193173099807515070e-02 -5.478237346790093554e-02 -4.195118785441054321e-02 5.990610971927040618e-01 5.981505270773239680e-01 8.386346199615030139e-02 2.423403066264737376e-05 9.998030034104286035e-01 -1.030563887632490516e-08 -4.799321197614624966e-07 -7.447532466541563357e-11 -4.926289745215798290e-07 -9.901900748311663294e-10
1.465855649480961916e-04 -5.997600236124833728e-02 -4.598019552338254018e-02 -4.598030463095158227e-02 -5.995375347929085552e-02 -4.600146177999217545e-02 5.990472231964351080e-01 5.981392349642350448e-01 9.196060926190316454e-02 2.657374259677550539e-05 9.997827944665038657e-01 -1.164579567427274892e-08 -5.762490312513607003e-07 -8.944992545340963132e-11 -5.914859998886180328e-07 -1.188907688473330884e-09
1.534939297893208015e-04 -6.562696758054573087e-02 -5.041919708361586316e-02 -5.041932815713226490e-02 -6.560026663535395430e-02 -5.044231389418725453e-02 5.990320224490359724e-01 5.981268587489152466e-01 1.008386563142645298e-01 2.913907513876960953e-05 9.997606495247133296e-01 -1.311092823366433454e-08 -6.917975621896678669e-07 -1.074234226561033124e-10 -7.100792802545033295e-07 -1.427302557659953871e-09
1.607278758349182295e-04 -7.179506670508989385e-02 -5.528628394926230621e-02 -5.528644139704468052e-02 -7.176302885396527997e-02 -5.531138929706771318e-02 5.990153692916274641e-01 5.981132948934323457e-01 1.105728827940893610e-01 3.195177351957672587e-05 9.997363846497847595e-01 -1.471221828506633575e-08 -8.303877241990048476e-07 -1.289927957536452672e-10 -8.523180035245256359e-07 -1.713235000253423768e-09
1.683027472543232000e-04 -7.852462879573790522e-02 -6.062272043008112149e-02 -6.062290954106087926e-02 -7.848619516120174111e-02 -6.064995757394749110e-02 5.989971264177231802e-01 5.980984301048056784e-01 1.212458190821217585e-01 3.503567644192595040e-05 9.997097986147239768e-01 -1.646176965733621419e-08 -9.965749327781183798e-07 -1.548728133434721889e-10 -1.022875927642910084e-06 -2.056103108594529524e-09
1.762346113653969946e-04 -8.586316984598706126e-02 -6.647374459024837923e-02 -6.647397170786689680e-02 -8.581707397484870936e-02 -6.650326099949512015e-02 5.989771438976310147e-01 5.980821404621031734e-01 1.329479434157337936e-01 3.841691716110069406e-05 9.996806713831818403e-01 -1.837265152031959072e-08 -1.195802927584518991e-06 -1.859186858500944199e-10 -1.227337850980964063e-06 -2.467137506021505370e-09
1.845402927153627366e-04 -9.386149108887591186e-02 -7.288895013551931201e-02 -7.288922286779889181e-02 -9.380621888821884247e-02 -7.292089602209980703e-02 5.989552579078354366e-01 5.980642902933894778e-01 1.457784457355977836e-01 4.212414382400556009e-05 9.996487626144365812e-01 -2.045894706772992020e-08 -1.434573077335672651e-06 -2.231533880448685421e-10 -1.472373176840801725e-06 -2.959750633961192544e-09
1.932374087679258055e-04 -1.025737474709211006e-01 -7.992270489831487801e-02 -7.992303236537744160e-02 -1.025074900196047273e-01 -7.995723124629891543e-02 5.989312897664521573e-01 5.980447313286808564e-01 1.598460647307548832e-01 4.618876079168285213e-05 9.996138097265687694e-01 -2.273580436296947623e-08 -1.720644823927470326e-06 -2.677994479693779675e-10 -1.765941248094025763e-06 -3.549950071169741985e-09
2.023444072722763414e-04 -1.120574779374652191e-01 -8.763460928484234636e-02 -8.763500241913743660e-02 -1.119780749853692692e-01 -8.767186527046243183e-02 5.989050443807785173e-01 5.980233013641242934e-01 1.752700048382748732e-01 5.064519302483725072e-05 9.995755257569628460e-01 -2.521948695815737520e-08 -2.063272089303340795e-06 -3.213189393065032682e-10 -2.117533867765642168e-06 -4.256826678622746109e-09
2.118806053932385889e-04 -1.223735836757804119e-01 -9.608999856772980352e-02 -9.609047046829019556e-02 -1.222784576288715314e-01 -9.613012822581692984e-02 5.988763089829615138e-01 5.979998230070600052e-01 1.921809409365803911e-01 5.553117569163059693e-05 9.995335974410030078e-01 -2.792741990642220617e-08 -2.473482809641154723e-06 -3.854566903974399359e-10 -2.538461239872645558e-06 -5.103130488263591399e-09
2.218662306855675515e-04 -1.335862421845176728e-01 -1.053604932217108298e-01 -1.053610595722799248e-01 -1.334723202318031932e-01 -1.054036311955013211e-01 5.988448521229376986e-01 5.979741027263018038e-01 2.107221191445598496e-01 6.088807136954832303e-05 9.994876836361705763e-01 -3.087821467562153902e-08 -2.964407953441404426e-06 -4.622881758522073760e-10 -3.042188431918005340e-06 -6.115948003250081076e-09
2.323224639993043134e-04 -1.457627452319939509e-01 -1.155246014080362760e-01 -1.155252810121716184e-01 -1.456263634845000043e-01 -1.155708676292313414e-01 5.988104208569169362e-01 5.979459288384678661e-01 2.310505620243432368e-01 6.676121728443250520e-05 9.994374108764900733e-01 -3.409168950104873641e-08 -3.551663052499053636e-06 -5.543161743355105374e-10 -3.644729999793772465e-06 -7.327497598724202778e-09
2.432714844071989324e-04 -1.589732217733852704e-01 -1.266683794482410808e-01 -1.266691947849607758e-01 -1.588100221397193423e-01 -1.267178724105740006e-01 5.987727405264116065e-01 5.979150699866979668e-01 2.533383895699215516e-01 7.320030581952450687e-05 9.993823733439007873e-01 -3.758887529592530987e-08 -4.253808098843979587e-06 -6.644784173556516032e-10 -4.365112423893546700e-06 -8.776060639756731916e-09
2.547365162494972884e-04 -1.732902577356626728e-01 -1.388861545368534900e-01 -1.388871325150414504e-01 -1.730950562529304793e-01 -1.389389430501424272e-01 5.987315119166375377e-01 5.978812738184073883e-01 2.777742650300829008e-01 8.025980077446308802e-05 9.993221278879462766e-01 -4.139201897646142467e-08 -5.092865870136520584e-06 -7.963050173254385217e-10 -5.225913326220916856e-06 -1.050706864755708313e-08
2.667418783958805275e-04 -1.887883479490849448e-01 -1.522813166231504478e-01 -1.522824894039638277e-01 -1.885549883497972534e-01 -1.523374295871225970e-01 5.986864099927184935e-01 5.978442648862638542e-01 3.045649788079276554e-01 8.799939337494318357e-05 9.992561924160554554e-01 -4.552451833849412299e-08 -6.094941617980651929e-06 -9.539727510678184261e-10 -6.253889119261016994e-06 -1.257436841874397119e-08
2.793130358290480081e-04 -2.055431825149932334e-01 -1.669671851525847961e-01 -1.669685912058705424e-01 -2.052643576921578672e-01 -1.670265991159572694e-01 5.986370816847813581e-01 5.978037430555760423e-01 3.339371824117410847e-01 9.648450122558093053e-05 9.991840421566552388e-01 -5.001087735616182396e-08 -7.290927703738145332e-06 -1.142476334098436700e-09 -7.480702125042785530e-06 -1.504168854466599773e-08
2.924766536593599391e-04 -2.236307048009919252e-01 -1.830679581666950495e-01 -1.830696434534260508e-01 -2.232977554920556051e-01 -1.831305821156852254e-01 5.985831438937385673e-01 5.977593809464238905e-01 3.661392869068521017e-01 1.057868144728895836e-04 9.991051065339947579e-01 -5.487659317514212245e-08 -8.717329844275210961e-06 -1.367727336592080945e-09 -8.943759668723269202e-06 -1.798433213667592021e-08
3.062606536851113963e-04 -2.431259125704285928e-01 -2.007197511142427837e-01 -2.007217704403836955e-01 -2.427286022943199728e-01 -2.007854080035811617e-01 5.985241811304466975e-01 5.977108212999583392e-01 4.014435408807673911e-01 1.159848934035113060e-04 9.990187653296637160e-01 -6.014801589780576159e-08 -1.041721699523042250e-05 -1.636665489448007555e-09 -1.068717740976568352e-05 -2.149112142736598611e-08
3.206942736184100503e-04 -2.641013957789077882e-01 -2.200717337099794835e-01 -2.200741525325116965e-01 -2.636276231135848969e-01 -2.201401384023267127e-01 5.984597435890600670e-01 5.976576759978040609e-01 4.401483050650233930e-01 1.271648222924725885e-04 9.989243452826318537e-01 -6.585211265909846065e-08 -1.244127572283791085e-05 -1.957627556824746739e-09 -1.276287924360417040e-05 -2.566661929711575708e-08
3.358081291022836537e-04 -2.866254767676235105e-01 -2.412873744289026345e-01 -2.412902707847627004e-01 -2.860609730320780586e-01 -2.413581070295118813e-01 5.983893451421740117e-01 5.975995226038484098e-01 4.825805415695254008e-01 1.394209245742692946e-04 9.988211163505038570e-01 -7.201624060101087598e-08 -1.484905465071224065e-05 -2.340392525611252971e-09 -1.523184473493124779e-05 -3.063364930144328187e-08
3.516342786505633725e-04 -3.107599781518321502e-01 -2.645458013985126366e-01 -2.645492681561334436e-01 -3.100879630866127945e-01 -2.646182753969830714e-01 5.983124599666157506e-01 5.975359008085676660e-01 5.290985363122668872e-01 1.528565452689298765e-04 9.987082871756696179e-01 -7.866775457142661864e-08 -1.771034422648877252e-05 -2.796412648229337057e-09 -1.816551282141836969e-05 -3.653613462755410448e-08
3.682062916482898196e-04 -3.365575789249447003e-01 -2.900432918798736548e-01 -2.900474397062197673e-01 -3.357583312075944071e-01 -2.901167165860064623e-01 5.982285219522983644e-01 5.974663122286746342e-01 5.800948794124395347e-01 1.675849060253277608e-04 9.985850016968957910e-01 -8.583361827781556052e-08 -2.110667941204364775e-05 -3.339375742206246357e-09 -2.164734761737265265e-05 -4.354226835586419015e-08
3.855593195568798176e-04 -3.640585655897022321e-01 -3.179949005245338300e-01 -3.179998608082132971e-01 -3.631090098766934227e-01 -3.180682360939840470e-01 5.981369203239550458e-01 5.973902138615432289e-01 6.359997216164265943e-01 1.837300404775340081e-04 9.984503336711464394e-01 -9.353979635644918935e-08 -2.513309595411073041e-05 -3.985058099508586994e-09 -2.577456501626074537e-05 -5.184800957529484666e-08
4.037301704750884037e-04 -3.932871716656963779e-01 -3.486362406201543029e-01 -3.486421695597449188e-01 -3.921603338345253653e-01 -3.487081457444247135e-01 5.980369997091293799e-01 5.973070187882514315e-01 6.972843391194898377e-01 2.014278162868434927e-04 9.983032843909229737e-01 -1.018106408403890478e-07 -2.989991323166568663e-05 -4.752232778551583808e-09 -3.066001306346046406e-05 -6.168090046305765520e-08
4.227573872139214674e-04 -4.242471918995046054e-01 -3.822254305329167434e-01 -3.822325134604316332e-01 -4.229116536902282064e-01 -3.822942007413688281e-01 5.979280563593105668e-01 5.972160902974872343e-01 7.644650269208632665e-01 2.208270518540237520e-04 9.981427764541878078e-01 -1.106680663325687560e-07 -3.553476332469688301e-05 -5.662712991438107740e-09 -3.643418417795969824e-05 -7.330415270386225172e-08
4.426813290511055353e-04 -4.569170191555763094e-01 -4.190452218549876040e-01 -4.190536783091379225e-01 -4.553363183038166007e-01 -4.191087176810765480e-01 5.978093370728594369e-01 5.971167397360016560e-01 8.381073566182758450e-01 2.420907366264672428e-04 9.979676506209693709e-01 -1.201305888394462517e-07 -4.218466611136239278e-05 -6.741884355969566882e-09 -4.324732545653914761e-05 -8.702094482178066254e-08
4.635442573385266602e-04 -4.912440148200458157e-01 -4.594053243843834733e-01 -4.594154138514424113e-01 -4.893760217178783622e-01 -4.594608880389563499e-01 5.976800372799312422e-01 5.970082227657351748e-01 9.188308277028848225e-01 2.653973638772765160e-04 9.977766615462875244e-01 -1.302121998808935481e-07 -5.001818755377879683e-05 -8.018971751596177971e-09 -5.127158990590459880e-05 -1.031788118092937413e-07
4.853904251442240107e-04 -5.271383832469868080e-01 -5.036449451071531858e-01 -5.036569745556466193e-01 -5.249345326111231058e-01 -5.036893054599147490e-01 5.975392999201766253e-01 5.968897370182681961e-01 1.007313949111293239e+00 2.909423857942380074e-04 9.975684737084132836e-01 -1.409210639313181902e-07 -5.922744080228512252e-05 -9.528355695871464056e-09 -6.070314624438128125e-05 -1.221739745268859701e-07
5.082661711190801165e-04 -5.644662201448754635e-01 -5.521355629612583193e-01 -5.521498943211058386e-01 -5.618708735630685291e-01 -5.521647258318786999e-01 5.973862146331320178e-01 5.967604179803982500e-01 1.104299788642211677e+00 3.189398025007694130e-04 9.973416584622779579e-01 -1.522580148934970029e-07 -7.003015531392633043e-05 -1.130920986256871537e-08 -7.176413162247177800e-05 -1.444553623351984344e-07
5.322200177873124454e-04 -6.030423066059409365e-01 -6.052839559324456609e-01 -6.053010149917443794e-01 -5.999920740038828804e-01 -6.052930800619414908e-01 5.972198166309603540e-01 5.966193354579609753e-01 1.210602029983488759e+00 3.496238956855914201e-04 9.970946897295728251e-01 -1.642148452774840349e-07 -8.267131689073215579e-05 -1.340616572482711896e-08 -8.470428994907450973e-05 -1.705280226149620965e-07
5.573027744692524805e-04 -6.426227009796159351e-01 -6.635355059927717791e-01 -6.635557936092746356e-01 -6.390456896957770194e-01 -6.635187647066744798e-01 5.970390882882788963e-01 5.964654925022349063e-01 1.327111587218549271e+00 3.832511210941950356e-04 9.968259432811014120e-01 -1.767724425566604493e-07 -9.742420324292572513e-05 -1.587093177054914261e-08 -9.980209151344064211e-05 -2.009555287186076098e-07
5.835676450547263271e-04 -6.828969856770928937e-01 -7.273778052997177390e-01 -7.274019077499179753e-01 -6.787124065862231159e-01 -7.273282304673704957e-01 5.968429583316656739e-01 5.962978200570017151e-01 1.454803815499835951e+00 4.201021719420664304e-04 9.965336925869794360e-01 -1.898987026109348510e-07 -1.145910440805377508e-04 -1.876073207260349093e-08 -1.173650716308813330e-04 -2.363608061347364381e-07
6.110703408556383267e-04 -7.234815937320974166e-01 -7.973445873492857050e-01 -7.973731911256225491e-01 -7.185991327288410169e-01 -7.972539009004220301e-01 5.966303051505870148e-01 5.961151772740032051e-01 1.594746382251245098e+00 4.604842306418314708e-04 9.962161098560612382e-01 -2.035463662398269425e-07 -1.345020539969430870e-04 -2.214137915766433176e-08 -1.377290675264798594e-04 -2.774248226430215949e-07
6.398691987771329328e-04 -7.639133144902992001e-01 -8.740200162554321306e-01 -8.740539214790690181e-01 -7.582331767046533999e-01 -8.738784446190905886e-01 5.963999581080006163e-01 5.959163475171407320e-01 1.748107842958138036e+00 5.047334227060083734e-04 9.958712641400990773e-01 -2.176507061933570682e-07 -1.575136694202632754e-04 -2.608473803628978412e-08 -1.612559663192812524e-04 -3.248822378659905470e-07
6.700253050579916539e-04 -8.036455685755017342e-01 -9.580433577017105629e-01 -9.580834965622372357e-01 -7.970582486723887250e-01 -9.578394376104717445e-01 5.961507022137997325e-01 5.957000390380927657e-01 1.916166993124474471e+00 5.532174933630216052e-04 9.954971238403180767e-01 -2.321272939964099624e-07 -1.840041453961462493e-04 -3.067239120551897280e-08 -1.883295216924516272e-04 -3.795132655081247684e-07
7.016026248427357755e-04 -8.420460542119496683e-01 -1.050114073084298161e+00 -1.050161525730350931e+00 -8.344332591640308827e-01 -1.049834444664129451e+00 5.958812814263564350e-01 5.954648824579183986e-01 2.100323051460701862e+00 6.063387233686116408e-04 9.950915570486859041e-01 -2.468698129820121929e-07 -2.143677653217455686e-04 -3.599079919872518563e-08 -2.193487500299128934e-04 -4.421305758480375520e-07
7.346681378602739308e-04 -8.783994324474573290e-01 -1.150997363752445990e+00 -1.151053378425412888e+00 -8.696350580623020132e-01 -1.150626562900919359e+00 5.955904054557573657e-01 5.952094332196531390e-01 2.302106756850825775e+00 6.645371082310292657e-04 9.946523364996484595e-01 -2.617482514345251288e-07 -2.490051576026247496e-04 -4.213482516818273957e-08 -2.547184028008437555e-04 -5.135604311133354197e-07
7.692919804968866623e-04 -9.119148236304643884e-01 -1.261530205372223490e+00 -1.261596221331214407e+00 -9.018665344388174798e-01 -1.261050461080601481e+00 5.952767550050598322e-01 5.949321714891530055e-01 2.523192442662428814e+00 7.282938210802806719e-04 9.941771427188371701e-01 -2.766075181729691931e-07 -2.883109042558253923e-04 -4.920498969363325161e-08 -2.948360500465874601e-04 -5.946168308258466966e-07
8.055475945649059801e-04 -9.417394987048965938e-01 -1.382627922612128524e+00 -1.382705590629221604e+00 -9.302715968697723437e-01 -1.382018963806794121e+00 5.949389894531865730e-01 5.946315055180680931e-01 2.765411181258443207e+00 7.981349857283110815e-04 9.936635700919717040e-01 -2.912668700896594583e-07 -3.326574130917344676e-04 -5.730495258475223970e-08 -3.400754204204267835e-04 -6.860681484081334623e-07
8.435118830826447917e-04 -9.669824412865906105e-01 -1.515291333421141085e+00 -1.515382543717694208e+00 -9.539587478080874261e-01 -1.514530226950397518e+00 5.945757554466957195e-01 5.943057767498663990e-01 3.030765087435388416e+00 8.746357885626550787e-04 9.931091352135492656e-01 -3.055204495568876209e-07 -3.823742620417319498e-04 -6.654366075206675085e-08 -3.907658765848843270e-04 -7.885958983529621265e-07
8.832653733960100150e-04 -9.867456363731929025e-01 -1.660614529291702279e+00 -1.660721429154764950e+00 -9.720349141473574317e-01 -1.659675546358574394e+00 5.941856923681411162e-01 5.939532628924321100e-01 3.321442858309529900e+00 9.584249526808320471e-04 9.925112808149332277e-01 -3.191391735015576975e-07 -4.377254967150311137e-04 -7.702252698882259855e-08 -4.471682958265598209e-04 -9.027457932724165354e-07
9.248923879877996241e-04 -1.000170886697351769e+00 -1.819793313630396980e+00 -1.819918344218312667e+00 -9.836509743118287963e-01 -1.818647869730441347e+00 5.937674418677868493e-01 5.935721875871459163e-01 3.639836688436625334e+00 1.050189616557703747e-03 9.918673868015979167e-01 -3.318747130120276727e-07 -4.988814572461395614e-04 -8.884552060246137484e-08 -5.094482035164815724e-04 -1.028873537358360416e-06
9.684812233369939584e-04 -1.006494671652008899e+00 -1.994134402362315317e+00 -1.994280314079103444e+00 -9.880599524576794135e-01 -1.992751050306117211e+00 5.933196516776634288e-01 5.931607266773639697e-01 3.988560628158206889e+00 1.150680639711217437e-03 9.911747743361549734e-01 -3.434655118891561202e-07 -5.658926033418881915e-04 -1.020984191438253772e-07 -5.776478821159304654e-04 -1.167087410977818519e-06
1.014124337207425539e-03 -1.005120183364526687e+00 -2.185065393252763943e+00 -2.185235276609059696e+00 -9.846878977800231914e-01 -2.183409922509068846e+00 5.928409816004228672e-01 5.927170205314998830e-01 4.370470553218119392e+00 1.260718385708920830e-03 9.904307152452845875e-01 -3.536457834702225546e-07 -6.386619753413165035e-04 -1.168537664416315770e-07 -6.516602626786134307e-04 -1.317194655805792663e-06
1.061918544763092295e-03 -9.956994869812106908e-01 -2.394145593754171575e+00 -2.394342911638619231e+00 -9.732160486481483685e-01 -2.392181238971013535e+00 5.923301017855879813e-01 5.922391828705727557e-01 4.788685823277238462e+00 1.381199007341048614e-03 9.896324321744179864e-01 -3.621574320248321576e-07 -7.169245239129409938e-04 -1.331631692503010585e-07 -7.312088516093594301e-04 -1.478659080260253975e-06
1.111965223926101101e-03 -9.782228818278365656e-01 -2.623077805344603330e+00 -2.623306413003014370e+00 -9.536707775791575248e-01 -2.620765562288455808e+00 5.917856911214794957e-01 5.917253152424233331e-01 5.246612826006028740e+00 1.513101292940419521e-03 9.887771031483433282e-01 -3.687651883638864136e-07 -8.002383765177787517e-04 -1.510438001186623559e-07 -8.158395443260157455e-04 -1.650581813555651403e-06
1.164370530412831787e-03 -9.531147022551017534e-01 -2.873721043488152382e+00 -2.873985235167116681e+00 -9.265150606703501657e-01 -2.871020130589014840e+00 5.912064226484796681e-01 5.911735140712818248e-01 5.747970470334233362e+00 1.657494088159580789e-03 9.878618484392707177e-01 -3.732750187916864891e-07 -8.879928392768116682e-04 -1.704856651163388217e-07 -9.049318621045987412e-04 -1.831721234224734487e-06
1.219245622904444265e-03 -9.213166553930391967e-01 -3.148104444851523631e+00 -3.148408971953474023e+00 -8.927317306408307784e-01 -3.144972845741944578e+00 5.905909538195871500e-01 5.905818894011548581e-01 6.296817943906948045e+00 1.815544396282568708e-03 9.868837342087308784e-01 -3.755548268995968815e-07 -9.794475764723015784e-04 -1.914250833872165509e-07 -9.977386153576476169e-04 -2.020568326206672502e-06
1.276706898829345219e-03 -8.843596688027537400e-01 -3.448442173868134120e+00 -3.448792325598471820e+00 -8.538848842194541877e-01 -3.444837312432547538e+00 5.899378916547135532e-01 5.899485639028329009e-01 6.897584651196943639e+00 1.988526103883965675e-03 9.858397361803481473e-01 -3.755572431836769379e-07 -1.073804320107233290e-03 -2.137774119563411241e-07 -1.093463588327366022e-03 -2.215501309202317833e-06
1.336876241257739127e-03 -8.443856035458112697e-01 -3.777149791864174766e+00 -3.777551417935145928e+00 -8.121418155036627118e-01 -3.773029166582033689e+00 5.892457674486756281e-01 5.892716879192645418e-01 7.555102835870291855e+00 2.177829501718799368e-03 9.847267307176831297e-01 -3.733413421726422330e-07 -1.170332402312348422e-03 -2.373937582733141960e-07 -1.191386193676232611e-03 -2.415031495950258911e-06
1.399881277431960606e-03 -8.041244140031479359e-01 -4.136855333369866550e+00 -4.137315049712354309e+00 -7.702331802784042614e-01 -4.132177244345442091e+00 5.885120860268343579e-01 5.885485310853861840e-01 8.274630099424708618e+00 2.384967872336292167e-03 9.835399421276977971e-01 -3.690920770263018506e-07 -1.268537931596447907e-03 -2.621174667304330256e-07 -1.291038053599233553e-03 -2.618159385286988877e-06
1.465855649480967554e-03 -7.667815297908781025e-01 -4.530430325812488945e+00 -4.530955562645317514e+00 -7.313345440779724926e-01 -4.525154247633781601e+00 5.877352063658429770e-01 5.877774062067754324e-01 9.061911125290635027e+00 2.611595359529359384e-03 9.822761256874003033e-01 -3.631337223916527867e-07 -1.368397470556905219e-03 -2.877774682056581970e-07 -1.392431793703611262e-03 -2.824841025127040219e-06
1.534939297893214141e-03 -7.358256297887010300e-01 -4.961010248418916468e+00 -4.961609383194897305e+00 -6.988463926247860947e-01 -4.955096917656454991e+00 5.869138962538399396e-01 5.869572624282438644e-01 9.923218766389794609e+00 2.859518864435199332e-03 9.809328705895460354e-01 -3.559323112487284758e-07 -1.470627922734132984e-03 -3.142215442279562131e-07 -1.496329191074112930e-03 -3.036536160499541438e-06
1.607278758349188312e-03 -7.146601560805017073e-01 -5.432006037263851894e+00 -5.432688724205127606e+00 -6.760565788581860414e-01 -5.425417185706052692e+00 5.860458525634210103e-01 5.860862336987850973e-01 1.086537744841025521e+01 3.130704746372624508e-03 9.795061677065612926e-01 -3.480919464266061392e-07 -1.576967827579689972e-03 -3.413686312046266454e-07 -1.604517134671314431e-03 -3.256779363448647189e-06
1.683027472543238397e-03 -7.061816057200013264e-01 -5.947132938412904579e+00 -5.947910471922950748e+00 -6.656994301975027728e-01 -5.939830343095552578e+00 5.851284260899898282e-01 5.851623735448554520e-01 1.189582094384590150e+01 3.427295337200941990e-03 9.779916543373535776e-01 -3.402749455185603006e-07 -1.690431005432409565e-03 -3.692514015176900741e-07 -1.720044276528924108e-03 -3.491684280686995499e-06
1.762346113653976559e-03 -7.122538044671828938e-01 -6.510436282179179912e+00 -6.511322092665883687e+00 -6.694374691465758698e-01 -6.502380097000059145e+00 5.841585995856025670e-01 5.841836169244519761e-01 1.302264418533176737e+01 3.751623699026943905e-03 9.763846066066718121e-01 -3.332429210413713056e-07 -1.815450854984323060e-03 -3.980878295634014231e-07 -1.847343855543342322e-03 -3.750228068573804118e-06
1.845402927153634359e-03 -7.331530779350350358e-01 -7.126318860377368836e+00 -7.127329154405064315e+00 -6.873315600773860501e-01 -7.117465203722452394e+00 5.831329566320787583e-01 5.831477001049073516e-01 1.425465830881012863e+01 4.106229082046349184e-03 9.746798826381692926e-01 -3.276837446092602200e-07 -1.957827377997095955e-03 -4.283361588973064924e-07 -1.992151138619377860e-03 -4.044128645622745821e-06
1.932374087679265048e-03 -7.670942572837072815e-01 -7.799570573217718739e+00 -7.800725128007679032e+00 -7.174048663038362639e-01 -7.789868507004490183e+00 5.820477112008043408e-01 5.820521032101668712e-01 1.560145025601535806e+01 4.493873675314195848e-03 9.728719508811973782e-01 -3.241639563736602891e-07 -2.124372906944218316e-03 -4.607588231515350644e-07 -2.161119682761641469e-03 -4.387115633766092338e-06
2.023444072722770624e-03 -8.099712626370240143e-01 -8.535399958903409967e+00 -8.536723099197839559e+00 -7.554421914981547248e-01 -8.524788217513330935e+00 5.808987574861944614e-01 5.808939760070114255e-01 1.707344619839567912e+01 4.917560349910407580e-03 9.709549167154030158e-01 -3.230158227376514815e-07 -2.322177663356733181e-03 -4.964303415492606043e-07 -2.361063865323339509e-03 -4.793431096900413666e-06
2.118806053932393695e-03 -8.554888931923982920e-01 -9.339468037545080037e+00 -9.340989772355255738e+00 -7.951849854022213782e-01 -9.327872079059471133e+00 5.796817708950481318e-01 5.796700853691094668e-01 1.868197954471051148e+01 5.380551740690120259e-03 9.689226031050965915e-01 -3.242442503400476320e-07 -2.557472709315664668e-03 -5.367324311750814917e-07 -2.597822857141519285e-03 -5.275535981369029077e-06
2.218662306855683809e-03 -8.958320818032730060e-01 -1.021792461273866870e+01 -1.021968188265523381e+01 -8.290622314919600111e-01 -1.020525475964740991e+01 5.783923499600932550e-01 5.783767926848872865e-01 2.043936376531046761e+01 5.886390816724877857e-03 9.667686720055832517e-01 -3.274676842930555820e-07 -2.834190915389618592e-03 -5.832651501117647171e-07 -2.874863114107219404e-03 -5.841227818585259090e-06
2.323224639993051212e-03 -9.229569739473807433e-01 -1.117744624994056046e+01 -1.117948425146380842e+01 -8.495152872072716521e-01 -1.116359781242843852e+01 5.770261346947156422e-01 5.770100253554032443e-01 2.235896850292761684e+01 6.438922416307646911e-03 9.644866792914570386e-01 -3.319216835600275732e-07 -3.152499475217036308e-03 -6.376687173493521446e-07 -3.191909717351817857e-03 -6.490734419750902314e-06
2.432714844071997944e-03 -9.304449206660920790e-01 -1.222527941770101556e+01 -1.222765294902053412e+01 -8.508163927803004123e-01 -1.221013555399711414e+01 5.755790586712554724e-01 5.755654367304610108e-01 2.445530589804106825e+01 7.042319461655657288e-03 9.620704422647664567e-01 -3.365426658067392728e-07 -3.507784614729665511e-03 -7.014049163420359402e-07 -3.544091744236186215e-03 -7.214764296567810249e-06
2.547365162494981666e-03 -9.155878097618003197e-01 -1.336928150442726349e+01 -1.337205620923009874e+01 -8.310439746386740767e-01 -1.335271902133476196e+01 5.740472968524952257e-01 5.740383571945543162e-01 2.674411241846019749e+01 7.701104917413461454e-03 9.595137291320188222e-01 -3.401580136286172318e-07 -3.890726558983717120e-03 -7.754753057450724368e-07 -3.922215541425380821e-03 -7.994777326026071893e-06
2.667418783958814057e-03 -8.811613576818072557e-01 -1.461797048835614810e+01 -1.462122415869838044e+01 -7.936293400449813129e-01 -1.459986816063374704e+01 5.724274455222370106e-01 5.724241021585412259e-01 2.924244831739676087e+01 8.420183682482361778e-03 9.568106689437249068e-01 -3.417608160807002234e-07 -4.289116181570981276e-03 -8.601557371880513614e-07 -4.314751132142987007e-03 -8.806747292239079205e-06
2.793130358290488863e-03 -8.360544378022165546e-01 -1.598057457402931547e+01 -1.598439815855459223e+01 -7.476973960695475485e-01 -1.596082191444072862e+01 5.707164078429816101e-01 5.707181179183979935e-01 3.196879631710918446e+01 9.204871318653658901e-03 9.539555622078517150e-01 -3.407898691606724862e-07 -4.691732488467733816e-03 -9.548522572063961860e-07 -4.711737567138009862e-03 -9.628982928373974742e-06
2.924766536593608173e-03 -7.939607446216579989e-01 -1.746708366885312103e+01 -1.747158282877413882e+01 -7.064851175180629772e-01 -1.744558793462786284e+01 5.689111651020506422e-01 5.689161109635905156e-01 3.494316565754827764e+01 1.006092514199911046e-02 9.509426560402922668e-01 -3.373853793003645518e-07 -5.093855343165801762e-03 -1.058195140001971508e-06 -5.110046724851453198e-03 -1.045305623834814049e-05
3.062606536851120251e-03 -7.697043481958998346e-01 -1.908830737853191906e+01 -1.909360427986300834e+01 -6.835670095470294250e-01 -1.906499506741538497e+01 5.670085810036199492e-01 5.670142254783375746e-01 3.818720855972601669e+01 1.099457856686785612e-02 9.477660485067022078e-01 -3.324357921017426458e-07 -5.502835119199411817e-03 -1.168396982366361408e-06 -5.518332954254911993e-03 -1.129458174813765270e-05
3.206942736184094540e-03 -7.736774049854694413e-01 -2.085593207346642686e+01 -2.086216837189039452e+01 -6.875339783409929462e-01 -2.083074307191788677e+01 5.650050781977855596e-01 5.650089839421482685e-01 4.172433674378078905e+01 1.201257387354889329e-02 9.444193684820394452e-01 -3.274122704023881042e-07 -5.940936410549634179e-03 -1.284002856980522686e-06 -5.958957054609934599e-03 -1.219831334771751482e-05
3.358081291022776364e-03 -8.061283262475904543e-01 -2.278258257184226210e+01 -2.278992401934436174e+01 -7.169776988837446297e-01 -2.275545736464585644e+01 5.628964825655088378e-01 5.628971543944550904e-01 4.557984803868872348e+01 1.312219667401706182e-02 9.408956704933252313e-01 -3.238581113036491549e-07 -6.442211906420840933e-03 -1.404757433929812358e-06 -6.463997523743453093e-03 -1.323126840276715710e-05
3.516342786505356494e-03 -8.542278159673899474e-01 -2.488188713911914363e+01 -2.489053004369221966e+01 -7.585787782752696495e-01 -2.485275167408054386e+01 5.606780682549168393e-01 5.606754960732235338e-01 4.978106008738443933e+01 1.433131262477035928e-02 9.371875453092356478e-01 -3.227953752310225818e-07 -7.041502571370130727e-03 -1.532342970364239780e-06 -7.064107057641734293e-03 -1.446054565245084418e-05
3.682062916481788732e-03 -8.949520895070234294e-01 -2.716853810489860521e+01 -2.717871856842518952e+01 -7.908906413112781753e-01 -2.713729582636203830e+01 5.583446950664406883e-01 5.583403143974480232e-01 5.435743713685037903e+01 1.564839928157175583e-02 9.332871149018022727e-01 -3.241386534749346295e-07 -7.757515403078724461e-03 -1.670702134759831815e-06 -7.772908467259313087e-03 -1.592033574850980831e-05
3.855593195564623130e-03 -9.049501493991957135e-01 -2.965836579234284898e+01 -2.967037013222965669e+01 -7.942459018958618611e-01 -2.962490551251046966e+01 5.558913495563824192e-01 5.558873382337152780e-01 5.934074026445931338e+01 1.708258918410592020e-02 9.291866481272242906e-01 -3.265491567607088333e-07 -8.577688624311323104e-03 -1.825361692992160480e-06 -8.574867495847241644e-03 -1.758376282662927405e-05
4.037301704735909470e-03 -8.744045934770786621e-01 -3.236841179172308358e+01 -3.238258807872242784e+01 -7.631484005707263041e-01 -3.233263645874433934e+01 5.533135629807911515e-01 5.533117210240313666e-01 6.476517615744485568e+01 1.864371561266535762e-02 9.248789609888614649e-01 -3.279870906749981135e-07 -9.456945883580139198e-03 -2.001885260322894623e-06 -9.427647855577626912e-03 -1.936307124810931812e-05
4.227573872087749332e-03 -8.170508830383168553e-01 -3.531699375536282304e+01 -3.533376336732896306e+01 -7.134472082816579741e-01 -3.527886254855304315e+01 5.506073794896295670e-01 5.506081480836526598e-01 7.066752673465792611e+01 2.034235169089547088e-02 9.203571636194732841e-01 -3.268271086007205972e-07 -1.034005508558611883e-02 -2.204033523703002768e-06 -1.028589657696206763e-02 -2.115556324071398017e-05
4.426813290341235357e-03 -7.667715846899055832e-01 -3.852380049067613044e+01 -3.854366786439522485e+01 -6.762463521162089819e-01 -3.848336246091927393e+01 5.477693814428988839e-01 5.477716210242589145e-01 7.708733572879044971e+01 2.218987080944902560e-02 9.156149112067717422e-01 -3.229768233036579374e-07 -1.120367518077899222e-02 -2.432491019857358421e-06 -1.113926144254168311e-02 -2.292484679575642234e-05
4.635442572846592245e-03 -7.569298792163783318e-01 -4.200996583926541206e+01 -4.203352759949122230e+01 -6.773754960925874036e-01 -4.196736175356295462e+01 5.447959705909900530e-01 5.447977642803969456e-01 8.406705519898244461e+01 2.419849068393043617e-02 9.106456288900854901e-01 -3.181726932964733083e-07 -1.209238047473496468e-02 -2.685195650862393287e-06 -1.203843603074667389e-02 -2.476535486774857379e-05
4.853904249797961860e-03 -7.923991215656184250e-01 -4.579814380237327498e+01 -4.582610127906322361e+01 -7.142232601202743725e-01 -4.575357138723427397e+01 5.416827944110228499e-01 5.416828498414475446e-01 9.165220255812644723e+01 2.638131236016340656e-02 9.054419472736848773e-01 -3.148979443922205125e-07 -1.310987175694839670e-02 -2.959724280070178159e-06 -1.307643195917895448e-02 -2.687695614569363440e-05
5.082661706356216176e-03 -8.376852673828015794e-01 -4.991259447044498643e+01 -4.994577128553291345e+01 -7.513430989524281234e-01 -4.986626440674067595e+01 5.384248241916860245e-01 5.384234533049899740e-01 9.989154257106582691e+01 2.875236670283413953e-02 8.999959521825277031e-01 -3.143902335207946041e-07 -1.434668854051658442e-02 -3.256163251778179382e-06 -1.431832915413983921e-02 -2.942150389879904496e-05
5.322200164167804372e-03 -8.413435109091658148e-01 -5.437924622283921394e+01 -5.441861767420861185e+01 -7.481011781053960030e-01 -5.433138684521312456e+01 5.350168589558939036e-01 5.350156314060730001e-01 1.088372353484172237e+02 3.132664912557349413e-02 8.942995984270495358e-01 -3.153224712523074087e-07 -1.578670420343103106e-02 -3.578735642680609234e-06 -1.572937597456852687e-02 -3.235232341050003853e-05
5.573027707197872674e-03 -7.867449016482293001e-01 -5.922575444838486902e+01 -5.927248546487117409e+01 -7.014007280085103879e-01 -5.917669537730831308e+01 5.314542416341364595e-01 5.314544544252549629e-01 1.185449709297423482e+02 3.412016081927974481e-02 8.883453053970180591e-01 -3.147655709103908293e-07 -1.729298072536829614e-02 -3.934701220721067687e-06 -1.718892250275553049e-02 -3.540818736897850431e-05
5.835676351464490902e-03 -7.202696850037734189e-01 -6.448159323431075052e+01 -6.453708467961156714e+01 -6.577581963565413137e-01 -6.443188874742443772e+01 5.277333167918113466e-01 5.277346811869705334e-01 1.290741693592231343e+02 3.714997788614387425e-02 8.821265230476246222e-01 -3.111375270258292056e-07 -1.873994432731212675e-02 -4.331750054554525423e-06 -1.862144004093075483e-02 -3.837775447193121457e-05
6.110703155411770574e-03 -7.095210821767961029e-01 -7.017811793682149357e+01 -7.024404982531359565e+01 -6.652383879869746552e-01 -7.012860085681842293e+01 5.238505522122660629e-01 5.238515770300542496e-01 1.404880996506271913e+02 4.043429443423194464e-02 8.756367595151488548e-01 -3.062313199773330613e-07 -2.019458549646814885e-02 -4.776378055575622664e-06 -2.012470188499110649e-02 -4.142106800812638803e-05
6.398691361923487461e-03 -7.579390143314840289e-01 -7.634864259526216301e+01 -7.642701692842794614e+01 -7.080728717948955309e-01 -7.630036101588862607e+01 5.198016523628291585e-01 5.198014630041637441e-01 1.528540338568558923e+02 4.399245779113246380e-02 8.688688018393282420e-01 -3.033677354866710239e-07 -2.190254257636789492e-02 -5.274480278363094961e-06 -2.189758386961116604e-02 -4.499532652518623514e-05
6.700251551996781567e-03 -7.851361755211222482e-01 -8.302842859421188848e+01 -8.312161369689192725e+01 -7.166809374295376456e-01 -8.298257196978620698e+01 5.155811770077050049e-01 5.155805862128942652e-01 1.662432273937838545e+02 4.784494836972305598e-02 8.618141443478540831e-01 -3.030380095201181160e-07 -2.398733094038205463e-02 -5.830983435338090553e-06 -2.397601940379026630e-02 -4.928039861679510566e-05
7.016022770007446056e-03 -7.339623940711061945e-01 -9.025484009246132189e+01 -9.036562922084360139e+01 -6.684145828408528667e-01 -9.021283441348438714e+01 5.111846166175193495e-01 5.111848615506425775e-01 1.807312584416872028e+02 5.201347044788247331e-02 8.544656239146082299e-01 -3.018879029110978855e-07 -2.622076622289061174e-02 -6.447707304877137700e-06 -2.613646640803597015e-02 -5.382334007953581056e-05
7.346673545321469150e-03 -6.721053215950549831e-01 -9.806719331301533771e+01 -9.819889383679155515e+01 -6.351706243477719394e-01 -9.803094321608881501e+01 5.066081305239981125e-01 5.066089739097876521e-01 1.963977876735831103e+02 5.652089986452465964e-02 8.468164335738740389e-01 -2.976549817003573718e-07 -2.833218817375237827e-02 -7.125101120494915861e-06 -2.824588485069706029e-02 -5.818920052702880765e-05
7.692902675989763024e-03 -6.959022493170222701e-01 -1.065068293142931708e+02 -1.066633787076072366e+02 -6.672663152788392837e-01 -1.064788268849549553e+02 5.018481830060687043e-01 5.018484089575973028e-01 2.133267574152144732e+02 6.139135071354830803e-02 8.388601464627460924e-01 -2.931497938648393183e-07 -3.053602531017094932e-02 -7.872674326096787347e-06 -3.056816138450068471e-02 -6.284538659334963032e-05
8.055439545407197879e-03 -7.495290963848623145e-01 -1.156170214449198710e+02 -1.158031154475178255e+02 -6.907668742907961956e-01 -1.156002398696456481e+02 4.969001269441642443e-01 4.968997214850930377e-01 2.316062308950356510e+02 6.665012319125546147e-02 8.305893046213118636e-01 -2.914944876638196637e-07 -3.326952169409188448e-02 -8.714909823409379430e-06 -3.334719693189294731e-02 -6.852123872585527654e-05
8.435043596908022717e-03 -7.129437797964359724e-01 -1.254428704358898301e+02 -1.256640748236804797e+02 -6.445967954135881639e-01 -1.254408033562791331e+02 4.917590497755226497e-01 4.917590943436680462e-01 2.513281496473609593e+02 7.232358610478699379e-02 8.219961696363230486e-01 -2.900859469728306116e-07 -3.633520270711203259e-02 -9.673071996319942379e-06 -3.629077765299377339e-02 -7.475732220370242848e-05
8.832502376934637037e-03 -6.552616145015759397e-01 -1.360310974003591866e+02 -1.362939789911194453e+02 -6.189405813653533484e-01 -1.360481272310873351e+02 4.864213259628604180e-01 4.864217508678012059e-01 2.725879579822388905e+02 7.843914662287790329e-02 8.130745011628910390e-01 -2.857547273222714418e-07 -3.921946043989282815e-02 -1.074423929568748530e-05 -3.916266937456761715e-02 -8.074087522309892685e-05
9.248627258003178433e-03 -6.993192198992222997e-01 -1.474299516844660900e+02 -1.477422409375679138e+02 -6.562493855525481923e-01 -1.474715088092415556e+02 4.808841209395984251e-01 4.808840180672712683e-01 2.954844818751358275e+02 8.502504981684005925e-02 8.038188596895377014e-01 -2.817584001811385476e-07 -4.233000466741213691e-02 -1.192436816203153593e-05 -4.242809439574276448e-02 -8.730944883200875042e-05
9.684245558101647541e-03 -7.130744607028436377e-01 -1.596876696918603784e+02 -1.600585043242738266e+02 -6.407177186268122604e-01 -1.597601168222039689e+02 4.751420915580260584e-01 4.751419021859999980e-01 3.201170086485476531e+02 9.211009035143538637e-02 7.942214683955256538e-01 -2.799904434673470141e-07 -4.613645602293899722e-02 -1.324706879292897159e-05 -4.615083904528858444e-02 -9.512215551243509795e-05
1.014018729025613179e-02 -6.722993487405409807e-01 -1.728544638974589134e+02 -1.732946373555131174e+02 -6.080396553213915922e-01 -1.729654726335913040e+02 4.691937838598106425e-01 4.691938426742787716e-01 3.465892747110262349e+02 9.972309811022062043e-02 7.842787069750921658e-01 -2.769311739776744375e-07 -5.000783803763465124e-02 -1.475205466801577774e-05 -4.994309610472122407e-02 -1.031194292381596643e-04
1.061726424563623830e-02 -6.554252902524193569e-01 -1.869768567875944711e+02 -1.874990519915699281e+02 -6.097428598947068901e-01 -1.871357376211877579e+02 4.630357370966714514e-01 4.630357225098190033e-01 3.749981039831398562e+02 1.078928947060046190e-01 7.739868141030280535e-01 -2.726123089308387693e-07 -5.392799325917671527e-02 -1.644816268574915191e-05 -5.392564623112887368e-02 -1.113195485771968207e-04
1.111623863620641445e-02 -6.489028534145736549e-01 -2.020998316195701250e+02 -2.027188453526487422e+02 -5.997577394132498352e-01 -2.023175660341518665e+02 4.566684953899101673e-01 4.566684947774360959e-01 4.054376907052974843e+02 1.166460296818760400e-01 7.633441231661071136e-01 -2.693110312728956475e-07 -5.834936637462507375e-02 -1.834009263018244212e-05 -5.832939983798356848e-02 -1.205311951491875151e-04
1.163777829268050276e-02 -6.377684509196812623e-01 -2.182643196221270898e+02 -2.189974279236940049e+02 -5.912814410302410506e-01 -2.185539164266887155e+02 4.500920358508543884e-01 4.500920388979060549e-01 4.379948558473880098e+02 1.260071135064334547e-01 7.523518883378278455e-01 -2.655460344385731247e-07 -6.301632475386061139e-02 -2.046398143039263349e-05 -6.300168982444301347e-02 -1.302707054088642535e-04
1.218239575316782883e-02 -6.287795304025660670e-01 -2.355026765707791583e+02 -2.363699673858223207e+02 -5.824138800615185074e-01 -2.358794759417910427e+02 4.433099801344683732e-01 4.433099789009716241e-01 4.727399347716446414e+02 1.359960391218195397e-01 7.410154969674274117e-01 -2.617903675368937111e-07 -6.801232802857767878e-02 -2.287063073312130658e-05 -6.799853765512221815e-02 -1.407232175246627120e-04
1.275036995066240915e-02 -6.188312755087209682e-01 -2.538375041785708390e+02 -2.548620996577534754e+02 -5.732308893331747868e-01 -2.543193707278564375e+02 4.363313998153003359e-01 4.363314002051316143e-01 5.097241993155069508e+02 1.466251155960174302e-01 7.293460017155499742e-01 -2.578971585683457806e-07 -7.332652756281274331e-02 -2.558061546385300390e-05 -7.331242284956451805e-02 -1.518609631317964840e-04
1.334165215346551012e-02 -6.086957103856619478e-01 -2.732687081152304245e+02 -2.744769966969340089e+02 -5.638219976810787681e-01 -2.738762659953798675e+02 4.291584189685097028e-01 4.291584186418465063e-01 5.489539933938680178e+02 1.579031178308440975e-01 7.173613126509260640e-01 -2.539112055854073982e-07 -7.896512446147975484e-02 -2.860148761220634235e-05 -7.895155179402484069e-02 -1.637021570564850038e-04
1.395576272764381502e-02 -5.982482253923686599e-01 -2.937859619021786557e+02 -2.952077928856955396e+02 -5.541505958709164181e-01 -2.945427731576693304e+02 4.218164973460800105e-01 4.218164974148864710e-01 5.904155857713910791e+02 1.698182085346524595e-01 7.050889320389780446e-01 -2.498462949847210451e-07 -8.492282991679440951e-02 -3.199152171826635929e-05 -8.490911856915041300e-02 -1.762438231871043105e-04
1.459169197771094037e-02 -5.876238261840904809e-01 -3.153456418952715126e+02 -3.170143464219689236e+02 -5.443159953491060188e-01 -3.162782752233382553e+02 4.143241862942866893e-01 4.143241862862556690e-01 6.340286928439378471e+02 1.823496390358897989e-01 6.925651946267281645e-01 -2.456935275372247782e-07 -9.118820627213602981e-02 -3.577528397467925691e-05 -9.117481209255730301e-02 -1.894667176110804811e-04
1.524782537665436873e-02 -5.768244546570370224e-01 -3.378768542815164437e+02 -3.398290311603764735e+02 -5.343105197775473991e-01 -3.390147450858418665e+02 4.067100445137350473e-01 4.067100445117602381e-01 6.796580623207529470e+02 1.954585639521086993e-01 6.798383519066012459e-01 -2.414758642668136785e-07 -9.774244772310056173e-02 -3.998201638907916482e-05 -9.772928488515028600e-02 -2.033376016383432522e-04
1.592191790852090852e-02 -5.658994650899471512e-01 -3.612779756967987623e+02 -3.635531255865711273e+02 -5.241920888270322765e-01 -3.626531638241011706e+02 3.990090518480213233e-01 3.990090518499076477e-01 7.271062511731422546e+02 2.090876600262916718e-01 6.669664383951141584e-01 -2.372186775869310406e-07 -1.045567403492592001e-01 -4.462350744395088232e-05 -1.045438290494270089e-01 -2.178000194034582595e-04
1.661113996103320486e-02 -5.549095806739373637e-01 -3.854188538893513396e+02 -3.880586917615336233e+02 -5.140124126712827257e-01 -3.870654462202365380e+02 3.912618320973451636e-01 3.912618320964871832e-01 7.761173835230672466e+02 2.231630368186618418e-01 6.540172719542814983e-01 -2.329379596203469471e-07 -1.115941784729955893e-01 -4.971691246726766113e-05 -1.115815186813702148e-01 -2.327822148964815046e-04
1.731220526945410204e-02 -5.439140405305046277e-01 -4.101445563529386504e+02 -4.131923382524426529e+02 -5.038277844461479527e-01 -4.120981957868800691e+02 3.835109864803280533e-01 3.835109864806121038e-01 8.263846765048853058e+02 2.375962569250946177e-01 6.410620510425604213e-01 -2.286551623324675890e-07 -1.188105373540523646e-01 -5.526530576254387182e-05 -1.187981284010964506e-01 -2.481954172087252951e-04
1.802157108512350558e-02 -5.329759550793400358e-01 -4.352866912503508274e+02 -4.387861719284887840e+02 -4.936963047560654072e-01 -4.375836968446959077e+02 3.758007570850138701e-01 3.758007570850029344e-01 8.775723438569775681e+02 2.522906526362734825e-01 6.281747461839228830e-01 -2.243948866253059023e-07 -1.261574850972610462e-01 -6.125380803614506576e-05 -1.261453262796045360e-01 -2.639398309322655211e-04
1.873567904158346398e-02 -5.221547492739812002e-01 -4.606730999684110088e+02 -4.646676246295758688e+02 -4.836730728109319699e-01 -4.633497056453747973e+02 3.681728612339367768e-01 3.681728612338929230e-01 9.293352492591517375e+02 2.671468436705142224e-01 6.154250085346867349e-01 -2.201896173424033565e-07 -1.335853335110792905e-01 -6.767426364911610529e-05 -1.335734218552846464e-01 -2.799139544723979432e-04
1.945119215332382842e-02 -5.115027768758958482e-01 -4.861394250806701507e+02 -4.906710965989740885e+02 -4.738065954961775406e-01 -4.892310645505837101e+02 3.606644038644045147e-01 3.606644038644262196e-01 9.813421931979481769e+02 2.820696850921384780e-01 6.028749326674848197e-01 -2.160432641413676573e-07 -1.410465108349139018e-01 -7.448894705070834520e-05 -1.410348425398298133e-01 -2.960160032457123127e-04
2.016518571159649220e-02 -5.010629895511231613e-01 -5.115376652514571560e+02 -5.166466069834710879e+02 -4.641366412253146168e-01 -5.150783247076168436e+02 3.533055659311143404e-01 3.533055659311109542e-01 1.033293213966942176e+03 2.969729869727325555e-01 5.905749393777661727e-01 -2.119767837883481487e-07 -1.484979232417854844e-01 -8.167812931306577527e-05 -1.484864934852958562e-01 -3.121559988160176827e-04
2.087526603101444098e-02 -4.908683656121639594e-01 -5.367430897472075912e+02 -5.424671148906082863e+02 -4.546937613687976887e-01 -5.407649934077038552e+02 3.461195628279696845e-01 3.461195628279659098e-01 1.084934229781216573e+03 3.117838077825860199e-01 5.785638243992762275e-01 -2.080126327664963794e-07 -1.559031007455154161e-01 -8.919933397271993304e-05 -1.558919038927842060e-01 -3.282538242459367246e-04
2.157961254707169152e-02 -4.809419926378823429e-01 -5.616573098528619994e+02 -5.680313715870747728e+02 -4.454993441433529044e-01 -5.661904157291518231e+02 3.391226554966685347e-01 3.391226554966702555e-01 1.136062743174149546e+03 3.264441088391518697e-01 5.668687659620785801e-01 -2.041362875725211408e-07 -1.632330244946395281e-01 -9.701517241508971130e-05 -1.632220544190830236e-01 -3.442451781168999947e-04
2.227695627005176274e-02 -4.712967373990877284e-01 -5.862060215646308734e+02 -5.932624294065537924e+02 -4.365652917131683242e-01 -5.912781676913234605e+02 3.323239805426974613e-01 3.323239805426979609e-01 1.186524858813107585e+03 3.409098657553609746e-01 5.555050640784546800e-01 -2.003805865991117305e-07 -1.704656826079561371e-01 -1.050863773406647534e-04 -1.704549328774642158e-01 -3.600796069537642863e-04
2.296651615026746099e-02 -4.619383865433213665e-01 -6.103383424157682384e+02 -6.181065476018940217e+02 -4.278969904212128750e-01 -6.159750301450575307e+02 3.257274633432462041e-01 3.257274633432457600e-01 1.236213095203788043e+03 3.551503085820832961e-01 5.444792251335037747e-01 -1.967063352838525583e-07 -1.775856902337810961e-01 -1.133925745190888390e-04 -1.775751542911848946e-01 -3.757229355932777018e-04
2.364791502092358083e-02 -4.528674152783725981e-01 -6.340242364666011099e+02 -6.425308864973867458e+02 -4.194948720341916681e-01 -6.402486449623490898e+02 3.193334694728038881e-01 3.193334694728038325e-01 1.285061772994773492e+03 3.691467920977214434e-01 5.337918743288542212e-01 -1.931594162681473803e-07 -1.845837247746941190e-01 -1.218906296569434742e-04 -1.845733960488804282e-01 -3.911497155891266149e-04
2.432109193155692836e-02 -4.440775358077627133e-01 -6.572459288664690575e+02 -6.665153593198386943e+02 -4.113531019829521074e-01 -6.640793118521501128e+02 3.131376373568282023e-01 3.131376373568283134e-01 1.333030718639677389e+03 3.828879988041697380e-01 5.234357488456548024e-01 -1.896997222867547014e-07 -1.914541273419683720e-01 -1.305633743832118675e-04 -1.914439994020458724e-01 -4.063458875349856229e-04
2.498622143774251181e-02 -4.355625163342859429e-01 -6.800023590905991568e+02 -6.900561567671089733e+02 -4.034659178812288194e-01 -6.874636506358225461e+02 3.071354927160671600e-01 3.071354927160671600e-01 1.380112313534217947e+03 3.963719260174488057e-01 5.134033421703908528e-01 -1.863583175407877537e-07 -1.981958964481828067e-01 -1.393702355815227569e-04 -1.981859630087323410e-01 -4.213031841779679492e-04
2.564364499811246784e-02 -4.273120655429161752e-01 -7.022981866790034928e+02 -7.131558645070540479e+02 -3.958237877161294715e-01 -7.104045624751638570e+02 3.013197811539847226e-01 3.013197811539847226e-01 1.426311729014108096e+03 4.096002357086573342e-01 5.036825297592105732e-01 -1.831120406876912979e-07 -2.048098628435735258e-01 -1.482940932000683363e-04 -2.048001178543398249e-01 -4.360206492236852992e-04
2.629381586387591688e-02 -4.193166534950149016e-01 -7.241481847515854042e+02 -7.358266333038611720e+02 -3.884178819805605976e-01 -7.329145836171002202e+02 2.956837938162131807e-01 2.956837938162131807e-01 1.471653266607722344e+03 4.225801586662004117e-01 4.942621023425419202e-01 -1.799517250421444459e-07 -2.112996417056510201e-01 -1.573083866499674064e-04 -2.112900793331021765e-01 -4.505014854518066443e-04
2.693725666540247587e-02 -4.115633377610179444e-01 -7.455655397324184150e+02 -7.580804701443202021e+02 -3.812362093077352188e-01 -7.550058845073701832e+02 2.902184261238652807e-01 2.902184261238652807e-01 1.516160940288640404e+03 4.353187229598550756e-01 4.851268495165302341e-01 -1.768815083934978880e-07 -2.176687467749575389e-01 -1.663920579180837018e-04 -2.176593614799242626e-01 -4.647495394157716308e-04
2.757452789255858058e-02 -4.040421228787200447e-01 -7.665728055669831065e+02 -7.799374790720776218e+02 -3.742695040353073987e-01 -7.766989160689138316e+02 2.849166889433726868e-01 2.849166889433726868e-01 1.559874958144155244e+03 4.478277673143000737e-01 4.762651101978604973e-01 -1.738920215851443920e-07 -2.239230971881187304e-01 -1.755390439768988650e-04 -2.239138836571486213e-01 -4.787758169874735186e-04
2.820620518902283019e-02 -3.967435118167043639e-01 -7.871944949230419297e+02 -8.014198826058080840e+02 -3.675089994347662814e-01 -7.980162199083956693e+02 2.797716742543985280e-01 2.797716742543984725e-01 1.602839765211616168e+03 4.601200919343059192e-01 4.676652606986445582e-01 -1.709865152409926611e-07 -2.300690928190530227e-01 -1.847030428722382404e-04 -2.300600459671538756e-01 -4.925861095919433115e-04
2.883286349439494883e-02 -3.896553071225543063e-01 -8.074503096852652106e+02 -8.225461708098295048e+02 -3.609433674925628388e-01 -8.189764447165523507e+02 2.747749831614296756e-01 2.747749831614296756e-01 1.645092341619659010e+03 4.722066193000337142e-01 4.593133357995820010e-01 -1.681584555450916672e-07 -2.361121946412086114e-01 -1.938796108499870935e-04 -2.361033096500175787e-01 -5.061907460602513417e-04
2.945506634967956505e-02 -3.827699090556227479e-01 -8.273688686969748005e+02 -8.433427035191697314e+02 -3.545655813813875512e-01 -8.396062583458073050e+02 2.699211862857265332e-01 2.699211862857265332e-01 1.686685407038339463e+03 4.841026539376925841e-01 4.512002339347362945e-01 -1.654036934494481902e-07 -2.420600547386502766e-01 -2.030581779417146057e-04 -2.420513269688460700e-01 -5.196035382551404290e-04
3.007335900537832368e-02 -3.760771289007464047e-01 -8.469718505479686428e+02 -8.638296300428690984e+02 -3.483662120097186787e-01 -8.599260151255805340e+02 2.652030507662147540e-01 2.652030507662147540e-01 1.727659260085738197e+03 4.958198731390836556e-01 4.433138470803122400e-01 -1.627252868836930905e-07 -2.479185115208965007e-01 -2.122225310086185343e-04 -2.479099365695415780e-01 -5.328337683983628680e-04
3.068826427439674820e-02 -3.695697220400814276e-01 -8.662873421167965944e+02 -8.840327946420520675e+02 -3.423385149676411165e-01 -8.799618655929325541e+02 2.606156516179262139e-01 2.606156516179262139e-01 1.768065589284104135e+03 5.073735357619810760e-01 4.356460117401293464e-01 -1.600943154047695254e-07 -2.536951942668357329e-01 -2.213169350552256784e-04 -2.536867678809904270e-01 -5.458882510117542579e-04
3.130028032929518117e-02 -3.632386805178384748e-01 -8.853353766061300121e+02 -9.039710617483026454e+02 -3.364741936167054970e-01 -8.997328256177362391e+02 2.561523791444594300e-01 2.561523791444594300e-01 1.807942123496605291e+03 5.187743260584883886e-01 4.281855829941935143e-01 -1.575378281568599692e-07 -2.593954448755373954e-01 -2.303638258626636325e-04 -2.593871630292442498e-01 -5.587812140235025359e-04
3.190987985001165345e-02 -3.570780053985363467e-01 -9.041446137635017521e+02 -9.236706042153501812e+02 -3.307676336255540583e-01 -9.192654114571955688e+02 2.518093512987509275e-01 2.518093512987509275e-01 1.847341208430700362e+03 5.300379076475965068e-01 4.209262006084397711e-01 -1.550275234142858200e-07 -2.650270950444189588e-01 -2.393325018099179511e-04 -2.650189538237983089e-01 -5.715237339153923226e-04
3.251751008821208988e-02 -3.510812112792843220e-01 -9.227369153552247099e+02 -9.431520224908182399e+02 -3.252129100486026436e-01 -9.385803866312734272e+02 2.475814886973237983e-01 2.475814886973237983e-01 1.886304044981636480e+03 5.411756640678229147e-01 4.138591872973707009e-01 -1.525870400336190566e-07 -2.705958363596462357e-01 -2.482030533126066167e-04 -2.705878320339115128e-01 -5.841242279522503847e-04
3.312359353540033496e-02 -3.452430823701730933e-01 -9.411411312332955958e+02 -9.624413275284335896e+02 -3.198050995548340492e-01 -9.577041599557398968e+02 2.434656710185082173e-01 2.434656710185082173e-01 1.924882655056867179e+03 5.522034697496880362e-01 4.069795334641007623e-01 -1.501803083429420586e-07 -2.761096059568436956e-01 -2.569346627891148818e-04 -2.761017348748440181e-01 -5.965924257934275988e-04
3.372852897181578824e-02 -3.395572186463609032e-01 -9.593762327090239523e+02 -9.815564370200453368e+02 -3.145383421471710794e-01 -9.766547842626567899e+02 2.394569941597626261e-01 2.394569941597626261e-01 1.963112874040090674e+03 5.631312532970297324e-01 4.002788960874246182e-01 -1.478376526565409400e-07 -2.815733679618342422e-01 -2.655525886506144261e-04 -2.815656266485148107e-01 -6.089422291759338845e-04
3.433269273909970304e-02 -3.340199254792650674e-01 -9.774709137364304752e+02 -1.000523361383068504e+03 -3.094091793520608036e-01 -9.954586439170911945e+02 2.355530459672683097e-01 2.355530459672683097e-01 2.001046722766137009e+03 5.739744565659378184e-01 3.937533156494832931e-01 -1.455492785369240783e-07 -2.869948432348349288e-01 -2.739826121951979441e-04 -2.869872282829688537e-01 -6.211777936289554058e-04
3.493644012762344570e-02 -3.286255408828382407e-01 -9.954443261165414469e+02 -1.019359910913882004e+03 -3.044123960518128058e-01 -1.014133728850469993e+03 2.317496865222843927e-01 2.317496865222843927e-01 2.038719821827764008e+03 5.847432494644992929e-01 3.873958162351824885e-01 -1.433107424917457145e-07 -2.923791165868722119e-01 -2.822590940350794015e-04 -2.923716247322496464e-01 -6.333146627033690163e-04
3.554010680389238508e-02 -3.233702300364084681e-01 -1.013322051981390018e+03 -1.038089248898219239e+03 -2.995444045034276193e-01 -1.032703539836584241e+03 2.280444090470722107e-01 2.280444090470722107e-01 2.076178497796438478e+03 5.954514413833522646e-01 3.812022813606688598e-01 -1.411121787762291824e-07 -2.977330926416646428e-01 -2.903168665283813741e-04 -2.977257206916761323e-01 -6.453567371966057679e-04
3.614401022812751413e-02 -3.182509905420219942e-01 -1.031128943778498751e+03 -1.056734355294330271e+03 -2.948024668572157836e-01 -1.051191310437210632e+03 2.244348541152126064e-01 2.244348541152126064e-01 2.113468710588660542e+03 6.061120734928903131e-01 3.751686767482242946e-01 -1.389674128514705415e-07 -3.030632918967324785e-01 -2.981774760472102794e-04 -3.030560367464451565e-01 -6.573204880790738764e-04
3.674845102965308002e-02 -3.132632757550776192e-01 -1.048886611258280709e+03 -1.075314531108526126e+03 -2.901823227865483190e-01 -1.069616668025710396e+03 2.209180965114703188e-01 2.209180965114703188e-01 2.150629062217052251e+03 6.167368667393458015e-01 3.692902171597421956e-01 -1.368630766227456212e-07 -3.083755747427676108e-01 -3.057724614824729485e-04 -3.083684333696729007e-01 -6.692071988410442209e-04
3.735371432005984288e-02 -3.084037585049835273e-01 -1.066616058281805408e+03 -1.093849047647841189e+03 -2.856809528931749664e-01 -1.087999121579862276e+03 2.174914350236245575e-01 2.174914350236245575e-01 2.187698095295682378e+03 6.273365125680481214e-01 3.635622551105078260e-01 -1.348233681530916236e-07 -3.136752867990111882e-01 -3.131393851591864844e-04 -3.136682562840240607e-01 -6.810334377411443813e-04
3.796007093272071864e-02 -3.036705668616125342e-01 -1.084347188293822001e+03 -1.112365077096499817e+03 -2.812965560291639799e-01 -1.106366222813916465e+03 2.141539413321406071e-01 2.141539413321406071e-01 2.224730154192999635e+03 6.379274989077052815e-01 3.579833843364392254e-01 -1.328122939650537692e-07 -3.189706720163650311e-01 -3.202025806855653416e-04 -3.189637494538526408e-01 -6.928041882179979257e-04
3.856777858316505492e-02 -2.990598944267456871e-01 -1.102098312408868424e+03 -1.130879421104094718e+03 -2.770256463589329532e-01 -1.124734980426000448e+03 2.109026999481411202e-01 2.109026999481411202e-01 2.261758842208189435e+03 6.485192554507882567e-01 3.525486453952349497e-01 -1.308380741529938707e-07 -3.242664451367298639e-01 -3.269666978017042092e-04 -3.242596277253941284e-01 -7.045296786666076835e-04
3.917708294883606029e-02 -2.945692284923440707e-01 -1.119894472120437968e+03 -1.149414534203696576e+03 -2.728658743148502652e-01 -1.143128213395444845e+03 2.077360803311298076e-01 2.077360803311298076e-01 2.298829068407393152e+03 6.591251651989185056e-01 3.472553646669448990e-01 -1.288864300438711235e-07 -3.295692976128077323e-01 -3.334155968784983329e-04 -3.295625825994592528e-01 -7.162209245734795686e-04
3.978821866941701507e-02 -2.901964712466688079e-01 -1.137759572852118026e+03 -1.167992287974366263e+03 -2.688153294416780748e-01 -1.161568073438090323e+03 2.046524039529125094e-01 2.046524039529125094e-01 2.335984575948732527e+03 6.697576466158569053e-01 3.421006627728510052e-01 -1.270111923513214004e-07 -3.348854386144928807e-01 -3.395257723684801804e-04 -3.348788233079284526e-01 -7.278868319154435055e-04
4.040141027061412010e-02 -2.859374512922877032e-01 -1.155710851044568699e+03 -1.186628237767490646e+03 -2.648701092703699134e-01 -1.180070351275333451e+03 2.016489752442144345e-01 2.016489752442144345e-01 2.373256475534981291e+03 6.804262251388889515e-01 3.370801242499936734e-01 -1.251410968585301220e-07 -3.402196307815020804e-01 -3.452894418865161820e-04 -3.402131125694444758e-01 -7.395358146461566713e-04
4.101687301531463381e-02 -2.817920677620746606e-01 -1.173779638115215448e+03 -1.205350920075829663e+03 -2.610301593821647281e-01 -1.198663970670180333e+03 1.987254644379584378e-01 1.987254644379584378e-01 2.410701840151659326e+03 6.911471005714968641e-01 3.321931032236368209e-01 -1.233391878870480346e-07 -3.455799739971467943e-01 -3.506303897104930383e-04 -3.455735502857484320e-01 -7.511724777797950401e-04
4.163481368660330861e-02 -2.777564802847306002e-01 -1.191983691799861845e+03 -1.224176467597501187e+03 -2.572918858990515534e-01 -1.217365290183904563e+03 1.958794266923055138e-01 1.958794266923055138e-01 2.448352935195002374e+03 7.019301783563056674e-01 3.274356085237326575e-01 -1.215635358105345853e-07 -3.509714209095010085e-01 -3.556152551886789881e-04 -3.509650891781528337e-01 -7.628170746522320396e-04
4.225543130736413716e-02 -2.738286967475377365e-01 -1.210345600890678497e+03 -1.243125550731891281e+03 -2.536534700637064210e-01 -1.236195244392695713e+03 1.931092805163071857e-01 1.931092805163071857e-01 2.486251101463782561e+03 7.127871835177485016e-01 3.228049319049657306e-01 -1.198039480304257960e-07 -3.563998339745043098e-01 -3.601817237092410262e-04 -3.563935917588742508e-01 -7.744718402840371132e-04
4.287891780122469326e-02 -2.700068077944597356e-01 -1.228889727584535194e+03 -1.262220322717483214e+03 -2.501131366291353686e-01 -1.255176293214529778e+03 1.904137240399126352e-01 1.904137240399126352e-01 2.524440645434966427e+03 7.237311406977294803e-01 3.182989134796974096e-01 -1.181085606003988379e-07 -3.618717254721027232e-01 -3.643065699306210397e-04 -3.618655703488647402e-01 -7.861463344219218408e-04
4.350545859948799082e-02 -2.662882767612674284e-01 -1.247636470829974087e+03 -1.281479515380440716e+03 -2.466685412783635178e-01 -1.274327396886930728e+03 1.877909523639928469e-01 1.877909523639928469e-01 2.562959030760881433e+03 7.347729279503615318e-01 3.139145295650879186e-01 -1.164513125678848967e-07 -3.673925343687419187e-01 -3.680090986191652223e-04 -3.673864639751807659e-01 -7.978545042259195573e-04
4.413523319849715215e-02 -2.626705228857912355e-01 -1.266606709213900103e+03 -1.300922338652449071e+03 -2.433172675876284496e-01 -1.293667993264995857e+03 1.852392968515149119e-01 1.852392968515149119e-01 2.601844677304898141e+03 7.459240706974860080e-01 3.096490470296888176e-01 -1.147921781694995748e-07 -3.729680233277024581e-01 -3.712348687610007641e-04 -3.729620353487430040e-01 -8.095995958450229917e-04
4.476841567162523350e-02 -2.591516175960725810e-01 -1.285821716162289249e+03 -1.320568276833466143e+03 -2.400575666948637499e-01 -1.313217812708043994e+03 1.827571815492480545e-01 1.827571815492480545e-01 2.641136553666932286e+03 7.571954624357782881e-01 3.054997512134487447e-01 -1.131933396275529186e-07 -3.786036390368155979e-01 -3.739993052119905772e-04 -3.785977312178891441e-01 -8.213949708451857411e-04
4.540517513980319581e-02 -2.557299897850873194e-01 -1.305306544280361550e+03 -1.340440637887114008e+03 -2.368879679025778229e-01 -1.333000396600836211e+03 1.803435862779282084e-01 1.803435862779282084e-01 2.680881275774228016e+03 7.686008536309034689e-01 3.014649694629670251e-01 -1.116430662785243288e-07 -3.843062566998164398e-01 -3.762491216059203700e-04 -3.843004268154517344e-01 -8.332462960393789350e-04
4.604567620420984414e-02 -2.524014700354429430e-01 -1.325071790935649915e+03 -1.360549417089936242e+03 -2.338045941995304244e-01 -1.353025817817558391e+03 1.779956968952899066e-01 1.779956968952899066e-01 2.721098834179872483e+03 7.801463304170408453e-01 2.975400427718873364e-01 -1.101005826638613909e-07 -3.900789192939190797e-01 -3.780620332692572220e-04 -3.900731652085204226e-01 -8.451716762980257492e-04
4.669007934445994212e-02 -2.491647423316064314e-01 -1.345141391273629097e+03 -1.380916921034407551e+03 -2.308062427238339598e-01 -1.373316600014615915e+03 1.757124649277129191e-01 1.757124649277129191e-01 2.761833842068815102e+03 7.918445943657188568e-01 2.937231749368813816e-01 -1.086048477269042991e-07 -3.959279775686688208e-01 -3.793431664989754988e-04 -3.959222971828594284e-01 -8.571693194607145740e-04
4.733854128534885353e-02 -2.460179844235468871e-01 -1.365537483592663420e+03 -1.401563185123519133e+03 -2.278912376820533270e-01 -1.393893072139058631e+03 1.734925536296744453e-01 1.734925536296744453e-01 2.803126370247038267e+03 8.037072194933952973e-01 2.900121114368564013e-01 -1.071353303221826056e-07 -4.018592184847534776e-01 -3.801396345204217605e-04 -4.018536097466976487e-01 -8.692581506678351191e-04
4.799121533494738606e-02 -2.429568670554133336e-01 -1.386266359932938485e+03 -1.422495565399575753e+03 -2.250555468611394883e-01 -1.414762415224528695e+03 1.713330457893636471e-01 1.713330457893636471e-01 2.844991130799151506e+03 8.157386683977049247e-01 2.864020259257469281e-01 -1.056954804487808744e-07 -4.078748732516293551e-01 -3.804217783001292421e-04 -4.078693341988524623e-01 -8.814381088613521291e-04
4.864825169659278692e-02 -2.399800890993649127e-01 -1.407351855752916435e+03 -1.443736148544916432e+03 -2.222979718008777916e-01 -1.435946951851588892e+03 1.692329933082114268e-01 1.692329933082114268e-01 2.887472297089832864e+03 8.279517335895855146e-01 2.828913218410154529e-01 -1.043005141072314190e-07 -4.139813380917734542e-01 -3.802008086028796667e-04 -4.139758667947927573e-01 -8.937238208553952880e-04
4.930979775709172508e-02 -2.370852427529383799e-01 -1.428809314945706546e+03 -1.465300102812633213e+03 -2.196162993403243391e-01 -1.457461854360472216e+03 1.671906039149358147e-01 1.671906039149358147e-01 2.930600205625266426e+03 8.403548924489229188e-01 2.794769679493420700e-01 -1.029269648742755063e-07 -4.201828516325542551e-01 -3.794944697339814438e-04 -4.201774462244614594e-01 -9.061265714273250994e-04
4.997599835323862649e-02 -2.342689311750922321e-01 -1.450649509959572924e+03 -1.487197719215327197e+03 -2.170073609542139681e-01 -1.479317472342818519e+03 1.652036115304670316e-01 1.652036115304670316e-01 2.974395438430654394e+03 8.529544482193347488e-01 2.761552242439653804e-01 -1.015811461736375340e-07 -4.264825654278816547e-01 -3.782513423482154985e-04 -4.264772241096673744e-01 -9.186448051873245119e-04
5.064699601855838368e-02 -2.315268369440446894e-01 -1.472872401186919888e+03 -1.509430994809910544e+03 -2.144671699636098439e-01 -1.501515486115447629e+03 1.632689270342116972e-01 1.632689270342116972e-01 3.018861989619821088e+03 8.657512431730913782e-01 2.729209091690807942e-01 -1.002754689887943863e-07 -4.328809005088756212e-01 -3.765676304039950253e-04 -4.328756215865456891e-01 -9.312941749952300492e-04
5.132293121200452723e-02 -2.288581062575560099e-01 -1.495502741334704297e+03 -1.532022933043054991e+03 -2.119949343106553030e-01 -1.524079133750463143e+03 1.613859465661414416e-01 1.613859465661414416e-01 3.064045866086109982e+03 8.787586475539486131e-01 2.697730130354468181e-01 -9.898649928982590919e-08 -4.393845419788927065e-01 -3.743946439268109683e-04 -4.393793237769743065e-01 -9.440806832297951416e-04
5.200394253018263135e-02 -2.262589391337014033e-01 -1.518542936673416762e+03 -1.554977664379007365e+03 -2.095871312749517101e-01 -1.547012273867763497e+03 1.595520242011347345e-01 1.595520242011347345e-01 3.109955328758014730e+03 8.919789887813933671e-01 2.667071246878439661e-01 -9.773652222877836808e-08 -4.459946534614783187e-01 -3.717702107980340844e-04 -4.459894943906966835e-01 -9.570124905962420483e-04
5.269016690452154456e-02 -2.237258434240286531e-01 -1.541996291457707457e+03 -1.578299596498812207e+03 -2.072405252988561430e-01 -1.570319137526318855e+03 1.577647127514767988e-01 1.577647127514767988e-01 3.156599192997624414e+03 9.054147459332283487e-01 2.637191586545077904e-01 -9.650151104421200877e-08 -4.527124744158543268e-01 -3.687186454919783116e-04 -4.527073729666141744e-01 -9.700958417073064213e-04
5.338173978468241376e-02 -2.212559825267827185e-01 -1.565868085192422313e+03 -1.601995236835169408e+03 -2.049525054692514503e-01 -1.594006033192958512e+03 1.560219152282729671e-01 1.560219152282729671e-01 3.203990473670338815e+03 9.190692312455340796e-01 2.608055736992865303e-01 -9.529507698143378761e-08 -4.595396608882535427e-01 -3.652590201240174094e-04 -4.595346156227670398e-01 -9.833370248444697238e-04
5.407879530937485107e-02 -2.188457394295970082e-01 -1.590157875836171570e+03 -1.626066383532531745e+03 -2.027197065198963477e-01 -1.618074411230104943e+03 1.543211894735323775e-01 1.543211894735323775e-01 3.252132767065063490e+03 9.329436249664991854e-01 2.579623268349203191e-01 -9.412439701527062807e-08 -4.664768029258049564e-01 -3.614402633736825995e-04 -4.664718124832495927e-01 -9.967447499046925251e-04
5.478146646564103356e-02 -2.164916628728872638e-01 -1.614863584380363136e+03 -1.650513219961454297e+03 -2.005389325344884566e-01 -1.642524106279877969e+03 1.526600960945386498e-01 1.526600960945386498e-01 3.301026439922908594e+03 9.470378113072562831e-01 2.551853382677131687e-01 -9.297648017852788263e-08 -4.735238425549430641e-01 -3.572555728430979426e-04 -4.735189056536281416e-01 -1.010317856098002761e-03
5.548988523756994556e-02 -2.141907896346565421e-01 -1.639985058693303472e+03 -1.675337490389294771e+03 -1.984074474520165776e-01 -1.667356567898967796e+03 1.510365002077354302e-01 1.510365002077354302e-01 3.350674980778589543e+03 9.613524554257394383e-01 2.524710222567207452e-01 -9.184276572665445629e-08 -4.806811122830981220e-01 -3.527402877687674070e-04 -4.806762277128697192e-01 -1.024062461862732367e-03
5.620418274531555070e-02 -2.119385924544794353e-01 -1.665507590696060561e+03 -1.700528532938636317e+03 -1.963210493798485112e-01 -1.692560527105603114e+03 1.494472803661191507e-01 1.494472803661191507e-01 3.401057065877272635e+03 9.758813205321700268e-01 2.498141863914209171e-01 -9.074903995312370152e-08 -4.879454936147841204e-01 -3.479699396092217562e-04 -4.879406602660850134e-01 -1.037983885820421273e-03
5.692448937521224495e-02 -2.097318901603401342e-01 -1.691424166522926726e+03 -1.726082517935964233e+03 -1.942768004252571068e-01 -1.718131669630583701e+03 1.478901453322554183e-01 1.478901453322554183e-01 3.452165035871928467e+03 9.906217227142558590e-01 2.472109826800020227e-01 -8.966407673319436527e-08 -4.953156445175047051e-01 -3.429859847886068051e-04 -4.953108613571279295e-01 -1.052085821450678008e-03
5.765093490170870860e-02 -2.075672529001579003e-01 -1.717723816373344107e+03 -1.751992108322074273e+03 -1.922715254219037884e-01 -1.744062109986112546e+03 1.463626674179409615e-01 1.463626674179409615e-01 3.503984216644148546e+03 1.005569084753976883e+00 2.446573495475868609e-01 -8.860659284820904877e-08 -5.027892763030052947e-01 -3.377969765044326156e-04 -5.027845423769884414e-01 -1.066364959250907206e-03
5.838364860177600035e-02 -2.054399898729811491e-01 -1.744383302221253416e+03 -1.778238477167366682e+03 -1.903008645855827075e-01 -1.770332370342626518e+03 1.448616479527659318e-01 1.448616479527659318e-01 3.556476954334733364e+03 1.020712580136527992e+00 2.421479796079560043e-01 -8.756377774125916617e-08 -5.103609756125258023e-01 -3.324995664383779081e-04 -5.103562900682639958e-01 -1.080825258539304433e-03
5.912275936238653440e-02 -2.033473137462337987e-01 -1.771390392784528785e+03 -1.804813817410285992e+03 -1.883622518899880083e-01 -1.796933974031019488e+03 1.433850270553579664e-01 1.433850270553579664e-01 3.609627634820571984e+03 1.036046970064740336e+00 2.396793946134275211e-01 -8.654731724501875812e-08 -5.180281229770085094e-01 -3.271216516449590634e-04 -5.180234850323701679e-01 -1.095465727975814072e-03
5.986839578160737391e-02 -2.012849330596056530e-01 -1.798717388842926994e+03 -1.831696514918285175e+03 -1.864517102699191076e-01 -1.823844402410143857e+03 1.419298073619795486e-01 1.419298073619795486e-01 3.663393029836570349e+03 1.051559373775819539e+00 2.372465941103971132e-01 -8.554178780716867257e-08 -5.257842779173997894e-01 -3.217678063223016632e-04 -5.257796868879097696e-01 -1.110289474358466333e-03
6.062068626380308356e-02 -1.992494562808249936e-01 -1.826341828665186085e+03 -1.858869220659980101e+03 -1.845661019972111294e-01 -1.851045545247096243e+03 1.404935791115925758e-01 1.404935791115925758e-01 3.717738441319960202e+03 1.067239275975846002e+00 2.348455430164703706e-01 -8.456073292419552379e-08 -5.336241827075253186e-01 -3.164853549068263969e-04 -5.336196379879230012e-01 -1.125293173872831580e-03
6.137975910939968971e-02 -1.972363862506831267e-01 -1.854228787399776593e+03 -1.886302459120203594e+03 -1.827012513557848272e-01 -1.878507132335271081e+03 1.390732346204019143e-01 1.390732346204019143e-01 3.772604918240407187e+03 1.083069491835974230e+00 2.324710699009213399e-01 -8.359298106708611791e-08 -5.415392448345651699e-01 -3.113039723328470208e-04 -5.415347459179871148e-01 -1.140464060122679943e-03
6.214574259962199476e-02 -1.952425035555385990e-01 -1.882349308008555681e+03 -1.913974470887545522e+03 -1.808541825068377962e-01 -1.906206328620571185e+03 1.376664800068205519e-01 1.376664800068205519e-01 3.827948941775091043e+03 1.099036761975329846e+00 2.301193309662922792e-01 -8.263997182585715486e-08 -5.495228345314434604e-01 -3.063360604527992225e-04 -5.495183809876649228e-01 -1.155806061120794731e-03
6.291876507658061835e-02 -1.932639517658988060e-01 -1.910666462583456905e+03 -1.941854381048318828e+03 -1.790213238755460068e-01 -1.934111373640984084e+03 1.362705980041141185e-01 1.362705980041141185e-01 3.883708762096637656e+03 1.115122791222907139e+00 2.277857845793616887e-01 -8.170168482968435376e-08 -5.575658041242096408e-01 -3.016471312663432749e-04 -5.575613956114535696e-01 -1.171310807122906547e-03
6.369895501905289970e-02 -1.912972949731859551e-01 -1.939142930893753146e+03 -1.969912125517712184e+03 -1.771994942813890084e-01 -1.962191131228305039e+03 1.348831668295285557e-01 1.348831668295285557e-01 3.939824251035424368e+03 1.131309637711219507e+00 2.254663824754707668e-01 -8.078172267322637805e-08 -5.656591825997614453e-01 -2.973356002670576566e-04 -5.656548188556097534e-01 -1.186975350694579332e-03
6.448644111427248582e-02 -1.893386134809116883e-01 -1.967733343537123346e+03 -1.998109873259586266e+03 -1.753850550534995500e-01 -1.990406666549372630e+03 1.335014730232609581e-01 1.335014730232609581e-01 3.996219746519172531e+03 1.147575104981386929e+00 2.231566074088341123e-01 -7.986692952737045896e-08 -5.737918716424856846e-01 -2.934507812641877879e-04 -5.737875524906934643e-01 -1.202784889291386551e-03
6.528135232601571525e-02 -1.873847779533769353e-01 -1.996394767156416037e+03 -2.026411483053170969e+03 -1.735751287095970707e-01 -2.018720846968112255e+03 1.321231869942908754e-01 1.321231869942908754e-01 4.052822966106341937e+03 1.163897212529305891e+00 2.208525195731614044e-01 -7.896566143860505032e-08 -5.819528809196778951e-01 -2.900896032819216992e-04 -5.819486062646529456e-01 -1.218732174565370771e-03
6.608381795924880842e-02 -1.854325846131759659e-01 -2.025082093164816342e+03 -2.054780507813797158e+03 -1.717667275696399820e-01 -2.047095946526097123e+03 1.307461779382088352e-01 1.307461779382088352e-01 4.109561015627594315e+03 1.180254829808529138e+00 2.185506042845861141e-01 -7.807570285046541073e-08 -5.901316450933613567e-01 -2.873315163690472293e-04 -5.901274149042645689e-01 -1.234808121551589540e-03
6.689396772157822635e-02 -1.834785317692043949e-01 -2.053741879731752761e+03 -2.083171048426835114e+03 -1.699566114646977877e-01 -2.075484973857779096e+03 1.293679617107726387e-01 1.293679617107726387e-01 4.166342096853670228e+03 1.196620817976953743e+00 2.162467033016604590e-01 -7.719674379693061140e-08 -5.983145946609226273e-01 -2.852718308271908181e-04 -5.983104089884768717e-01 -1.251000025843800132e-03
6.771193178172607574e-02 -1.815199893125858110e-01 -2.082324586516331692e+03 -2.111542050662605561e+03 -1.681423577301945638e-01 -2.103845629848788576e+03 1.279866038348822788e-01 1.279866038348822788e-01 4.223084101325211122e+03 1.212970399364083463e+00 2.139375533407233132e-01 -7.632501213424119018e-08 -6.064893407211956466e-01 -2.839981435393667945e-04 -6.064851996820417313e-01 -1.267296378786426274e-03
6.853784082523488308e-02 -1.795543506384407739e-01 -2.110782030453866355e+03 -2.139851552539259956e+03 -1.663215371499502382e-01 -2.132135057868321383e+03 1.266003556108881434e-01 1.266003556108881434e-01 4.279703105078519911e+03 1.229279340106861573e+00 2.116202643108498482e-01 -7.545764246223319637e-08 -6.146437662894987941e-01 -2.835639863056763684e-04 -6.146396700534307866e-01 -1.283680976920025278e-03
6.937182610758925450e-02 -1.775785988379512681e-01 -2.139052699107738135e+03 -2.168047725804056427e+03 -1.644913579763030154e-01 -2.160300016556131141e+03 1.252070738062553978e-01 1.252070738062553978e-01 4.336095451608112853e+03 1.245516895540212055e+00 2.092912476880688932e-01 -7.459719630864920985e-08 -6.227624989632019048e-01 -2.840406066592005745e-04 -6.227584477701060273e-01 -1.300133768068742479e-03
7.021401950492707489e-02 -1.755909550179894363e-01 -2.167088408548879670e+03 -2.196088958657786861e+03 -1.626501787545899802e-01 -2.188297944872196240e+03 1.238054691675360836e-01 1.238054691675360836e-01 4.392177917315573723e+03 1.261658351884044738e+00 2.069483353324961528e-01 -7.374295420153413145e-08 -6.308331818088765974e-01 -2.855352128833276749e-04 -6.308291759420223688e-01 -1.316646334496395518e-03
7.106455356249911925e-02 -1.735892368398812280e-01 -2.194831980050355014e+03 -2.223926336428625291e+03 -1.607959767470026613e-01 -2.216078729356630447e+03 1.223940113750042608e-01 1.223940113750042608e-01 4.447852672857250582e+03 1.277674884596808225e+00 2.045889722926367005e-01 -7.289215641585261077e-08 -6.388414025064368396e-01 -2.881269653773095986e-04 -6.388374422984041123e-01 -1.333201781645575743e-03
7.192356154102377830e-02 -1.715715711931079801e-01 -2.222228020663100779e+03 -2.251511342570296165e+03 -1.589270116580276115e-01 -2.243592867804002708e+03 1.209714057837913970e-01 1.209714057837913970e-01 4.503022685140592330e+03 1.293538130798936869e+00 2.022110043561710369e-01 -7.205093758591249981e-08 -6.467729795758072608e-01 -2.918468209410752753e-04 -6.467690653994684347e-01 -1.349776265242433283e-03
7.279117746107181819e-02 -1.695368049116283971e-01 -2.249227042048915791e+03 -2.278801010076952025e+03 -1.570422154113918500e-01 -2.270796453838479465e+03 1.195368379589276248e-01 1.195368379589276248e-01 4.557602020153904050e+03 1.309222801617429877e+00 1.998130696751081181e-01 -7.120465213231471519e-08 -6.546152685541584137e-01 -2.967693420829987591e-04 -6.546114008087149383e-01 -1.366355753263812957e-03
7.366753614560611618e-02 -1.674839985568726541e-01 -2.275779161698651023e+03 -2.305751559065252422e+03 -1.551407255065766766e-01 -2.297644833924869090e+03 1.180895999390213086e-01 1.180895999390213086e-01 4.611503118130504845e+03 1.324702904211948251e+00 1.973939679543676440e-01 -7.036274078734427187e-08 -6.623552729965558328e-01 -3.029958377390119177e-04 -6.623514521059741256e-01 -1.382929621847363072e-03
7.455277326079179367e-02 -1.654121535529700093e-01 -2.301833572671007460e+03 -2.332317485309313724e+03 -1.532216055348187833e-01 -2.324091755997421842e+03 1.166290415416560283e-01 1.166290415416560283e-01 4.664634970618627449e+03 1.339952139684158494e+00 1.949526329345851183e-01 -6.952792130076249047e-08 -6.699798434364635513e-01 -3.104728659776580767e-04 -6.699760698420792471e-01 -1.399463114923335484e-03
7.544702535518335584e-02 -1.633210590949513430e-01 -2.327346344604840397e+03 -2.358459968466499049e+03 -1.512846673561068223e-01 -2.350097671437783447e+03 1.151549764739802501e-01 1.151549764739802501e-01 4.716919936932998098e+03 1.354947499520378296e+00 1.924887390669398901e-01 -6.868949158671860781e-08 -6.774774756089949612e-01 -3.193401804456176378e-04 -6.774737497601891478e-01 -1.415954536806331458e-03
7.635042989738796693e-02 -1.612107873194045804e-01 -2.352277876237012606e+03 -2.384142647428947839e+03 -1.493299763522783485e-01 -2.375625775134645210e+03 1.136674444548799734e-01 1.136674444548799734e-01 4.768285294857895678e+03 1.369667730009721751e+00 1.900023494466301643e-01 -6.785190730881694753e-08 -6.848375426616372108e-01 -3.295107890158089411e-04 -6.848338650048608756e-01 -1.432369056725540024e-03
7.726312531229631575e-02 -1.590817492270281130e-01 -2.376592159349811027e+03 -2.409333009873123046e+03 -1.473579132977771433e-01 -2.400643065546133585e+03 1.121667378979749191e-01 1.121667378979749191e-01 4.818666019746246093e+03 1.384093842640313765e+00 1.874939537089176378e-01 -6.701321494075726329e-08 -6.920505503477036857e-01 -3.410961559374455073e-04 -6.920469213201568826e-01 -1.448704678339842507e-03
7.818525101596661420e-02 -1.569346842385135332e-01 -2.400259376504916872e+03 -2.434002315331380942e+03 -1.453691586010877335e-01 -2.425120679841300898e+03 1.106533901686009291e-01 1.106533901686009291e-01 4.868004630662761883e+03 1.398209315310839473e+00 1.849644484846346970e-01 -6.617537341220535290e-08 -6.991082376358701556e-01 -3.540382783393351287e-04 -6.991046576554197367e-01 -1.464935807404348133e-03
7.911694744924047118e-02 -1.547707863627504343e-01 -2.423256351486888434e+03 -2.458127767581398075e+03 -1.433648179775357800e-01 -2.449035797782161808e+03 1.091282337140695169e-01 1.091282337140695169e-01 4.916255535162796150e+03 1.412000966231279797e+00 1.824152222414507640e-01 -6.533807403182747765e-08 -7.060040136588670023e-01 -3.683132656089016760e-04 -7.060004831156398986e-01 -1.481045468151030806e-03
8.005835611016511033e-02 -1.525917289587412073e-01 -2.445568218201569834e+03 -2.481694045417257712e+03 -1.413464428342710300e-01 -2.472373191457212670e+03 1.075924325138191001e-01 1.075924325138191001e-01 4.963388090834515424e+03 1.425459934796516226e+00 1.798482150879767427e-01 -6.449835884737612915e-08 -7.127334481519926879e-01 -3.839298522931021721e-04 -7.127299673982581130e-01 -1.497026067986737810e-03
8.100961958528996032e-02 -1.503994100990960758e-01 -2.467186318647776261e+03 -2.504690201674680793e+03 -1.393157898900248548e-01 -2.495122282855266803e+03 1.060473169717217473e-01 1.060473169717217473e-01 5.009380403349361586e+03 1.438580099392252398e+00 1.772656486540598597e-01 -6.365955342217177779e-08 -7.192934803525912191e-01 -4.007984262059925435e-04 -7.192900496961261991e-01 -1.512857638144099676e-03
8.197088157990257973e-02 -1.481962654362599108e-01 -2.488114791339321982e+03 -2.527115465149735883e+03 -1.372751134114048588e-01 -2.517283058136317777e+03 1.044946068706638087e-01 1.044946068706638087e-01 5.054230930299471765e+03 1.451361502279432392e+00 1.746703989401058310e-01 -6.282031587850385475e-08 -7.256841314478149618e-01 -4.188953208540086384e-04 -7.256807511397161958e-01 -1.528536573736586279e-03
8.294228694726363260e-02 -1.459851429000353085e-01 -2.508367123368809644e+03 -2.548978293896993364e+03 -1.352270483437366666e-01 -2.538864737130027606e+03 1.029363077051339420e-01 1.029363077051339420e-01 5.097956587793986728e+03 1.463809479984105488e+00 1.720658182003724501e-01 -6.199096228936478195e-08 -7.319080697677111669e-01 -4.380631001528533875e-04 -7.319047399920527441e-01 -1.544044023079340147e-03
8.392398171689766095e-02 -1.437688482659544298e-01 -2.527958743305250209e+03 -2.570288465586356779e+03 -1.331741985967152264e-01 -2.559877953057825835e+03 1.013743617110245548e-01 1.013743617110245548e-01 5.140576931172713557e+03 1.475929904059728459e+00 1.694551399302129391e-01 -6.114404574977658379e-08 -7.379682311511256421e-01 -4.582976002187585181e-04 -7.379649520298642296e-01 -1.559385269858256122e-03
8.491611312199247308e-02 -1.415510186327465225e-01 -2.546928879396019965e+03 -2.591074516115577353e+03 -1.311199275181480772e-01 -2.580352845464422899e+03 9.981134681649135587e-02 9.981134681649135587e-02 5.182149032231154706e+03 1.487740284920972211e+00 1.668426791503276607e-01 -6.030343563639493510e-08 -7.438733708915366005e-01 -4.794157915962644120e-04 -7.438701424604861057e-01 -1.574549801462476637e-03
8.591882962595720485e-02 -1.393351513523741481e-01 -2.565317495871312531e+03 -2.611366643300814758e+03 -1.290674737508435976e-01 -2.600321070677321586e+03 9.824971567378516790e-02 9.824971567378516790e-02 5.222733286601629516e+03 1.499258793753593944e+00 1.642325315057600599e-01 -5.946885573086930513e-08 -7.496325746626663067e-01 -5.012454397687710842e-04 -7.496293968767969718e-01 -1.589529438157624014e-03
8.693228094818622465e-02 -1.371252435308161766e-01 -2.583181120395692687e+03 -2.631209720883504815e+03 -1.270205371917428605e-01 -2.619829229448956994e+03 9.669229423510987409e-02 9.669229423510987409e-02 5.262419441767009630e+03 1.510512386696031939e+00 1.616294239274355116e-01 -5.864359193319142892e-08 -7.552593206263247261e-01 -5.237113048351837346e-04 -7.552561933480159695e-01 -1.604339777071045079e-03
8.795661808907344337e-02 -1.349257821703783722e-01 -2.600592887275694011e+03 -2.650662345302027916e+03 -1.249832791105257301e-01 -2.638938068691238186e+03 9.514219762923599444e-02 9.514219762923599444e-02 5.301324690604055831e+03 1.521535656423333993e+00 1.590385463564005231e-01 -5.781544523071205299e-08 -7.607709052209954415e-01 -5.466429644201282459e-04 -7.607678282116669966e-01 -1.618989510655203601e-03
8.899199335431944025e-02 -1.327409977824353382e-01 -2.617631683601447094e+03 -2.669787496772129543e+03 -1.229596081884362924e-01 -2.657712923115759622e+03 9.360245264913193142e-02 9.360245264913193142e-02 5.339574993544259087e+03 1.532366759490270125e+00 1.564649752093638935e-01 -5.698489486769060153e-08 -7.661864068252293158e-01 -5.697942609056398525e-04 -7.661833797451350625e-01 -1.633479166250210611e-03
9.003856037857181638e-02 -1.305754057740203811e-01 -2.634387628242896881e+03 -2.688658759627944164e+03 -1.209537119249586012e-01 -2.676229812461378970e+03 9.207619174174308530e-02 9.207619174174308530e-02 5.377317519255888328e+03 1.543049001460794489e+00 1.539139285062852691e-01 -5.617019963035011378e-08 -7.715274783229069122e-01 -5.929341785416954646e-04 -7.715245007303972447e-01 -1.647816929042849460e-03
9.109647414843714819e-02 -1.284334947526488413e-01 -2.650960918902747835e+03 -2.707358337347030101e+03 -1.189697479458280416e-01 -2.694573587191604020e+03 9.056657430488040950e-02 9.056657430488040950e-02 5.414716674694060202e+03 1.553631268107298791e+00 1.513906856369287568e-01 -5.532420693397753659e-08 -7.768185627028347806e-01 -6.159481869736017001e-04 -7.768156340536493953e-01 -1.662034462670650007e-03
9.216589102490152507e-02 -1.263203712865064166e-01 -2.667477365862224815e+03 -2.725990761720616774e+03 -1.170124396962886615e-01 -2.712851898175535553e+03 8.907722123156192051e-02 8.907722123156192051e-02 5.451981523441233549e+03 1.564175822184094455e+00 1.489013075269094988e-01 -5.451780595252268818e-08 -7.820907914622831081e-01 -6.385297800165609834e-04 -7.820879110920472277e-01 -1.676147389259495741e-03
9.324696876519521227e-02 -1.242402594751395861e-01 -2.684050906136457797e+03 -2.744650480082098966e+03 -1.150857029083785371e-01 -2.731162051570432141e+03 8.761108339324630290e-02 8.761108339324630290e-02 5.489300960164197932e+03 1.574738500954587117e+00 1.464507169868450309e-01 -5.370959721820456429e-08 -7.873720833283859299e-01 -6.605021577328572518e-04 -7.873692504772935585e-01 -1.690184812685478983e-03
9.433986654413546724e-02 -1.221974501571162774e-01 -2.700808318674627117e+03 -2.763443367783360827e+03 -1.131935095557681514e-01 -2.749612982028005717e+03 8.617118814209764888e-02 8.617118814209764888e-02 5.526886735566721654e+03 1.585382118637304050e+00 1.440439757284675271e-01 -5.289951594605019034e-08 -7.926938455099068470e-01 -6.816117949312499929e-04 -7.926910593186520249e-01 -1.704171070574211390e-03
9.544474497498087184e-02 -1.201970372127772052e-01 -2.717907104331790379e+03 -2.782502306541084636e+03 -1.113405787824112980e-01 -2.768341161955230291e+03 8.476110155507378396e-02 8.476110155507378396e-02 5.565004613082169271e+03 1.596185090520442218e+00 1.416870361205878059e-01 -5.211989997876056355e-08 -7.980952857675824852e-01 -7.014860052484364226e-04 -7.980925452602211090e-01 -1.718127892750343118e-03
9.656176612982896035e-02 -1.182424168322587510e-01 -2.735474454445309220e+03 -2.801934548371639266e+03 -1.095300534682130678e-01 -2.787456752055497418e+03 8.338323921683543638e-02 8.338323921683543638e-02 5.603869096743278533e+03 1.607211108827155233e+00 1.393839436130434595e-01 -5.135124600794540732e-08 -8.036082502916835901e-01 -7.200563156557610294e-04 -8.036055544135776163e-01 -1.732108988175196183e-03
9.769109355958922880e-02 -1.163379245477606516e-01 -2.753671166343219284e+03 -2.821876973090416868e+03 -1.077659522610802806e-01 -2.807100108717537296e+03 8.204062937568984415e-02 8.204062937568984415e-02 5.643753946180833736e+03 1.618540770371096116e+00 1.371397500412448733e-01 -5.055463187684609483e-08 -8.092730375872557724e-01 -7.370373689852120248e-04 -8.092703851855480579e-01 -1.746151724461522713e-03
9.883289231356141846e-02 -1.144867550601601502e-01 -2.772641483400717789e+03 -2.842452258389732833e+03 -1.060512283491323732e-01 -2.827397045464813345e+03 8.073555108343695441e-02 8.073555108343695441e-02 5.684904516779465666e+03 1.630246866520550064e+00 1.349582752126520790e-01 -4.980972984412840872e-08 -8.151260434142347799e-01 -7.521453725270224296e-04 -8.151234332602750321e-01 -1.760285847916863563e-03
9.998732895864990977e-02 -1.126920505846447929e-01 -2.792535343400633792e+03 -2.863789563592467402e+03 -1.043887977834465630e-01 -2.848479726400833897e+03 7.947018472407883782e-02 7.947018472407883782e-02 5.727579127184934805e+03 1.642405165994799576e+00 1.328431508831736108e-01 -4.906021603069993487e-08 -8.212051522017530525e-01 -7.652120614926686279e-04 -8.212025829973997881e-01 -1.774561883818903717e-03
1.011545715982437310e-01 -1.109562720635163674e-01 -2.813495220202838027e+03 -2.886012274112197247e+03 -1.027809385615955640e-01 -2.870474290154980281e+03 7.824627178145479589e-02 7.824627178145479589e-02 5.772024548224394493e+03 1.655088410101052343e+00 1.307972905219028925e-01 -4.835077329139304296e-08 -8.275467346603332386e-01 -7.760341653422739338e-04 -8.275442050505261715e-01 -1.789021917896604875e-03
1.023347898907916165e-01 -1.092817882533883567e-01 -2.835672161982809484e+03 -2.909250635734829757e+03 -1.012298421218196937e-01 -2.893513989317385949e+03 7.706550076143282857e-02 7.706550076143282857e-02 5.818501271469659514e+03 1.668373591216554930e+00 1.288235232817140086e-01 -4.759863364728961512e-08 -8.341892870337188626e-01 -7.844672689147993462e-04 -8.341867956082774649e-01 -1.803721372901092050e-03
1.035281550681016599e-01 -1.076695672140139393e-01 -2.859181142885565805e+03 -2.933606067536442879e+03 -9.973640754822815646e-02 -2.917702177206254873e+03 7.592853696461374091e-02 7.592853696461374091e-02 5.867212135072885758e+03 1.682320019720033200e+00 1.269229549937647139e-01 -4.690817402868622803e-08 -8.411624645324996541e-01 -7.903118735654712920e-04 -8.411600098600165998e-01 -1.818689396766086635e-03
1.047348399533943319e-01 -1.061205967993686522e-01 -2.884144610920264313e+03 -2.959187393206275829e+03 -9.830155095270474985e-02 -2.943149611170917524e+03 7.483607705006878330e-02 7.483607705006878330e-02 5.918374786412551657e+03 1.696991504036085230e+00 1.250967499489997747e-01 -4.625346326566117953e-08 -8.484981713908009704e-01 -7.934819346879902697e-04 -8.484957520180426149e-01 -1.833977075867271539e-03
1.059550189791384905e-01 -1.046347643889829204e-01 -2.910658983659747719e+03 -2.986080596411141869e+03 -9.692516421083262335e-02 -2.969943751739818254e+03 7.378807445685831023e-02 7.378807445685831023e-02 5.972161192822283738e+03 1.712438798248417493e+00 1.233448420574561194e-01 -4.552844505220358884e-08 -8.562217846492101714e-01 -7.939619416046080156e-04 -8.562193991242087465e-01 -1.849633239277219832e-03
1.071888682046991947e-01 -1.032115998860711897e-01 -2.938808498699751908e+03 -3.014363235432761940e+03 -9.560681804402797190e-02 -2.998163068533736805e+03 7.278416423955909320e-02 7.278416423955909320e-02 6.028726470865523879e+03 1.728706664292561701e+00 1.216666087489273601e-01 -4.489806587044543453e-08 -8.643556852619431741e-01 -7.916404683716020581e-04 -8.643533321462808505e-01 -1.865685871185518430e-03
1.084365653338271451e-01 -1.018496669081579709e-01 -2.968651634921032382e+03 -3.044091022804599106e+03 -9.434517722594251699e-02 -3.027863615820909217e+03 7.182337715807823875e-02 7.182337715807823875e-02 6.088182045609198212e+03 1.745827889325506588e+00 1.200604453506371738e-01 -4.423405821982698949e-08 -8.729162667763314953e-01 -7.866043540295694332e-04 -8.729139446627532939e-01 -1.882181441183701683e-03
1.096982897320192274e-01 -1.005467540882577365e-01 -3.000216788328352777e+03 -3.075294696219626076e+03 -9.313819914908752495e-02 -3.059075724076819370e+03 7.090413003704368333e-02 7.090413003704368333e-02 6.150589392439252151e+03 1.763819595511477711e+00 1.185236961647420789e-01 -4.362020373757845449e-08 -8.819120902210795254e-01 -7.788663955560666541e-04 -8.819097977557388557e-01 -1.899139160866459251e-03
1.109742224437801905e-01 -9.930041399671954427e-02 -3.033523315417727190e+03 -3.107997689344566879e+03 -9.198361783298043826e-02 -3.091822163535191521e+03 7.002470734971300015e-02 7.002470734971300015e-02 6.215995378689133759e+03 1.782694950715041582e+00 1.170534966337490879e-01 -4.299182167662195998e-08 -8.913497394716516364e-01 -7.685701242526518911e-04 -8.913474753575207910e-01 -1.916594420335785472e-03
1.122645462098158242e-01 -9.810699442904868839e-02 -3.068542794463318842e+03 -3.142183271563397739e+03 -9.087805270597396068e-02 -3.126084428236482836e+03 6.918253470036792030e-02 6.918253470036792030e-02 6.284366543126795477e+03 1.802443207805797698e+00 1.156455431101515996e-01 -4.244202547362046613e-08 -9.012238408779230658e-01 -7.558601633332979672e-04 -9.012216039028988490e-01 -1.934558647120883856e-03
1.135694454841885692e-01 -9.696207125108761982e-02 -3.105211393240313555e+03 -3.177805498127538613e+03 -8.981740507029542520e-02 -3.161813887927151882e+03 6.837452299428223301e-02 6.837452299428223301e-02 6.355610996255077225e+03 1.823036684480957126e+00 1.142946820798127067e-01 -4.186449763480642014e-08 -9.115205531869174926e-01 -7.410863092907143089e-04 -9.115183422404785629e-01 -1.953057744210341586e-03
1.148891064514669935e-01 -9.586111914173500725e-02 -3.143452745883274019e+03 -3.214806817574716661e+03 -8.879747831516546230e-02 -3.198950180491692208e+03 6.759752426377441115e-02 6.759752426377441115e-02 6.429613635149433321e+03 1.844441128424985754e+00 1.129956667611285159e-01 -4.133613611169895345e-08 -9.222227501392935567e-01 -7.244132450855764313e-04 -9.222205642124928771e-01 -1.972082556911890303e-03
1.162237170439009565e-01 -9.479857701440412565e-02 -3.183135290354095559e+03 -3.253083108389527752e+03 -8.781312686062231476e-02 -3.237385115647973635e+03 6.684760616612810125e-02 6.684760616612810125e-02 6.506166216779055503e+03 1.866593962878779323e+00 1.117419188646534972e-01 -4.075192535015436688e-08 -9.332991432253638919e-01 -7.061884724725229741e-04 -9.332969814393896613e-01 -1.991623428282740093e-03
1.175734669586552539e-01 -9.376892407970575938e-02 -3.224110654785526094e+03 -3.292515949916708450e+03 -8.685924937930229739e-02 -3.276995838918266600e+03 6.612082340691340099e-02 6.612082340691340099e-02 6.585031899833416901e+03 1.889423475838864830e+00 1.105268231342825952e-01 -4.024318788508244991e-08 -9.447138763112239435e-01 -6.868412129337495096e-04 -9.447117379194324149e-01 -2.011674090108354560e-03
1.189385476751349119e-01 -9.276575119858318508e-02 -3.266186938338685650e+03 -3.332949474725209257e+03 -8.592989430333275447e-02 -3.317621168883905284e+03 6.541277079463846122e-02 6.541277079463846122e-02 6.665898949450418513e+03 1.912838483786122312e+00 1.093430570799665963e-01 -3.970018067381524153e-08 -9.564213574966359266e-01 -6.667987989879449462e-04 -9.564192418930611561e-01 -2.032208342205819862e-03
1.203191524724363942e-01 -9.178269547786126192e-02 -3.309143164162362154e+03 -3.374202144212291387e+03 -8.501918397300328722e-02 -3.359073767555792983e+03 6.471888508699051579e-02 6.471888508699051579e-02 6.748404288424582774e+03 1.936729686415380458e+00 1.081829636329488115e-01 -3.922202505613599366e-08 -9.683669364760794096e-01 -6.465484163603022914e-04 -9.683648432076902290e-01 -2.053190930239067510e-03
1.217154764469595835e-01 -9.081297131701449032e-02 -3.352728496354272465e+03 -3.416066073159760435e+03 -8.412082106613504029e-02 -3.401139449120719746e+03 6.403447381479601686e-02 6.403447381479601686e-02 6.832132146319520871e+03 1.960975069754941957e+00 1.070387321863937452e-01 -3.868691054966000697e-08 -9.804896061133339114e-01 -6.265295644157092836e-04 -9.804875348774709787e-01 -2.074566447209477259e-03
1.231277165302159943e-01 -8.985016162620940161e-02 -3.396672829376093887e+03 -3.458317474261598818e+03 -8.322887652917852763e-02 -3.443587631106709068e+03 6.335494257736094814e-02 6.335494257736094814e-02 6.916634948523197636e+03 1.985440517594611487e+00 1.059026562031493840e-01 -3.823874042842610720e-08 -9.927223081496359125e-01 -6.073057486164148847e-04 -9.927202587973057435e-01 -2.096286336912474638e-03
1.245560715068704388e-01 -8.888745377129239622e-02 -3.440675838222191487e+03 -3.500704118617458789e+03 -8.233702751161851852e-02 -3.486159058680933413e+03 6.267558648255780462e-02 6.267558648255780462e-02 7.001408237234917578e+03 2.009978221680348565e+00 1.047669066123959186e-01 -3.771309265383593316e-08 -1.004991138307048892e+00 -5.894871364225793718e-04 -1.004989110840174282e+00 -2.118295443954698164e-03
1.260007420330530592e-01 -8.791873382005079007e-02 -3.484431447478790687e+03 -3.542968085918735142e+03 -8.143962344491625927e-02 -3.528588785127069059e+03 6.199202972520394261e-02 6.199202972520394261e-02 7.085936171837470283e+03 2.034434333565794617e+00 1.036241444467791151e-01 -3.724189389414560720e-08 -1.017219172216968559e+00 -5.735114110718173919e-04 -1.017217166782897309e+00 -2.140505939528391296e-03
1.274619306549808206e-01 -8.693770589014097883e-02 -3.527604741742246460e+03 -3.584826003046591268e+03 -8.053083050033778278e-02 -3.570585927758420894e+03 6.129986468995526211e-02 6.129986468995526211e-02 7.169652006093182536e+03 2.058641705253957177e+00 1.024670129335207014e-01 -3.677236855773440757e-08 -1.029322835737436437e+00 -5.599977567964340179e-04 -1.029320852626978589e+00 -2.162844534053231030e-03
1.289398418279278369e-01 -8.593932286477298788e-02 -3.569892971416758883e+03 -3.626019635961830318e+03 -7.960597145842293609e-02 -3.611885787169559535e+03 6.059555309327230993e-02 6.059555309327230993e-02 7.252039271923660635e+03 2.082448145772640036e+00 1.012896048111489727e-01 -3.631353760756276837e-08 -1.041226033267851347e+00 -5.493269701565620111e-04 -1.041224072886320018e+00 -2.185216338306595219e-03
1.304346819355849951e-01 -8.491861997643604387e-02 -3.610970045548009239e+03 -3.666269811297594970e+03 -7.866045360894668992e-02 -3.652202386367932377e+03 5.987557260323773944e-02 5.987557260323773944e-02 7.332539622595189940e+03 2.105688410063256910e+00 1.000860235939600995e-01 -3.586758998777139424e-08 -1.052846142162472853e+00 -5.421187408929070998e-04 -1.052844205031628455e+00 -2.207550051334503018e-03
1.319466593098510276e-01 -8.387166483943649109e-02 -3.650541312265953820e+03 -3.705322470025300390e+03 -7.769062786757434391e-02 -3.691275798814533118e+03 5.913719316936898174e-02 5.913719316936898174e-02 7.410644940050600781e+03 2.128213537482794848e+00 9.885172145270773592e-02 -3.540115129627727439e-08 -1.064108682012747664e+00 -5.386787113628121971e-04 -1.064106768741397424e+00 -2.229742456274787319e-03
1.334759842510973848e-01 -8.279554914675413269e-02 -3.688334351004958535e+03 -3.742940696318878054e+03 -7.669381454091112049e-02 -3.728863998895892564e+03 5.837827929145616296e-02 5.837827929145616296e-02 7.485881392637756107e+03 2.149882383071768377e+00 9.758309731083254779e-02 -3.500700656415485858e-08 -1.074943080266446582e+00 -5.393630267099164570e-04 -1.074941191535884188e+00 -2.251706001532102156e-03
1.350228690489515548e-01 -8.168801446044271497e-02 -3.724108794625581140e+03 -3.778913471034555187e+03 -7.566789973358460653e-02 -3.764751766743023836e+03 5.759737509080550127e-02 5.759737509080550127e-02 7.557826942069110373e+03 2.170573685356095961e+00 9.627776788519958051e-02 -3.453064704093999080e-08 -1.085288706144212467e+00 -5.444970684665874491e-04 -1.085286842678047980e+00 -2.273368462103794469e-03
1.365875280036433215e-01 -8.054816298012400233e-02 -3.757668645302933328e+03 -3.813065842582949699e+03 -7.461205820295661872e-02 -3.798761174067685261e+03 5.679379765173508260e-02 5.679379765173508260e-02 7.626131685165899398e+03 2.190184026974971498e+00 9.493457365556576266e-02 -3.399662787695519361e-08 -1.095093850942860048e+00 -5.541022872279924771e-04 -1.095092013487485749e+00 -2.294628832928991349e-03
1.381701774479608680e-01 -7.937628308817039346e-02 -3.788872733273669382e+03 -3.845268234191252304e+03 -7.352656472780091934e-02 -3.830761054713434078e+03 5.596769769202752931e-02 5.596769769202752931e-02 7.690536468382504609e+03 2.208636804953655997e+00 9.355374736307790762e-02 -3.353056854708187048e-08 -1.104320213178502597e+00 -5.683215498950472443e-04 -1.104318402476827998e+00 -2.315431812619646226e-03
1.397710357698642991e-01 -7.817358245447175724e-02 -3.817628257703229337e+03 -3.875430935699027941e+03 -7.241254153389625747e-02 -3.860661358302674216e+03 5.511989105938595868e-02 5.511989105938595868e-02 7.750861871398055882e+03 2.225879414279580359e+00 9.213664014698773330e-02 -3.307290954646541874e-08 -1.112941490371355924e+00 -5.870589711551726670e-04 -1.112939707139790180e+00 -2.335709570811065564e-03
1.413903234358055150e-01 -7.694244911835941558e-02 -3.843923859257086860e+03 -3.903532999683073740e+03 -7.127217617143588591e-02 -3.888442645886000264e+03 5.425219701997443383e-02 5.425219701997443383e-02 7.807065999366147480e+03 2.241903769341250907e+00 9.068634365224029215e-02 -3.255543515907682319e-08 -1.120953639781114841e+00 -6.101681422178648886e-04 -1.120951884670625454e+00 -2.355431437784448294e-03
1.430282630148045353e-01 -7.568667186609731590e-02 -3.867814760951801873e+03 -3.929608304356303051e+03 -7.010899970411489657e-02 -3.914142031926632626e+03 5.336713152097219415e-02 5.336713152097219415e-02 7.859216608712606103e+03 2.256727958700344594e+00 8.920700700747320744e-02 -3.207133974238941366e-08 -1.128365705766672944e+00 -6.372275242809107617e-04 -1.128363979350172297e+00 -2.374550750452356952e-03
1.446850792033341215e-01 -7.441065475869472479e-02 -3.889422264016124700e+03 -3.953747586857010901e+03 -6.892708126822266745e-02 -3.937854823685856900e+03 5.246784373023426901e-02 5.246784373023426901e-02 7.907495173714021803e+03 2.270408030901342578e+00 8.770391126439988638e-02 -3.158010085426509422e-08 -1.135205712705820602e+00 -6.678715743018143322e-04 -1.135204015450671289e+00 -2.393067772081499019e-03
1.463609988510654325e-01 -7.311996514590599072e-02 -3.908952445879431707e+03 -3.976112764275914287e+03 -6.773157837710595819e-02 -3.959749494725514523e+03 5.155822892726828061e-02 5.155822892726828061e-02 7.952225528551828575e+03 2.283040521237951204e+00 8.618355760378622332e-02 -3.106479273339357812e-08 -1.141521928373163686e+00 -7.014685548018491151e-04 -1.141520260618975602e+00 -2.410982653951030796e-03
1.480562509875292532e-01 -7.182102792757538712e-02 -3.926688192923958468e+03 -3.996931850978024158e+03 -6.652844750134408180e-02 -3.980062165628396087e+03 5.064276004950842014e-02 5.064276004950842014e-02 7.993863701956048317e+03 2.294760266643734781e+00 8.465340278288220610e-02 -3.064446504910466284e-08 -1.147381771380781013e+00 -7.373385406588704640e-04 -1.147380133321867390e+00 -2.428326702479812783e-03
1.497710668497480579e-01 -7.052047984114619139e-02 -3.942973320435134156e+03 -4.016485803245017905e+03 -6.532381268072527669e-02 -3.999083048911403694e+03 4.972623565972128512e-02 4.972623565972128512e-02 8.032971606490035811e+03 2.305737626166343368e+00 8.312151291726474489e-02 -3.016149735914143775e-08 -1.152870421414787572e+00 -7.747402343090532785e-04 -1.152868813083171684e+00 -2.445157665697770231e-03
1.515056799108966679e-01 -6.922588094022123772e-02 -3.958230804208102654e+03 -4.035122843368678787e+03 -6.412468541546940959e-02 -4.017171353279123650e+03 4.881390287697009306e-02 4.881390287697009306e-02 8.070245686737357573e+03 2.316177735402539017e+00 8.159662937000707050e-02 -2.965250061329794795e-08 -1.158090446443501786e+00 -8.127591817636367231e-04 -1.158088867701269509e+00 -2.461541752686429059e-03
1.532603259100500659e-01 -6.794483452878215257e-02 -3.972932671562925862e+03 -4.053236412242668848e+03 -6.293810710797867469e-02 -4.034732027828908485e+03 4.791110784057970445e-02 4.791110784057970445e-02 8.106472824485337696e+03 2.326313844787024632e+00 8.008768406913084614e-02 -2.912809112105853816e-08 -1.163158471859066845e+00 -8.504884016114615817e-04 -1.163156922393512316e+00 -2.477574514847217992e-03
1.550352428830776563e-01 -6.668484491288381721e-02 -3.987590577270568701e+03 -4.071252011153123476e+03 -6.177102938240482122e-02 -4.052203199154389495e+03 4.702311052690458931e-02 4.702311052690458931e-02 8.142504022306246952e+03 2.336397704379572282e+00 7.860345906130901394e-02 -2.865174774363101590e-08 -1.168200372863531511e+00 -8.869172164569421929e-04 -1.168198852189786141e+00 -2.493354418765945241e-03
1.568306711947469179e-01 -6.545335219229074519e-02 -4.002752753689216661e+03 -4.089632406769932459e+03 -6.063034742943546052e-02 -4.070060096790859916e+03 4.615511371046276956e-02 4.615511371046276956e-02 8.179264813539864917e+03 2.346702133199833895e+00 7.715263609788124144e-02 -2.816842126137886256e-08 -1.173352559135702577e+00 -9.211067919583944665e-04 -1.173351066599916948e+00 -2.509012103694104653e-03
1.586468535720987061e-01 -6.425757560880945851e-02 -4.019006658471200353e+03 -4.108879084803164915e+03 -5.952273674923842101e-02 -4.088816688650951164e+03 4.531225962386744438e-02 4.531225962386744438e-02 8.217758169606329830e+03 2.357524872679037653e+00 7.574383076899529610e-02 -2.769618187764204132e-08 -1.178763901561567407e+00 -9.521468847660868526e-04 -1.178762436339518827e+00 -2.524707803027886107e-03
1.604840351391592645e-01 -6.310335020599017186e-02 -4.036883006296407984e+03 -4.129440620073463833e+03 -5.845360769892840591e-02 -4.108933521695569652e+03 4.449861045353780548e-02 4.449861045353780548e-02 8.258881240146927667e+03 2.369129929754769215e+00 7.438381485828368667e-02 -2.730771704613029231e-08 -1.184566403741434071e+00 -9.790768581384866505e-04 -1.184564964877384607e+00 -2.540559967163727971e-03
1.623424634530553634e-01 -6.199611140936064219e-02 -4.056929111455433940e+03 -4.151789944811021996e+03 -5.742798536427552725e-02 -4.130894268534391813e+03 4.371805388035194390e-02 4.371805388035194390e-02 8.303579889622043993e+03 2.381797744796381622e+00 7.307910745603331260e-02 -2.678247086532473837e-08 -1.190900285988146790e+00 -1.001345087692211405e-03 -1.190898872398190811e+00 -2.556766458248063874e-03
1.642223885416006501e-01 -6.093968998014357569e-02 -4.079602132671371692e+03 -4.176318171713141965e+03 -5.644943048147769288e-02 -4.155099622188122339e+03 4.297320224190893934e-02 4.297320224190893934e-02 8.352636343426283929e+03 2.395756576879803923e+00 7.183404305353881247e-02 -2.634232279265512145e-08 -1.197879677922425445e+00 -1.018174336524249384e-03 -1.197878288439901961e+00 -2.573437990619170928e-03
1.661240629424228787e-01 -5.993645642376630583e-02 -4.105302130803339423e+03 -4.203373792973616219e+03 -5.552011003554947061e-02 -4.181905489899982058e+03 4.226590088135490780e-02 4.226590088135490780e-02 8.406747585947232437e+03 2.411216866893763022e+00 7.065177059097627055e-02 -2.592524715311631105e-08 -1.205609800055061243e+00 -1.029006898540876964e-03 -1.205608433446881511e+00 -2.590700978528484837e-03
1.680477417437035159e-01 -5.898853432709076638e-02 -4.134377707328553697e+03 -4.233269927605673729e+03 -5.464203748231809266e-02 -4.211629981671966561e+03 4.159736798526371404e-02 4.159736798526371404e-02 8.466539855211347458e+03 2.428353202038781244e+00 6.953422307764520194e-02 -2.551055078548426901e-08 -1.214177946014811882e+00 -1.033731177776522426e-03 -1.214176601019390622e+00 -2.608714338370632119e-03
1.699936826266028600e-01 -5.809505912633480817e-02 -4.167012920846246743e+03 -4.266172837848826020e+03 -5.381438304354092123e-02 -4.244441849048372205e+03 4.096717600484448690e-02 4.096717600484448690e-02 8.532345675697652041e+03 2.447268364456348877e+00 6.848075286078583734e-02 -2.510739988427901012e-08 -1.223635506864842570e+00 -1.032043832877396674e-03 -1.223634182228174438e+00 -2.627535041581812066e-03
1.719621459094460569e-01 -5.725484596556244116e-02 -4.203326469459491818e+03 -4.302207722367508723e+03 -5.303606466987836193e-02 -4.280465099925506365e+03 4.037441592403508833e-02 4.037441592403508833e-02 8.604415444735017445e+03 2.468031218217892508e+00 6.748981242074021669e-02 -2.468712214967619489e-08 -1.234016914606544502e+00 -1.024510117060379363e-03 -1.234015609108946254e+00 -2.647319584610596018e-03
1.739533945937466186e-01 -5.646390558584629682e-02 -4.243233643094082254e+03 -4.341311919969463816e+03 -5.230336693388303732e-02 -4.319633772005627179e+03 3.981641145135143833e-02 3.981641145135143833e-02 8.682623839938927631e+03 2.490608113969657200e+00 6.655697803175453231e-02 -2.433550652152803737e-08 -1.245305344480164056e+00 -1.011239556356372795e-03 -1.245304056984828600e+00 -2.668050876026538572e-03
1.759676944121461584e-01 -5.571761604659433709e-02 -4.286550781837890099e+03 -4.383349108875731872e+03 -5.161200729752735139e-02 -4.361804458838492792e+03 3.928993486863341378e-02 3.928993486863341378e-02 8.766698217751463744e+03 2.514917418792400383e+00 6.567686489229199176e-02 -2.399033915050283631e-08 -1.257459979920381832e+00 -9.929518533901451720e-04 -1.257458709396200192e+00 -2.689757386238740729e-03
1.780053138783520561e-01 -5.501042903114644611e-02 -4.332957405093041416e+03 -4.428065657612625728e+03 -5.095687801635388064e-02 -4.406713616827077203e+03 3.879090362120783675e-02 3.879090362120783675e-02 8.856131315225251456e+03 2.540801072479723199e+00 6.484258482944924018e-02 -2.363663211509016196e-08 -1.270401790683114207e+00 -9.704760414185743637e-04 -1.270400536239861600e+00 -2.712407279060179057e-03
1.800665243391547377e-01 -5.433485958441348906e-02 -4.381952047834375662e+03 -4.475050708440670860e+03 -5.033103504960922958e-02 -4.453937054832062131e+03 3.831414286406292780e-02 3.831414286406292780e-02 8.950101416881341720e+03 2.568017850666301616e+00 6.404552416367884082e-02 -2.330266988586890230e-08 -1.284010164418223354e+00 -9.452861587127405841e-04 -1.284008925333150808e+00 -2.735984124706439084e-03
1.821516000286105552e-01 -5.368348334529025184e-02 -4.432978225567369918e+03 -4.523848893660428075e+03 -4.972759273256765339e-02 -4.503004520510958173e+03 3.785449036577576837e-02 3.785449036577576837e-02 9.047697787320856150e+03 2.596299199768529853e+00 6.327707984871185076e-02 -2.297557153698647529e-08 -1.298150824167447759e+00 -9.182056512185338051e-04 -1.298149599884264926e+00 -2.760343796180150192e-03
1.842608181244770882e-01 -5.304815252215327320e-02 -4.485325153379664698e+03 -4.573868211996900754e+03 -4.913903313464581396e-02 -4.553306613663166900e+03 3.740605507882541203e-02 3.740605507882541203e-02 9.147736423993801509e+03 2.625288117718579617e+00 6.252734927246510199e-02 -2.265716520629366197e-08 -1.312645268697339995e+00 -8.909219276237881433e-04 -1.312644058859289808e+00 -2.785385947760455651e-03
1.863944588069902375e-01 -5.242320854781253037e-02 -4.538483272275148011e+03 -4.624716531598710390e+03 -4.856008630790589753e-02 -4.604433709991535579e+03 3.696504447246472258e-02 3.696504447246472258e-02 9.249433063197420779e+03 2.654755819466910527e+00 6.179006486067682713e-02 -2.234322463411964095e-08 -1.327379105365326328e+00 -8.645482878404820576e-04 -1.327377909733455263e+00 -2.811051160340919969e-03
1.885528053200754284e-01 -5.179898962023411768e-02 -4.591491912626895100e+03 -4.675567459714136930e+03 -4.798181991294613730e-02 -4.655539986414908526e+03 3.652456627109396808e-02 3.652456627109396808e-02 9.351134919428273861e+03 2.684211543637831987e+00 6.105367514739664520e-02 -2.203367205148022596e-08 -1.342106953254829982e+00 -8.406131781675262342e-04 -1.342105771818915994e+00 -2.837079690028976395e-03
1.907361440350868187e-01 -5.116621793195638007e-02 -4.643366180764845922e+03 -4.725566708784423099e+03 -4.739563526373875846e-02 -4.705752332675995603e+03 3.607813435994808304e-02 3.607813435994808304e-02 9.451133417568846198e+03 2.713154097142724819e+00 6.030735757495107874e-02 -2.173338395176838237e-08 -1.356578215610921845e+00 -8.207122479897424822e-04 -1.356577048571362409e+00 -2.863211580518602861e-03
1.929447645171716574e-01 -5.051812088194046479e-02 -4.693275479781399554e+03 -4.774001553779034111e+03 -4.679526726170522150e-02 -4.754340948064940676e+03 3.562093608766832981e-02 3.562093608766832981e-02 9.548003107558068223e+03 2.741161226232317727e+00 5.954305311557256397e-02 -2.143116938041925139e-08 -1.370581765400437524e+00 -8.059356411888021678e-04 -1.370580613116158863e+00 -2.889188733983687630e-03
1.951789595943591582e-01 -4.984889529139571035e-02 -4.740439309152121496e+03 -4.820194920703057505e+03 -4.617533881125904932e-02 -4.800613853815441871e+03 3.514890330518551098e-02 3.514890330518551098e-02 9.640389841406115011e+03 2.767834997412603748e+00 5.875396974526448518e-02 -2.112745741654698855e-08 -1.383918635744184389e+00 -7.973968899396665765e-04 -1.383917498706301874e+00 -2.914781142331876723e-03
1.974390254294766112e-01 -4.915431769585597299e-02 -4.784192790247013363e+03 -4.863563792892675337e+03 -4.553193522898586060e-02 -4.843976307478153103e+03 3.465907876582832031e-02 3.465907876582832031e-02 9.727127585785350675e+03 2.792833530621905425e+00 5.793517164175260997e-02 -2.082443638394112075e-08 -1.396417886515851858e+00 -7.958395143273589226e-04 -1.396416765310952712e+00 -2.939758407159084007e-03
1.997252615949978716e-01 -4.843223297644871223e-02 -4.824049884952520188e+03 -4.903677586571937354e+03 -4.486306307328786352e-02 -4.883989836040913360e+03 3.414992514455252037e-02 3.414992514455252037e-02 9.807355173143874708e+03 2.815903426854258207e+00 5.708408251550378676e-02 -2.051776919924234363e-08 -1.407952818162081510e+00 -8.017245833785404318e-04 -1.407951713427129103e+00 -2.963935882209229721e-03
2.020379711509324716e-01 -4.768234914169121319e-02 -4.859715152205042614e+03 -4.940265937320062221e+03 -4.416845048657953854e-02 -4.920380622071487778e+03 3.362123821717590694e-02 3.362123821717590694e-02 9.880531874640124443e+03 2.836887083684165312e+00 5.620036188266058080e-02 -2.020801753838025926e-08 -1.418444629464288953e+00 -8.151508586590348795e-04 -1.418443541842082656e+00 -2.987169794667979879e-03
2.043774607258675713e-01 -4.690633858421505015e-02 -4.891115249013302673e+03 -4.973245515060597427e+03 -4.344964561426194888e-02 -4.953066999861618569e+03 3.307418918232140487e-02 3.307418918232140487e-02 9.946491030121194854e+03 2.855737282305165881e+00 5.528596510419140492e-02 -1.989553990603869527e-08 -1.427869711058301849e+00 -8.357629013847347414e-04 -1.427868641152582940e+00 -3.009357796765016642e-03
2.067440406012767962e-01 -4.610828269100169380e-02 -4.918469577897538329e+03 -5.002793613240935883e+03 -4.271042748895970825e-02 -4.982232480104527895e+03 3.251164845650643398e-02 3.251164845650643398e-02 1.000558722648187177e+04 2.872559723030761347e+00 5.434568825496952083e-02 -1.957887870024372268e-08 -1.436280913195219888e+00 -8.629942692604406157e-04 -1.436279861515380674e+00 -3.030519311320947502e-03
2.091380247992159491e-01 -4.529336002817862389e-02 -4.942177991140778431e+03 -5.029232170098472125e+03 -4.195559126044230008e-02 -5.008210514008038444e+03 3.193725404153951314e-02 3.193725404153951314e-02 1.005846434019694425e+04 2.887546272259281288e+00 5.338560855117005510e-02 -1.926120643951566443e-08 -1.443774169193925205e+00 -8.957327274336995349e-04 -1.443773136129640644e+00 -3.050676663182616023e-03
2.115597311735266106e-01 -4.446842861325280699e-02 -4.962895985667231798e+03 -5.053108432961299513e+03 -4.119149063422790358e-02 -5.031564193062004961e+03 3.135580868963906698e-02 3.135580868963906698e-02 1.010621686592259903e+04 2.901020174525819506e+00 5.241374307080295947e-02 -1.894207596429139999e-08 -1.450511101478835885e+00 -9.326631477360274296e-04 -1.450510087262909753e+00 -3.069953478949726498e-03
2.140094815046751087e-01 -4.364052754926026068e-02 -4.981396529691383876e+03 -5.075058234261262442e+03 -4.042463734362086725e-02 -5.052949508812954264e+03 3.077229803944853820e-02 3.077229803944853820e-02 1.015011646852252488e+04 2.913361011706042891e+00 5.143843515780825021e-02 -1.862264778129036995e-08 -1.456681501153048508e+00 -9.719667560972760408e-04 -1.456680505853021446e+00 -3.088452648011783333e-03
2.164876015983565050e-01 -4.281810024228728528e-02 -4.998693292404064778e+03 -5.095943877740510288e+03 -3.966285203388036917e-02 -5.073250772925826823e+03 3.019265280427416154e-02 3.019265280427416154e-02 1.019188775548102058e+04 2.925077682008302205e+00 5.046959107739237838e-02 -1.830174793463956598e-08 -1.462539817514461271e+00 -1.012063297174689482e-03 -1.462538841004151102e+00 -3.106444267415183619e-03
2.189944213879996548e-01 -4.200859956304689447e-02 -5.015777525257160050e+03 -5.116589048259167612e+03 -3.891304173123264626e-02 -5.093316231938537385e+03 2.962207917440560015e-02 2.962207917440560015e-02 1.023317809651833522e+04 2.936656804075699068e+00 4.951589645354752267e-02 -1.799238955414604844e-08 -1.468329360054129618e+00 -1.051030427539858658e-03 -1.468328402037849534e+00 -3.124123267964073591e-03
2.215302750413118416e-01 -4.121848517184555083e-02 -5.033612251080223359e+03 -5.137787862539334128e+03 -3.818118275333410444e-02 -5.113964815338992594e+03 2.906514962296440768e-02 2.906514962296440768e-02 1.027557572507866826e+04 2.948571558039454921e+00 4.858500215310374709e-02 -1.768104172158482118e-08 -1.474286718989045175e+00 -1.086806545765452202e-03 -1.474285779019727460e+00 -3.141649602614280789e-03
2.240955010710084794e-01 -4.045489511360008533e-02 -5.053310254918428654e+03 -5.160493169056041552e+03 -3.747388628025166701e-02 -5.136172562570624905e+03 2.852688370047929550e-02 2.852688370047929550e-02 1.032098633811208310e+04 2.961383977848312199e+00 4.768529448204289478e-02 -1.737638033424496635e-08 -1.480692911457388794e+00 -1.117822696424656528e-03 -1.480691988924156099e+00 -3.159348687399988250e-03
2.266904424498776272e-01 -3.972252749736707167e-02 -5.075739201326481634e+03 -5.185440507340799741e+03 -3.679549809990369930e-02 -5.160694249573390152e+03 2.801061922385756492e-02 2.801061922385756492e-02 1.037088101468159948e+04 2.975530682238774371e+00 4.682236262719639136e-02 -1.707569872089370720e-08 -1.487766246937586079e+00 -1.142804854038159722e-03 -1.487765341119387186e+00 -3.177464821259100292e-03
2.293154467303346600e-01 -3.902474881331509382e-02 -5.101625294678476166e+03 -5.213231560719674235e+03 -3.614914979197878658e-02 -5.188149827556090713e+03 2.751863512205435236e-02 2.751863512205435236e-02 1.042646312143934847e+04 2.991363518093260065e+00 4.599998155160592989e-02 -1.678635062847490328e-08 -1.495682648942516568e+00 -1.160313125985316853e-03 -1.495681759046630033e+00 -3.196131300680470164e-03
2.319708661686279982e-01 -3.836503014385832938e-02 -5.131735613292374182e+03 -5.244570478095018188e+03 -3.553804812977210542e-02 -5.219252071819762023e+03 2.705343303899741814e-02 2.705343303899741814e-02 1.048914095619003638e+04 3.009296372001892816e+00 4.522235284977612485e-02 -1.649778634026560665e-08 -1.504649060849950315e+00 -1.169970901037891862e-03 -1.504648186000946408e+00 -3.215707611622261458e-03
2.346570578538647034e-01 -3.774338738079884709e-02 -5.166392740699594469e+03 -5.279739320228818542e+03 -3.496219976865549972e-02 -5.254288857457598169e+03 2.661507549937296505e-02 2.661507549937296505e-02 1.055947864045763708e+04 3.029498231283973553e+00 4.448959990731846809e-02 -1.623318174816751176e-08 -1.514749976323279235e+00 -1.171351556089396265e-03 -1.514749115641986776e+00 -3.236298550370523761e-03
2.373743838420289687e-01 -3.715871781933663409e-02 -5.205692130851650290e+03 -5.318853305741548866e+03 -3.442060257792137895e-02 -5.293372184503308745e+03 2.620268101403534430e-02 2.620268101403534430e-02 1.063770661148309773e+04 3.052026930955051398e+00 4.380021027867624789e-02 -1.596603184337042852e-08 -1.526014312836426301e+00 -1.165209174186344768e-03 -1.526013465477525699e+00 -3.258078580832594450e-03
2.401232112951752762e-01 -3.660841610536114121e-02 -5.249502660997042767e+03 -5.361852530766675045e+03 -3.391083266412597136e-02 -5.336431270626032529e+03 2.581449505747071896e-02 2.581449505747071896e-02 1.072370506153335009e+04 3.076846522541443640e+00 4.315128088626564440e-02 -1.571657247023174052e-08 -1.538424096096981497e+00 -1.152481547971868090e-03 -1.538423261270721820e+00 -3.281155769511754673e-03
2.429039126259848469e-01 -3.608766094801279384e-02 -5.297296524155480256e+03 -5.408311353168315691e+03 -3.342842915600857667e-02 -5.383025382603930666e+03 2.544710645763697751e-02 2.544710645763697751e-02 1.081662270633663138e+04 3.103701885388545634e+00 4.253710460395275506e-02 -1.547371286766234631e-08 -1.551851765664814531e+00 -1.134428244618283571e-03 -1.551850942694272817e+00 -3.305466668398076430e-03
2.457168656478824487e-01 -3.559014579785801241e-02 -5.348237164653160107e+03 -5.457546293644679281e+03 -3.296754524395007629e-02 -5.432448499000976881e+03 2.509612583401333447e-02 2.509612583401333447e-02 1.091509258728935856e+04 3.132189534209234960e+00 4.195036437323755585e-02 -1.523577043976585216e-08 -1.566095578753741835e+00 -1.113008212904429729e-03 -1.566094767104617480e+00 -3.330905827841723447e-03
2.485624537309174820e-01 -3.510845844743227390e-02 -5.401193572285919799e+03 -5.508601472384629233e+03 -3.252132867543996303e-02 -5.483719213444594061e+03 2.475626674728435492e-02 2.475626674728435492e-02 1.101720294476925847e+04 3.161739323155834835e+00 4.138220037878739821e-02 -1.500666732806911823e-08 -1.580870462264204690e+00 -1.090216974883476651e-03 -1.580869661577917418e+00 -3.357205348197249070e-03
2.514410659636251433e-01 -3.463500717837326992e-02 -5.454920244241191540e+03 -5.560427904871153260e+03 -3.208273811045628254e-02 -5.535759861676052424e+03 2.442225847889678211e-02 2.442225847889678211e-02 1.112085580974230652e+04 3.191735426486318694e+00 4.082383151865435350e-02 -1.478254496141712777e-08 -1.595868503154967089e+00 -1.068310776548960384e-03 -1.595867713243159347e+00 -3.384091309163227666e-03
2.543530973210892943e-01 -3.416271612568513166e-02 -5.508121532974057118e+03 -5.611927239049958189e+03 -3.164522930131912631e-02 -5.587443366917767889e+03 2.408907215813247890e-02 2.408907215813247890e-02 1.122385447809991638e+04 3.221525092019183578e+00 4.026683611346722896e-02 -1.456110880160967735e-08 -1.610763325168788285e+00 -1.049546373384024596e-03 -1.610762546009591789e+00 -3.411252697079813177e-03
2.572989488394419877e-01 -3.368476669944209245e-02 -5.559471553944354127e+03 -5.661954444975800470e+03 -3.120248205306755049e-02 -5.637598577396670407e+03 2.375194200529832239e-02 2.375194200529832239e-02 1.132390888995160094e+04 3.250436095387368773e+00 3.970326265273114302e-02 -1.434319923982871714e-08 -1.625218815967760744e+00 -1.035690700760614385e-03 -1.625218047693684387e+00 -3.438283393141998434e-03
2.602790277970433164e-01 -3.319667281666372621e-02 -5.607943381554722691e+03 -5.709640739618616863e+03 -3.075034530211496336e-02 -5.685333668162056711e+03 2.340769260430314996e-02 2.340769260430314996e-02 1.141928147923723373e+04 3.277953358918229032e+00 3.912779807025155987e-02 -1.412531167796201343e-08 -1.638977436610854044e+00 -1.028592276240541774e-03 -1.638976679459114516e+00 -3.464948403131714455e-03
2.632937479025973526e-01 -3.269504041719153986e-02 -5.652671617392884400e+03 -5.754231877658908161e+03 -3.028567308803442257e-02 -5.729878415907457565e+03 2.305394816867122054e-02 2.305394816867122054e-02 1.150846375531781632e+04 3.303634259946720775e+00 3.853647728328014194e-02 -1.390615867637438652e-08 -1.651817875688814219e+00 -1.029171666831824299e-03 -1.651817129973360387e+00 -3.490942936039180978e-03
2.663435294904725748e-01 -3.217835706686811292e-02 -5.693101415254538551e+03 -5.795233095634205711e+03 -2.980706620714647370e-02 -5.770729552224688632e+03 2.268963027389576601e-02 2.268963027389576601e-02 1.159046619126841142e+04 3.327187895266557671e+00 3.792749324379145887e-02 -1.368721406249288726e-08 -1.663594681563286048e+00 -1.037840444899651568e-03 -1.663593947633278836e+00 -3.516036914797930277e-03
2.694287997235069176e-01 -3.164686205062909596e-02 -5.729019780471222475e+03 -5.832431312541943043e+03 -2.931474403935077286e-02 -5.807674331985172103e+03 2.231491419571552531e-02 2.231491419571552531e-02 1.166486262508388609e+04 3.348492381052168732e+00 3.730114165833441076e-02 -1.346672659835763252e-08 -1.674246912328158476e+00 -1.054344850786184586e-03 -1.674246190526084366e+00 -3.540068320398606465e-03
2.725499928035917119e-01 -3.110254318685503130e-02 -5.760575785508629451e+03 -5.865913864968270900e+03 -2.881055191187241113e-02 -5.840809468134760209e+03 2.193116429712441834e-02 2.193116429712441834e-02 1.173182772993654180e+04 3.367600657307190826e+00 3.665968992111463126e-02 -1.324569281089956170e-08 -1.683801038029330233e+00 -1.077870909828897205e-03 -1.683800328653595413e+00 -3.562965266932590584e-03
2.757075501903450965e-01 -3.054886374356724152e-02 -5.788293077768167677e+03 -5.896084399007702814e+03 -2.829768915631602350e-02 -5.870556478318650989e+03 2.154085565911453143e-02 2.154085565911453143e-02 1.179216879801540563e+04 3.384758836225717715e+00 3.600728836123206350e-02 -1.302254347423751635e-08 -1.692380114847235495e+00 -1.106557147011436211e-03 -1.692379418112858858e+00 -3.584689426694432236e-03
2.789019208281970919e-01 -2.999108369236821656e-02 -5.813125129455701426e+03 -5.923733970038236293e+03 -2.778102662974251888e-02 -5.897730235827210890e+03 2.114768787394545255e-02 2.114768787394545255e-02 1.184746794007647259e+04 3.400436327393122848e+00 3.535011844891283034e-02 -1.280006924929499913e-08 -1.700218847695803115e+00 -1.138709337231312655e-03 -1.700218163696561424e+00 -3.605453501912343067e-03
2.821335613822293364e-01 -2.943510558782846259e-02 -5.836259497619969807e+03 -5.949846361704324408e+03 -2.726603941146915969e-02 -5.923344420201421599e+03 2.075575244803891384e-02 2.075575244803891384e-02 1.189969272340864882e+04 3.415211622838440597e+00 3.469499442715415216e-02 -1.257825346689550060e-08 -1.707606482721832908e+00 -1.171818524165595945e-03 -1.707605811419220299e+00 -3.625454845906327366e-03
2.854029364831274229e-01 -2.888743863021884378e-02 -5.859152601914469415e+03 -5.975664138671528235e+03 -2.675874699879273247e-02 -5.948672652990921961e+03 2.036967946586000153e-02 2.036967946586000153e-02 1.195132827734305647e+04 3.429822805835976762e+00 3.404967159052521564e-02 -1.236084294409361548e-08 -1.714912061715907932e+00 -1.203388339181193662e-03 -1.714911402917988381e+00 -3.645053625050743030e-03
2.887105189816230877e-01 -2.835428109717570699e-02 -5.883296323158801897e+03 -6.002471362777991089e+03 -2.626489095695969112e-02 -5.975029060460341498e+03 1.999382126664416698e-02 1.999382126664416698e-02 1.200494272555598218e+04 3.445026002357702843e+00 3.342141922614705329e-02 -1.214265632933619657e-08 -1.722513647806011239e+00 -1.231306563881959292e-03 -1.722513001178851422e+00 -3.664687517356341167e-03
2.920567902128236026e-01 -2.784075822237502829e-02 -5.910057952462073445e+03 -6.031453437136353386e+03 -2.578921633948678613e-02 -6.003625265592329015e+03 1.963179266786911625e-02 1.963179266786911625e-02 1.206290687427270677e+04 3.461520004787414173e+00 3.281628070557668364e-02 -1.193009789133771142e-08 -1.730760637302456662e+00 -1.253503167985760714e-03 -1.730760002393707087e+00 -3.684742671636851569e-03
2.954422402708464790e-01 -2.735036267573735802e-02 -5.940506464863659858e+03 -6.063543059318676569e+03 -2.533496161840567695e-02 -6.035413543441589354e+03 1.928603076423375529e-02 1.928603076423375529e-02 1.212708611863735314e+04 3.479851328681639266e+00 3.223832060019374973e-02 -1.172482180813775345e-08 -1.739926288062025206e+00 -1.268888420018875066e-03 -1.739925664340819633e+00 -3.705602633830987810e-03
2.988673682942013521e-01 -2.688441597254723550e-02 -5.975251930323773195e+03 -6.099275268137327657e+03 -2.490335329521840141e-02 -6.070939679140154112e+03 1.895744990855681086e-02 1.895744990855681086e-02 1.219855053627465531e+04 3.500332669478956493e+00 3.168906099028310358e-02 -1.152393105145516109e-08 -1.750166947833253772e+00 -1.276673549775608372e-03 -1.750166334739478247e+00 -3.727461449180251643e-03
3.023326827623828428e-01 -2.644223710680430883e-02 -6.014443892899751518e+03 -6.138792860420813668e+03 -2.449375439419910344e-02 -6.110347292569099409e+03 1.864561434811489241e-02 1.864561434811489241e-02 1.227758572084162734e+04 3.523051022085572193e+00 3.116778961436203824e-02 -1.132968276766050807e-08 -1.761526114056089831e+00 -1.277150805210678849e-03 -1.761525511042786096e+00 -3.750451819499216015e-03
3.058387018041656691e-01 -2.602145815203464607e-02 -6.057758372070496989e+03 -6.181839307565942363e+03 -2.410397199846956925e-02 -6.153369854513929567e+03 1.834886200440755469e-02 1.834886200440755469e-02 1.236367861513188473e+04 3.547853330779766612e+00 3.067173054469918628e-02 -1.114563829442544608e-08 -1.773927258815090058e+00 -1.271278492122491447e-03 -1.773926665389883306e+00 -3.774566894048180139e-03
3.093859535181198162e-01 -2.561860962107284298e-02 -6.104505085212920676e+03 -6.227852332969438976e+03 -2.373079845531068585e-02 -6.199426224077605184e+03 1.806472311047780527e-02 1.806472311047780527e-02 1.245570466593887795e+04 3.574401814335106398e+00 3.019674616061829645e-02 -1.096350628392000550e-08 -1.787201491414777577e+00 -1.260612956148489741e-03 -1.787200907167553199e+00 -3.799705500058105177e-03
3.129749763058925494e-01 -2.522932368808848344e-02 -6.153681368629432654e+03 -6.276010756149034933e+03 -2.337018484746393107e-02 -6.247668511856720215e+03 1.779015558357239027e-02 1.779015558357239027e-02 1.255202151229806987e+04 3.602211341847571191e+00 2.973776452598113351e-02 -1.078615948394719966e-08 -1.801106246304140512e+00 -1.247642210907724640e-03 -1.801105670923785596e+00 -3.825761342485051175e-03
3.166063192188353637e-01 -2.484889655923467472e-02 -6.204057993767055450e+03 -6.325295238945972415e+03 -2.301778342405061406e-02 -6.297046595499283285e+03 1.752180113938756750e-02 1.752180113938756750e-02 1.265059047789194483e+04 3.630671585202304374e+00 2.928915600996773172e-02 -1.061261321377729323e-08 -1.815336359313894032e+00 -1.234549250021813082e-03 -1.815335792601152187e+00 -3.852454789346634444e-03
3.202805423185864364e-01 -2.447234541607640201e-02 -6.254267596188141397e+03 -6.374554270716028441e+03 -2.266896860207568212e-02 -6.346377461755898366e+03 1.725622466002680114e-02 1.725622466002680114e-02 1.274910854143205688e+04 3.659109122896860633e+00 2.884520677259701238e-02 -1.044402948527010389e-08 -1.829555119582804812e+00 -1.223748331245591049e-03 -1.829554561448430317e+00 -3.879478136686312882e-03
3.239982170522552885e-01 -2.409519772974835078e-02 -6.302938569013892447e+03 -6.422612022083221746e+03 -2.231960541774587886e-02 -6.394456907625155509e+03 1.699023641815219920e-02 1.699023641815219920e-02 1.284522404416644349e+04 3.686825495095185090e+00 2.840057110020393835e-02 -1.027685754076255322e-08 -1.843413297087014069e+00 -1.217396114499772657e-03 -1.843412747547592545e+00 -3.906458868173617871e-03
3.277599266428925517e-01 -2.371379645664287508e-02 -6.348864394780914154e+03 -6.468412940102143693e+03 -2.196630624089178363e-02 -6.440207726558917784e+03 1.672126638684194241e-02 1.672126638684194241e-02 1.293682588020428739e+04 3.713200600658089101e+00 2.795095584654405316e-02 -1.011033345124046862e-08 -1.856600841173274619e+00 -1.216998982999370439e-03 -1.856600300329044551e+00 -3.933003358028729080e-03
3.315662664959703743e-01 -2.332599269673215486e-02 -6.391214520002300560e+03 -6.511214836639104760e+03 -2.160707978961729642e-02 -6.482875243949908509e+03 1.644780632839110829e-02 1.644780632839110829e-02 1.302242967327820952e+04 3.737800270179965967e+00 2.749384235672510182e-02 -9.945875413298172601e-09 -1.868900667089997913e+00 -1.223297156590062024e-03 -1.868900135089982983e+00 -3.958787584065656152e-03
3.354178446226382948e-01 -2.293158419487568295e-02 -6.429714857507007764e+03 -6.550756584373556507e+03 -2.124173668186116540e-02 -6.522196731715286660e+03 1.616972240920438314e-02 1.616972240920438314e-02 1.310151316874711301e+04 3.760474368572686465e+00 2.702901030909782981e-02 -9.778560485623675342e-09 -1.880237707289493798e+00 -1.236103325292984287e-03 -1.880237184286343233e+00 -3.983631251902092565e-03
3.393152820805684922e-01 -2.253212563648292199e-02 -6.464637753543938743e+03 -6.587247857820284480e+03 -2.087172041785822704e-02 -6.558391199664055421e+03 1.588808212284891982e-02 1.588808212284891982e-02 1.317449571564056896e+04 3.781345763204583932e+00 2.655823381574693928e-02 -9.612200279654125970e-09 -1.890673395490229058e+00 -1.254596161898750882e-03 -1.890672881602291966e+00 -4.007531896508671927e-03
3.432592134332514977e-01 -2.213059121125164272e-02 -6.496782764229443274e+03 -6.621356936861853683e+03 -2.049978318169623503e-02 -6.592146135170833077e+03 1.560498723184730076e-02 1.560498723184730076e-02 1.324271387372370737e+04 3.800811658744220001e+00 2.608502835569526807e-02 -9.445921801269118961e-09 -1.900406334095956495e+00 -1.276980872203998087e-03 -1.900405829372110000e+00 -4.030613884011147868e-03
3.472502872286558073e-01 -2.173051478419422630e-02 -6.527238095226778569e+03 -6.653990814744964155e+03 -2.012919504869941506e-02 -6.624395068773028470e+03 1.532293627341440277e-02 1.532293627341440277e-02 1.330798162948992831e+04 3.819411522982280704e+00 2.561357348453723731e-02 -9.284581833279935210e-09 -1.909706257084517800e+00 -1.301047873499263426e-03 -1.909705761491140352e+00 -4.053081192875924478e-03
3.512891664982214501e-01 -2.133553509365349390e-02 -6.557231678265451592e+03 -6.686173031152319709e+03 -1.976332621428878583e-02 -6.656191471150299549e+03 1.504448377537100610e-02 1.504448377537100610e-02 1.337234606230463942e+04 3.837751480083428035e+00 2.514813570905263113e-02 -9.119758693857605700e-09 -1.918876226621900605e+00 -1.324611292181766906e-03 -1.918875740041714018e+00 -4.075208862783379765e-03
3.553765292772165796e-01 -2.094907614795710540e-02 -6.588007797726597346e+03 -6.718945128401615875e+03 -1.940535444162318560e-02 -6.688606534215822649e+03 1.477199536787055824e-02 1.477199536787055824e-02 1.343789025680323175e+04 3.856442418604832501e+00 2.469265184875404570e-02 -8.957848402945629395e-09 -1.928221687062575906e+00 -1.345587085584088079e-03 -1.928221209302416250e+00 -4.097292248983121221e-03
3.595130691475507123e-01 -2.057397589040869251e-02 -6.620747248223102360e+03 -6.753319978943164642e+03 -1.905789510325148900e-02 -6.722677460557362792e+03 1.450754421297829888e-02 1.450754421297829888e-02 1.350663995788632928e+04 3.876092661955547580e+00 2.425061438463502542e-02 -8.801959190944605913e-09 -1.938046800181864926e+00 -1.361737806172444573e-03 -1.938046330977773790e+00 -4.119600529335350897e-03
3.636994958042065185e-01 -2.021234178740131948e-02 -6.656363280828260940e+03 -6.790102736132501377e+03 -1.872291121895779120e-02 -6.759224833563834181e+03 1.425254731689767733e-02 1.425254731689767733e-02 1.358020547226500275e+04 3.897165449563121165e+00 2.382436657415265904e-02 -8.648343949733290869e-09 -1.948583185737065460e+00 -1.372452354300170065e-03 -1.948582724781560582e+00 -4.142506888833753786e-03
3.679365356465255088e-01 -1.986513610894074383e-02 -6.695436766553640155e+03 -6.829839493954103091e+03 -1.840128869834371794e-02 -6.798799277142811661e+03 1.400771790219222483e-02 1.400771790219222483e-02 1.365967898790820618e+04 3.919983050487429121e+00 2.341511338503696540e-02 -8.498847799604167599e-09 -1.959991978282344949e+00 -1.377609880142026443e-03 -1.959991525243714561e+00 -4.166317848960101981e-03
3.722249323956614564e-01 -1.953172781535541733e-02 -6.737938782826176066e+03 -6.872546247137878709e+03 -1.809244686574196584e-02 -6.841409843571272177e+03 1.377259211927127532e-02 1.377259211927127532e-02 1.374509249427575742e+04 3.944547609863644055e+00 2.302207228704033007e-02 -8.353923361535433448e-09 -1.972274250369098203e+00 -1.377874782394522936e-03 -1.972273804931822028e+00 -4.191137879656110267e-03
3.765654477396007671e-01 -1.920987078844600682e-02 -6.783202942635999534e+03 -6.917672427543140657e+03 -1.779430601450720725e-02 -6.886488959746177898e+03 1.354558968361697056e-02 1.354558968361697056e-02 1.383534485508628131e+04 3.970532043759037233e+00 2.264260263781598878e-02 -8.211169794715081261e-09 -1.985266459979044829e+00 -1.374732054220171576e-03 -1.985266021879518616e+00 -4.216865646346540722e-03
3.809588620072369425e-01 -1.889633604403056708e-02 -6.830114913711203371e+03 -6.964270638919636440e+03 -1.750387010620057041e-02 -6.933064952136785905e+03 1.332447493873165079e-02 1.332447493873165079e-02 1.392854127783927288e+04 3.997382518175665034e+00 2.227298213401300575e-02 -8.074388650813736295e-09 -1.998691690041327185e+00 -1.369980488745142040e-03 -1.998691259087832517e+00 -4.243219321139594415e-03
3.854059748730874757e-01 -1.858773142073179285e-02 -6.877347265956087540e+03 -7.011203786047580252e+03 -1.721800212756737294e-02 -6.979973131537487461e+03 1.310683588261676510e-02 1.310683588261676510e-02 1.402240757209516050e+04 4.024424106735108531e+00 2.190917102498020352e-02 -7.938292124383258013e-09 -2.012212477286777101e+00 -1.366035235783678642e-03 -2.012212053367554265e+00 -4.269889910715844554e-03
3.899076060943419408e-01 -1.828126292687081919e-02 -6.923723351137886311e+03 -7.057475491364997652e+03 -1.693411077462662548e-02 -7.026190863455548424e+03 1.289073039783383487e-02 1.289073039783383487e-02 1.411495098272999530e+04 4.051071866102629038e+00 2.154793290186501897e-02 -7.804466711234649432e-09 -2.025536349985373796e+00 -1.364668581333372153e-03 -2.025535933051314519e+00 -4.296560155325210642e-03
3.944645962820444995e-01 -1.797512447155591442e-02 -6.968343312639736723e+03 -7.102325226654050311e+03 -1.665053403806243670e-02 -7.070937311672701981e+03 1.267482351486509499e-02 1.267482351486509499e-02 1.420465045330810062e+04 4.076864893397281087e+00 2.118701332798220843e-02 -7.667178591460790325e-09 -2.038432856650573388e+00 -1.367503437673908131e-03 -2.038432446698640543e+00 -4.323014982573114909e-03
3.990778077083337871e-01 -1.766814593977071232e-02 -7.010634774017100426e+03 -7.145255408364298091e+03 -1.636617326325223373e-02 -7.113704126204720524e+03 1.245838188487797746e-02 1.245838188487797746e-02 1.429051081672859618e+04 4.101526212122667658e+00 2.082522026934133241e-02 -7.540222059391392267e-09 -2.050763509013763475e+00 -1.374996969706981237e-03 -2.050763106061333829e+00 -4.349045464242958479e-03
4.037481251517932024e-01 -1.736013042390099209e-02 -7.050358386300484199e+03 -7.186023991984197892e+03 -1.608085627498656231e-02 -7.154250044254284148e+03 1.224120224012344507e-02 1.224120224012344507e-02 1.437204798396839578e+04 4.124905532698598165e+00 2.046219023426239930e-02 -7.411065787627137072e-09 -2.062453162276028706e+00 -1.386999952558732284e-03 -2.062452766349299083e+00 -4.374476882209632142e-03
4.084764567831039583e-01 -1.705172287921257607e-02 -7.087723577205607398e+03 -7.224764102363249549e+03 -1.579517714732654732e-02 -7.192719741311936559e+03 1.202375366876816919e-02 1.202375366876816919e-02 1.444952820472649910e+04 4.147088961122143758e+00 2.009871288057476710e-02 -7.281521721549348690e-09 -2.073544869452273787e+00 -1.402333571460182308e-03 -2.073544480561071879e+00 -4.399214718872557217e-03
4.132637350933441311e-01 -1.674473946178350534e-02 -7.123486013301107050e+03 -7.262097473134776010e+03 -1.551082268258800398e-02 -7.229754637906443349e+03 1.180728271337292377e-02 1.180728271337292377e-02 1.452419494626955202e+04 4.168440059870976100e+00 1.973685959282206470e-02 -7.152017479317001335e-09 -2.084220411821067209e+00 -1.419672311457878663e-03 -2.084220029935488050e+00 -4.423421595262637222e-03
4.181109178674388138e-01 -1.644153436523313958e-02 -7.158794831061562036e+03 -7.299007609789998241e+03 -1.522996185789209783e-02 -7.266362261444969590e+03 1.159351226864052849e-02 1.159351226864052849e-02 1.459801521957999648e+04 4.189551950850804118e+00 1.937953391612898257e-02 -7.027068625217833660e-09 -2.094776350394248698e+00 -1.436690671580579141e-03 -2.094775975425402059e+00 -4.447337780455419901e-03
4.230189892054410095e-01 -1.614452653569428686e-02 -7.194858058798438833e+03 -7.336542449653872609e+03 -1.495484052880276249e-02 -7.303613619932118127e+03 1.138410938709759346e-02 1.138410938709759346e-02 1.467308489930774522e+04 4.211034928582284564e+00 1.902950849165369052e-02 -6.900341776710941954e-09 -2.105517832485384044e+00 -1.451873427414066822e-03 -2.105517464291142282e+00 -4.471345804337716924e-03
4.279889605945126907e-01 -1.585531183631393518e-02 -7.232577733024614645e+03 -7.375477728125718386e+03 -1.468694218238272321e-02 -7.342302727324154148e+03 1.118016335253506008e-02 1.118016335253506008e-02 1.475095545625143677e+04 4.233339410922071444e+00 1.868859101521361948e-02 -6.776934405798014807e-09 -2.116670067057095039e+00 -1.464093655386728907e-03 -2.116669705461035722e+00 -4.495726468872297994e-03
4.330218720346788452e-01 -1.557430937398792715e-02 -7.272376303761331656e+03 -7.416169790699632358e+03 -1.442664673749962864e-02 -7.382795571076215310e+03 1.098201855250752201e-02 1.098201855250752201e-02 1.483233958139926472e+04 4.256686360274416714e+00 1.835737528220959119e-02 -6.656875353574221410e-09 -2.128343535324664249e+00 -1.472439774018028573e-03 -2.128343180137208357e+00 -4.520562290814020105e-03
4.381187932216465963e-01 -1.530127538530546769e-02 -7.314277235727140578e+03 -7.458648339606354966e+03 -1.417373152934882537e-02 -7.425120847752892587e+03 1.078948603781974304e-02 1.078948603781974304e-02 1.491729667921270993e+04 4.281088713052524142e+00 1.803553906046089297e-02 -6.539434780236355096e-09 -2.140544705487730681e+00 -1.477319240986750895e-03 -2.140544356526262071e+00 -4.545929075811168743e-03
4.432808247902226828e-01 -1.503549434179910112e-02 -7.358023510654496931e+03 -7.502730403259738523e+03 -1.392753375524850672e-02 -7.469084458082099445e+03 1.060206533741992786e-02 1.060206533741992786e-02 1.500546080651947705e+04 4.306435289307960268e+00 1.772224710854421875e-02 -6.425596960961774812e-09 -2.153217987555619661e+00 -1.479646103763090827e-03 -2.153217644653980134e+00 -4.571855379422664831e-03
4.485090996221165471e-01 -1.477585191708702742e-02 -7.403083838600519812e+03 -7.548008424349060988e+03 -1.368702260134329989e-02 -7.514260404426231617e+03 1.041896838765975913e-02 1.041896838765975913e-02 1.509601684869812198e+04 4.332479754931824800e+00 1.741618100263670615e-02 -6.312491041428451650e-09 -2.166240214447661572e+00 -1.481101389157555214e-03 -2.166239877465912400e+00 -4.598351505386977581e-03
4.538047842222004413e-01 -1.452055035314690594e-02 -7.448527571014910791e+03 -7.593693954864400439e+03 -1.345052995269327770e-02 -7.559839530633269533e+03 1.023895026030771302e-02 1.023895026030771302e-02 1.518738790972880088e+04 4.358760700912877262e+00 1.711526791502640532e-02 -6.202082847016777907e-09 -2.179380681618254822e+00 -1.483079535203815505e-03 -2.179380350456438631e+00 -4.625166636390911322e-03
4.591690801675959444e-01 -1.426780552847286242e-02 -7.493314169578145993e+03 -7.638873895859181175e+03 -1.321641072373241042e-02 -7.604890491843360905e+03 1.006071137710509711e-02 1.006071137710509711e-02 1.527774779171836235e+04 4.384731334350788323e+00 1.681731996060331635e-02 -6.094751747867685969e-09 -2.192365992573162892e+00 -1.487162645718533103e-03 -2.192365667175394162e+00 -4.651992796626870132e-03
4.646032256342891298e-01 -1.401628646425335210e-02 -7.536660712219055313e+03 -7.682849747705369737e+03 -1.298342573962152011e-02 -7.648702843112433584e+03 9.883353832275284384e-03 9.883353832275284384e-03 1.536569949541073947e+04 4.409991519491665457e+00 1.652085112153806393e-02 -5.987040388331952986e-09 -2.204996079407687493e+00 -1.494002518443155077e-03 -2.204995759745832729e+00 -4.678526701309679292e-03
4.701084970063304502e-01 -1.376595747256269785e-02 -7.578441682928174487e+03 -7.725516777363801339e+03 -1.275154658172950040e-02 -7.691168808960345814e+03 9.706823613168024875e-03 9.706823613168024875e-03 1.545103355472760268e+04 4.434472117261068824e+00 1.622576047719462983e-02 -5.877376056063586483e-09 -2.217236372581842030e+00 -1.503804186783590192e-03 -2.217236058630534412e+00 -4.704730250765901817e-03
4.756862105730638723e-01 -1.351730724732676941e-02 -7.618941905012717143e+03 -7.767118580102905980e+03 -1.252121747719179591e-02 -7.732537965820060890e+03 9.531514948024353076e-03 9.531514948024353076e-03 1.553423716020581196e+04 4.458329758041441160e+00 1.593272542727640351e-02 -5.774868855416283504e-09 -2.229165187301630713e+00 -1.515680658647200084e-03 -2.229164879020720580e+00 -4.730624600620968873e-03
4.813377243202531242e-01 -1.327127384094983070e-02 -7.658698061493111709e+03 -7.808096663011326200e+03 -1.229331533180108224e-02 -7.773265811417346413e+03 9.358036064121123473e-03 9.358036064121123473e-03 1.561619332602265240e+04 4.481813714843089436e+00 1.564274319989213471e-02 -5.670646766036757180e-09 -2.240907160090388484e+00 -1.528752349745452410e-03 -2.240906857421544718e+00 -4.756326094886942010e-03
4.870644398214268311e-01 -1.302856152880199972e-02 -7.698236231263824266e+03 -7.848860545353016278e+03 -1.206848814993999319e-02 -7.813779197585737165e+03 9.186906249090362811e-03 9.186906249090362811e-03 1.569772109070603256e+04 4.505176082873460608e+00 1.535669036921543523e-02 -5.566513000083816316e-09 -2.252588338569893711e+00 -1.541535474095403905e-03 -2.252588041436730304e+00 -4.781860534568718908e-03
4.928678042362698020e-01 -1.279019789186682139e-02 -7.738283398814034626e+03 -7.890029601933157210e+03 -1.184768980162231172e-02 -7.854713135528770181e+03 9.018834674155403255e-03 9.018834674155403255e-03 1.578005920386631442e+04 4.528778995421393283e+00 1.507574681019139759e-02 -5.465121675182969002e-09 -2.264389789407244447e+00 -1.552976212567489184e-03 -2.264389497710696642e+00 -4.807430951125496628e-03
4.987493124234270714e-01 -1.255717557507435474e-02 -7.779578812714733431e+03 -7.932273206079356896e+03 -1.163184112937288607e-02 -7.896746747430247524e+03 8.854511093531147042e-03 8.854511093531147042e-03 1.586454641215871379e+04 4.553011019925179426e+00 1.480106182061943776e-02 -5.366079014612240062e-09 -2.276505796343723631e+00 -1.562422966113515953e-03 -2.276505509962589713e+00 -4.833329049893615205e-03
5.047105091756856066e-01 -1.232973088235969801e-02 -7.822425757587761836e+03 -7.975879899535993900e+03 -1.142115652445887912e-02 -7.940170408913460051e+03 8.694129879677015352e-03 8.694129879677015352e-03 1.595175979907198780e+04 4.578047276911126673e+00 1.453297054760549836e-02 -5.268617446405050273e-09 -2.289023919649779248e+00 -1.569695814018200576e-03 -2.289023638455563336e+00 -4.859703724136113859e-03
5.107529915861438452e-01 -1.210717416964249282e-02 -7.866456481211180289e+03 -8.020522485118950499e+03 -1.121499939177419101e-02 -7.984651171838330811e+03 8.537193119289344240e-03 8.537193119289344240e-03 1.604104497023790100e+04 4.603692477317353315e+00 1.427063631332672021e-02 -5.172936977587473475e-09 -2.301846514777726060e+00 -1.575440122059424851e-03 -2.301846238658676658e+00 -4.886457357232790524e-03
5.168784115546921631e-01 -1.188856003817739988e-02 -7.911072130055078560e+03 -8.065682901727821445e+03 -1.101249418156659450e-02 -8.029659315721009989e+03 8.383035950446069556e-03 8.383035950446069556e-03 1.613136580345564289e+04 4.629641603792011395e+00 1.401294828138532379e-02 -5.078959471974741844e-09 -2.314821073029902809e+00 -1.580618663773082503e-03 -2.314820801896005698e+00 -4.913430476913531117e-03
5.230884784448982527e-01 -1.167324264373026561e-02 -7.955825945412698275e+03 -8.111008793899273769e+03 -1.081304097911570811e-02 -8.074828478516376890e+03 8.231215905810353867e-03 8.231215905810353867e-03 1.622201758779854754e+04 4.655687358691548816e+00 1.375917149579385795e-02 -4.986260360284621326e-09 -2.327843945570414963e+00 -1.586212404540660991e-03 -2.327843679345774408e+00 -4.940564955317054349e-03
5.293849619022480413e-01 -1.146079490821453988e-02 -8.000358181655538829e+03 -8.156217802832671623e+03 -1.061624974349772814e-02 -8.119864809750524728e+03 8.081399831676914364e-03 8.081399831676914364e-03 1.631243560566534325e+04 4.681650306791841132e+00 1.350873715937796551e-02 -4.896513488272780413e-09 -2.340825414775022928e+00 -1.593256754163213575e-03 -2.340825153395920566e+00 -4.967839223561805288e-03
5.357696948456177610e-01 -1.125052885225951219e-02 -8.044188224633388018e+03 -8.200868033015183755e+03 -1.042147817560004977e-02 -8.164321119436325716e+03 7.933133905990576162e-03 7.933133905990576162e-03 1.640173606603036751e+04 4.707282339193890053e+00 1.326089820281309804e-02 -4.806678248924376157e-09 -2.353641426180655749e+00 -1.601922864171930177e-03 -2.353641169596945026e+00 -4.995029362576097406e-03
5.422445766448765747e-01 -1.104214764290575163e-02 -8.087082083208650147e+03 -8.244714344016607356e+03 -1.022845282101153899e-02 -8.207954355468442373e+03 7.786198918770209469e-03 7.786198918770209469e-03 1.648942868803321471e+04 4.732440308730705425e+00 1.301528456974614459e-02 -4.717868225157799816e-09 -2.366220406196428705e+00 -1.611997921737695714e-03 -2.366220154365352712e+00 -5.021958192312317958e-03
5.488115764986444267e-01 -1.083624463841556182e-02 -8.129514179997844622e+03 -8.288179060485275841e+03 -1.003772207022459242e-02 -8.251194227288940965e+03 7.641018986420273877e-03 7.641018986420273877e-03 1.657635812097055168e+04 4.757374026826055591e+00 1.277260739536488152e-02 -4.629114634185745761e-09 -2.378687260548355109e+00 -1.622792429954535804e-03 -2.378687013413027795e+00 -5.048771585769384028e-03
5.554727370274595843e-01 -1.063357081504615921e-02 -8.172123505900409327e+03 -8.331828803488682752e+03 -9.849983304216330601e-03 -8.294617644578302134e+03 7.498111090592418128e-03 7.498111090592418128e-03 1.666365760697736550e+04 4.782411998719650725e+00 1.253372629772966755e-02 -4.542746395927994100e-09 -2.391206241872733340e+00 -1.633589747141767252e-03 -2.391205999359825363e+00 -5.075690555790906243e-03
5.622301780989703568e-01 -1.043437955553583145e-02 -8.215220010976197955e+03 -8.375906673881354436e+03 -9.665470663989945282e-03 -8.338477636295354387e+03 7.357655651784048012e-03 7.357655651784048012e-03 1.675181334776270887e+04 4.807700678916805970e+00 1.229894358258829673e-02 -4.457812007355131758e-09 -2.403850577428304547e+00 -1.643593463275798200e-03 -2.403850339458402985e+00 -5.102740256109604584e-03
5.690861009032603945e-01 -1.023866708300693283e-02 -8.258889814267067777e+03 -8.420461864365661313e+03 -9.484181918062177877e-03 -8.382829008073544173e+03 7.219641721170845863e-03 7.219641721170845863e-03 1.684092372873132263e+04 4.833268545854287446e+00 1.206823791016698073e-02 -4.374498322175693980e-09 -2.416634506432845164e+00 -1.652545994807060135e-03 -2.416634272927143723e+00 -5.129909794059184930e-03
5.760427922980685400e-01 -1.004657563240982966e-02 -8.303345588445166868e+03 -8.465710587320776540e+03 -9.306245504048555814e-03 -8.427887099782308724e+03 7.084190173306854736e-03 7.084190173306854736e-03 1.693142117464155308e+04 4.859247234650470482e+00 1.184181892017244740e-02 -4.292255113300280819e-09 -2.429623846450186697e+00 -1.660394456088670669e-03 -2.429623617325235241e+00 -5.157323749525708975e-03
5.831026294454845216e-01 -9.858208908187985134e-03 -8.348731249242739068e+03 -8.511835987162545280e+03 -9.131757630396121483e-03 -8.473828736572308117e+03 6.951374374070493946e-03 6.951374374070493946e-03 1.702367197432509056e+04 4.885738994876626329e+00 1.161980929225179572e-02 -4.211319292686426857e-09 -2.442869722268227850e+00 -1.667679129449010575e-03 -2.442869497438313164e+00 -5.185168436779689222e-03
5.902680847637135075e-01 -9.672612554983644681e-03 -8.394234359085092365e+03 -8.558081028572149080e+03 -8.959837646493854987e-03 -8.519889496122250421e+03 6.820502209299501330e-03 6.820502209299501330e-03 1.711616205714429816e+04 4.912295667253197884e+00 1.140104496074006817e-02 -4.131857304550695476e-09 -2.456148054223938448e+00 -1.675168280785571760e-03 -2.456147833626598942e+00 -5.213110114485937190e-03
5.975417312197353059e-01 -9.489397883525431746e-03 -8.439517927059505382e+03 -8.604158252097129662e+03 -8.790123945302400973e-03 -8.565774725311062866e+03 6.691310180625452755e-03 6.691310180625452755e-03 1.720831650419425932e+04 4.938751343237146152e+00 1.118508933066434535e-02 -4.053501414564508338e-09 -2.469375888037562916e+00 -1.683307017076136067e-03 -2.469375671618573076e+00 -5.241049911832555870e-03
6.049262479911456936e-01 -9.308667626816513260e-03 -8.484678419748037413e+03 -8.650187912700568631e+03 -8.622711709980216896e-03 -8.611600833161070113e+03 6.563870870722129242e-03 6.563870870722129242e-03 1.730037582540113726e+04 4.965173203809335689e+00 1.097206377158476895e-02 -3.976308115182244300e-09 -2.482586814201857450e+00 -1.692323064180348887e-03 -2.482586601904667845e+00 -5.269090653525459154e-03
6.124244265282117183e-01 -9.130294451633300806e-03 -8.529633280226165880e+03 -8.696078267834413055e+03 -8.457482960531895883e-03 -8.657277630781733023e+03 6.438094285507963734e-03 6.438094285507963734e-03 1.739215653566882611e+04 4.991509199961496890e+00 1.076181779034068343e-02 -3.900194510211524953e-09 -2.495754808209808662e+00 -1.702040625220258528e-03 -2.495754599980748445e+00 -5.297152773005844514e-03
6.200391770502056143e-01 -8.954389070342712656e-03 -8.574543717610156818e+03 -8.741956046359362517e+03 -8.294540189344544803e-03 -8.702936965836222953e+03 6.314058066048921537e-03 6.314058066048921537e-03 1.748391209271872503e+04 5.017835220143329167e+00 1.055448104596996318e-02 -3.825160197017525974e-09 -2.508917814288845971e+00 -1.712063813154256816e-03 -2.508917610071664583e+00 -5.325251878234250544e-03
6.277735355134692607e-01 -8.780923442884249613e-03 -8.619452483269895311e+03 -8.787821801739197326e+03 -8.133857350597890543e-03 -8.748585890277998260e+03 6.191741955398314887e-03 6.191741955398314887e-03 1.757564360347839465e+04 5.044155165435904031e+00 1.035001953603757394e-02 -3.751134376627507013e-09 -2.522077782978928706e+00 -1.721852754608938548e-03 -2.522077582717952016e+00 -5.353308795049097069e-03
6.356306710924183312e-01 -8.610679711724928548e-03 -8.665220801905248663e+03 -8.834507750333345030e+03 -7.976158906395561590e-03 -8.795059828465457031e+03 6.071697185318643275e-03 6.071697185318643275e-03 1.766901550066669006e+04 5.070950606217015988e+00 1.014935460854216737e-02 -3.678423710189318465e-09 -2.535475499486828266e+00 -1.731205866194813342e-03 -2.535475303108507994e+00 -5.381778270765920358e-03
6.436138942188908141e-01 -8.443058782581712787e-03 -8.711326493765818668e+03 -8.881485915032229968e+03 -7.820889918031920587e-03 -8.841832495489170469e+03 5.953501356747363353e-03 5.953501356747363353e-03 1.776297183006445994e+04 5.097918104978045761e+00 9.951780200039955435e-03 -3.606775522854693483e-09 -2.548959245044565503e+00 -1.740033405326199241e-03 -2.548959052489022881e+00 -5.410340400505465192e-03
6.517266652299278373e-01 -8.278066038496026402e-03 -8.757820184777820032e+03 -8.928826110163157864e+03 -7.668055407626431751e-03 -8.888970644586113849e+03 5.837158510600983646e-03 5.837158510600983646e-03 1.785765222032631573e+04 5.125096229313107266e+00 9.757303136836082552e-03 -3.536223662167746927e-09 -2.562548303449289300e+00 -1.748607998569582170e-03 -2.562548114656553633e+00 -5.439076057770647794e-03
6.599726036793022166e-01 -8.115689350888714501e-03 -8.804728875759186849e+03 -8.976586373354184616e+03 -7.517644182854964219e-03 -8.936527445228741271e+03 5.722660391245248078e-03 5.722660391245248078e-03 1.795317274670836923e+04 5.152515744039285472e+00 9.565909705745011954e-03 -3.466798108074483716e-09 -2.576258057109228616e+00 -1.757290339658177346e-03 -2.576257872019642736e+00 -5.468071802324693358e-03
6.683554983739679045e-01 -7.955606485592139898e-03 -8.851737177805363899e+03 -9.024477188382850727e+03 -7.369357793332769260e-03 -8.984209834571089232e+03 5.609780029073363483e-03 5.609780029073363483e-03 1.804895437676570145e+04 5.180007778967506304e+00 9.377220580152450732e-03 -3.398389698046168575e-09 -2.590004070922463431e+00 -1.766359623316522860e-03 -2.590003889483753152e+00 -5.497200267865703406e-03
6.768793182031612732e-01 -7.797529824056387455e-03 -8.898552965772543757e+03 -9.072214387107758739e+03 -7.222929821494665156e-03 -9.031732849127472946e+03 5.498314652029733830e-03 5.498314652029733830e-03 1.814442877421551748e+04 5.207408057500352960e+00 9.190896820341546911e-03 -3.330876704180446907e-09 -2.603704206583721703e+00 -1.775843256252297416e-03 -2.603704028750176480e+00 -5.526299960954555654e-03
6.855482238352487157e-01 -7.641943074875648216e-03 -8.945787127475619855e+03 -9.120398454890220819e+03 -7.078808304502580938e-03 -9.079697667387956244e+03 5.388605171000166588e-03 5.388605171000166588e-03 1.824079690978044164e+04 5.235063139747353489e+00 9.007508238793799846e-03 -3.264447306774951463e-09 -2.617531744158822615e+00 -1.785651979557647965e-03 -2.617531569873676744e+00 -5.555706730060057212e-03
6.943665803656867697e-01 -7.488442282010162286e-03 -8.993039947415711140e+03 -9.168607074964549611e+03 -6.936619027090533580e-03 -9.127686092971058315e+03 5.280366550289412007e-03 5.280366550289412007e-03 1.833721414992909922e+04 5.262731829135758765e+00 8.826578317938749835e-03 -3.198903723105999314e-09 -2.631366085352200290e+00 -1.795457044539493490e-03 -2.631365914567879383e+00 -5.585126662069466244e-03
7.033389710087731839e-01 -7.337207567472100664e-03 -9.040594416158890454e+03 -9.217105046218384814e+03 -6.796528816890703983e-03 -9.175965325777395265e+03 5.173725657304106655e-03 5.173725657304106655e-03 1.843421009243676963e+04 5.290568120565333210e+00 8.648319085682929300e-03 -3.134308551848617621e-09 -2.645284227617864747e+00 -1.805101471775636931e-03 -2.645284060282666605e+00 -5.614690932111082201e-03
7.124702119363601760e-01 -7.188458470234134617e-03 -9.088800709607166937e+03 -9.266237847227652310e+03 -6.658741027038545153e-03 -9.224881044854935681e+03 5.068837254181390861e-03 5.068837254181390861e-03 1.853247569445530462e+04 5.318771297254562214e+00 8.472989228017825322e-03 -3.070751357452208676e-09 -2.659385812570070673e+00 -1.814563737794863121e-03 -2.659385648627281107e+00 -5.644597251854673731e-03
7.217653683785456575e-01 -7.041851885962274044e-03 -9.137290756347036222e+03 -9.315646533930503210e+03 -6.522937856272975621e-03 -9.274073443741512165e+03 4.965459529426792529e-03 4.965459529426792529e-03 1.863129306786100642e+04 5.347133956172835489e+00 8.300184572272478051e-03 -3.008100196098788803e-09 -2.673567138685673417e+00 -1.823945072572949163e-03 -2.673566978086417745e+00 -5.674651989070225201e-03
7.312297721147489327e-01 -6.897338207958457132e-03 -9.186047499466394584e+03 -9.365330306305610065e+03 -6.389073372671129521e-03 -9.323539219738231623e+03 4.863557634999520971e-03 4.863557634999520971e-03 1.873066061261122013e+04 5.375654252947046352e+00 8.129846905347664493e-03 -2.946349647468217856e-09 -2.687827283776969445e+00 -1.833440168404926705e-03 -2.687827126473523176e+00 -5.704883254658722064e-03
7.408690404987389178e-01 -6.754987728627059353e-03 -9.235222836112408913e+03 -9.415452781425499779e+03 -6.257212696636839204e-03 -9.373439937117458612e+03 4.763181196490460199e-03 4.763181196490460199e-03 1.883090556285099956e+04 5.404425371873159634e+00 7.962059198325481535e-03 -2.885536296578037356e-09 -2.702212839993539006e+00 -1.843177530760937250e-03 -2.702212685936579817e+00 -5.735404829807042026e-03
7.506890971783762856e-01 -6.614477442655618440e-03 -9.284433539501313135e+03 -9.465630790575838546e+03 -6.127056628421233102e-03 -9.423392998289753450e+03 4.664102461809414325e-03 4.664102461809414325e-03 1.893126158115167709e+04 5.433226728022940932e+00 7.796440746965221415e-03 -2.825522347168516823e-09 -2.716613514863894352e+00 -1.853121521375724820e-03 -2.716613364011470466e+00 -5.765988715329583431e-03
7.606961946903557648e-01 -6.476017287698699644e-03 -9.334041618116041718e+03 -9.516217773340806161e+03 -5.998799619611278056e-03 -9.473752627559526445e+03 4.566469367056986452e-03 4.566469367056986452e-03 1.903243554668161232e+04 5.462262509916952169e+00 7.633238810572223580e-03 -2.766386147986382252e-09 -2.731131402653117934e+00 -1.863183625771961619e-03 -2.731131254958476084e+00 -5.796827258306819566e-03
7.708969391324559384e-01 -6.339779175594187008e-03 -9.384391109873111418e+03 -9.567547923485653882e+03 -5.872600902773084976e-03 -9.524854028962550728e+03 4.470403060064623811e-03 4.470403060064623811e-03 1.913509584697130776e+04 5.491725947355536874e+00 7.472655876668826865e-03 -2.708194338843337458e-09 -2.745863118265313485e+00 -1.873303144060763092e-03 -2.745862973677768437e+00 -5.828106033187861745e-03
7.812983171411170824e-01 -6.204989327292316677e-03 -9.434396372662300564e+03 -9.618529656856979273e+03 -5.747743719528164950e-03 -9.575608186059695072e+03 4.375357915116187546e-03 4.375357915116187546e-03 1.923705931371395855e+04 5.520989141699437219e+00 7.313779883420868863e-03 -2.650610416134307086e-09 -2.760494712363202208e+00 -1.883257255810276334e-03 -2.760494570849718610e+00 -5.859157351666405451e-03
7.919077254310604719e-01 -6.072455898443428202e-03 -9.485351244095874790e+03 -9.670463385586772347e+03 -5.624976672183008321e-03 -9.627312529715312849e+03 4.281903806363791809e-03 4.281903806363791809e-03 1.934092677117354469e+04 5.550800156815014930e+00 7.157563428554973226e-03 -2.593987358450475108e-09 -2.775400216898396888e+00 -1.893305446301072129e-03 -2.775400078407507465e+00 -5.890775761852390206e-03
8.027330031867079274e-01 -5.941627457540976133e-03 -9.536475621966867038e+03 -9.722575857544610699e+03 -5.503788976797277521e-03 -9.679193923353959690e+03 4.189651980925366073e-03 4.189651980925366073e-03 1.944515171508922140e+04 5.580713271975366929e+00 7.003356702294741970e-03 -2.538096166308524798e-09 -2.790356771494860499e+00 -1.903444952901113497e-03 -2.790356635987683465e+00 -5.922511221462385851e-03
8.137824676329847851e-01 -5.812677860745080714e-03 -9.588117603699867686e+03 -9.775220462992554531e+03 -5.384341679494652338e-03 -9.731604407047763743e+03 4.098725029752193875e-03 4.098725029752193875e-03 1.955044092598510906e+04 5.610931461135514553e+00 6.851364625012538664e-03 -2.483012560587837060e-09 -2.805465863134065430e+00 -1.913758251034836577e-03 -2.805465730567757277e+00 -5.954581175899185431e-03
8.250649531564983041e-01 -5.685480928471288269e-03 -9.640152827584239276e+03 -9.828271301853494151e+03 -5.266517897268271041e-03 -9.784418508254826520e+03 4.009033974308182265e-03 4.009033974308182265e-03 1.965654260370698830e+04 5.641382380516612116e+00 6.701438460389346971e-03 -2.428681090591882913e-09 -2.820691319923712914e+00 -1.924210926855776790e-03 -2.820691190258306058e+00 -5.986907350858280442e-03
8.365898543979577440e-01 -5.559966848862090381e-03 -9.692543868206208572e+03 -9.881685959608532357e+03 -5.150252958259646241e-03 -9.837594645089073310e+03 3.920529556383679434e-03 3.920529556383679434e-03 1.976337191921706471e+04 5.672042037001691739e+00 6.553495859971759062e-03 -2.375068022039407615e-09 -2.836021145303731839e+00 -1.934736589659362405e-03 -2.836021018500845869e+00 -6.019455323165712884e-03
8.483671737941044233e-01 -5.436203417326018923e-03 -9.745496409847321047e+03 -9.935667202894615912e+03 -5.035609657108800451e-03 -9.891335726600389535e+03 3.833259552160498632e-03 3.833259552160498632e-03 1.987133440578923182e+04 5.703027403147728158e+00 6.407616677464294391e-03 -2.322199021441566409e-09 -2.851513825554159887e+00 -1.945309705908320396e-03 -2.851513701573864079e+00 -6.052339157070171435e-03
8.604075741136114619e-01 -5.313997740799028882e-03 -9.798746502599407904e+03 -9.989952170573706098e+03 -4.922409319706602324e-03 -9.945379121896643483e+03 3.747087970824820348e-03 3.747087970824820348e-03 1.997990434114741220e+04 5.734187068742500948e+00 6.263573599768024018e-03 -2.269994621739361726e-09 -2.867093655564482813e+00 -1.955934203863065202e-03 -2.867093534371250474e+00 -6.085406723700650423e-03
8.727224366078529805e-01 -5.193606132122647809e-03 -9.852861167789009414e+03 -1.004511279590446793e+04 -4.810889370251750750e-03 -1.000029514186536107e+04 3.662195550386210165e-03 3.662195550386210165e-03 2.009022559180893586e+04 5.765849859008448597e+00 6.121668746852785593e-03 -2.218565758365129067e-09 -2.882925047951766295e+00 -1.966717906742141645e-03 -2.882924929504224298e+00 -6.119006320918348070e-03
8.853239254858574769e-01 -5.074683674067046076e-03 -9.907282791390796774e+03 -1.010059321923724929e+04 -4.700730314152893989e-03 -1.005552849814879301e+04 3.578339106236183738e-03 3.578339106236183738e-03 2.020118643847449857e+04 5.797695631668158711e+00 5.981495623151126921e-03 -2.167767338591074834e-09 -2.898847931569433545e+00 -1.977627489078617479e-03 -2.898847815834079356e+00 -6.152809878053448062e-03
8.982250595252105896e-01 -4.957384120510294895e-03 -9.962406036607049828e+03 -1.015678783284792189e+04 -4.592074569970589631e-03 -1.011147302769083399e+04 3.495627028745469829e-03 3.495627028745469829e-03 2.031357566569584378e+04 5.829951443221631280e+00 5.843235404764927747e-03 -2.117661950354936694e-09 -2.914975834670994193e+00 -1.988672827755646501e-03 -2.914975721610815640e+00 -6.187047956634774207e-03
9.114397917495351553e-01 -4.841472719511267717e-03 -1.001785630456277067e+04 -1.021331983509801285e+04 -4.484704686780009546e-03 -1.016775283855291491e+04 3.413893792285588574e-03 3.413893792285588574e-03 2.042663967019602569e+04 5.862400570288167856e+00 5.706611403169769593e-03 -2.068149764775693253e-09 -2.931200395560744631e+00 -1.999804495665455286e-03 -2.931200285144083928e+00 -6.221494330102711814e-03
9.249830982413081992e-01 -4.727160746884509317e-03 -1.007417595298041124e+04 -1.027073193126606384e+04 -4.378816367209314823e-03 -1.022490976089569631e+04 3.333288354534799745e-03 3.333288354534799745e-03 2.054146386253212768e+04 5.895355400219563613e+00 5.571872608065530502e-03 -2.019319382917940968e-09 -2.947677807919405257e+00 -2.011069312857112924e-03 -2.947677700109781807e+00 -6.256471323796035551e-03
9.388710773194973713e-01 -4.614216397752514062e-03 -1.013098280882960898e+04 -1.032864338221940307e+04 -4.274194892566508808e-03 -1.028256341112822156e+04 3.253647284582087199e-03 3.253647284582087199e-03 2.065728676443880613e+04 5.928596632401506028e+00 5.438745837304409872e-03 -1.971074124785091828e-09 -2.964298421434527153e+00 -2.022457375982921086e-03 -2.964298316200753014e+00 -6.291756195774976870e-03
9.531210604987441215e-01 -4.502759156493324651e-03 -1.018865278227700219e+04 -1.038743247303876706e+04 -4.170950940296321366e-03 -1.034109113587074353e+04 3.175054826858836245e-03 3.175054826858836245e-03 2.077486494607753411e+04 5.962341827190333454e+00 5.307371910388523212e-03 -1.923464286198633775e-09 -2.981171016287007980e+00 -2.034015339159716499e-03 -2.981170913595166727e+00 -6.327575590005871629e-03
9.677517368651720187e-01 -4.392613216306916028e-03 -1.024690928283831636e+04 -1.044682280522342990e+04 -4.068921660819308644e-03 -1.040021692548549618e+04 3.097387022474135890e-03 3.097387022474135890e-03 2.089364561044685979e+04 5.996431853056105155e+00 5.177543621931952715e-03 -1.876415407791642050e-09 -2.998216026707866355e+00 -2.045719125748479000e-03 -2.998215926528052577e+00 -6.363765277654306191e-03
9.827832927587716316e-01 -4.283729263012904000e-03 -1.030574877827277851e+04 -1.050681027008007914e+04 -3.968061372232994585e-03 -1.045993676628443791e+04 3.020609088276858967e-03 3.020609088276858967e-03 2.101362054016015827e+04 6.030864387944634863e+00 5.049202826108841087e-03 -1.829904794785581361e-09 -3.015432291668883824e+00 -2.057540254265944734e-03 -3.015432193972317432e+00 -6.400318531851843275e-03
9.982375689499297655e-01 -4.176340350811158508e-03 -1.036587628087975827e+04 -1.056810194019713526e+04 -3.868585954227747505e-03 -1.052095634311136382e+04 2.944885357687273414e-03 2.944885357687273414e-03 2.113620388039427053e+04 6.066046306105719488e+00 4.922624219837399596e-03 -1.784033815480160796e-09 -3.033023248300277253e+00 -2.069608344206022750e-03 -3.033023153052859744e+00 -6.437665737062232829e-03
1.014138237845315871e+00 -4.070046123429504371e-03 -1.042643946042063726e+04 -1.062984479257472776e+04 -3.770124555109702260e-03 -1.058242403103452307e+04 2.869933534345781891e-03 2.869933534345781891e-03 2.125968958514945552e+04 6.101486595267602731e+00 4.797335923323212820e-03 -1.738630334006555635e-09 -3.050743390457033133e+00 -2.081791883574438378e-03 -3.050743297633801365e+00 -6.475291344054424914e-03
1.030511003664290826e+00 -3.965128154460868630e-03 -1.048830174497688313e+04 -1.069290522639544906e+04 -3.672937996980229526e-03 -1.064520446000810080e+04 2.795952157124532121e-03 2.795952157124532121e-03 2.138581045279089813e+04 6.137683766382360240e+00 4.673669808785384239e-03 -1.693815241235943639e-09 -3.068841973621615704e+00 -2.094225866394519835e-03 -3.068841883191180120e+00 -6.513719002292220513e-03
1.047383829000692934e+00 -3.861425261117107897e-03 -1.055121300905806493e+04 -1.075703350888674868e+04 -3.576876976254811467e-03 -1.070904821483685919e+04 2.722827577301145403e-03 2.722827577301145403e-03 2.151406701777349735e+04 6.174494020775679104e+00 4.551435904676138199e-03 -1.649520131546566426e-09 -3.087247098453189231e+00 -2.106889188335287714e-03 -3.087247010387839552e+00 -6.552800407383749248e-03
1.064787191736691785e+00 -3.758481794444482136e-03 -1.061404354579048049e+04 -1.082109705148115245e+04 -3.481519420878149799e-03 -1.077282486538814373e+04 2.650238496882245925e-03 2.650238496882245925e-03 2.164219410296230490e+04 6.211265584722167610e+00 4.430097133023780387e-03 -1.605546934134532297e-09 -3.105632878078666614e+00 -2.119556141467240570e-03 -3.105632792361083805e+00 -6.591843342752356019e-03
1.082754376916745809e+00 -3.656952443652173364e-03 -1.067879477801272333e+04 -1.088710389100440079e+04 -3.387471774123065969e-03 -1.083853838988624921e+04 2.578646557719463470e-03 2.578646557719463470e-03 2.177420778200880159e+04 6.249153886153755444e+00 4.310425166712926123e-03 -1.562179506488109962e-09 -3.124577026478945641e+00 -2.132596588119905264e-03 -3.124576943076877722e+00 -6.632070272812051921e-03
1.101321808932232527e+00 -3.556402974411414144e-03 -1.074441036005111528e+04 -1.095399611550574991e+04 -3.294331802066093832e-03 -1.090513271916361737e+04 2.507745570636226665e-03 2.507745570636226665e-03 2.190799223101149983e+04 6.287550033700703978e+00 4.191908185872449642e-03 -1.519230528029360910e-09 -3.143775097959252030e+00 -2.145830126181059571e-03 -3.143775016850351989e+00 -6.672839212651784056e-03
1.120529430222394707e+00 -3.457064344757030359e-03 -1.081178916549110363e+04 -1.102267650466295163e+04 -3.202313443180194400e-03 -1.097350866458657765e+04 2.437698393568988892e-03 2.437698393568988892e-03 2.204535300932590326e+04 6.326973408349625849e+00 4.074818421757189953e-03 -1.476800630173485647e-09 -3.163486783018159443e+00 -2.159435111034499217e-03 -3.163486704174812925e+00 -6.714701539344475334e-03
1.140421133674343723e+00 -3.358363099374369904e-03 -1.087931502239377369e+04 -1.109152493656144725e+04 -3.110885499978853323e-03 -1.104204916527629939e+04 2.368100656838756281e-03 2.368100656838756281e-03 2.218304987312289450e+04 6.366491657431619267e+00 3.958479934382018797e-03 -1.434640383222528739e-09 -3.183245905308139889e+00 -2.173082257148112491e-03 -3.183245828715809633e+00 -6.756666059989454090e-03
1.161045257009182263e+00 -3.260854931568868582e-03 -1.094897373818461710e+04 -1.116253488515276331e+04 -3.020562716031455989e-03 -1.111274349651687407e+04 2.299344201958402733e-03 2.299344201958402733e-03 2.232506977030552662e+04 6.407251736944271414e+00 3.843547720880056712e-03 -1.392991333292825791e-09 -3.203625942840658603e+00 -2.187159912051558127e-03 -3.203625868472135707e+00 -6.799949538665111225e-03
1.182455148669888212e+00 -3.164163552136388911e-03 -1.101975625227728960e+04 -1.123469582670826640e+04 -2.930996531710204894e-03 -1.118458288973830895e+04 2.231163694885844595e-03 2.231163694885844595e-03 2.246939165341653279e+04 6.448672023699478117e+00 3.729578253074990971e-03 -1.351690791663951884e-09 -3.224336084013083248e+00 -2.201482799258461763e-03 -3.224336011849739059e+00 -6.843936746605249963e-03
1.204709816062109029e+00 -3.068404464137091878e-03 -1.109229466099830643e+04 -1.130864354631124479e+04 -2.842293938527885692e-03 -1.125820159938256074e+04 2.163640581799774251e-03 2.163640581799774251e-03 2.261728709262248958e+04 6.491118210012230882e+00 3.616707675446274254e-03 -1.310789187490127319e-09 -3.245559174985542139e+00 -2.216177880520911123e-03 -3.245559105006115441e+00 -6.889016117231683972e-03
1.227874668400109170e+00 -2.973431075608089138e-03 -1.116631657994397392e+04 -1.138410659471537110e+04 -2.754319146913076621e-03 -1.133332844311001645e+04 2.096671494543391086e-03 2.096671494543391086e-03 2.276821318943074220e+04 6.534433939679140657e+00 3.504763199073723367e-03 -1.270223097819160793e-09 -3.267217037652998091e+00 -2.231192235751816837e-03 -3.267216969839570329e+00 -6.935021781054324930e-03
1.252022367796842284e+00 -2.879134977801121962e-03 -1.124164942870835330e+04 -1.146091351629929886e+04 -2.666971731997260300e-03 -1.140979205161481514e+04 2.030180019752623067e-03 2.030180019752623067e-03 2.292182703259859773e+04 6.578520463833409160e+00 3.393617103446800853e-03 -1.229971793466867756e-09 -3.289260297579582826e+00 -2.246492415417108805e-03 -3.289260231916704580e+00 -6.981848972995583109e-03
1.277233803468756479e+00 -2.785847136366470782e-03 -1.131989257102657393e+04 -1.154067100472554193e+04 -2.580558279761115473e-03 -1.148919555728566047e+04 1.964399472730655322e-03 1.964399472730655322e-03 2.308134200945108387e+04 6.624301983685411344e+00 3.283659372676708040e-03 -1.190125965378233319e-09 -3.312151055378026232e+00 -2.262392040538995560e-03 -3.312150991842705672e+00 -7.030478259367575755e-03
1.303599204768434383e+00 -2.693194161482808779e-03 -1.139988013381558267e+04 -1.162221138571540359e+04 -2.494732911070639009e-03 -1.157037333096900147e+04 1.899066592564739933e-03 1.899066592564739933e-03 2.324442277143080719e+04 6.671106489193049605e+00 3.174449954722178245e-03 -1.150551061682870511e-09 -3.335553306018767650e+00 -2.278667440119905643e-03 -3.335553244596524802e+00 -7.080197320388300838e-03
1.331219408836837870e+00 -2.601128176615028452e-03 -1.148168245998002385e+04 -1.170560763192495870e+04 -2.409451277439993242e-03 -1.165339782981478857e+04 1.834147619785210515e-03 1.834147619785210515e-03 2.341121526384991739e+04 6.718975756666941024e+00 3.065932417765692211e-03 -1.111226627267388972e-09 -3.359487937656021384e+00 -2.295336181251496702e-03 -3.359487878333470512e+00 -7.131051001850894668e-03
1.360207297399638415e+00 -2.509736116205955707e-03 -1.156599218728181586e+04 -1.179155738177620151e+04 -2.324793906856037224e-03 -1.173896486590518180e+04 1.769703856503932306e-03 1.769703856503932306e-03 2.358311476355240302e+04 6.768310972694695060e+00 2.958209234034473497e-03 -1.072190387033723371e-09 -3.384155543585576353e+00 -2.312538257341582772e-03 -3.384155486347347530e+00 -7.183465547473450244e-03
1.390689413738294355e+00 -2.418946974895010149e-03 -1.165283000554000500e+04 -1.188008463420492808e+04 -2.240695026876176645e-03 -1.182709789217549587e+04 1.705685232364040306e-03 1.705685232364040306e-03 2.376016926840985616e+04 6.819125654220207444e+00 2.851196705925786428e-03 -1.033412096007828977e-09 -3.409562882277761720e+00 -2.330286577831101533e-03 -3.409562827110103722e+00 -7.237456580473883121e-03
1.422807763849379237e+00 -2.328725380050551165e-03 -1.174236546163991807e+04 -1.197136319050719430e+04 -2.157121870896222451e-03 -1.191796979154060136e+04 1.642066809480813294e-03 1.642066809480813294e-03 2.394272638101438861e+04 6.871519491974710903e+00 2.744853149321528022e-03 -9.948762962929717221e-10 -3.435759799097385159e+00 -2.348622501470452699e-03 -3.435759745987355451e+00 -7.293131028273059681e-03
1.456721793412865118e+00 -2.239107906975829673e-03 -1.183513867245810252e+04 -1.206593837199372138e+04 -2.074108318887075020e-03 -1.201212425817688745e+04 1.578874374963215935e-03 1.578874374963215935e-03 2.413187674398744275e+04 6.925805955864039021e+00 2.639221668447122061e-03 -9.565987432186811075e-10 -3.462903028998199240e+00 -2.367646429476576858e-03 -3.462902977932019510e+00 -7.350820557271126043e-03
1.492610511875782864e+00 -2.149979744632236726e-03 -1.193088243368065923e+04 -1.216354571342965028e+04 -1.991548020496422371e-03 -1.210929680534357067e+04 1.516026970804469545e-03 1.516026970804469545e-03 2.432709142685930055e+04 6.981832549467207549e+00 2.534166934877412052e-03 -9.185300848794121602e-10 -3.490916323767092599e+00 -2.387314984175828263e-03 -3.490916274733603775e+00 -7.410364660703511880e-03
1.530674703405736858e+00 -2.061355112601434211e-03 -1.202995134838215927e+04 -1.226454549373490045e+04 -1.909454147883079145e-03 -1.220984629234892964e+04 1.453534626494338644e-03 1.453534626494338644e-03 2.452909098746980089e+04 7.039806185608727063e+00 2.429705714552424928e-03 -8.806768964376988676e-10 -3.519903139816644710e+00 -2.407724646737012010e-03 -3.519903092804363531e+00 -7.471986912351920480e-03
1.571139117705580679e+00 -1.973294437234052786e-03 -1.213295478281432042e+04 -1.236955257802220149e+04 -1.827882673773325185e-03 -1.231438580654154430e+04 1.391439947752640648e-03 1.391439947752640648e-03 2.473910515604440297e+04 7.100080346105365869e+00 2.325909225730385908e-03 -8.430646459546409708e-10 -3.550040218056619512e+00 -2.428976380642600998e-03 -3.550040173052682935e+00 -7.536059425977780293e-03
1.614254467621440092e+00 -1.885535337599359958e-03 -1.223836767495105232e+04 -1.247704096100546303e+04 -1.746590553226754676e-03 -1.242139179809733650e+04 1.329557920821062503e-03 1.329557920821062503e-03 2.495408192201092606e+04 7.161776599199610516e+00 2.222468202130132523e-03 -8.055640115078032604e-10 -3.580888342602273067e+00 -2.450808115036297828e-03 -3.580888299599805258e+00 -7.601655748715250953e-03
1.660298972313143162e+00 -1.798809124968836883e-03 -1.235102913975540469e+04 -1.259187345884327442e+04 -1.666255269145939860e-03 -1.253571607100339679e+04 1.268403828714996778e-03 1.268403828714996778e-03 2.518374691768654884e+04 7.227691131010380410e+00 2.120243839056519530e-03 -7.685837327749527447e-10 -3.613845606529720200e+00 -2.474152073513517184e-03 -3.613845565505190205e+00 -7.671740007979281108e-03
1.709579075771010093e+00 -1.712437239484339725e-03 -1.246632277317641638e+04 -1.270942082132340693e+04 -1.586248137572793824e-03 -1.265273836176099030e+04 1.207499989048653639e-03 1.207499989048653639e-03 2.541884164264681385e+04 7.295162432584036516e+00 2.018437942728093602e-03 -7.316919109315180857e-10 -3.647581255346719065e+00 -2.498156793359737355e-03 -3.647581216292018258e+00 -7.743496372468185521e-03
1.762428850887697296e+00 -1.627020916672228647e-03 -1.258815683617375362e+04 -1.283361145611480788e+04 -1.507126179167769722e-03 -1.277637802788749104e+04 1.147269799115368735e-03 1.147269799115368735e-03 2.566722291222961576e+04 7.366448575154914913e+00 1.917758052566226204e-03 -6.951629888718956178e-10 -3.683224324684109874e+00 -2.523610183757212053e-03 -3.683224287577457456e+00 -7.819323922119302342e-03
1.819207495364619565e+00 -1.542288218804305569e-03 -1.271381226204073391e+04 -1.296171901849059395e+04 -1.428637441881210187e-03 -1.290391397297257572e+04 1.087521823821464102e-03 1.087521823821464102e-03 2.592343803698118791e+04 7.439981743580755591e+00 1.817884286396306706e-03 -6.589758324747973870e-10 -3.719990906964585786e+00 -2.549952696455345079e-03 -3.719990871790377795e+00 -7.897555016864440947e-03
1.880294287442067391e+00 -1.458630294947339378e-03 -1.284525655496678701e+04 -1.309572264854793320e+04 -1.351144278865264300e-03 -1.303732054877629344e+04 1.028531710175407043e-03 1.028531710175407043e-03 2.619144529709586641e+04 7.516899739022179006e+00 1.719277349947201166e-03 -6.232511734587027383e-10 -3.758449902777363683e+00 -2.577617072120039904e-03 -3.758449869511089503e+00 -7.979404012411889929e-03
1.946080473928930132e+00 -1.376207774578215321e-03 -1.298229827598296288e+04 -1.323543412703886497e+04 -1.274795482937504014e-03 -1.317640932510198581e+04 9.704127246105467277e-04 9.704127246105467277e-04 2.647086825407772994e+04 7.597093916524493729e+00 1.622126577881341080e-03 -5.880511986713317536e-10 -3.798546989648762473e+00 -2.606604481719562889e-03 -3.798546958262246864e+00 -8.064761498557509664e-03
2.016957903271166419e+00 -1.295304827128997832e-03 -1.312537843968690322e+04 -1.338129779133130978e+04 -1.199854282966305316e-03 -1.332162345485958213e+04 9.133652431582603122e-04 9.133652431582603122e-04 2.676259558266261956e+04 7.680819786842573826e+00 1.526766915044481306e-03 -5.535007808641368316e-10 -3.840409922962700229e+00 -2.637016340801233427e-03 -3.840409893421286913e+00 -8.153900827084429107e-03
2.093304861657969695e+00 -1.216058173174104726e-03 -1.327287951210933898e+04 -1.353168843149547320e+04 -1.126447324558775727e-03 -1.347134137074056889e+04 8.574856730879251926e-04 8.574856730879251926e-04 2.706337686299094639e+04 7.767142408774746265e+00 1.433359514573794534e-03 -5.196581003962813004e-10 -3.883571232121457939e+00 -2.668572254319263697e-03 -3.883571204387373133e+00 -8.245835722003630464e-03
2.175470491957367081e+00 -1.139035966199966436e-03 -1.342733609946264187e+04 -1.368915066342471800e+04 -1.055100894173828085e-03 -1.362810229471918137e+04 8.031746379152158001e-04 8.031746379152158001e-04 2.737830132684943601e+04 7.857525810360841412e+00 1.342574051885977310e-03 -4.867700231539273357e-10 -3.928762931157907978e+00 -2.701807820459928376e-03 -3.928762905180420706e+00 -8.342125458755808229e-03
2.263760163733009811e+00 -1.064431876901080843e-03 -1.358704191035628719e+04 -1.385196753599731528e+04 -9.859943682023883035e-04 -1.379019351673382153e+04 7.505688378877032989e-04 7.505688378877032989e-04 2.770393507199463056e+04 7.950983291066256342e+00 1.254639083378720696e-03 -4.549351139389341588e-10 -3.975491669809177342e+00 -2.736404898966335840e-03 -3.975491645533128171e+00 -8.441725746258966698e-03
2.358424805892701315e+00 -9.926035420022699934e-04 -1.375201395179003703e+04 -1.402015026943062549e+04 -9.194590738603899928e-04 -1.395762713129607619e+04 6.999201865127876706e-04 6.999201865127876706e-04 2.804030053886125097e+04 8.047520335469963371e+00 1.169975604263116505e-03 -4.242577799031610627e-10 -4.023760190372887457e+00 -2.772454921040593771e-03 -4.023760167734981685e+00 -8.544656174439715576e-03
2.459657033634705225e+00 -9.238074195131628285e-04 -1.392121141917182831e+04 -1.419264627180432035e+04 -8.557325484137700156e-04 -1.412935395546868131e+04 6.514096538406117902e-04 6.514096538406117902e-04 2.838529254360864070e+04 8.146532730070994432e+00 1.088886170323326687e-03 -3.948779978487050781e-10 -4.073266386104413606e+00 -2.809766185898848398e-03 -4.073266365035497216e+00 -8.650277747860590782e-03
2.567595655563507773e+00 -8.583075445345239108e-04 -1.409427257155913867e+04 -1.436908382220609383e+04 -7.950593702028324519e-04 -1.430500436819554852e+04 6.052234202206046264e-04 6.052234202206046264e-04 2.873816764441218766e+04 8.247807365145749969e+00 1.011681997673533149e-03 -3.669065369391202700e-10 -4.123903702147976524e+00 -2.848315635843961819e-03 -4.123903682572874985e+00 -8.758371945407121550e-03
2.682338115609762763e+00 -7.962908330835637843e-04 -1.427069745201772457e+04 -1.454895219464111869e+04 -7.376126808871503841e-04 -1.448407007529658949e+04 5.614932899802173956e-04 5.614932899802173956e-04 2.909790438928223739e+04 8.351051212205334195e+00 9.385834095541956742e-04 -3.404241098483969287e-10 -4.175525624263393354e+00 -2.888055968439518298e-03 -4.175525606102667098e+00 -8.868635889675745981e-03
2.803958393736257548e+00 -7.378840059690434678e-04 -1.445032976744551888e+04 -1.473208600457996181e+04 -6.835098639171671925e-04 -1.466638734289439344e+04 5.203086134820258469e-04 5.203086134820258469e-04 2.946417200915992362e+04 8.456169823939951868e+00 8.697397608283311248e-04 -3.154690573250632810e-10 -4.228084928798653053e+00 -2.929011104074382386e-03 -4.228084911969975934e+00 -8.980977998348623620e-03
2.932526725452886396e+00 -6.830558745178771799e-04 -1.463142075491486867e+04 -1.491671991047686242e+04 -6.327220277460529098e-04 -1.485019605536726340e+04 4.816474054475835252e-04 4.816474054475835252e-04 2.983343982095372485e+04 8.562148455821771975e+00 8.051143038262554988e-04 -2.920607811961152458e-10 -4.281074243489134012e+00 -2.970889136004527514e-03 -4.281074227910885988e+00 -9.094329711093871241e-03
3.068127610135964023e+00 -6.318501257256528602e-04 -1.481519251418014937e+04 -1.510407544068705647e+04 -5.852896408936573850e-04 -1.503671597986427150e+04 4.455404652793046338e-04 4.455404652793046338e-04 3.020815088137411294e+04 8.669690327617484371e+00 7.447585202232975864e-04 -2.702005650962403878e-10 -4.334845178219172368e+00 -3.013991558687692616e-03 -4.334845163808742186e+00 -9.209446817848231451e-03
3.210873706785042803e+00 -5.841082316072205563e-04 -1.499981889662895992e+04 -1.529231164165661176e+04 -5.410658573371093707e-04 -1.522411123005047375e+04 4.118760089774058260e-04 4.118760089774058260e-04 3.058462328331322351e+04 8.777736933660886365e+00 6.884855535260747672e-04 -2.497982198348969076e-10 -4.388868480152054552e+00 -3.058025241276505959e-03 -4.388868466830443182e+00 -9.325216431839531903e-03
3.360914710114393245e+00 -5.397521970801871360e-04 -1.518641368920141940e+04 -1.548254368872490704e+04 -4.999785086558666564e-04 -1.541349507917457959e+04 3.805985596071993424e-04 3.805985596071993424e-04 3.096508737744981408e+04 8.886924016827299155e+00 6.362024919707555751e-04 -2.308061786175837789e-10 -4.443462020723627504e+00 -3.103403249518178492e-03 -4.443462008413649578e+00 -9.442343387957732523e-03
3.518441553360023288e+00 -4.985247471049848375e-04 -1.537210404703785753e+04 -1.567188007747055781e+04 -4.617890376657636216e-04 -1.560198327416607208e+04 3.515281599422917643e-04 3.515281599422917643e-04 3.134376015494111562e+04 8.995607277080907238e+00 5.876090604009851079e-04 -2.132719730077067890e-10 -4.497803649910220969e+00 -3.149245453980549503e-03 -4.497803638540453619e+00 -9.559033675074843014e-03
3.683687005795827307e+00 -4.603108733958815126e-04 -1.555829919129516020e+04 -1.586173501250574191e+04 -4.263911467562339869e-04 -1.579098711113092031e+04 3.245822975175189392e-04 3.245822975175189392e-04 3.172347002501148381e+04 9.104582411022201782e+00 5.425668082894001152e-04 -1.969416022826489090e-10 -4.552291216009351160e+00 -3.196510393585278147e-03 -4.552291205511100891e+00 -9.676237357329316169e-03
3.856923940526868932e+00 -4.250002355519518350e-04 -1.574769720942787535e+04 -1.605482009705820747e+04 -3.936825603793134439e-04 -1.598321200657691406e+04 2.996835511290867277e-04 2.996835511290867277e-04 3.210964019411641493e+04 9.215414006097038424e+00 5.009464621156857218e-04 -1.818753429369595603e-10 -4.607707012741462549e+00 -3.245422699971982697e-03 -4.607707003048519212e+00 -9.795567327035448885e-03
4.038462416263060462e+00 -3.923416949805609913e-04 -1.593833781517809985e+04 -1.624916347196947027e+04 -3.634306140042728082e-04 -1.617669086898155365e+04 2.766550424012315600e-04 2.766550424012315600e-04 3.249832694393894053e+04 9.326971480092581146e+00 4.624524312612574148e-04 -1.678748989586485709e-10 -4.663485748994422586e+00 -3.295899584819076116e-03 -4.663485740046290573e+00 -9.915870390141297980e-03
4.228646433708256325e+00 -3.619610001928854205e-04 -1.612163448626335776e+04 -1.643612986788028502e+04 -3.352886814051064856e-04 -1.636280900964605462e+04 2.552325784680278581e-04 2.552325784680278581e-04 3.287225973576057004e+04 9.434282779316315981e+00 4.266429865509990685e-04 -1.548984332177534057e-10 -4.717141397913417578e+00 -3.346184148860987650e-03 -4.717141389658157991e+00 -1.003186052947314076e-02
4.427850924999102489e+00 -3.339912964302021699e-04 -1.631042974163224426e+04 -1.662863310751500467e+04 -3.093800683581365298e-04 -1.655444971928774976e+04 2.355102223073373606e-04 2.355102223073373606e-04 3.325726621503000933e+04 9.544779114748022764e+00 3.936754274967062890e-04 -1.429904059589074804e-10 -4.772389564991386557e+00 -3.399092804580255110e-03 -4.772389557374011382e+00 -1.015146752593222394e-02
4.636479280628705624e+00 -3.081251657904404261e-04 -1.649860105882295102e+04 -1.682051654555435744e+04 -2.854200469384720858e-04 -1.674547092836613592e+04 2.172709763705855490e-04 2.172709763705855490e-04 3.364103309110871487e+04 9.654914007268851961e+00 3.631869409826230812e-04 -1.319551125257497918e-10 -4.827457010661880155e+00 -3.453472804956125158e-03 -4.827457003634425980e+00 -1.027093636411724985e-02
4.854961533624194914e+00 -2.841580801019649499e-04 -1.668295683214085511e+04 -1.700856992691980849e+04 -2.632191003454996251e-04 -1.693267011447696859e+04 2.003709957691644523e-04 2.003709957691644523e-04 3.401713985383961699e+04 9.762849483504210113e+00 3.349372164318217327e-04 -1.216910225275764447e-10 -4.881424748232960020e+00 -3.509040762042133985e-03 -4.881424741752105056e+00 -1.038836953276319267e-02
5.083753201805744304e+00 -2.621920702197246878e-04 -1.687839098633440517e+04 -1.720777441447831370e+04 -2.428717796302719615e-04 -1.713099232414950166e+04 1.848819862985618865e-04 1.848819862985618865e-04 3.441554882895662740e+04 9.877196862485257967e+00 3.090460276726095332e-04 -1.123142357433555831e-10 -4.938598437222518456e+00 -3.568857591727045333e-03 -4.938598431242628983e+00 -1.051292467481143231e-02
5.323334722426276144e+00 -2.417989881083279795e-04 -1.706708350813225115e+04 -1.740020676518004620e+04 -2.239817543910154992e-04 -1.732255734745739392e+04 1.705004202542453819e-04 1.705004202542453819e-04 3.480041353036009241e+04 9.987594250833060627e+00 2.850054018964795423e-04 -1.042695464876052920e-10 -4.993797130931208805e+00 -3.630481950579490628e-03 -4.993797125416530314e+00 -1.063377318333487767e-02
5.574211384433898964e+00 -2.229683814914688780e-04 -1.725635231706350532e+04 -1.759322704008672736e+04 -2.065386160514606382e-04 -1.751470761259020583e+04 1.572233403427069070e-04 1.572233403427069070e-04 3.518645408017345471e+04 1.009841486406679856e+01 2.628120266605542613e-04 -9.557478743347574437e-11 -5.049207437118693242e+00 -3.693317927383966276e-03 -5.049207432033399279e+00 -1.075523581103751680e-02
5.836913658873376320e+00 -2.056000521549986189e-04 -1.744726884951105239e+04 -1.778791497776047254e+04 -1.904501910356579087e-04 -1.770851994476783875e+04 1.449762033576067438e-04 1.449762033576067438e-04 3.557582995552094508e+04 1.021015570345210577e+01 2.423398589462084018e-04 -8.825426693054612239e-11 -5.105077856415230819e+00 -3.759934799043351816e-03 -5.105077851726052884e+00 -1.087820838553827177e-02
6.111997837247349352e+00 -1.894920428631415921e-04 -1.763157298882490068e+04 -1.797596031057634900e+04 -1.755292530388733352e-04 -1.789570438136909797e+04 1.336175207980782925e-04 1.336175207980782925e-04 3.595192062115269800e+04 1.031806398388115475e+01 2.233527283279531088e-04 -8.144091877683969814e-11 -5.159031996262362085e+00 -3.828525439697570611e-03 -5.159031991940577377e+00 -1.099761851054371388e-02
6.400046903544740040e+00 -1.747362079482320816e-04 -1.782734590842885518e+04 -1.817555509834199984e+04 -1.618606130559653122e-04 -1.809440836307514837e+04 1.232137197650689175e-04 1.232137197650689175e-04 3.635111019668399967e+04 1.043267657081303135e+01 2.059622862590073744e-04 -7.498353216213793936e-11 -5.216338289391849514e+00 -3.901542071545222468e-03 -5.216338285406515674e+00 -1.112447371545020013e-02
6.701671583159408030e+00 -1.610970835273331004e-04 -1.802156392882569344e+04 -1.837359841946826418e+04 -1.492265107658729260e-04 -1.829156269803363466e+04 1.135966498939240644e-04 1.135966498939240644e-04 3.674719683893652837e+04 1.054636934915878221e+01 1.898866720903742168e-04 -6.913033741794089375e-11 -5.273184678253691082e+00 -3.979107638943270644e-03 -5.273184674579391107e+00 -1.125110074689931842e-02
7.017511528129986687e+00 -1.484755149972569069e-04 -1.821198845502392942e+04 -1.856783749439257736e+04 -1.375350702935722498e-04 -1.848492020204906657e+04 1.046965345782899752e-04 1.046965345782899752e-04 3.713567498878515471e+04 1.065784526878731242e+01 1.750093015781360847e-04 -6.374034874086660166e-11 -5.328922637780091343e+00 -4.059775031659714623e-03 -5.328922634393656210e+00 -1.137596915732230068e-02
7.348236611607034341e+00 -1.367979252144394572e-04 -1.839834539340826814e+04 -1.875799678034819226e+04 -1.267180334660728241e-04 -1.867420597246158286e+04 9.646213704524327602e-05 9.646213704524327602e-05 3.751599356069638452e+04 1.076697701174890831e+01 1.612447657197218175e-04 -5.883621271292507362e-11 -5.383488508994557442e+00 -4.144391079664554341e-03 -5.383488505874454155e+00 -1.149908058028099866e-02
7.694548314804565692e+00 -1.259969613501763766e-04 -1.858041375724435784e+04 -1.894385404003669100e+04 -1.167130008454880325e-04 -1.885919830120542611e+04 8.884601749194179676e-05 8.884601749194179676e-05 3.788770808007338201e+04 1.087364135551804267e+01 1.485137847689422055e-04 -5.431366244501766218e-11 -5.436820680632795444e+00 -4.233052522113008379e-03 -5.436820677759021336e+00 -1.162032594912444303e-02
8.057181197146181972e+00 -1.161355020665912351e-04 -1.877844925832377703e+04 -1.914579802503885367e+04 -1.075782559532011037e-04 -1.906023458345915788e+04 8.189228241468891922e-05 8.189228241468891922e-05 3.829159605007770733e+04 1.098954942066889195e+01 1.368900008380749154e-04 -5.011380468743396758e-11 -5.494774712983312881e+00 -4.330751337553983768e-03 -5.494774710334445977e+00 -1.175228725167954194e-02
8.436904445393944130e+00 -1.069833436929054502e-04 -1.896742385152829229e+04 -1.933864004286875934e+04 -9.910052500035598354e-05 -1.925218900139354446e+04 7.543881381946161387e-05 7.543881381946161387e-05 3.867728008573751868e+04 1.110022972513074002e+01 1.261024963863096942e-04 -4.618771421810443391e-11 -5.550114865005511433e+00 -4.432693270909449090e-03 -5.550114862565370011e+00 -1.187962812270137482e-02
8.834523500847938138e+00 -9.854843995898694524e-05 -1.915752478784312552e+04 -1.953263537455970072e+04 -9.128719544643145454e-05 -1.944529083319357233e+04 6.949109859366777852e-05 6.949109859366777852e-05 3.906527074911940144e+04 1.121157165046457393e+01 1.161603983236050017e-04 -4.257764815087943291e-11 -5.605785827480062267e+00 -4.541768311178600095e-03 -5.605785825232286967e+00 -1.200873450480677458e-02
9.250881765769570109e+00 -9.073313802632948825e-05 -1.933974997274795896e+04 -1.971872332461542101e+04 -8.404780960196388262e-05 -1.963050212582358654e+04 6.398028098772995799e-05 6.398028098772995799e-05 3.943744664923084201e+04 1.131836439149544482e+01 1.069486095731849449e-04 -3.922922364020664605e-11 -5.659182197817262505e+00 -4.656571502475640931e-03 -5.659182195747722410e+00 -1.213413378144461048e-02
9.686862391444771347e+00 -8.356955339903159551e-05 -1.953124935340184311e+04 -1.991417043676506364e+04 -7.741212168848750331e-05 -1.982504532543905952e+04 5.892897991351192863e-05 5.892897991351192863e-05 3.982834087353012728e+04 1.143053486181822187e+01 9.850492940340188608e-05 -3.629211741615346004e-11 -5.715267432815275939e+00 -4.782075341266159643e-03 -5.715267430909110935e+00 -1.226660512446030651e-02
1.014339015107741027e+01 -7.698465638166545797e-05 -1.972806569720615516e+04 -2.011499626822120626e+04 -7.131246861961102260e-05 -2.002494958994762055e+04 5.428579045791467189e-05 5.428579045791467189e-05 4.022999253644241253e+04 1.154580342021251127e+01 9.074346375966488851e-05 -3.338415453733781754e-11 -5.772901711862246543e+00 -4.918094967736940520e-03 -5.772901710106255635e+00 -1.240382032249472480e-02
1.062143340119719248e+01 -7.088538079640189431e-05 -1.991742085094779031e+04 -2.030833807678599624e+04 -6.566265573303996564e-05 -2.021738467816256525e+04 4.998500144134996568e-05 4.998500144134996568e-05 4.061667615357199247e+04 1.165676338660565037e+01 8.355433894837914976e-05 -3.085274145022142560e-11 -5.828381694919715805e+00 -5.062681630826425250e-03 -5.828381693302825184e+00 -1.253800810424883158e-02
1.112200613561059548e+01 -6.528060331028958285e-05 -2.011213767444067707e+04 -2.050710943051232243e+04 -6.047088944998150366e-05 -2.041523063769870714e+04 4.603297308915160416e-05 4.603297308915160416e-05 4.101421886102464487e+04 1.177085433927626212e+01 7.694822381491569325e-05 -2.832529077219405514e-11 -5.885427171127205703e+00 -5.219502581229315541e-03 -5.885427169638131062e+00 -1.267723753503229717e-02
1.164617013619385411e+01 -6.013142026967208137e-05 -2.031297513079406417e+04 -2.071207847784686965e+04 -5.570115686905013983e-05 -2.061925303941623133e+04 4.240212898465712757e-05 4.240212898465712757e-05 4.142415695569373929e+04 1.188849839915651607e+01 7.087896875130117783e-05 -2.611326769715000428e-11 -5.944249200949901280e+00 -5.390835854148081328e-03 -5.944249199578258036e+00 -1.282228531923504736e-02
1.219503722506606280e+01 -5.533874278212545030e-05 -2.049722569387894328e+04 -2.090038168274562122e+04 -5.126166008680811882e-05 -2.080664698843861697e+04 3.902265672112476029e-05 3.902265672112476029e-05 4.180076336549124244e+04 1.199655437251149159e+01 6.522989841991654113e-05 -2.408128151696399995e-11 -5.998277187518086251e+00 -5.571636430338112837e-03 -5.998277186255745796e+00 -1.295911857924120225e-02
1.276977162291000134e+01 -5.094938059986024503e-05 -2.069189653825042114e+04 -2.109921927544148275e+04 -4.719575837065628288e-05 -2.100454180283796086e+04 3.592757847596621522e-05 3.592757847596621522e-05 4.219843855088296550e+04 1.211066626593300555e+01 6.005621735873763938e-05 -2.221330485517887426e-11 -6.055333134128741079e+00 -5.770489573316726732e-03 -6.055333132966502774e+00 -1.310483977642116528e-02
1.337159241843930246e+01 -4.690315301212630652e-05 -2.088615188760311139e+04 -2.129768381408752975e+04 -4.344770526350804789e-05 -2.120205759117099660e+04 3.307445863399008839e-05 3.307445863399008839e-05 4.259536762817505951e+04 1.222456136458148634e+01 5.528699095165674965e-05 -2.048293714590223200e-11 -6.112280683360705069e+00 -5.986258650815923232e-03 -6.112280682290743172e+00 -1.325294639665881673e-02
1.400177615424875910e+01 -4.317014618802704457e-05 -2.107821699531005652e+04 -2.149399194851383072e+04 -3.998979161900134059e-05 -2.139741502817113724e+04 3.044220069788816316e-05 3.044220069788816316e-05 4.298798389702766144e+04 1.233721338323945993e+01 5.088695349065047605e-05 -1.889244949798950930e-11 -6.168606692604557296e+00 -6.219974756543028387e-03 -6.168606691619729965e+00 -1.340256183101708014e-02
1.466165953453220716e+01 -3.970882373380779461e-05 -2.125828612437568881e+04 -2.167827120206495238e+04 -3.678354074068604357e-05 -2.158076686210291155e+04 2.800152005845121702e-05 2.800152005845121702e-05 4.335654240412990475e+04 1.244294587994706802e+01 4.680715493141520518e-05 -1.740959085518133902e-11 -6.221472940879424485e+00 -6.470705566467842458e-03 -6.221472939973534011e+00 -1.354781658132130258e-02
1.535264226041133817e+01 -3.658151057913401995e-05 -2.147337286232515544e+04 -2.189788598894473034e+04 -3.388668932839127728e-05 -2.179935176905215849e+04 2.579635316191946937e-05 2.579635316191946937e-05 4.379577197788946069e+04 1.256899214044305602e+01 4.312103399147517818e-05 -1.608432602222868617e-11 -6.284496071056096866e+00 -6.755558361718780845e-03 -6.284496070221528008e+00 -1.371881547269088349e-02
1.607618999888940792e+01 -3.363174396587033095e-05 -2.164591598449619414e+04 -2.207470951304836126e+04 -3.115429770347602050e-05 -2.197524833642851081e+04 2.371638687816349567e-05 2.371638687816349567e-05 4.414941902609672252e+04 1.267042976575799962e+01 3.964419933023438137e-05 -1.482217249466797506e-11 -6.335214883646295370e+00 -7.052187555291360328e-03 -6.335214882878999809e+00 -1.386680349461091345e-02
1.683383749172745780e+01 -3.093102656123838311e-05 -2.182780049058394798e+04 -2.226101368819112395e+04 -2.865260408052962968e-05 -2.216058975241391818e+04 2.181202809445314248e-05 2.181202809445314248e-05 4.452202737638224789e+04 1.277731338817227780e+01 3.646090516858577609e-05 -1.367748610380816131e-11 -6.388656694791843726e+00 -7.379026072601518015e-03 -6.388656694086138899e+00 -1.402493565709478363e-02
1.762719181083737041e+01 -2.846959907222883373e-05 -2.202871008940240063e+04 -2.246656846271040195e+04 -2.637256776560995561e-05 -2.236511789220878927e+04 2.007640398993277696e-05 2.007640398993277696e-05 4.493313692542080389e+04 1.289526251203943019e+01 3.355966603830464276e-05 -1.262962845325244477e-11 -6.447631256669287936e+00 -7.743558346643467614e-03 -6.447631256019715096e+00 -1.420003266473387690e-02
1.845793576709684558e+01 -2.620174403612255071e-05 -2.222946282314204655e+04 -2.267205537962887320e+04 -2.427183938900960187e-05 -2.256956456823174085e+04 1.847727464776483363e-05 1.847727464776483363e-05 4.534411075925774639e+04 1.301316731091906398e+01 3.088658944814382776e-05 -1.166482089419552428e-11 -6.506583656057383536e+00 -8.142028997389791356e-03 -6.506583655459531990e+00 -1.438030958064534862e-02
1.932783147981688643e+01 -2.406198284751247474e-05 -2.238261552208495414e+04 -2.282967139586627309e+04 -2.228976342766557310e-05 -2.272625453281227965e+04 1.696846671713055373e-05 1.696846671713055373e-05 4.565934279173254617e+04 1.310353999654081569e+01 2.836449257723251365e-05 -1.075386423235237750e-11 -6.551769998819461982e+00 -8.560027041451786015e-03 -6.551769998270407847e+00 -1.453581973661908881e-02
2.023872411443312913e+01 -2.219038270547320726e-05 -2.263303210006075096e+04 -2.308542017318379294e+04 -2.055609179916231100e-05 -2.298079487251399041e+04 1.564875462204533567e-05 1.564875462204533567e-05 4.617084034636758588e+04 1.325033444118882642e+01 2.615848629420532585e-05 -9.958912715124856505e-12 -6.625167221100786819e+00 -9.057185016362153535e-03 -6.625167220594413209e+00 -1.476043095501923703e-02
2.119254579634909064e+01 -2.038306613608015781e-05 -2.279436201267626893e+04 -2.325150102414235153e+04 -1.888196312117315065e-05 -2.314589255773987315e+04 1.437436495903732749e-05 1.437436495903732749e-05 4.650300204828470305e+04 1.334556137444858770e+01 2.402823913770160561e-05 -9.190432960455006105e-12 -6.672780687689450652e+00 -9.565400878981205474e-03 -6.672780687224293850e+00 -1.493472615895183493e-02
2.219131970923321973e+01 -1.877544475077128170e-05 -2.302180318954509858e+04 -2.348435468264152951e+04 -1.739281700040490249e-05 -2.337756007386448982e+04 1.324079056258148536e-05 1.324079056258148536e-05 4.696870936528305901e+04 1.347917468056217949e+01 2.213337687499440090e-05 -8.508122409016514319e-12 -6.739587340709584318e+00 -1.015228956060151497e-02 -6.739587340281089745e+00 -1.515985438751005221e-02
2.323716438646269111e+01 -1.724002404288847983e-05 -2.317731669379928280e+04 -2.364484141390762670e+04 -1.597054762268213679e-05 -2.353703787125727467e+04 1.215812321909041416e-05 1.215812321909041416e-05 4.728968282781525340e+04 1.357116928817242574e+01 2.032360953245358865e-05 -7.855964474191397164e-12 -6.785584644479693672e+00 -1.076144909066741387e-02 -6.785584644086212869e+00 -1.534642853830693772e-02
2.433229820481675176e+01 -1.584870899649513099e-05 -2.336141331636974428e+04 -2.383430425094086604e+04 -1.468176631827747421e-05 -2.372538738024685881e+04 1.117707194902876597e-05 1.117707194902876597e-05 4.766860850188173208e+04 1.367981561225412435e+01 1.868370231844033313e-05 -7.265004788461344804e-12 -6.839907806488814579e+00 -1.144676251762437660e-02 -6.839907806127062173e+00 -1.556152333275790008e-02
2.547904408995127667e+01 -1.457248520100765953e-05 -2.355117941463703028e+04 -2.402965861259525627e+04 -1.349961600059534633e-05 -2.391958529475043179e+04 1.027704790891910250e-05 1.027704790891910250e-05 4.805931722519051254e+04 1.379174514305772448e+01 1.717919181764900009e-05 -6.722516844534174805e-12 -6.895872571861501932e+00 -1.220196424306154229e-02 -6.895872571528862238e+00 -1.579068869129413022e-02
2.667983444363553502e+01 -1.339892254108908508e-05 -2.374279658874432789e+04 -2.422707484276232935e+04 -1.241252040691770754e-05 -2.411580949018718457e+04 9.449668615401971870e-06 9.449668615401971870e-06 4.845414968552465871e+04 1.390503646967817808e+01 1.579620712904041997e-05 -6.226620537214735260e-12 -6.952518235144975023e+00 -1.303248477683585649e-02 -6.952518234839089040e+00 -1.603282265002727372e-02
2.793721630320246163e+01 -1.230782356273361677e-05 -2.391193089855922153e+04 -2.440202828473528643e+04 -1.140183159506516160e-05 -2.428960181104055664e+04 8.680307894465094542e-06 8.680307894465094542e-06 4.880405656947057287e+04 1.400530559152708676e+01 1.451015789013511100e-05 -5.756661855962384990e-12 -7.002652796044546157e+00 -1.393336388779770410e-02 -7.002652795763543381e+00 -1.627265190852596882e-02
2.925385674415631243e+01 -1.132682472854250304e-05 -2.412786916209289848e+04 -2.462443424491227779e+04 -1.049313130178519224e-05 -2.451067492100039453e+04 7.988587650970637011e-06 7.988587650970637011e-06 4.924886848982455558e+04 1.413284558084421683e+01 1.335389247647060767e-05 -5.348651799467629368e-12 -7.066422790680741528e+00 -1.495331803531151950e-02 -7.066422790422108413e+00 -1.655832064605419068e-02
3.063254853739741890e+01 -1.048801288294588522e-05 -2.449654834008401303e+04 -2.500123056725294373e+04 -9.716146757007623424e-06 -2.488565061734427582e+04 7.397138221778712462e-06 7.397138221778712462e-06 5.000246113450588746e+04 1.434913347620974911e+01 1.236523975428475024e-05 -4.998308177136548241e-12 -7.174566738344381633e+00 -1.617906609707083637e-02 -7.174566738104874553e+00 -1.696519363293016308e-02
3.207621607306366940e+01 -9.546807975133106609e-06 -2.444531766269566288e+04 -2.495460037277430092e+04 -8.844297332314231676e-06 -2.483838244809503885e+04 6.733456273892706741e-06 6.733456273892706741e-06 4.990920074554860184e+04 1.432195981227863513e+01 1.125583821468944565e-05 -4.595119876979604201e-12 -7.160979906357359148e+00 -1.723201714537673374e-02 -7.160979906139317563e+00 -1.709987633980961444e-02
3.358792156355409020e+01 -8.808171758649032269e-06 -2.472883063881722774e+04 -2.524609342794646363e+04 -8.160102515369733201e-06 -2.512820512650271121e+04 6.212640206780588271e-06 6.212640206780588271e-06 5.049218685589292727e+04 1.448916918618561489e+01 1.038525478470393075e-05 -4.285695962156489316e-12 -7.244584593294006503e+00 -1.864047483930139290e-02 -7.244584593092807445e+00 -1.748536860828616216e-02
3.517087153889189466e+01 -8.074873849507602152e-06 -2.485441768487916124e+04 -2.537853350886562112e+04 -7.480846505674548289e-06 -2.525938920437153865e+04 5.695575053983826411e-06 5.695575053983826411e-06 5.075706701773124223e+04 1.456491364832756119e+01 9.520938481536486863e-06 -3.975171239688756475e-12 -7.282456824348257918e+00 -2.006628591931684455e-02 -7.282456824163780595e+00 -1.778126795388632053e-02
3.682842364820457703e+01 -7.426661308605965059e-06 -2.506233797678450719e+04 -2.559447407384117105e+04 -6.880409294827265164e-06 -2.547376757888291468e+04 5.238511677598372678e-06 5.238511677598372678e-06 5.118894814768234210e+04 1.468863973833246916e+01 8.756921031479283132e-06 -3.702701172517341223e-12 -7.344319869335930839e+00 -2.170513443219104430e-02 -7.344319869166234582e+00 -1.815836382064160703e-02
3.856409378174787150e+01 -6.824384271158614174e-06 -2.524898762663777597e+04 -2.578937048046566997e+04 -6.322521644462768172e-06 -2.566709877019299165e+04 4.813838501962949598e-06 4.813838501962949598e-06 5.157874096093133994e+04 1.480024380250230109e+01 8.047046592801163382e-06 -3.449430262211259768e-12 -7.400121901407112901e+00 -2.349261176303220344e-02 -7.400121901251150547e+00 -1.854611199055066634e-02
4.038156352858037934e+01 -6.282669079838162994e-06 -2.548475718175919974e+04 -2.603436502810851744e+04 -5.820735226916188643e-06 -2.591030159222540533e+04 4.431871935598406143e-06 4.431871935598406143e-06 5.206873005621703487e+04 1.494061752634861051e+01 7.408560064460059667e-06 -3.223089187412800388e-12 -7.470308763317917489e+00 -2.551175354959192218e-02 -7.470308763174305255e+00 -1.899854426779415753e-02
4.228468798570753506e+01 -5.772047261154569309e-06 -2.566899072813912426e+04 -2.622783012949884505e+04 -5.347748683416365980e-06 -2.610205196635241009e+04 4.071827622922876445e-06 4.071827622922876445e-06 5.245566025899769011e+04 1.505133935582003346e+01 6.806718074985099008e-06 -3.008928748382238557e-12 -7.525669678041985833e+00 -2.768397035060331246e-02 -7.525669677910016730e+00 -1.944463023627462928e-02
4.427750393525924721e+01 -5.305692604183579715e-06 -2.586786021646008885e+04 -2.643666315040927293e+04 -4.915767901010275291e-06 -2.630903425561116455e+04 3.742998393470683913e-06 3.742998393470683913e-06 5.287332630081854586e+04 1.517086110055043591e+01 6.257054811683203504e-06 -2.814509297514315282e-12 -7.585430550396552896e+00 -3.009526668048673539e-02 -7.585430550275217954e+00 -1.993639752555055947e-02
4.636423840704600963e+01 -4.866197072039383285e-06 -2.600955780781782960e+04 -2.658832775113703610e+04 -4.508664551561078409e-06 -2.645893413502242038e+04 3.433104943825970667e-06 3.433104943825970667e-06 5.317665550227407221e+04 1.525748648071142455e+01 5.739043749756902512e-06 -2.629426849536216465e-12 -7.628743240467024123e+00 -3.268111513998914891e-02 -7.628743240355712274e+00 -2.042185168109853302e-02
4.854931764465584365e+01 -4.492327901306579819e-06 -2.632444013737163186e+04 -2.691585091671278497e+04 -4.162358924020585255e-06 -2.678401452830666312e+04 3.169497445861965127e-06 3.169497445861965127e-06 5.383170183342556993e+04 1.544514708659152546e+01 5.298405160714688325e-06 -2.476317842970057804e-12 -7.722573543398552509e+00 -3.576597573895629045e-02 -7.722573543295762732e+00 -2.108604374028549139e-02
5.083737649411040138e+01 -4.102454049191552870e-06 -2.635274671492554262e+04 -2.695424234128865646e+04 -3.801215961898847547e-06 -2.682079456353109708e+04 2.894585444148851559e-06 2.894585444148851559e-06 5.390848468257731292e+04 1.546658192170169954e+01 4.838866897819506962e-06 -2.310336983090898635e-12 -7.733290960944748882e+00 -3.874982160442705381e-02 -7.733290960850849771e+00 -2.156700649681815574e-02
5.323326823499476035e+01 -3.770630247387271595e-06 -2.655269259902995691e+04 -2.716712229455583656e+04 -3.493852426944180560e-06 -2.703136013613948671e+04 2.660618661198246603e-06 2.660618661198246603e-06 5.433424458911167312e+04 1.558825738506735092e+01 4.447774215657458675e-06 -2.172848240437917504e-12 -7.794128692620010845e+00 -4.230170941146874086e-02 -7.794128692533675462e+00 -2.223653178307888681e-02
5.574207487491413815e+01 -3.463178871631129596e-06 -2.673441935815490797e+04 -2.736250388002745240e+04 -3.209064575515992397e-06 -2.722434282016138241e+04 2.443836455941010409e-06 2.443836455941010409e-06 5.472500776005490479e+04 1.569982104295372771e+01 4.085406768000457267e-06 -2.045393303042882755e-12 -7.849910521556187959e+00 -4.618798272194607479e-02 -7.849910521476863856e+00 -2.294733301209909981e-02
5.836911792911337216e+01 -3.179117765388586258e-06 -2.690248530952981673e+04 -2.754507393589255662e+04 -2.945942765407283986e-06 -2.740440256368708651e+04 2.243546486937780306e-06 2.243546486937780306e-06 5.509014787178511324e+04 1.580396230534139157e+01 3.750607282521533518e-06 -1.927616391130294320e-12 -7.901981152743544179e+00 -5.044498686569946072e-02 -7.901981152670695785e+00 -2.370771819003978167e-02
6.111996970812420926e+01 -2.921470504452238139e-06 -2.710011748662484388e+04 -2.775874719549254951e+04 -2.707289635465879653e-06 -2.761528169902729496e+04 2.061883920686035929e-06 2.061883920686035929e-06 5.551749439098509902e+04 1.592591062306308558e+01 3.446945432503701309e-06 -1.821764229031134378e-12 -7.962955311598516772e+00 -5.519951568150206073e-02 -7.962955311531542790e+00 -2.456265623031986256e-02
6.400046513738307397e+01 -2.681630078774935968e-06 -2.726700046238346113e+04 -2.794250281353935497e+04 -2.485129560655447023e-06 -2.779616040741420147e+04 1.892777406746259637e-06 1.892777406746259637e-06 5.588500562707870995e+04 1.603060360541033091e+01 3.164272423327017344e-06 -1.722866979932296016e-12 -8.015301802766673589e+00 -6.037501311383162289e-02 -8.015301802705165457e+00 -2.546499306721504777e-02
6.701671413389014731e+01 -2.468184921002336302e-06 -2.750948990586054788e+04 -2.820437305800310423e+04 -2.287423062174521313e-06 -2.805464917953129043e+04 1.742286519122197782e-06 1.742286519122197782e-06 5.640874611600620847e+04 1.618009016802684741e+01 2.912717272699344761e-06 -1.636848447190879243e-12 -8.090045084070066395e+00 -6.626174816905130993e-02 -8.090045084013423704e+00 -2.652200465865223872e-02
7.017511456616259125e+01 -2.260198127130151759e-06 -2.761120955800928277e+04 -2.832486200201692918e+04 -2.094766923657509555e-06 -2.817206486944733842e+04 1.595634484889119859e-06 1.595634484889119859e-06 5.664972400403385836e+04 1.624825798067599081e+01 2.667577238862634766e-06 -1.550132702312679381e-12 -8.124128990389895222e+00 -7.238939820213985410e-02 -8.124128990337995404e+00 -2.753407380152143868e-02
7.348236582497136737e+01 -2.056391891800795785e-06 -2.753220671993777796e+04 -2.826319424764567520e+04 -1.905975818215248855e-06 -2.810782052027881218e+04 1.451917385763506483e-06 1.451917385763506483e-06 5.652638849529135041e+04 1.621169396912193505e+01 2.427340816972145932e-06 -1.461300372505750012e-12 -8.105846984608220396e+00 -7.860368191959815620e-02 -8.105846984560967527e+00 -2.845383234030909869e-02
7.694548303364732078e+01 -1.936282675182448713e-06 -2.841883509121635871e+04 -2.918543809456512463e+04 -1.794753929992879963e-06 -2.902318270530476366e+04 1.367287267866798562e-06 1.367287267866798562e-06 5.837087618913024926e+04 1.674021686826208821e+01 2.285886053234435975e-06 -1.429098130743779774e-12 -8.370108434175564938e+00 -8.846148702214762238e-02 -8.370108434131044106e+00 -3.050450943539833454e-02
8.057181192809824211e+01 -1.745756853723710194e-06 -2.807713529111098251e+04 -2.886010494612506591e+04 -1.618253738521786624e-06 -2.869582127639210739e+04 1.232915727429053173e-06 1.232915727429053173e-06 5.772020989225013182e+04 1.655199291886957980e+01 2.061268020226854162e-06 -1.340229221468504636e-12 -8.275996459474965761e+00 -9.525409662392726740e-02 -8.275996459434789898e+00 -3.136031140184636357e-02
8.436904443809967802e+01 -1.620130561265522978e-06 -2.855823030184524032e+04 -2.937476386221914072e+04 -1.501904595684340802e-06 -2.920453154611498758e+04 1.144366084378588792e-06 1.144366084378588792e-06 5.874952772443828144e+04 1.684610058318533987e+01 1.913256019835381777e-06 -1.296889427297715700e-12 -8.423050291629985864e+00 -1.057067203776812930e-01 -8.423050291592669936e+00 -3.326609226245461765e-02
8.834523500290913489e+01 -1.472198323345262930e-06 -2.843593205450602909e+04 -2.927681916083153556e+04 -1.364868228735571031e-06 -2.910298418412683168e+04 1.040045302993195050e-06 1.040045302993195050e-06 5.855363832166307111e+04 1.678825911682574556e+01 1.738873548801882238e-06 -1.230974986510840425e-12 -8.394129558446813633e+00 -1.148390656184385822e-01 -8.394129558412872782e+00 -3.461360094755173977e-02
9.250881765581175387e+01 -1.351172656750805976e-06 -2.859839562158561966e+04 -2.947185134190912504e+04 -1.252767624746915530e-06 -2.929270488847478919e+04 9.547160197769673614e-07 9.547160197769673614e-07 5.894370268381825008e+04 1.689850165857943409e+01 1.596240133366667710e-06 -1.182685909312944938e-12 -8.449250829320899214e+00 -1.260813790604455309e-01 -8.449250829289717046e+00 -3.645547643532677518e-02
9.686862391383557735e+01 -1.239294495560327093e-06 -2.874138912413270737e+04 -2.964995545116062567e+04 -1.149139560258994376e-06 -2.946513162989591001e+04 8.758366591419048492e-07 8.758366591419048492e-07 5.929991090232125134e+04 1.699886336079509519e+01 1.464388428218588566e-06 -1.137917087053061549e-12 -8.499431680426180691e+00 -1.383832611144741875e-01 -8.499431680397547595e+00 -3.845049732169939644e-02
1.014339015105832971e+02 -1.135003657187356452e-06 -2.884035242724282944e+04 -2.978617794980828330e+04 -1.052537859509452720e-06 -2.959540923825679056e+04 8.023042322134304155e-07 8.023042322134304155e-07 5.957235589961656660e+04 1.707500131562059309e+01 1.341473999549082552e-06 -1.095428865534764369e-12 -8.537500657836552875e+00 -1.516933011724486968e-01 -8.537500657810296545e+00 -4.057628106131159346e-02
1.062143340119150423e+02 -1.039258664205118691e-06 -2.893115351746522720e+04 -2.991743886583595668e+04 -9.638520178491425914e-07 -2.972023981368610112e+04 7.347964387923549966e-07 7.347964387923549966e-07 5.983487773167191335e+04 1.714808800494632735e+01 1.228629873122059168e-06 -1.056403280741967617e-12 -8.574044002497235084e+00 -1.662820657081811038e-01 -8.574044002473163673e+00 -4.289583686283870295e-02
1.112200613560898717e+02 -9.621511430262980305e-07 -2.934422088640060610e+04 -3.038363985009471799e+04 -8.924434626551723891e-07 -3.017755138132381762e+04 6.804539371077713596e-07 6.804539371077713596e-07 6.076727970018943597e+04 1.741314907107469523e+01 1.137797008551424255e-06 -1.032292940194787744e-12 -8.706574535559665762e+00 -1.843857392544451246e-01 -8.706574535537347614e+00 -4.595013868754876940e-02
1.164617013619343737e+02 -8.807008728329662495e-07 -2.942218717475413359e+04 -3.051012278912707188e+04 -8.169984211101870881e-07 -3.029637029970756703e+04 6.230247986579013598e-07 6.230247986579013598e-07 6.102024557825414377e+04 1.748300822438070057e+01 1.041799992037968565e-06 -9.990784540881779462e-13 -8.741504112210810362e+00 -2.021232956555076565e-01 -8.741504112190350284e+00 -4.875117151256914277e-02
1.219503722506598251e+02 -8.324370914148497820e-07 -3.046551036853261758e+04 -3.163703733630206989e+04 -7.723338651558931573e-07 -3.140870408785559994e+04 5.890670769887126553e-07 5.890670769887126553e-07 6.327407467260413978e+04 1.812643614267661007e+01 9.850506876881893353e-07 -1.000874497620011675e-12 -9.063218071357681538e+00 -2.290083004900587138e-01 -9.063218071338305037e+00 -5.353896696127679461e-02
1.276977162291001520e+02 -7.356174040980186775e-07 -2.947819879245678385e+04 -3.067379877977282740e+04 -6.826086826000151435e-07 -3.044321602360275210e+04 5.207212035475499332e-07 5.207212035475499332e-07 6.134759755954565480e+04 1.757069374343890189e+01 8.707902364448719079e-07 -9.381162123239519741e-13 -8.785346871736601670e+00 -2.422189992743413733e-01 -8.785346871719450945e+00 -5.501205471414058468e-02
1.337159241843934296e+02 -6.689813063634992378e-07 -2.935539232437895771e+04 -3.060691959182490245e+04 -6.208773344257340080e-07 -3.036782415479124393e+04 4.737272953294706459e-07 4.737272953294706459e-07 6.121383918364980491e+04 1.752893406416408340e+01 7.922352570523099017e-07 -9.069075168733099548e-13 -8.764467032097673638e+00 -2.638561542618453881e-01 -8.764467032082041698e+00 -5.830080691955966121e-02
1.400177615424880457e+02 -6.217757320042209529e-07 -2.987633213749641072e+04 -3.121381622590353072e+04 -5.771716702036558330e-07 -3.096056294195556984e+04 4.404773499969683697e-07 4.404773499969683697e-07 6.242763245180706144e+04 1.787299948487417112e+01 7.366617824428441102e-07 -8.978919077115260714e-13 -8.936499742451648132e+00 -2.939240774568231962e-01 -8.936499742437085558e+00 -6.327660965977184582e-02
1.466165953453225939e+02 -5.677492197137481945e-07 -2.986568359896102265e+04 -3.127594753468130875e+04 -5.271258066122287595e-07 -3.101139062941575321e+04 4.023796179755034080e-07 4.023796179755034080e-07 6.255189506936261751e+04 1.790441205490142806e+01 6.729777842977910987e-07 -8.744607359582117893e-13 -8.952206027464043814e+00 -3.215316235677059264e-01 -8.952206027450714032e+00 -6.755827037922204625e-02
1.535264226041139466e+02 -5.247758840897747089e-07 -3.021843226600934941e+04 -3.172461478178846664e+04 -4.873336848940493970e-07 -3.144460525748389409e+04 3.721010361787810235e-07 3.721010361787810235e-07 6.344922956357693329e+04 1.815682342115994174e+01 6.223686511339068668e-07 -8.636033721185521872e-13 -9.078411710592325434e+00 -3.561488378849905212e-01 -9.078411710579970872e+00 -7.314194704595630703e-02
1.607618999888946405e+02 -4.532026286203236912e-07 -2.855565569799724835e+04 -3.006967423086882263e+04 -4.209661841785089294e-07 -2.979096317419911065e+04 3.215135470209288350e-07 3.215135470209288350e-07 6.013934846173764527e+04 1.720424084991592295e+01 5.377855479971100795e-07 -7.971251607230101494e-13 -8.602120424968664025e+00 -3.680534362724597885e-01 -8.602120424957961475e+00 -7.401366185079172322e-02
1.683383749172751607e+02 -4.355562761686945073e-07 -3.003637801834402853e+04 -3.171863378932741398e+04 -4.046809253674980175e-07 -3.141151449200671414e+04 3.091744576570195580e-07 3.091744576570195580e-07 6.343726757865482796e+04 1.814292806140798575e+01 5.171786839720514798e-07 -8.216163127759409483e-13 -9.071464030714308180e+00 -4.242030535137423231e-01 -9.071464030703992876e+00 -8.360436339881707757e-02
1.762719181083743365e+02 -4.020927278150695916e-07 -3.033787867762484530e+04 -3.214244148615789891e+04 -3.736952939799446354e-07 -3.181584285008741426e+04 2.855999743779367586e-07 2.855999743779367586e-07 6.428488297231579782e+04 1.837954290696063353e+01 4.777761252607852512e-07 -8.134037528019382031e-13 -9.189771453489875341e+00 -4.691972998082387103e-01 -9.189771453480316765e+00 -9.076957163878408841e-02
1.845793576709690740e+02 -3.781570625738706212e-07 -3.121109311226056525e+04 -3.318551012343855109e+04 -3.515591618941316651e-07 -3.283117144426849700e+04 2.687825750685571252e-07 2.687825750685571252e-07 6.637102024687710218e+04 1.896952518689631262e+01 4.496753596634872473e-07 -8.218011679045530143e-13 -9.484762593457180202e+00 -5.287928944772108952e-01 -9.484762593448156309e+00 -1.005390029877932662e-01
1.932783147981695322e+02 -3.296697897617175014e-07 -2.975320891562259203e+04 -3.176321909356990000e+04 -3.065849889659883732e-07 -3.140555151979817674e+04 2.344882878463896098e-07 2.344882878463896098e-07 6.352643818713979999e+04 1.814921743250507902e+01 3.923303284512017375e-07 -7.696694890491842793e-13 -9.074608716260440744e+00 -5.516465411609432490e-01 -9.074608716252539509e+00 -1.032296721824186581e-01
2.023872411443319663e+02 -3.060126955675379165e-07 -3.019659869294042801e+04 -3.237451704491324563e+04 -2.846893310081948837e-07 -3.199006280224584407e+04 2.178360851770568420e-07 2.178360851770568420e-07 6.474903408982649125e+04 1.849089827354643489e+01 3.644998376019918801e-07 -7.689038628498458957e-13 -9.245449136780583999e+00 -6.132932975401377274e-01 -9.245449136773217447e+00 -1.130643927902248297e-01
2.119254579634915956e+02 -2.799744613077248670e-07 -3.019817148180025833e+04 -3.252794294451453607e+04 -2.605696129714842477e-07 -3.211986799692587374e+04 1.994750035503440821e-07 1.994750035503440821e-07 6.505588588902907213e+04 1.857020261521848781e+01 3.338076038577513381e-07 -7.579853665086483464e-13 -9.285101307616017152e+00 -6.717372559950485211e-01 -9.285101307609243904e+00 -1.221413968509659775e-01
2.219131970923329220e+02 -2.511543969388175771e-07 -2.960229296017880552e+04 -3.204836826050473610e+04 -2.338487209987436769e-07 -3.162310619523964488e+04 1.791097618655534818e-07 1.791097618655534818e-07 6.409673652100947220e+04 1.828747871925451207e+01 2.997573434813630292e-07 -7.324168414305527648e-13 -9.143739359633366703e+00 -7.210650567558419821e-01 -9.143739359627256036e+00 -1.294498456026056399e-01
2.323716438646276572e+02 -2.374443639496767821e-07 -3.057222103934208644e+04 -3.328348076981036138e+04 -2.211884063448544814e-07 -3.281550515610414004e+04 1.695094145815545895e-07 1.695094145815545895e-07 6.656696153962072276e+04 1.898226994819912861e+01 2.837217275768415802e-07 -7.471334660818581021e-13 -9.491134974105372990e+00 -8.160683293434372043e-01 -9.491134974099564303e+00 -1.447757466494404566e-01
2.433229820481682850e+02 -2.090281165770791874e-07 -2.939257105368732300e+04 -3.218996993256350470e+04 -1.948176584957844724e-07 -3.171038259313830713e+04 1.493881714524490005e-07 1.493881714524490005e-07 6.437993986512700940e+04 1.834824924320794182e+01 2.500719282809052100e-07 -7.095584798011994069e-13 -9.174124621609115238e+00 -8.590336390256542165e-01 -9.174124621603970908e+00 -1.507503699734414337e-01
2.547904408995135555e+02 -1.940086411412198692e-07 -2.978073647065606201e+04 -3.283002485922031337e+04 -1.809205848171197229e-07 -3.231067249935292057e+04 1.388227764980506148e-07 1.388227764980506148e-07 6.566004971844062675e+04 1.870151853799268338e+01 2.324154067917786297e-07 -7.112480316353683195e-13 -9.350759269001150287e+00 -9.535958004985660708e-01 -9.350759268996341689e+00 -1.656638588509043442e-01
2.667983444363561603e+02 -1.776118979901480967e-07 -2.975156951157819276e+04 -3.303153023250433762e+04 -1.657306871868341001e-07 -3.247634463369986406e+04 1.272570554808272260e-07 1.272570554808272260e-07 6.606306046500867524e+04 1.880381256873531370e+01 2.130814391649073407e-07 -7.033237248468285119e-13 -9.401906284372090639e+00 -1.043633742465188918e+00 -9.401906284367656852e+00 -1.796277093568667826e-01
2.793721630320254690e+02 -1.580465867557886451e-07 -2.888087973787049850e+04 -3.230821069398879990e+04 -1.475714366539873475e-07 -3.173142212573293727e+04 1.133977049325907980e-07 1.133977049325907980e-07 6.461642138797759981e+04 1.837909679108659233e+01 1.899025507016509770e-07 -6.762525050072876544e-13 -9.189548395547275206e+00 -1.109493989214696663e+00 -9.189548395543296166e+00 -1.893379699175674613e-01
2.925385674415639983e+02 -1.515687881006242029e-07 -3.019320192820405646e+04 -3.406685569662487978e+04 -1.416240300415464642e-07 -3.341866205842741329e+04 1.089190353754183351e-07 1.089190353754183351e-07 6.813371139324975957e+04 1.936419880424873696e+01 1.824320632404181447e-07 -7.010772730774611250e-13 -9.682099402128214294e+00 -1.271126130545096045e+00 -9.682099402124368481e+00 -2.152137316861703342e-01
3.063254853739750843e+02 -1.318040630795472170e-07 -2.862062922233459540e+04 -3.257528735892726399e+04 -1.232514250832044992e-07 -3.191687546361158820e+04 9.487135349022333545e-08 9.487135349022333545e-08 6.515057471785452799e+04 1.850171421293227780e+01 1.589298507096181764e-07 -6.589839849070461273e-13 -9.250857106469515756e+00 -1.319456441281555481e+00 -9.250857106466138902e+00 -2.217837958220847117e-01
3.207621607306376177e+02 -1.298728732850723036e-07 -3.070652996661950965e+04 -3.530761932227032230e+04 -1.215468804684349331e-07 -3.454550759233039571e+04 9.364968158351726749e-08 9.364968158351726749e-08 7.061523864454064460e+04 2.003478756249752735e+01 1.569126430498992393e-07 -7.019287107343811477e-13 -1.001739378125212454e+01 -1.551293803228264379e+00 -1.001739378124876367e+01 -2.590198827228735734e-01
3.358792156355418683e+02 -1.040587793677543869e-07 -2.680556071734083162e+04 -3.111854915689840709e+04 -9.747618894565472626e-08 -3.040715249661953567e+04 7.517794980130562234e-08 7.517794980130562234e-08 6.223709831379681418e+04 1.764310624895071911e+01 1.259868523661765461e-07 -6.081410217263780561e-13 -8.821553124478080932e+00 -1.482476094940015088e+00 -8.821553124475359553e+00 -2.460133293470716520e-01
3.517087153889199840e+02 -1.045896333534139930e-07 -2.929817183046038554e+04 -3.442160623549001320e+04 -9.806858140977966882e-08 -3.358038415994966635e+04 7.571821838072458102e-08 7.571821838072458102e-08 6.884321247098002641e+04 1.949459815770924820e+01 1.269192914089834230e-07 -6.604753075258313260e-13 -9.747299078857388110e+00 -1.775447247254813510e+00 -9.747299078854624099e+00 -2.929817049524420791e-01
3.682842364820468788e+02 -1.015847720802840719e-07 -3.093314579279091777e+04 -3.680091934586157004e+04 -9.535072171296928237e-08 -3.584145206883877108e+04 7.370557221934458906e-08 7.370557221934458906e-08 7.360183869172314007e+04 2.081882595412151460e+01 1.235734640104269556e-07 -6.930630235274630162e-13 -1.040941297706347513e+01 -2.053220042587484695e+00 -1.040941297706075730e+01 -3.370785347249825592e-01
3.856409378174798803e+02 -8.481953844873597251e-08 -2.808469339896538077e+04 -3.382701819616037392e+04 -7.970505545223766583e-08 -3.289137466695044714e+04 6.168744032200704902e-08 6.168744032200704902e-08 6.765403639232074784e+04 1.911648112952283540e+01 1.034486167809382902e-07 -6.254489193839163122e-13 -9.558240564763716307e+00 -2.041388295803128194e+00 -9.558240564761417701e+00 -3.335399028769334695e-01
4.038156352858049445e+02 -8.852233366767834670e-08 -3.180976328291119353e+04 -3.888173590686437819e+04 -8.328469140951440864e-08 -3.773364762452349532e+04 6.454216287488682025e-08 6.454216287488682025e-08 7.776347181372875639e+04 2.194447603398905144e+01 1.082631528973781936e-07 -7.044060288166590586e-13 -1.097223801699696111e+01 -2.531782796100038535e+00 -1.097223801699452572e+01 -4.118851517173680588e-01
4.228468798570765443e+02 -6.420634649174740989e-08 -2.507532496580718362e+04 -3.106094460577638529e+04 -6.048822510474093210e-08 -3.009201625843020520e+04 4.694247814674576273e-08 4.694247814674576273e-08 6.212188921155277058e+04 1.751221838249742646e+01 7.876290001729422553e-08 -5.525396705891760093e-13 -8.756109191250503798e+00 -2.186361924213478414e+00 -8.756109191248713230e+00 -3.542392158755068299e-01
4.427750393525937511e+02 -6.089658796723866512e-08 -2.578922173409035895e+04 -3.246129923845910162e+04 -5.745052905729113950e-08 -3.138452259311443777e+04 4.465090360565731616e-08 4.465090360565731616e-08 6.492259847691820323e+04 1.827720227709902900e+01 7.493917494698058785e-08 -5.654508196391975974e-13 -9.138601138551241121e+00 -2.462200357491181268e+00 -9.138601138549514502e+00 -3.974741334286140404e-01
4.636423840704614463e+02 -5.688649122037520720e-08 -2.610957315449435191e+04 -3.342161635125635075e+04 -5.374808878102257203e-08 -3.224481830045911556e+04 4.183836058029444647e-08 4.183836058029444647e-08 6.684323270251270151e+04 1.879204481073325539e+01 7.023969896532293996e-08 -5.697252145537246709e-13 -9.396022405368265495e+00 -2.729150864592429837e+00 -9.396022405366627694e+00 -4.390884942473160524e-01
4.854931764465598576e+02 -5.249953702015352266e-08 -2.609984250649898240e+04 -3.400448140001910360e+04 -4.968328464186412398e-08 -3.273552929192294687e+04 3.873772332993618782e-08 3.873772332993618782e-08 6.800896280003820721e+04 1.909281655393610322e+01 6.505462549939696608e-08 -5.669208487431397090e-13 -9.546408276969593487e+00 -2.986798538627772892e+00 -9.546408276968051609e+00 -4.790548121805297543e-01
5.083737649411054349e+02 -4.027061547022724713e-08 -2.167560444634648593e+04 -2.876763767046353314e+04 -3.817730991160545271e-08 -2.763177112535880588e+04 2.982108559989064041e-08 2.982108559989064041e-08 5.753527534092706628e+04 1.612997730846825561e+01 5.009784372187284029e-08 -4.693430225522093192e-13 -8.064988654235332177e+00 -2.718963906069587821e+00 -8.064988654234127807e+00 -4.348349546505629326e-01
5.323326823499490956e+02 -4.166618465553815036e-08 -2.425544624194553398e+04 -3.283059327468764968e+04 -3.957288656775178808e-08 -3.146014652746973297e+04 3.096531256251010675e-08 3.096531256251010675e-08 6.566118654937529936e+04 1.837988839211530134e+01 5.203740348307507662e-08 -5.226237617801452637e-13 -9.189944196058920767e+00 -3.328291609604546508e+00 -9.189944196057650672e+00 -5.309059374704528933e-01
5.574207487491429447e+02 -3.587215855730047965e-08 -2.257052674153561020e+04 -3.119031288264441173e+04 -3.413768128892430010e-08 -2.981547399190675424e+04 2.676433434838399400e-08 2.676433434838399400e-08 6.238062576528882346e+04 1.743491597764290901e+01 4.499424837453082988e-08 -4.846223057932884891e-13 -8.717457988822570059e+00 -3.392123295617258005e+00 -8.717457988821454506e+00 -5.397791130773176294e-01
5.836911792911354269e+02 -3.640912040230544896e-08 -2.475820131185169885e+04 -3.493699199428527209e+04 -3.472229605798648579e-08 -3.331636300283996388e+04 2.727547455330278258e-08 2.727547455330278258e-08 6.987398398857054417e+04 1.949975264339332170e+01 4.587037509210289206e-08 -5.293046824769640634e-13 -9.749876321697819037e+00 -4.071353257847380114e+00 -9.749876321696660852e+00 -6.464243299227477868e-01
6.111996970812439258e+02 -3.213987339934967518e-08 -2.359400482806423315e+04 -3.405126890021626605e+04 -3.072067354266924609e-08 -3.238909027116867219e+04 2.418318416135257136e-08 2.418318416135257136e-08 6.810253780043253209e+04 1.897573287025175048e+01 4.068619993703258522e-08 -5.028508889485902839e-13 -9.487866435126919740e+00 -4.249518077032188756e+00 -9.487866435125875242e+00 -6.733228613971146137e-01
6.400046513738326439e+02 -3.092852457802653189e-08 -2.450971520012107430e+04 -3.618732422271797986e+04 -2.963523643721024299e-08 -3.433395417262789124e+04 2.337967985074456803e-08 2.337967985074456803e-08 7.237464844543595973e+04 2.013556582584421761e+01 3.935055059218161968e-08 -5.206583147928282955e-13 -1.006778291292313732e+01 -4.833848945261881802e+00 -1.006778291292210881e+01 -7.644461650560636645e-01
6.701671413389035479e+02 -2.744305479278493752e-08 -2.344821492329894681e+04 -3.547525679028880404e+04 -2.636419521284805355e-08 -3.356914502443447418e+04 2.084754985583500028e-08 2.084754985583500028e-08 7.095051358057760808e+04 1.970825605679464942e+01 3.510405090845367259e-08 -4.968904791990959333e-13 -9.854128028398259076e+00 -5.066983776869316891e+00 -9.854128028397324712e+00 -7.999044712706484539e-01
7.017511456616281293e+02 -2.102429052223841177e-08 -1.932947872048879799e+04 -3.004021556767374932e+04 -2.025307419909713560e-08 -2.834506925573701301e+04 1.605433302866013695e-08 1.605433302866013695e-08 6.008043113534749864e+04 1.666000040940660298e+01 2.704539750754275656e-08 -4.087606769353520184e-13 -8.330000204704035127e+00 -4.578004943448529929e+00 -8.330000204703301492e+00 -7.215549676743029384e-01
7.348236582497160043e+02 -1.916845067229989484e-08 -1.898058754032777142e+04 -3.027897957088275507e+04 -1.852057790952819454e-08 -2.849296106539776883e+04 1.471811990927470969e-08 1.471811990927470969e-08 6.055795914176551014e+04 1.676637873786797073e+01 2.480609534116447727e-08 -4.006320927081984083e-13 -8.383189368934676367e+00 -4.927432640111870654e+00 -8.383189368933985364e+00 -7.754540365334025021e-01
7.694548303364756521e+02 -1.697555810495079412e-08 -1.808756701862141927e+04 -2.965663196994382815e+04 -1.645424189508356169e-08 -2.782986653830202340e+04 1.311070015066963607e-08 1.311070015066963607e-08 5.931326393988765631e+04 1.639606835024518361e+01 2.210783982756587040e-08 -3.813397215965752768e-13 -8.198034175123217082e+00 -5.149345847343481886e+00 -8.198034175122591805e+00 -8.092423560812590511e-01
8.057181192809850927e+02 -1.916675987576116959e-08 -2.197637464086779437e+04 -3.705546216981701582e+04 -1.864333917868103355e-08 -3.467688166480197833e+04 1.489892070295362156e-08 1.489892070295362156e-08 7.411092433963403164e+04 2.045756920752920394e+01 2.513700661123420210e-08 -4.635782914636036744e-13 -1.022878460376532672e+01 -6.872900638627465142e+00 -1.022878460376460197e+01 -1.078667626020608949e+00
8.436904443809994518e+02 -1.588894913840136316e-08 -1.955828919112671429e+04 -3.400411970392247895e+04 -1.551112060182276308e-08 -3.172769288162179510e+04 1.243235150331776151e-08 1.243235150331776151e-08 6.800823940784495790e+04 1.874275870081691409e+01 2.098692285617757075e-08 -4.126436547070218321e-13 -9.371379350409075215e+00 -6.715701548104518359e+00 -9.371379350408457043e+00 -1.052738213820265223e+00
8.834523500290941911e+02 -1.368735334490646304e-08 -1.807312882728294062e+04 -3.244081679290454849e+04 -1.341388845131318749e-08 -3.017879213958619221e+04 1.078491327149814281e-08 1.078491327149814281e-08 6.488163358580909699e+04 1.785288091789571396e+01 1.821635443016608210e-08 -3.817146442638338539e-13 -8.926440458948404100e+00 -6.819405434557881840e+00 -8.926440458947856982e+00 -1.067804991331338771e+00
9.250881765581204945e+02 -9.225068441684961480e-09 -1.308363109720178727e+04 -2.421787593757227660e+04 -9.079232179879949291e-09 -2.246631514976510880e+04 7.322285686575543798e-09 7.322285686575543798e-09 4.843575187514455320e+04 1.330882363220469955e+01 1.237476332817983882e-08 -2.765377671244083180e-13 -6.654411816102729915e+00 -5.422860071232345369e+00 -6.654411816102349775e+00 -8.482335852770463980e-01
9.686862391383589284e+02 -9.867545204703489615e-09 -1.494286961721034822e+04 -2.872913730929193844e+04 -9.753845763669666342e-09 -2.656228210183517149e+04 7.895510768436921548e-09 7.895510768436921548e-09 5.745827461858387687e+04 1.576134052835995192e+01 1.335256009595510592e-08 -3.172920120726422707e-13 -7.880670264180390738e+00 -6.828644901290306102e+00 -7.880670264179975959e+00 -1.067117519023190741e+00
1.014339015105836438e+03 -1.071199700473867051e-08 -1.727597511032217881e+04 -3.459913267960654048e+04 -1.063617637902154333e-08 -3.187863875436168382e+04 8.642007525252483707e-09 8.642007525252483707e-09 6.919826535921308096e+04 1.894748728157421880e+01 1.462497095574818571e-08 -3.685965324615009041e-13 -9.473743640787571252e+00 -8.705824393678486928e+00 -9.473743640787109399e+00 -1.359309151191888443e+00
1.062143340119154118e+03 -1.181633416268173878e-08 -2.026535099340819943e+04 -4.235026141320360330e+04 -1.178796379415590721e-08 -3.888462739991395938e+04 9.613750506964031066e-09 9.613750506964031066e-09 8.470052282640720659e+04 2.314995047908805859e+01 1.628051006538758317e-08 -4.345952845869650725e-13 -1.157497523954455154e+01 -1.126262937071105519e+01 -1.157497523954402929e+01 -1.757149206144641873e+00
1.112200613560902639e+03 -7.400812395313241122e-09 -1.352122470229558894e+04 -2.945809705851150648e+04 -7.422590719396922064e-09 -2.695890185440739151e+04 6.078790071091625247e-09 6.078790071091625247e-09 5.891619411702301295e+04 1.607944291666388992e+01 1.030193246233309684e-08 -2.921945421444864938e-13 -8.039721458332278914e+00 -8.308883560858143724e+00 -8.039721458331944959e+00 -1.295309993204201371e+00
1.164617013619347745e+03 -7.371906667422039804e-09 -1.426996443772805833e+04 -3.259001077067950246e+04 -7.432442766146409713e-09 -2.971901744433623026e+04 6.111522837866380089e-09 6.111522837866380089e-09 6.518002154135900491e+04 1.775712886253936773e+01 1.036493498419526315e-08 -3.106850007235440840e-13 -8.878564431270021373e+00 -9.693426503472824862e+00 -8.878564431269683865e+00 -1.510142297159650537e+00
1.219503722506602344e+03 -5.904015690809960862e-09 -1.207314844165142495e+04 -2.900871411169123166e+04 -5.985323690212076974e-09 -2.635638032350871072e+04 4.943116100101074631e-09 4.943116100101074631e-09 5.801742822338246333e+04 1.577791081025370268e+01 8.389901277648434359e-09 -2.654717044943454038e-13 -7.888955405127127563e+00 -9.087173025975024743e+00 -7.888955405126851339e+00 -1.414817627526661292e+00
1.276977162291005698e+03 -3.374729495841279402e-09 -7.215784777500854943e+03 -1.843641631830666302e+04 -3.438514917229894082e-09 -1.668030262791062705e+04 2.853113351835640873e-09 2.853113351835640873e-09 3.687283263661332603e+04 1.000571599866675321e+01 4.846597974363424103e-09 -1.606319246976176432e-13 -5.002857999333534700e+00 -6.032890058328017169e+00 -5.002857999333376604e+00 -9.388111353922462543e-01
1.337159241843938844e+03 -9.504304283260418398e-09 -2.171750993082149216e+04 -5.774993164175019047e+04 -9.757040181272745607e-09 -5.211278674868262169e+04 8.129418601706856386e-09 8.129418601706856386e-09 1.154998632835003809e+05 3.131552189380484208e+01 1.381957715809445931e-08 -4.884822434823170406e-13 -1.565776094690287579e+01 -2.013067499032491980e+01 -1.565776094690242104e+01 -3.130554961663585267e+00
